region,region_nombre,comuna,comuna_nombre,area,sexo,edad_quinquenal,poblacion
1,Tarapacá,1101,Iquique,1,1,0,4941
1,Tarapacá,1101,Iquique,2,1,0,111
1,Tarapacá,1101,Iquique,1,1,5,6436
1,Tarapacá,1101,Iquique,2,1,5,129
1,Tarapacá,1101,Iquique,2,1,10,161
1,Tarapacá,1101,Iquique,1,1,10,7321
1,Tarapacá,1101,Iquique,1,1,15,6502
1,Tarapacá,1101,Iquique,2,1,15,162
1,Tarapacá,1101,Iquique,1,1,20,6677
1,Tarapacá,1101,Iquique,2,1,20,127
1,Tarapacá,1101,Iquique,2,1,25,122
1,Tarapacá,1101,Iquique,1,1,25,8089
1,Tarapacá,1101,Iquique,2,1,30,135
1,Tarapacá,1101,Iquique,1,1,30,9025
1,Tarapacá,1101,Iquique,2,1,35,145
1,Tarapacá,1101,Iquique,1,1,35,8164
1,Tarapacá,1101,Iquique,2,1,40,118
1,Tarapacá,1101,Iquique,1,1,40,7468
1,Tarapacá,1101,Iquique,2,1,45,108
1,Tarapacá,1101,Iquique,1,1,45,6253
1,Tarapacá,1101,Iquique,1,1,50,5693
1,Tarapacá,1101,Iquique,2,1,50,100
1,Tarapacá,1101,Iquique,1,1,55,4770
1,Tarapacá,1101,Iquique,2,1,55,108
1,Tarapacá,1101,Iquique,2,1,60,126
1,Tarapacá,1101,Iquique,1,1,60,4545
1,Tarapacá,1101,Iquique,2,1,65,93
1,Tarapacá,1101,Iquique,1,1,65,4086
1,Tarapacá,1101,Iquique,1,1,70,2916
1,Tarapacá,1101,Iquique,2,1,70,69
1,Tarapacá,1101,Iquique,2,1,75,38
1,Tarapacá,1101,Iquique,1,1,75,1870
1,Tarapacá,1101,Iquique,1,1,80,1026
1,Tarapacá,1101,Iquique,2,1,80,24
1,Tarapacá,1101,Iquique,2,1,85,6
1,Tarapacá,1101,Iquique,1,1,85,749
1,Tarapacá,1101,Iquique,1,2,0,4806
1,Tarapacá,1101,Iquique,2,2,0,109
1,Tarapacá,1101,Iquique,2,2,5,147
1,Tarapacá,1101,Iquique,1,2,5,6355
1,Tarapacá,1101,Iquique,2,2,10,142
1,Tarapacá,1101,Iquique,1,2,10,6937
1,Tarapacá,1101,Iquique,1,2,15,6124
1,Tarapacá,1101,Iquique,2,2,15,117
1,Tarapacá,1101,Iquique,1,2,20,6311
1,Tarapacá,1101,Iquique,2,2,20,112
1,Tarapacá,1101,Iquique,2,2,25,103
1,Tarapacá,1101,Iquique,1,2,25,8074
1,Tarapacá,1101,Iquique,2,2,30,126
1,Tarapacá,1101,Iquique,1,2,30,8901
1,Tarapacá,1101,Iquique,1,2,35,8393
1,Tarapacá,1101,Iquique,2,2,35,146
1,Tarapacá,1101,Iquique,1,2,40,7713
1,Tarapacá,1101,Iquique,2,2,40,122
1,Tarapacá,1101,Iquique,2,2,45,97
1,Tarapacá,1101,Iquique,1,2,45,6388
1,Tarapacá,1101,Iquique,2,2,50,92
1,Tarapacá,1101,Iquique,1,2,50,5920
1,Tarapacá,1101,Iquique,2,2,55,112
1,Tarapacá,1101,Iquique,1,2,55,5080
1,Tarapacá,1101,Iquique,2,2,60,87
1,Tarapacá,1101,Iquique,1,2,60,5309
1,Tarapacá,1101,Iquique,2,2,65,81
1,Tarapacá,1101,Iquique,1,2,65,4511
1,Tarapacá,1101,Iquique,2,2,70,54
1,Tarapacá,1101,Iquique,1,2,70,3384
1,Tarapacá,1101,Iquique,2,2,75,25
1,Tarapacá,1101,Iquique,1,2,75,2259
1,Tarapacá,1101,Iquique,2,2,80,14
1,Tarapacá,1101,Iquique,1,2,80,1491
1,Tarapacá,1101,Iquique,1,2,85,1521
1,Tarapacá,1101,Iquique,2,2,85,11
1,Tarapacá,1107,Alto Hospicio,2,1,0,18
1,Tarapacá,1107,Alto Hospicio,1,1,0,5276
1,Tarapacá,1107,Alto Hospicio,2,1,5,20
1,Tarapacá,1107,Alto Hospicio,1,1,5,6417
1,Tarapacá,1107,Alto Hospicio,1,1,10,6660
1,Tarapacá,1107,Alto Hospicio,2,1,10,12
1,Tarapacá,1107,Alto Hospicio,1,1,15,6215
1,Tarapacá,1107,Alto Hospicio,2,1,15,82
1,Tarapacá,1107,Alto Hospicio,2,1,20,432
1,Tarapacá,1107,Alto Hospicio,1,1,20,5909
1,Tarapacá,1107,Alto Hospicio,1,1,25,6007
1,Tarapacá,1107,Alto Hospicio,2,1,25,426
1,Tarapacá,1107,Alto Hospicio,2,1,30,392
1,Tarapacá,1107,Alto Hospicio,1,1,30,6214
1,Tarapacá,1107,Alto Hospicio,2,1,35,266
1,Tarapacá,1107,Alto Hospicio,1,1,35,5276
1,Tarapacá,1107,Alto Hospicio,2,1,40,245
1,Tarapacá,1107,Alto Hospicio,1,1,40,4456
1,Tarapacá,1107,Alto Hospicio,1,1,45,3677
1,Tarapacá,1107,Alto Hospicio,2,1,45,157
1,Tarapacá,1107,Alto Hospicio,1,1,50,3296
1,Tarapacá,1107,Alto Hospicio,2,1,50,92
1,Tarapacá,1107,Alto Hospicio,2,1,55,70
1,Tarapacá,1107,Alto Hospicio,1,1,55,2956
1,Tarapacá,1107,Alto Hospicio,1,1,60,2413
1,Tarapacá,1107,Alto Hospicio,2,1,60,43
1,Tarapacá,1107,Alto Hospicio,2,1,65,18
1,Tarapacá,1107,Alto Hospicio,1,1,65,1664
1,Tarapacá,1107,Alto Hospicio,1,1,70,974
1,Tarapacá,1107,Alto Hospicio,2,1,70,12
1,Tarapacá,1107,Alto Hospicio,2,1,75,2
1,Tarapacá,1107,Alto Hospicio,1,1,75,518
1,Tarapacá,1107,Alto Hospicio,1,1,80,282
1,Tarapacá,1107,Alto Hospicio,2,1,80,2
1,Tarapacá,1107,Alto Hospicio,1,1,85,150
1,Tarapacá,1107,Alto Hospicio,2,2,0,13
1,Tarapacá,1107,Alto Hospicio,1,2,0,5060
1,Tarapacá,1107,Alto Hospicio,2,2,5,15
1,Tarapacá,1107,Alto Hospicio,1,2,5,6297
1,Tarapacá,1107,Alto Hospicio,2,2,10,23
1,Tarapacá,1107,Alto Hospicio,1,2,10,6353
1,Tarapacá,1107,Alto Hospicio,1,2,15,5820
1,Tarapacá,1107,Alto Hospicio,2,2,15,16
1,Tarapacá,1107,Alto Hospicio,2,2,20,71
1,Tarapacá,1107,Alto Hospicio,1,2,20,5896
1,Tarapacá,1107,Alto Hospicio,2,2,25,82
1,Tarapacá,1107,Alto Hospicio,1,2,25,6454
1,Tarapacá,1107,Alto Hospicio,1,2,30,6522
1,Tarapacá,1107,Alto Hospicio,2,2,30,76
1,Tarapacá,1107,Alto Hospicio,1,2,35,5704
1,Tarapacá,1107,Alto Hospicio,2,2,35,37
1,Tarapacá,1107,Alto Hospicio,1,2,40,5000
1,Tarapacá,1107,Alto Hospicio,2,2,40,35
1,Tarapacá,1107,Alto Hospicio,2,2,45,33
1,Tarapacá,1107,Alto Hospicio,1,2,45,4092
1,Tarapacá,1107,Alto Hospicio,1,2,50,3923
1,Tarapacá,1107,Alto Hospicio,2,2,50,19
1,Tarapacá,1107,Alto Hospicio,2,2,55,10
1,Tarapacá,1107,Alto Hospicio,1,2,55,3208
1,Tarapacá,1107,Alto Hospicio,1,2,60,2581
1,Tarapacá,1107,Alto Hospicio,2,2,60,13
1,Tarapacá,1107,Alto Hospicio,1,2,65,1710
1,Tarapacá,1107,Alto Hospicio,2,2,65,8
1,Tarapacá,1107,Alto Hospicio,2,2,70,7
1,Tarapacá,1107,Alto Hospicio,1,2,70,1040
1,Tarapacá,1107,Alto Hospicio,1,2,75,686
1,Tarapacá,1107,Alto Hospicio,1,2,80,366
1,Tarapacá,1107,Alto Hospicio,1,2,85,266
1,Tarapacá,1107,Alto Hospicio,2,2,85,1
1,Tarapacá,1401,Pozo Almonte,1,1,0,471
1,Tarapacá,1401,Pozo Almonte,2,1,0,121
1,Tarapacá,1401,Pozo Almonte,1,1,5,555
1,Tarapacá,1401,Pozo Almonte,2,1,5,145
1,Tarapacá,1401,Pozo Almonte,1,1,10,559
1,Tarapacá,1401,Pozo Almonte,2,1,10,159
1,Tarapacá,1401,Pozo Almonte,2,1,15,166
1,Tarapacá,1401,Pozo Almonte,1,1,15,527
1,Tarapacá,1401,Pozo Almonte,1,1,20,534
1,Tarapacá,1401,Pozo Almonte,2,1,20,208
1,Tarapacá,1401,Pozo Almonte,2,1,25,146
1,Tarapacá,1401,Pozo Almonte,1,1,25,567
1,Tarapacá,1401,Pozo Almonte,2,1,30,148
1,Tarapacá,1401,Pozo Almonte,1,1,30,533
1,Tarapacá,1401,Pozo Almonte,1,1,35,475
1,Tarapacá,1401,Pozo Almonte,2,1,35,180
1,Tarapacá,1401,Pozo Almonte,2,1,40,144
1,Tarapacá,1401,Pozo Almonte,1,1,40,464
1,Tarapacá,1401,Pozo Almonte,2,1,45,129
1,Tarapacá,1401,Pozo Almonte,1,1,45,309
1,Tarapacá,1401,Pozo Almonte,2,1,50,104
1,Tarapacá,1401,Pozo Almonte,1,1,50,335
1,Tarapacá,1401,Pozo Almonte,1,1,55,298
1,Tarapacá,1401,Pozo Almonte,2,1,55,101
1,Tarapacá,1401,Pozo Almonte,2,1,60,99
1,Tarapacá,1401,Pozo Almonte,1,1,60,303
1,Tarapacá,1401,Pozo Almonte,1,1,65,263
1,Tarapacá,1401,Pozo Almonte,2,1,65,96
1,Tarapacá,1401,Pozo Almonte,2,1,70,68
1,Tarapacá,1401,Pozo Almonte,1,1,70,175
1,Tarapacá,1401,Pozo Almonte,2,1,75,36
1,Tarapacá,1401,Pozo Almonte,1,1,75,112
1,Tarapacá,1401,Pozo Almonte,2,1,80,23
1,Tarapacá,1401,Pozo Almonte,1,1,80,60
1,Tarapacá,1401,Pozo Almonte,1,1,85,40
1,Tarapacá,1401,Pozo Almonte,2,1,85,14
1,Tarapacá,1401,Pozo Almonte,2,2,0,109
1,Tarapacá,1401,Pozo Almonte,1,2,0,454
1,Tarapacá,1401,Pozo Almonte,1,2,5,577
1,Tarapacá,1401,Pozo Almonte,2,2,5,150
1,Tarapacá,1401,Pozo Almonte,1,2,10,613
1,Tarapacá,1401,Pozo Almonte,2,2,10,140
1,Tarapacá,1401,Pozo Almonte,1,2,15,539
1,Tarapacá,1401,Pozo Almonte,2,2,15,94
1,Tarapacá,1401,Pozo Almonte,2,2,20,85
1,Tarapacá,1401,Pozo Almonte,1,2,20,511
1,Tarapacá,1401,Pozo Almonte,2,2,25,93
1,Tarapacá,1401,Pozo Almonte,1,2,25,522
1,Tarapacá,1401,Pozo Almonte,1,2,30,535
1,Tarapacá,1401,Pozo Almonte,2,2,30,112
1,Tarapacá,1401,Pozo Almonte,1,2,35,545
1,Tarapacá,1401,Pozo Almonte,2,2,35,144
1,Tarapacá,1401,Pozo Almonte,1,2,40,426
1,Tarapacá,1401,Pozo Almonte,2,2,40,118
1,Tarapacá,1401,Pozo Almonte,1,2,45,376
1,Tarapacá,1401,Pozo Almonte,2,2,45,89
1,Tarapacá,1401,Pozo Almonte,1,2,50,349
1,Tarapacá,1401,Pozo Almonte,2,2,50,92
1,Tarapacá,1401,Pozo Almonte,2,2,55,77
1,Tarapacá,1401,Pozo Almonte,1,2,55,288
1,Tarapacá,1401,Pozo Almonte,1,2,60,254
1,Tarapacá,1401,Pozo Almonte,2,2,60,97
1,Tarapacá,1401,Pozo Almonte,2,2,65,75
1,Tarapacá,1401,Pozo Almonte,1,2,65,241
1,Tarapacá,1401,Pozo Almonte,1,2,70,152
1,Tarapacá,1401,Pozo Almonte,2,2,70,52
1,Tarapacá,1401,Pozo Almonte,1,2,75,109
1,Tarapacá,1401,Pozo Almonte,2,2,75,43
1,Tarapacá,1401,Pozo Almonte,1,2,80,67
1,Tarapacá,1401,Pozo Almonte,2,2,80,18
1,Tarapacá,1401,Pozo Almonte,1,2,85,40
1,Tarapacá,1401,Pozo Almonte,2,2,85,25
1,Tarapacá,1402,Camiña,2,1,0,45
1,Tarapacá,1402,Camiña,2,1,5,61
1,Tarapacá,1402,Camiña,2,1,10,69
1,Tarapacá,1402,Camiña,2,1,15,36
1,Tarapacá,1402,Camiña,2,1,20,31
1,Tarapacá,1402,Camiña,2,1,25,42
1,Tarapacá,1402,Camiña,2,1,30,33
1,Tarapacá,1402,Camiña,2,1,35,37
1,Tarapacá,1402,Camiña,2,1,40,35
1,Tarapacá,1402,Camiña,2,1,45,32
1,Tarapacá,1402,Camiña,2,1,50,34
1,Tarapacá,1402,Camiña,2,1,55,35
1,Tarapacá,1402,Camiña,2,1,60,30
1,Tarapacá,1402,Camiña,2,1,65,37
1,Tarapacá,1402,Camiña,2,1,70,33
1,Tarapacá,1402,Camiña,2,1,75,26
1,Tarapacá,1402,Camiña,2,1,80,19
1,Tarapacá,1402,Camiña,2,1,85,13
1,Tarapacá,1402,Camiña,2,2,0,46
1,Tarapacá,1402,Camiña,2,2,5,48
1,Tarapacá,1402,Camiña,2,2,10,66
1,Tarapacá,1402,Camiña,2,2,15,54
1,Tarapacá,1402,Camiña,2,2,20,42
1,Tarapacá,1402,Camiña,2,2,25,59
1,Tarapacá,1402,Camiña,2,2,30,41
1,Tarapacá,1402,Camiña,2,2,35,41
1,Tarapacá,1402,Camiña,2,2,40,39
1,Tarapacá,1402,Camiña,2,2,45,35
1,Tarapacá,1402,Camiña,2,2,50,37
1,Tarapacá,1402,Camiña,2,2,55,35
1,Tarapacá,1402,Camiña,2,2,60,36
1,Tarapacá,1402,Camiña,2,2,65,32
1,Tarapacá,1402,Camiña,2,2,70,22
1,Tarapacá,1402,Camiña,2,2,75,24
1,Tarapacá,1402,Camiña,2,2,80,18
1,Tarapacá,1402,Camiña,2,2,85,12
1,Tarapacá,1403,Colchane,2,1,0,29
1,Tarapacá,1403,Colchane,2,1,5,29
1,Tarapacá,1403,Colchane,2,1,10,33
1,Tarapacá,1403,Colchane,2,1,15,40
1,Tarapacá,1403,Colchane,2,1,20,35
1,Tarapacá,1403,Colchane,2,1,25,35
1,Tarapacá,1403,Colchane,2,1,30,28
1,Tarapacá,1403,Colchane,2,1,35,14
1,Tarapacá,1403,Colchane,2,1,40,16
1,Tarapacá,1403,Colchane,2,1,45,18
1,Tarapacá,1403,Colchane,2,1,50,11
1,Tarapacá,1403,Colchane,2,1,55,14
1,Tarapacá,1403,Colchane,2,1,60,17
1,Tarapacá,1403,Colchane,2,1,65,15
1,Tarapacá,1403,Colchane,2,1,70,19
1,Tarapacá,1403,Colchane,2,1,75,16
1,Tarapacá,1403,Colchane,2,1,80,14
1,Tarapacá,1403,Colchane,2,1,85,6
1,Tarapacá,1403,Colchane,2,2,0,41
1,Tarapacá,1403,Colchane,2,2,5,34
1,Tarapacá,1403,Colchane,2,2,10,28
1,Tarapacá,1403,Colchane,2,2,15,31
1,Tarapacá,1403,Colchane,2,2,20,28
1,Tarapacá,1403,Colchane,2,2,25,35
1,Tarapacá,1403,Colchane,2,2,30,33
1,Tarapacá,1403,Colchane,2,2,35,18
1,Tarapacá,1403,Colchane,2,2,40,25
1,Tarapacá,1403,Colchane,2,2,45,18
1,Tarapacá,1403,Colchane,2,2,50,11
1,Tarapacá,1403,Colchane,2,2,55,20
1,Tarapacá,1403,Colchane,2,2,60,16
1,Tarapacá,1403,Colchane,2,2,65,12
1,Tarapacá,1403,Colchane,2,2,70,18
1,Tarapacá,1403,Colchane,2,2,75,14
1,Tarapacá,1403,Colchane,2,2,80,10
1,Tarapacá,1403,Colchane,2,2,85,9
1,Tarapacá,1404,Huara,2,1,0,69
1,Tarapacá,1404,Huara,1,1,0,47
1,Tarapacá,1404,Huara,1,1,5,49
1,Tarapacá,1404,Huara,2,1,5,75
1,Tarapacá,1404,Huara,2,1,10,56
1,Tarapacá,1404,Huara,1,1,10,68
1,Tarapacá,1404,Huara,2,1,15,47
1,Tarapacá,1404,Huara,1,1,15,52
1,Tarapacá,1404,Huara,1,1,20,49
1,Tarapacá,1404,Huara,2,1,20,38
1,Tarapacá,1404,Huara,1,1,25,51
1,Tarapacá,1404,Huara,2,1,25,58
1,Tarapacá,1404,Huara,2,1,30,59
1,Tarapacá,1404,Huara,1,1,30,52
1,Tarapacá,1404,Huara,2,1,35,57
1,Tarapacá,1404,Huara,1,1,35,37
1,Tarapacá,1404,Huara,2,1,40,40
1,Tarapacá,1404,Huara,1,1,40,43
1,Tarapacá,1404,Huara,2,1,45,32
1,Tarapacá,1404,Huara,1,1,45,24
1,Tarapacá,1404,Huara,1,1,50,39
1,Tarapacá,1404,Huara,2,1,50,49
1,Tarapacá,1404,Huara,2,1,55,47
1,Tarapacá,1404,Huara,1,1,55,27
1,Tarapacá,1404,Huara,2,1,60,49
1,Tarapacá,1404,Huara,1,1,60,36
1,Tarapacá,1404,Huara,2,1,65,52
1,Tarapacá,1404,Huara,1,1,65,25
1,Tarapacá,1404,Huara,2,1,70,48
1,Tarapacá,1404,Huara,1,1,70,14
1,Tarapacá,1404,Huara,2,1,75,37
1,Tarapacá,1404,Huara,1,1,75,15
1,Tarapacá,1404,Huara,1,1,80,7
1,Tarapacá,1404,Huara,2,1,80,16
1,Tarapacá,1404,Huara,2,1,85,17
1,Tarapacá,1404,Huara,1,1,85,3
1,Tarapacá,1404,Huara,1,2,0,42
1,Tarapacá,1404,Huara,2,2,0,81
1,Tarapacá,1404,Huara,2,2,5,61
1,Tarapacá,1404,Huara,1,2,5,44
1,Tarapacá,1404,Huara,2,2,10,58
1,Tarapacá,1404,Huara,1,2,10,48
1,Tarapacá,1404,Huara,2,2,15,34
1,Tarapacá,1404,Huara,1,2,15,48
1,Tarapacá,1404,Huara,1,2,20,37
1,Tarapacá,1404,Huara,2,2,20,44
1,Tarapacá,1404,Huara,2,2,25,58
1,Tarapacá,1404,Huara,1,2,25,64
1,Tarapacá,1404,Huara,2,2,30,42
1,Tarapacá,1404,Huara,1,2,30,53
1,Tarapacá,1404,Huara,2,2,35,38
1,Tarapacá,1404,Huara,1,2,35,57
1,Tarapacá,1404,Huara,2,2,40,31
1,Tarapacá,1404,Huara,1,2,40,39
1,Tarapacá,1404,Huara,2,2,45,31
1,Tarapacá,1404,Huara,1,2,45,32
1,Tarapacá,1404,Huara,1,2,50,43
1,Tarapacá,1404,Huara,2,2,50,36
1,Tarapacá,1404,Huara,1,2,55,31
1,Tarapacá,1404,Huara,2,2,55,48
1,Tarapacá,1404,Huara,1,2,60,29
1,Tarapacá,1404,Huara,2,2,60,38
1,Tarapacá,1404,Huara,2,2,65,38
1,Tarapacá,1404,Huara,1,2,65,23
1,Tarapacá,1404,Huara,2,2,70,42
1,Tarapacá,1404,Huara,1,2,70,16
1,Tarapacá,1404,Huara,1,2,75,15
1,Tarapacá,1404,Huara,2,2,75,32
1,Tarapacá,1404,Huara,2,2,80,14
1,Tarapacá,1404,Huara,1,2,80,6
1,Tarapacá,1404,Huara,2,2,85,14
1,Tarapacá,1404,Huara,1,2,85,7
1,Tarapacá,1405,Pica,2,1,0,78
1,Tarapacá,1405,Pica,1,1,0,152
1,Tarapacá,1405,Pica,1,1,5,175
1,Tarapacá,1405,Pica,2,1,5,75
1,Tarapacá,1405,Pica,1,1,10,214
1,Tarapacá,1405,Pica,2,1,10,80
1,Tarapacá,1405,Pica,2,1,15,60
1,Tarapacá,1405,Pica,1,1,15,188
1,Tarapacá,1405,Pica,2,1,20,47
1,Tarapacá,1405,Pica,1,1,20,149
1,Tarapacá,1405,Pica,1,1,25,180
1,Tarapacá,1405,Pica,2,1,25,72
1,Tarapacá,1405,Pica,1,1,30,157
1,Tarapacá,1405,Pica,2,1,30,57
1,Tarapacá,1405,Pica,1,1,35,146
1,Tarapacá,1405,Pica,2,1,35,64
1,Tarapacá,1405,Pica,2,1,40,57
1,Tarapacá,1405,Pica,1,1,40,129
1,Tarapacá,1405,Pica,2,1,45,49
1,Tarapacá,1405,Pica,1,1,45,114
1,Tarapacá,1405,Pica,2,1,50,39
1,Tarapacá,1405,Pica,1,1,50,94
1,Tarapacá,1405,Pica,1,1,55,92
1,Tarapacá,1405,Pica,2,1,55,38
1,Tarapacá,1405,Pica,2,1,60,57
1,Tarapacá,1405,Pica,1,1,60,98
1,Tarapacá,1405,Pica,1,1,65,95
1,Tarapacá,1405,Pica,2,1,65,54
1,Tarapacá,1405,Pica,1,1,70,85
1,Tarapacá,1405,Pica,2,1,70,41
1,Tarapacá,1405,Pica,1,1,75,52
1,Tarapacá,1405,Pica,2,1,75,25
1,Tarapacá,1405,Pica,1,1,80,30
1,Tarapacá,1405,Pica,2,1,80,17
1,Tarapacá,1405,Pica,1,1,85,26
1,Tarapacá,1405,Pica,2,1,85,7
1,Tarapacá,1405,Pica,1,2,0,144
1,Tarapacá,1405,Pica,2,2,0,69
1,Tarapacá,1405,Pica,2,2,5,80
1,Tarapacá,1405,Pica,1,2,5,156
1,Tarapacá,1405,Pica,2,2,10,76
1,Tarapacá,1405,Pica,1,2,10,194
1,Tarapacá,1405,Pica,2,2,15,54
1,Tarapacá,1405,Pica,1,2,15,153
1,Tarapacá,1405,Pica,1,2,20,166
1,Tarapacá,1405,Pica,2,2,20,47
1,Tarapacá,1405,Pica,1,2,25,180
1,Tarapacá,1405,Pica,2,2,25,72
1,Tarapacá,1405,Pica,1,2,30,192
1,Tarapacá,1405,Pica,2,2,30,78
1,Tarapacá,1405,Pica,1,2,35,168
1,Tarapacá,1405,Pica,2,2,35,64
1,Tarapacá,1405,Pica,1,2,40,151
1,Tarapacá,1405,Pica,2,2,40,50
1,Tarapacá,1405,Pica,1,2,45,122
1,Tarapacá,1405,Pica,2,2,45,41
1,Tarapacá,1405,Pica,1,2,50,118
1,Tarapacá,1405,Pica,2,2,50,48
1,Tarapacá,1405,Pica,1,2,55,99
1,Tarapacá,1405,Pica,2,2,55,43
1,Tarapacá,1405,Pica,2,2,60,51
1,Tarapacá,1405,Pica,1,2,60,120
1,Tarapacá,1405,Pica,1,2,65,91
1,Tarapacá,1405,Pica,2,2,65,36
1,Tarapacá,1405,Pica,1,2,70,85
1,Tarapacá,1405,Pica,2,2,70,32
1,Tarapacá,1405,Pica,1,2,75,63
1,Tarapacá,1405,Pica,2,2,75,29
1,Tarapacá,1405,Pica,1,2,80,34
1,Tarapacá,1405,Pica,2,2,80,22
1,Tarapacá,1405,Pica,1,2,85,39
1,Tarapacá,1405,Pica,2,2,85,12
2,Antofagasta,2101,Antofagasta,1,1,0,10545
2,Antofagasta,2101,Antofagasta,2,1,0,63
2,Antofagasta,2101,Antofagasta,1,1,5,13124
2,Antofagasta,2101,Antofagasta,2,1,5,47
2,Antofagasta,2101,Antofagasta,2,1,10,60
2,Antofagasta,2101,Antofagasta,1,1,10,14909
2,Antofagasta,2101,Antofagasta,2,1,15,90
2,Antofagasta,2101,Antofagasta,1,1,15,14632
2,Antofagasta,2101,Antofagasta,1,1,20,15505
2,Antofagasta,2101,Antofagasta,2,1,20,294
2,Antofagasta,2101,Antofagasta,2,1,25,360
2,Antofagasta,2101,Antofagasta,1,1,25,17736
2,Antofagasta,2101,Antofagasta,1,1,30,18713
2,Antofagasta,2101,Antofagasta,2,1,30,332
2,Antofagasta,2101,Antofagasta,1,1,35,16701
2,Antofagasta,2101,Antofagasta,2,1,35,271
2,Antofagasta,2101,Antofagasta,2,1,40,204
2,Antofagasta,2101,Antofagasta,1,1,40,14010
2,Antofagasta,2101,Antofagasta,2,1,45,146
2,Antofagasta,2101,Antofagasta,1,1,45,12640
2,Antofagasta,2101,Antofagasta,2,1,50,115
2,Antofagasta,2101,Antofagasta,1,1,50,12128
2,Antofagasta,2101,Antofagasta,1,1,55,9671
2,Antofagasta,2101,Antofagasta,2,1,55,85
2,Antofagasta,2101,Antofagasta,2,1,60,64
2,Antofagasta,2101,Antofagasta,1,1,60,8760
2,Antofagasta,2101,Antofagasta,1,1,65,6871
2,Antofagasta,2101,Antofagasta,2,1,65,44
2,Antofagasta,2101,Antofagasta,2,1,70,27
2,Antofagasta,2101,Antofagasta,1,1,70,4491
2,Antofagasta,2101,Antofagasta,1,1,75,2754
2,Antofagasta,2101,Antofagasta,2,1,75,10
2,Antofagasta,2101,Antofagasta,2,1,80,3
2,Antofagasta,2101,Antofagasta,1,1,80,1559
2,Antofagasta,2101,Antofagasta,1,1,85,1010
2,Antofagasta,2101,Antofagasta,2,1,85,5
2,Antofagasta,2101,Antofagasta,2,2,0,48
2,Antofagasta,2101,Antofagasta,1,2,0,9818
2,Antofagasta,2101,Antofagasta,2,2,5,52
2,Antofagasta,2101,Antofagasta,1,2,5,12755
2,Antofagasta,2101,Antofagasta,2,2,10,67
2,Antofagasta,2101,Antofagasta,1,2,10,14322
2,Antofagasta,2101,Antofagasta,2,2,15,51
2,Antofagasta,2101,Antofagasta,1,2,15,13887
2,Antofagasta,2101,Antofagasta,1,2,20,14986
2,Antofagasta,2101,Antofagasta,2,2,20,60
2,Antofagasta,2101,Antofagasta,2,2,25,71
2,Antofagasta,2101,Antofagasta,1,2,25,17597
2,Antofagasta,2101,Antofagasta,1,2,30,19026
2,Antofagasta,2101,Antofagasta,2,2,30,59
2,Antofagasta,2101,Antofagasta,1,2,35,16779
2,Antofagasta,2101,Antofagasta,2,2,35,65
2,Antofagasta,2101,Antofagasta,1,2,40,14572
2,Antofagasta,2101,Antofagasta,2,2,40,54
2,Antofagasta,2101,Antofagasta,1,2,45,13492
2,Antofagasta,2101,Antofagasta,2,2,45,42
2,Antofagasta,2101,Antofagasta,2,2,50,42
2,Antofagasta,2101,Antofagasta,1,2,50,12905
2,Antofagasta,2101,Antofagasta,2,2,55,34
2,Antofagasta,2101,Antofagasta,1,2,55,10285
2,Antofagasta,2101,Antofagasta,2,2,60,30
2,Antofagasta,2101,Antofagasta,1,2,60,9733
2,Antofagasta,2101,Antofagasta,1,2,65,7645
2,Antofagasta,2101,Antofagasta,2,2,65,22
2,Antofagasta,2101,Antofagasta,1,2,70,5617
2,Antofagasta,2101,Antofagasta,2,2,70,13
2,Antofagasta,2101,Antofagasta,1,2,75,3873
2,Antofagasta,2101,Antofagasta,2,2,75,5
2,Antofagasta,2101,Antofagasta,2,2,80,2
2,Antofagasta,2101,Antofagasta,1,2,80,2669
2,Antofagasta,2101,Antofagasta,1,2,85,2438
2,Antofagasta,2101,Antofagasta,2,2,85,1
2,Antofagasta,2102,Mejillones,1,1,0,426
2,Antofagasta,2102,Mejillones,2,1,0,14
2,Antofagasta,2102,Mejillones,1,1,5,635
2,Antofagasta,2102,Mejillones,2,1,5,6
2,Antofagasta,2102,Mejillones,2,1,10,15
2,Antofagasta,2102,Mejillones,1,1,10,614
2,Antofagasta,2102,Mejillones,1,1,15,514
2,Antofagasta,2102,Mejillones,2,1,15,18
2,Antofagasta,2102,Mejillones,2,1,20,13
2,Antofagasta,2102,Mejillones,1,1,20,563
2,Antofagasta,2102,Mejillones,2,1,25,11
2,Antofagasta,2102,Mejillones,1,1,25,580
2,Antofagasta,2102,Mejillones,1,1,30,655
2,Antofagasta,2102,Mejillones,2,1,30,13
2,Antofagasta,2102,Mejillones,1,1,35,555
2,Antofagasta,2102,Mejillones,2,1,35,19
2,Antofagasta,2102,Mejillones,2,1,40,24
2,Antofagasta,2102,Mejillones,1,1,40,419
2,Antofagasta,2102,Mejillones,2,1,45,11
2,Antofagasta,2102,Mejillones,1,1,45,371
2,Antofagasta,2102,Mejillones,1,1,50,312
2,Antofagasta,2102,Mejillones,2,1,50,20
2,Antofagasta,2102,Mejillones,1,1,55,320
2,Antofagasta,2102,Mejillones,2,1,55,19
2,Antofagasta,2102,Mejillones,1,1,60,301
2,Antofagasta,2102,Mejillones,2,1,60,23
2,Antofagasta,2102,Mejillones,1,1,65,245
2,Antofagasta,2102,Mejillones,2,1,65,23
2,Antofagasta,2102,Mejillones,1,1,70,124
2,Antofagasta,2102,Mejillones,2,1,70,15
2,Antofagasta,2102,Mejillones,1,1,75,78
2,Antofagasta,2102,Mejillones,2,1,75,7
2,Antofagasta,2102,Mejillones,1,1,80,32
2,Antofagasta,2102,Mejillones,2,1,80,3
2,Antofagasta,2102,Mejillones,1,1,85,23
2,Antofagasta,2102,Mejillones,1,2,0,450
2,Antofagasta,2102,Mejillones,2,2,0,11
2,Antofagasta,2102,Mejillones,2,2,5,16
2,Antofagasta,2102,Mejillones,1,2,5,585
2,Antofagasta,2102,Mejillones,1,2,10,557
2,Antofagasta,2102,Mejillones,2,2,10,17
2,Antofagasta,2102,Mejillones,2,2,15,13
2,Antofagasta,2102,Mejillones,1,2,15,462
2,Antofagasta,2102,Mejillones,2,2,20,13
2,Antofagasta,2102,Mejillones,1,2,20,519
2,Antofagasta,2102,Mejillones,1,2,25,621
2,Antofagasta,2102,Mejillones,2,2,25,17
2,Antofagasta,2102,Mejillones,2,2,30,8
2,Antofagasta,2102,Mejillones,1,2,30,709
2,Antofagasta,2102,Mejillones,1,2,35,563
2,Antofagasta,2102,Mejillones,2,2,35,12
2,Antofagasta,2102,Mejillones,1,2,40,462
2,Antofagasta,2102,Mejillones,2,2,40,12
2,Antofagasta,2102,Mejillones,1,2,45,412
2,Antofagasta,2102,Mejillones,2,2,45,15
2,Antofagasta,2102,Mejillones,2,2,50,13
2,Antofagasta,2102,Mejillones,1,2,50,351
2,Antofagasta,2102,Mejillones,1,2,55,319
2,Antofagasta,2102,Mejillones,2,2,55,14
2,Antofagasta,2102,Mejillones,2,2,60,15
2,Antofagasta,2102,Mejillones,1,2,60,314
2,Antofagasta,2102,Mejillones,2,2,65,12
2,Antofagasta,2102,Mejillones,1,2,65,206
2,Antofagasta,2102,Mejillones,1,2,70,140
2,Antofagasta,2102,Mejillones,2,2,70,7
2,Antofagasta,2102,Mejillones,2,2,75,3
2,Antofagasta,2102,Mejillones,1,2,75,98
2,Antofagasta,2102,Mejillones,1,2,80,63
2,Antofagasta,2102,Mejillones,2,2,80,1
2,Antofagasta,2102,Mejillones,1,2,85,31
2,Antofagasta,2102,Mejillones,2,2,85,2
2,Antofagasta,2103,Sierra Gorda,2,1,0,56
2,Antofagasta,2103,Sierra Gorda,2,1,5,67
2,Antofagasta,2103,Sierra Gorda,2,1,10,74
2,Antofagasta,2103,Sierra Gorda,2,1,15,59
2,Antofagasta,2103,Sierra Gorda,2,1,20,54
2,Antofagasta,2103,Sierra Gorda,2,1,25,52
2,Antofagasta,2103,Sierra Gorda,2,1,30,52
2,Antofagasta,2103,Sierra Gorda,2,1,35,54
2,Antofagasta,2103,Sierra Gorda,2,1,40,52
2,Antofagasta,2103,Sierra Gorda,2,1,45,31
2,Antofagasta,2103,Sierra Gorda,2,1,50,41
2,Antofagasta,2103,Sierra Gorda,2,1,55,44
2,Antofagasta,2103,Sierra Gorda,2,1,60,29
2,Antofagasta,2103,Sierra Gorda,2,1,65,12
2,Antofagasta,2103,Sierra Gorda,2,1,70,11
2,Antofagasta,2103,Sierra Gorda,2,1,75,12
2,Antofagasta,2103,Sierra Gorda,2,1,80,4
2,Antofagasta,2103,Sierra Gorda,2,1,85,3
2,Antofagasta,2103,Sierra Gorda,2,2,0,43
2,Antofagasta,2103,Sierra Gorda,2,2,5,60
2,Antofagasta,2103,Sierra Gorda,2,2,10,65
2,Antofagasta,2103,Sierra Gorda,2,2,15,56
2,Antofagasta,2103,Sierra Gorda,2,2,20,57
2,Antofagasta,2103,Sierra Gorda,2,2,25,62
2,Antofagasta,2103,Sierra Gorda,2,2,30,80
2,Antofagasta,2103,Sierra Gorda,2,2,35,77
2,Antofagasta,2103,Sierra Gorda,2,2,40,52
2,Antofagasta,2103,Sierra Gorda,2,2,45,53
2,Antofagasta,2103,Sierra Gorda,2,2,50,43
2,Antofagasta,2103,Sierra Gorda,2,2,55,28
2,Antofagasta,2103,Sierra Gorda,2,2,60,29
2,Antofagasta,2103,Sierra Gorda,2,2,65,24
2,Antofagasta,2103,Sierra Gorda,2,2,70,18
2,Antofagasta,2103,Sierra Gorda,2,2,75,9
2,Antofagasta,2103,Sierra Gorda,2,2,80,3
2,Antofagasta,2103,Sierra Gorda,2,2,85,6
2,Antofagasta,2104,Taltal,2,1,0,23
2,Antofagasta,2104,Taltal,1,1,0,294
2,Antofagasta,2104,Taltal,1,1,5,393
2,Antofagasta,2104,Taltal,2,1,5,22
2,Antofagasta,2104,Taltal,1,1,10,461
2,Antofagasta,2104,Taltal,2,1,10,34
2,Antofagasta,2104,Taltal,1,1,15,464
2,Antofagasta,2104,Taltal,2,1,15,16
2,Antofagasta,2104,Taltal,2,1,20,25
2,Antofagasta,2104,Taltal,1,1,20,359
2,Antofagasta,2104,Taltal,2,1,25,31
2,Antofagasta,2104,Taltal,1,1,25,410
2,Antofagasta,2104,Taltal,1,1,30,469
2,Antofagasta,2104,Taltal,2,1,30,47
2,Antofagasta,2104,Taltal,2,1,35,40
2,Antofagasta,2104,Taltal,1,1,35,407
2,Antofagasta,2104,Taltal,1,1,40,347
2,Antofagasta,2104,Taltal,2,1,40,30
2,Antofagasta,2104,Taltal,1,1,45,309
2,Antofagasta,2104,Taltal,2,1,45,31
2,Antofagasta,2104,Taltal,2,1,50,39
2,Antofagasta,2104,Taltal,1,1,50,316
2,Antofagasta,2104,Taltal,2,1,55,42
2,Antofagasta,2104,Taltal,1,1,55,339
2,Antofagasta,2104,Taltal,1,1,60,307
2,Antofagasta,2104,Taltal,2,1,60,39
2,Antofagasta,2104,Taltal,1,1,65,261
2,Antofagasta,2104,Taltal,2,1,65,25
2,Antofagasta,2104,Taltal,2,1,70,14
2,Antofagasta,2104,Taltal,1,1,70,208
2,Antofagasta,2104,Taltal,1,1,75,119
2,Antofagasta,2104,Taltal,2,1,75,8
2,Antofagasta,2104,Taltal,1,1,80,83
2,Antofagasta,2104,Taltal,2,1,80,5
2,Antofagasta,2104,Taltal,2,1,85,4
2,Antofagasta,2104,Taltal,1,1,85,42
2,Antofagasta,2104,Taltal,1,2,0,276
2,Antofagasta,2104,Taltal,2,2,0,19
2,Antofagasta,2104,Taltal,2,2,5,27
2,Antofagasta,2104,Taltal,1,2,5,397
2,Antofagasta,2104,Taltal,2,2,10,21
2,Antofagasta,2104,Taltal,1,2,10,436
2,Antofagasta,2104,Taltal,1,2,15,392
2,Antofagasta,2104,Taltal,2,2,15,30
2,Antofagasta,2104,Taltal,2,2,20,26
2,Antofagasta,2104,Taltal,1,2,20,344
2,Antofagasta,2104,Taltal,2,2,25,32
2,Antofagasta,2104,Taltal,1,2,25,421
2,Antofagasta,2104,Taltal,1,2,30,448
2,Antofagasta,2104,Taltal,2,2,30,23
2,Antofagasta,2104,Taltal,1,2,35,421
2,Antofagasta,2104,Taltal,2,2,35,30
2,Antofagasta,2104,Taltal,1,2,40,383
2,Antofagasta,2104,Taltal,2,2,40,29
2,Antofagasta,2104,Taltal,1,2,45,345
2,Antofagasta,2104,Taltal,2,2,45,25
2,Antofagasta,2104,Taltal,1,2,50,359
2,Antofagasta,2104,Taltal,2,2,50,32
2,Antofagasta,2104,Taltal,1,2,55,338
2,Antofagasta,2104,Taltal,2,2,55,24
2,Antofagasta,2104,Taltal,1,2,60,326
2,Antofagasta,2104,Taltal,2,2,60,27
2,Antofagasta,2104,Taltal,1,2,65,269
2,Antofagasta,2104,Taltal,2,2,65,18
2,Antofagasta,2104,Taltal,2,2,70,10
2,Antofagasta,2104,Taltal,1,2,70,204
2,Antofagasta,2104,Taltal,1,2,75,137
2,Antofagasta,2104,Taltal,2,2,75,5
2,Antofagasta,2104,Taltal,2,2,80,2
2,Antofagasta,2104,Taltal,1,2,80,66
2,Antofagasta,2104,Taltal,1,2,85,89
2,Antofagasta,2104,Taltal,2,2,85,3
2,Antofagasta,2201,Calama,2,1,0,179
2,Antofagasta,2201,Calama,1,1,0,4548
2,Antofagasta,2201,Calama,2,1,5,199
2,Antofagasta,2201,Calama,1,1,5,5983
2,Antofagasta,2201,Calama,1,1,10,6614
2,Antofagasta,2201,Calama,2,1,10,222
2,Antofagasta,2201,Calama,2,1,15,187
2,Antofagasta,2201,Calama,1,1,15,5861
2,Antofagasta,2201,Calama,1,1,20,5525
2,Antofagasta,2201,Calama,2,1,20,154
2,Antofagasta,2201,Calama,1,1,25,6923
2,Antofagasta,2201,Calama,2,1,25,165
2,Antofagasta,2201,Calama,1,1,30,7584
2,Antofagasta,2201,Calama,2,1,30,153
2,Antofagasta,2201,Calama,1,1,35,6792
2,Antofagasta,2201,Calama,2,1,35,193
2,Antofagasta,2201,Calama,2,1,40,206
2,Antofagasta,2201,Calama,1,1,40,5753
2,Antofagasta,2201,Calama,2,1,45,148
2,Antofagasta,2201,Calama,1,1,45,5059
2,Antofagasta,2201,Calama,1,1,50,4719
2,Antofagasta,2201,Calama,2,1,50,151
2,Antofagasta,2201,Calama,2,1,55,123
2,Antofagasta,2201,Calama,1,1,55,4103
2,Antofagasta,2201,Calama,1,1,60,3776
2,Antofagasta,2201,Calama,2,1,60,139
2,Antofagasta,2201,Calama,1,1,65,2694
2,Antofagasta,2201,Calama,2,1,65,80
2,Antofagasta,2201,Calama,2,1,70,53
2,Antofagasta,2201,Calama,1,1,70,1780
2,Antofagasta,2201,Calama,1,1,75,1135
2,Antofagasta,2201,Calama,2,1,75,26
2,Antofagasta,2201,Calama,1,1,80,617
2,Antofagasta,2201,Calama,2,1,80,18
2,Antofagasta,2201,Calama,1,1,85,394
2,Antofagasta,2201,Calama,2,1,85,13
2,Antofagasta,2201,Calama,2,2,0,178
2,Antofagasta,2201,Calama,1,2,0,4338
2,Antofagasta,2201,Calama,1,2,5,5669
2,Antofagasta,2201,Calama,2,2,5,184
2,Antofagasta,2201,Calama,2,2,10,207
2,Antofagasta,2201,Calama,1,2,10,6469
2,Antofagasta,2201,Calama,2,2,15,158
2,Antofagasta,2201,Calama,1,2,15,5511
2,Antofagasta,2201,Calama,1,2,20,5120
2,Antofagasta,2201,Calama,2,2,20,135
2,Antofagasta,2201,Calama,1,2,25,6756
2,Antofagasta,2201,Calama,2,2,25,173
2,Antofagasta,2201,Calama,1,2,30,7649
2,Antofagasta,2201,Calama,2,2,30,188
2,Antofagasta,2201,Calama,1,2,35,6937
2,Antofagasta,2201,Calama,2,2,35,194
2,Antofagasta,2201,Calama,1,2,40,6124
2,Antofagasta,2201,Calama,2,2,40,166
2,Antofagasta,2201,Calama,1,2,45,5683
2,Antofagasta,2201,Calama,2,2,45,131
2,Antofagasta,2201,Calama,2,2,50,127
2,Antofagasta,2201,Calama,1,2,50,5123
2,Antofagasta,2201,Calama,2,2,55,112
2,Antofagasta,2201,Calama,1,2,55,4328
2,Antofagasta,2201,Calama,2,2,60,104
2,Antofagasta,2201,Calama,1,2,60,4067
2,Antofagasta,2201,Calama,1,2,65,2914
2,Antofagasta,2201,Calama,2,2,65,59
2,Antofagasta,2201,Calama,1,2,70,2087
2,Antofagasta,2201,Calama,2,2,70,38
2,Antofagasta,2201,Calama,1,2,75,1410
2,Antofagasta,2201,Calama,2,2,75,35
2,Antofagasta,2201,Calama,2,2,80,22
2,Antofagasta,2201,Calama,1,2,80,884
2,Antofagasta,2201,Calama,1,2,85,763
2,Antofagasta,2201,Calama,2,2,85,22
2,Antofagasta,2202,Ollagüe,2,1,0,2
2,Antofagasta,2202,Ollagüe,2,1,5,6
2,Antofagasta,2202,Ollagüe,2,1,10,14
2,Antofagasta,2202,Ollagüe,2,1,15,9
2,Antofagasta,2202,Ollagüe,2,1,20,7
2,Antofagasta,2202,Ollagüe,2,1,25,7
2,Antofagasta,2202,Ollagüe,2,1,30,11
2,Antofagasta,2202,Ollagüe,2,1,35,8
2,Antofagasta,2202,Ollagüe,2,1,40,7
2,Antofagasta,2202,Ollagüe,2,1,45,14
2,Antofagasta,2202,Ollagüe,2,1,50,9
2,Antofagasta,2202,Ollagüe,2,1,55,7
2,Antofagasta,2202,Ollagüe,2,1,60,8
2,Antofagasta,2202,Ollagüe,2,1,65,5
2,Antofagasta,2202,Ollagüe,2,1,70,2
2,Antofagasta,2202,Ollagüe,2,1,75,4
2,Antofagasta,2202,Ollagüe,2,1,80,2
2,Antofagasta,2202,Ollagüe,2,2,0,4
2,Antofagasta,2202,Ollagüe,2,2,5,13
2,Antofagasta,2202,Ollagüe,2,2,10,9
2,Antofagasta,2202,Ollagüe,2,2,15,11
2,Antofagasta,2202,Ollagüe,2,2,20,5
2,Antofagasta,2202,Ollagüe,2,2,25,10
2,Antofagasta,2202,Ollagüe,2,2,30,10
2,Antofagasta,2202,Ollagüe,2,2,35,9
2,Antofagasta,2202,Ollagüe,2,2,40,11
2,Antofagasta,2202,Ollagüe,2,2,45,8
2,Antofagasta,2202,Ollagüe,2,2,50,7
2,Antofagasta,2202,Ollagüe,2,2,55,8
2,Antofagasta,2202,Ollagüe,2,2,60,7
2,Antofagasta,2202,Ollagüe,2,2,65,9
2,Antofagasta,2202,Ollagüe,2,2,70,2
2,Antofagasta,2202,Ollagüe,2,2,75,7
2,Antofagasta,2202,Ollagüe,2,2,80,3
2,Antofagasta,2202,Ollagüe,2,2,85,1
2,Antofagasta,2203,San Pedro de Atacama,2,1,0,89
2,Antofagasta,2203,San Pedro de Atacama,1,1,0,214
2,Antofagasta,2203,San Pedro de Atacama,1,1,5,249
2,Antofagasta,2203,San Pedro de Atacama,2,1,5,119
2,Antofagasta,2203,San Pedro de Atacama,2,1,10,125
2,Antofagasta,2203,San Pedro de Atacama,1,1,10,255
2,Antofagasta,2203,San Pedro de Atacama,2,1,15,93
2,Antofagasta,2203,San Pedro de Atacama,1,1,15,185
2,Antofagasta,2203,San Pedro de Atacama,1,1,20,211
2,Antofagasta,2203,San Pedro de Atacama,2,1,20,97
2,Antofagasta,2203,San Pedro de Atacama,1,1,25,282
2,Antofagasta,2203,San Pedro de Atacama,2,1,25,125
2,Antofagasta,2203,San Pedro de Atacama,2,1,30,174
2,Antofagasta,2203,San Pedro de Atacama,1,1,30,314
2,Antofagasta,2203,San Pedro de Atacama,2,1,35,178
2,Antofagasta,2203,San Pedro de Atacama,1,1,35,294
2,Antofagasta,2203,San Pedro de Atacama,2,1,40,163
2,Antofagasta,2203,San Pedro de Atacama,1,1,40,211
2,Antofagasta,2203,San Pedro de Atacama,2,1,45,130
2,Antofagasta,2203,San Pedro de Atacama,1,1,45,213
2,Antofagasta,2203,San Pedro de Atacama,1,1,50,162
2,Antofagasta,2203,San Pedro de Atacama,2,1,50,103
2,Antofagasta,2203,San Pedro de Atacama,2,1,55,95
2,Antofagasta,2203,San Pedro de Atacama,1,1,55,134
2,Antofagasta,2203,San Pedro de Atacama,2,1,60,77
2,Antofagasta,2203,San Pedro de Atacama,1,1,60,96
2,Antofagasta,2203,San Pedro de Atacama,2,1,65,76
2,Antofagasta,2203,San Pedro de Atacama,1,1,65,74
2,Antofagasta,2203,San Pedro de Atacama,1,1,70,31
2,Antofagasta,2203,San Pedro de Atacama,2,1,70,65
2,Antofagasta,2203,San Pedro de Atacama,2,1,75,24
2,Antofagasta,2203,San Pedro de Atacama,1,1,75,21
2,Antofagasta,2203,San Pedro de Atacama,1,1,80,22
2,Antofagasta,2203,San Pedro de Atacama,2,1,80,29
2,Antofagasta,2203,San Pedro de Atacama,2,1,85,24
2,Antofagasta,2203,San Pedro de Atacama,1,1,85,14
2,Antofagasta,2203,San Pedro de Atacama,1,2,0,243
2,Antofagasta,2203,San Pedro de Atacama,2,2,0,92
2,Antofagasta,2203,San Pedro de Atacama,2,2,5,93
2,Antofagasta,2203,San Pedro de Atacama,1,2,5,249
2,Antofagasta,2203,San Pedro de Atacama,2,2,10,110
2,Antofagasta,2203,San Pedro de Atacama,1,2,10,220
2,Antofagasta,2203,San Pedro de Atacama,1,2,15,209
2,Antofagasta,2203,San Pedro de Atacama,2,2,15,80
2,Antofagasta,2203,San Pedro de Atacama,2,2,20,84
2,Antofagasta,2203,San Pedro de Atacama,1,2,20,245
2,Antofagasta,2203,San Pedro de Atacama,1,2,25,344
2,Antofagasta,2203,San Pedro de Atacama,2,2,25,129
2,Antofagasta,2203,San Pedro de Atacama,1,2,30,357
2,Antofagasta,2203,San Pedro de Atacama,2,2,30,182
2,Antofagasta,2203,San Pedro de Atacama,1,2,35,324
2,Antofagasta,2203,San Pedro de Atacama,2,2,35,179
2,Antofagasta,2203,San Pedro de Atacama,2,2,40,151
2,Antofagasta,2203,San Pedro de Atacama,1,2,40,270
2,Antofagasta,2203,San Pedro de Atacama,2,2,45,129
2,Antofagasta,2203,San Pedro de Atacama,1,2,45,211
2,Antofagasta,2203,San Pedro de Atacama,1,2,50,169
2,Antofagasta,2203,San Pedro de Atacama,2,2,50,101
2,Antofagasta,2203,San Pedro de Atacama,1,2,55,146
2,Antofagasta,2203,San Pedro de Atacama,2,2,55,102
2,Antofagasta,2203,San Pedro de Atacama,1,2,60,120
2,Antofagasta,2203,San Pedro de Atacama,2,2,60,77
2,Antofagasta,2203,San Pedro de Atacama,1,2,65,74
2,Antofagasta,2203,San Pedro de Atacama,2,2,65,75
2,Antofagasta,2203,San Pedro de Atacama,2,2,70,54
2,Antofagasta,2203,San Pedro de Atacama,1,2,70,51
2,Antofagasta,2203,San Pedro de Atacama,1,2,75,37
2,Antofagasta,2203,San Pedro de Atacama,2,2,75,51
2,Antofagasta,2203,San Pedro de Atacama,2,2,80,37
2,Antofagasta,2203,San Pedro de Atacama,1,2,80,19
2,Antofagasta,2203,San Pedro de Atacama,1,2,85,28
2,Antofagasta,2203,San Pedro de Atacama,2,2,85,33
2,Antofagasta,2301,Tocopilla,1,1,0,604
2,Antofagasta,2301,Tocopilla,2,1,0,41
2,Antofagasta,2301,Tocopilla,2,1,5,14
2,Antofagasta,2301,Tocopilla,1,1,5,883
2,Antofagasta,2301,Tocopilla,2,1,10,25
2,Antofagasta,2301,Tocopilla,1,1,10,1023
2,Antofagasta,2301,Tocopilla,2,1,15,19
2,Antofagasta,2301,Tocopilla,1,1,15,911
2,Antofagasta,2301,Tocopilla,1,1,20,821
2,Antofagasta,2301,Tocopilla,2,1,20,29
2,Antofagasta,2301,Tocopilla,1,1,25,963
2,Antofagasta,2301,Tocopilla,2,1,25,28
2,Antofagasta,2301,Tocopilla,1,1,30,1013
2,Antofagasta,2301,Tocopilla,2,1,30,31
2,Antofagasta,2301,Tocopilla,1,1,35,921
2,Antofagasta,2301,Tocopilla,2,1,35,31
2,Antofagasta,2301,Tocopilla,1,1,40,748
2,Antofagasta,2301,Tocopilla,2,1,40,38
2,Antofagasta,2301,Tocopilla,1,1,45,732
2,Antofagasta,2301,Tocopilla,2,1,45,30
2,Antofagasta,2301,Tocopilla,2,1,50,57
2,Antofagasta,2301,Tocopilla,1,1,50,687
2,Antofagasta,2301,Tocopilla,1,1,55,636
2,Antofagasta,2301,Tocopilla,2,1,55,52
2,Antofagasta,2301,Tocopilla,2,1,60,50
2,Antofagasta,2301,Tocopilla,1,1,60,694
2,Antofagasta,2301,Tocopilla,1,1,65,584
2,Antofagasta,2301,Tocopilla,2,1,65,57
2,Antofagasta,2301,Tocopilla,2,1,70,28
2,Antofagasta,2301,Tocopilla,1,1,70,404
2,Antofagasta,2301,Tocopilla,1,1,75,220
2,Antofagasta,2301,Tocopilla,2,1,75,15
2,Antofagasta,2301,Tocopilla,2,1,80,5
2,Antofagasta,2301,Tocopilla,1,1,80,123
2,Antofagasta,2301,Tocopilla,1,1,85,70
2,Antofagasta,2301,Tocopilla,2,1,85,2
2,Antofagasta,2301,Tocopilla,2,2,0,11
2,Antofagasta,2301,Tocopilla,1,2,0,626
2,Antofagasta,2301,Tocopilla,1,2,5,891
2,Antofagasta,2301,Tocopilla,2,2,5,12
2,Antofagasta,2301,Tocopilla,1,2,10,1036
2,Antofagasta,2301,Tocopilla,2,2,10,16
2,Antofagasta,2301,Tocopilla,1,2,15,795
2,Antofagasta,2301,Tocopilla,2,2,15,27
2,Antofagasta,2301,Tocopilla,2,2,20,24
2,Antofagasta,2301,Tocopilla,1,2,20,721
2,Antofagasta,2301,Tocopilla,2,2,25,25
2,Antofagasta,2301,Tocopilla,1,2,25,880
2,Antofagasta,2301,Tocopilla,2,2,30,26
2,Antofagasta,2301,Tocopilla,1,2,30,1059
2,Antofagasta,2301,Tocopilla,2,2,35,20
2,Antofagasta,2301,Tocopilla,1,2,35,962
2,Antofagasta,2301,Tocopilla,2,2,40,24
2,Antofagasta,2301,Tocopilla,1,2,40,788
2,Antofagasta,2301,Tocopilla,2,2,45,30
2,Antofagasta,2301,Tocopilla,1,2,45,729
2,Antofagasta,2301,Tocopilla,1,2,50,754
2,Antofagasta,2301,Tocopilla,2,2,50,37
2,Antofagasta,2301,Tocopilla,2,2,55,40
2,Antofagasta,2301,Tocopilla,1,2,55,687
2,Antofagasta,2301,Tocopilla,1,2,60,714
2,Antofagasta,2301,Tocopilla,2,2,60,30
2,Antofagasta,2301,Tocopilla,2,2,65,35
2,Antofagasta,2301,Tocopilla,1,2,65,599
2,Antofagasta,2301,Tocopilla,1,2,70,464
2,Antofagasta,2301,Tocopilla,2,2,70,17
2,Antofagasta,2301,Tocopilla,2,2,75,9
2,Antofagasta,2301,Tocopilla,1,2,75,327
2,Antofagasta,2301,Tocopilla,1,2,80,206
2,Antofagasta,2301,Tocopilla,2,2,80,5
2,Antofagasta,2301,Tocopilla,2,2,85,5
2,Antofagasta,2301,Tocopilla,1,2,85,180
2,Antofagasta,2302,María Elena,1,1,0,119
2,Antofagasta,2302,María Elena,2,1,0,7
2,Antofagasta,2302,María Elena,2,1,5,9
2,Antofagasta,2302,María Elena,1,1,5,173
2,Antofagasta,2302,María Elena,2,1,10,11
2,Antofagasta,2302,María Elena,1,1,10,175
2,Antofagasta,2302,María Elena,1,1,15,170
2,Antofagasta,2302,María Elena,2,1,15,10
2,Antofagasta,2302,María Elena,1,1,20,159
2,Antofagasta,2302,María Elena,2,1,20,6
2,Antofagasta,2302,María Elena,2,1,25,5
2,Antofagasta,2302,María Elena,1,1,25,200
2,Antofagasta,2302,María Elena,1,1,30,203
2,Antofagasta,2302,María Elena,2,1,30,8
2,Antofagasta,2302,María Elena,2,1,35,9
2,Antofagasta,2302,María Elena,1,1,35,181
2,Antofagasta,2302,María Elena,2,1,40,6
2,Antofagasta,2302,María Elena,1,1,40,178
2,Antofagasta,2302,María Elena,2,1,45,14
2,Antofagasta,2302,María Elena,1,1,45,112
2,Antofagasta,2302,María Elena,1,1,50,131
2,Antofagasta,2302,María Elena,2,1,50,6
2,Antofagasta,2302,María Elena,1,1,55,160
2,Antofagasta,2302,María Elena,2,1,55,14
2,Antofagasta,2302,María Elena,1,1,60,148
2,Antofagasta,2302,María Elena,2,1,60,13
2,Antofagasta,2302,María Elena,1,1,65,106
2,Antofagasta,2302,María Elena,2,1,65,9
2,Antofagasta,2302,María Elena,1,1,70,68
2,Antofagasta,2302,María Elena,2,1,70,3
2,Antofagasta,2302,María Elena,1,1,75,27
2,Antofagasta,2302,María Elena,2,1,75,4
2,Antofagasta,2302,María Elena,2,1,80,1
2,Antofagasta,2302,María Elena,1,1,80,17
2,Antofagasta,2302,María Elena,2,1,85,8
2,Antofagasta,2302,María Elena,1,1,85,7
2,Antofagasta,2302,María Elena,2,2,0,3
2,Antofagasta,2302,María Elena,1,2,0,125
2,Antofagasta,2302,María Elena,2,2,5,6
2,Antofagasta,2302,María Elena,1,2,5,153
2,Antofagasta,2302,María Elena,1,2,10,156
2,Antofagasta,2302,María Elena,2,2,10,13
2,Antofagasta,2302,María Elena,1,2,15,130
2,Antofagasta,2302,María Elena,2,2,15,8
2,Antofagasta,2302,María Elena,2,2,20,10
2,Antofagasta,2302,María Elena,1,2,20,146
2,Antofagasta,2302,María Elena,2,2,25,6
2,Antofagasta,2302,María Elena,1,2,25,194
2,Antofagasta,2302,María Elena,1,2,30,217
2,Antofagasta,2302,María Elena,2,2,30,8
2,Antofagasta,2302,María Elena,1,2,35,188
2,Antofagasta,2302,María Elena,2,2,35,12
2,Antofagasta,2302,María Elena,1,2,40,156
2,Antofagasta,2302,María Elena,2,2,40,12
2,Antofagasta,2302,María Elena,1,2,45,136
2,Antofagasta,2302,María Elena,2,2,45,11
2,Antofagasta,2302,María Elena,2,2,50,10
2,Antofagasta,2302,María Elena,1,2,50,156
2,Antofagasta,2302,María Elena,2,2,55,16
2,Antofagasta,2302,María Elena,1,2,55,145
2,Antofagasta,2302,María Elena,2,2,60,10
2,Antofagasta,2302,María Elena,1,2,60,130
2,Antofagasta,2302,María Elena,2,2,65,2
2,Antofagasta,2302,María Elena,1,2,65,81
2,Antofagasta,2302,María Elena,1,2,70,49
2,Antofagasta,2302,María Elena,2,2,70,8
2,Antofagasta,2302,María Elena,2,2,75,3
2,Antofagasta,2302,María Elena,1,2,75,23
2,Antofagasta,2302,María Elena,2,2,80,5
2,Antofagasta,2302,María Elena,1,2,80,15
2,Antofagasta,2302,María Elena,2,2,85,2
2,Antofagasta,2302,María Elena,1,2,85,12
3,Atacama,3101,Copiapó,1,1,0,4263
3,Atacama,3101,Copiapó,2,1,0,177
3,Atacama,3101,Copiapó,2,1,5,282
3,Atacama,3101,Copiapó,1,1,5,5649
3,Atacama,3101,Copiapó,1,1,10,6514
3,Atacama,3101,Copiapó,2,1,10,257
3,Atacama,3101,Copiapó,2,1,15,233
3,Atacama,3101,Copiapó,1,1,15,6201
3,Atacama,3101,Copiapó,1,1,20,5926
3,Atacama,3101,Copiapó,2,1,20,172
3,Atacama,3101,Copiapó,2,1,25,170
3,Atacama,3101,Copiapó,1,1,25,6675
3,Atacama,3101,Copiapó,1,1,30,7363
3,Atacama,3101,Copiapó,2,1,30,246
3,Atacama,3101,Copiapó,1,1,35,6387
3,Atacama,3101,Copiapó,2,1,35,268
3,Atacama,3101,Copiapó,1,1,40,5454
3,Atacama,3101,Copiapó,2,1,40,252
3,Atacama,3101,Copiapó,1,1,45,4745
3,Atacama,3101,Copiapó,2,1,45,219
3,Atacama,3101,Copiapó,1,1,50,4571
3,Atacama,3101,Copiapó,2,1,50,222
3,Atacama,3101,Copiapó,1,1,55,4392
3,Atacama,3101,Copiapó,2,1,55,245
3,Atacama,3101,Copiapó,1,1,60,3914
3,Atacama,3101,Copiapó,2,1,60,212
3,Atacama,3101,Copiapó,1,1,65,3127
3,Atacama,3101,Copiapó,2,1,65,166
3,Atacama,3101,Copiapó,2,1,70,107
3,Atacama,3101,Copiapó,1,1,70,2113
3,Atacama,3101,Copiapó,1,1,75,1359
3,Atacama,3101,Copiapó,2,1,75,80
3,Atacama,3101,Copiapó,2,1,80,35
3,Atacama,3101,Copiapó,1,1,80,878
3,Atacama,3101,Copiapó,1,1,85,633
3,Atacama,3101,Copiapó,2,1,85,29
3,Atacama,3101,Copiapó,2,2,0,154
3,Atacama,3101,Copiapó,1,2,0,4024
3,Atacama,3101,Copiapó,2,2,5,222
3,Atacama,3101,Copiapó,1,2,5,5318
3,Atacama,3101,Copiapó,1,2,10,6424
3,Atacama,3101,Copiapó,2,2,10,257
3,Atacama,3101,Copiapó,1,2,15,5666
3,Atacama,3101,Copiapó,2,2,15,209
3,Atacama,3101,Copiapó,2,2,20,192
3,Atacama,3101,Copiapó,1,2,20,5597
3,Atacama,3101,Copiapó,1,2,25,6715
3,Atacama,3101,Copiapó,2,2,25,194
3,Atacama,3101,Copiapó,1,2,30,7196
3,Atacama,3101,Copiapó,2,2,30,261
3,Atacama,3101,Copiapó,1,2,35,6375
3,Atacama,3101,Copiapó,2,2,35,244
3,Atacama,3101,Copiapó,1,2,40,5717
3,Atacama,3101,Copiapó,2,2,40,236
3,Atacama,3101,Copiapó,1,2,45,5144
3,Atacama,3101,Copiapó,2,2,45,213
3,Atacama,3101,Copiapó,1,2,50,4962
3,Atacama,3101,Copiapó,2,2,50,210
3,Atacama,3101,Copiapó,2,2,55,196
3,Atacama,3101,Copiapó,1,2,55,4727
3,Atacama,3101,Copiapó,1,2,60,4531
3,Atacama,3101,Copiapó,2,2,60,157
3,Atacama,3101,Copiapó,1,2,65,3319
3,Atacama,3101,Copiapó,2,2,65,134
3,Atacama,3101,Copiapó,1,2,70,2451
3,Atacama,3101,Copiapó,2,2,70,71
3,Atacama,3101,Copiapó,1,2,75,1712
3,Atacama,3101,Copiapó,2,2,75,60
3,Atacama,3101,Copiapó,1,2,80,1196
3,Atacama,3101,Copiapó,2,2,80,32
3,Atacama,3101,Copiapó,1,2,85,1156
3,Atacama,3101,Copiapó,2,2,85,23
3,Atacama,3102,Caldera,1,1,0,447
3,Atacama,3102,Caldera,2,1,0,39
3,Atacama,3102,Caldera,1,1,5,627
3,Atacama,3102,Caldera,2,1,5,55
3,Atacama,3102,Caldera,2,1,10,53
3,Atacama,3102,Caldera,1,1,10,647
3,Atacama,3102,Caldera,2,1,15,41
3,Atacama,3102,Caldera,1,1,15,655
3,Atacama,3102,Caldera,1,1,20,589
3,Atacama,3102,Caldera,2,1,20,35
3,Atacama,3102,Caldera,1,1,25,644
3,Atacama,3102,Caldera,2,1,25,50
3,Atacama,3102,Caldera,1,1,30,645
3,Atacama,3102,Caldera,2,1,30,52
3,Atacama,3102,Caldera,2,1,35,68
3,Atacama,3102,Caldera,1,1,35,605
3,Atacama,3102,Caldera,2,1,40,52
3,Atacama,3102,Caldera,1,1,40,541
3,Atacama,3102,Caldera,2,1,45,81
3,Atacama,3102,Caldera,1,1,45,433
3,Atacama,3102,Caldera,2,1,50,92
3,Atacama,3102,Caldera,1,1,50,506
3,Atacama,3102,Caldera,1,1,55,496
3,Atacama,3102,Caldera,2,1,55,83
3,Atacama,3102,Caldera,2,1,60,105
3,Atacama,3102,Caldera,1,1,60,472
3,Atacama,3102,Caldera,1,1,65,428
3,Atacama,3102,Caldera,2,1,65,88
3,Atacama,3102,Caldera,2,1,70,66
3,Atacama,3102,Caldera,1,1,70,290
3,Atacama,3102,Caldera,1,1,75,168
3,Atacama,3102,Caldera,2,1,75,31
3,Atacama,3102,Caldera,2,1,80,20
3,Atacama,3102,Caldera,1,1,80,112
3,Atacama,3102,Caldera,2,1,85,10
3,Atacama,3102,Caldera,1,1,85,70
3,Atacama,3102,Caldera,1,2,0,407
3,Atacama,3102,Caldera,2,2,0,43
3,Atacama,3102,Caldera,1,2,5,501
3,Atacama,3102,Caldera,2,2,5,40
3,Atacama,3102,Caldera,1,2,10,709
3,Atacama,3102,Caldera,2,2,10,52
3,Atacama,3102,Caldera,2,2,15,41
3,Atacama,3102,Caldera,1,2,15,598
3,Atacama,3102,Caldera,1,2,20,517
3,Atacama,3102,Caldera,2,2,20,39
3,Atacama,3102,Caldera,1,2,25,601
3,Atacama,3102,Caldera,2,2,25,40
3,Atacama,3102,Caldera,1,2,30,711
3,Atacama,3102,Caldera,2,2,30,57
3,Atacama,3102,Caldera,1,2,35,650
3,Atacama,3102,Caldera,2,2,35,44
3,Atacama,3102,Caldera,1,2,40,544
3,Atacama,3102,Caldera,2,2,40,66
3,Atacama,3102,Caldera,1,2,45,506
3,Atacama,3102,Caldera,2,2,45,63
3,Atacama,3102,Caldera,1,2,50,504
3,Atacama,3102,Caldera,2,2,50,63
3,Atacama,3102,Caldera,1,2,55,489
3,Atacama,3102,Caldera,2,2,55,78
3,Atacama,3102,Caldera,2,2,60,76
3,Atacama,3102,Caldera,1,2,60,545
3,Atacama,3102,Caldera,1,2,65,466
3,Atacama,3102,Caldera,2,2,65,73
3,Atacama,3102,Caldera,1,2,70,294
3,Atacama,3102,Caldera,2,2,70,56
3,Atacama,3102,Caldera,2,2,75,34
3,Atacama,3102,Caldera,1,2,75,223
3,Atacama,3102,Caldera,1,2,80,118
3,Atacama,3102,Caldera,2,2,80,19
3,Atacama,3102,Caldera,2,2,85,14
3,Atacama,3102,Caldera,1,2,85,128
3,Atacama,3103,Tierra Amarilla,2,1,0,80
3,Atacama,3103,Tierra Amarilla,1,1,0,268
3,Atacama,3103,Tierra Amarilla,1,1,5,351
3,Atacama,3103,Tierra Amarilla,2,1,5,101
3,Atacama,3103,Tierra Amarilla,1,1,10,392
3,Atacama,3103,Tierra Amarilla,2,1,10,96
3,Atacama,3103,Tierra Amarilla,1,1,15,390
3,Atacama,3103,Tierra Amarilla,2,1,15,93
3,Atacama,3103,Tierra Amarilla,2,1,20,80
3,Atacama,3103,Tierra Amarilla,1,1,20,392
3,Atacama,3103,Tierra Amarilla,1,1,25,351
3,Atacama,3103,Tierra Amarilla,2,1,25,77
3,Atacama,3103,Tierra Amarilla,2,1,30,111
3,Atacama,3103,Tierra Amarilla,1,1,30,358
3,Atacama,3103,Tierra Amarilla,1,1,35,297
3,Atacama,3103,Tierra Amarilla,2,1,35,82
3,Atacama,3103,Tierra Amarilla,2,1,40,78
3,Atacama,3103,Tierra Amarilla,1,1,40,276
3,Atacama,3103,Tierra Amarilla,2,1,45,90
3,Atacama,3103,Tierra Amarilla,1,1,45,260
3,Atacama,3103,Tierra Amarilla,1,1,50,299
3,Atacama,3103,Tierra Amarilla,2,1,50,105
3,Atacama,3103,Tierra Amarilla,2,1,55,122
3,Atacama,3103,Tierra Amarilla,1,1,55,269
3,Atacama,3103,Tierra Amarilla,2,1,60,96
3,Atacama,3103,Tierra Amarilla,1,1,60,272
3,Atacama,3103,Tierra Amarilla,2,1,65,63
3,Atacama,3103,Tierra Amarilla,1,1,65,192
3,Atacama,3103,Tierra Amarilla,1,1,70,142
3,Atacama,3103,Tierra Amarilla,2,1,70,49
3,Atacama,3103,Tierra Amarilla,2,1,75,16
3,Atacama,3103,Tierra Amarilla,1,1,75,99
3,Atacama,3103,Tierra Amarilla,1,1,80,59
3,Atacama,3103,Tierra Amarilla,2,1,80,15
3,Atacama,3103,Tierra Amarilla,1,1,85,29
3,Atacama,3103,Tierra Amarilla,2,1,85,20
3,Atacama,3103,Tierra Amarilla,1,2,0,233
3,Atacama,3103,Tierra Amarilla,2,2,0,74
3,Atacama,3103,Tierra Amarilla,2,2,5,94
3,Atacama,3103,Tierra Amarilla,1,2,5,313
3,Atacama,3103,Tierra Amarilla,2,2,10,96
3,Atacama,3103,Tierra Amarilla,1,2,10,358
3,Atacama,3103,Tierra Amarilla,2,2,15,90
3,Atacama,3103,Tierra Amarilla,1,2,15,392
3,Atacama,3103,Tierra Amarilla,1,2,20,333
3,Atacama,3103,Tierra Amarilla,2,2,20,67
3,Atacama,3103,Tierra Amarilla,2,2,25,97
3,Atacama,3103,Tierra Amarilla,1,2,25,320
3,Atacama,3103,Tierra Amarilla,1,2,30,375
3,Atacama,3103,Tierra Amarilla,2,2,30,94
3,Atacama,3103,Tierra Amarilla,1,2,35,333
3,Atacama,3103,Tierra Amarilla,2,2,35,95
3,Atacama,3103,Tierra Amarilla,2,2,40,87
3,Atacama,3103,Tierra Amarilla,1,2,40,272
3,Atacama,3103,Tierra Amarilla,2,2,45,68
3,Atacama,3103,Tierra Amarilla,1,2,45,265
3,Atacama,3103,Tierra Amarilla,2,2,50,64
3,Atacama,3103,Tierra Amarilla,1,2,50,312
3,Atacama,3103,Tierra Amarilla,1,2,55,272
3,Atacama,3103,Tierra Amarilla,2,2,55,81
3,Atacama,3103,Tierra Amarilla,2,2,60,75
3,Atacama,3103,Tierra Amarilla,1,2,60,246
3,Atacama,3103,Tierra Amarilla,1,2,65,211
3,Atacama,3103,Tierra Amarilla,2,2,65,38
3,Atacama,3103,Tierra Amarilla,2,2,70,32
3,Atacama,3103,Tierra Amarilla,1,2,70,149
3,Atacama,3103,Tierra Amarilla,1,2,75,94
3,Atacama,3103,Tierra Amarilla,2,2,75,21
3,Atacama,3103,Tierra Amarilla,2,2,80,8
3,Atacama,3103,Tierra Amarilla,1,2,80,63
3,Atacama,3103,Tierra Amarilla,1,2,85,40
3,Atacama,3103,Tierra Amarilla,2,2,85,14
3,Atacama,3201,Chañaral,1,1,0,258
3,Atacama,3201,Chañaral,2,1,0,51
3,Atacama,3201,Chañaral,2,1,5,65
3,Atacama,3201,Chañaral,1,1,5,392
3,Atacama,3201,Chañaral,1,1,10,470
3,Atacama,3201,Chañaral,2,1,10,67
3,Atacama,3201,Chañaral,1,1,15,378
3,Atacama,3201,Chañaral,2,1,15,59
3,Atacama,3201,Chañaral,2,1,20,44
3,Atacama,3201,Chañaral,1,1,20,370
3,Atacama,3201,Chañaral,1,1,25,406
3,Atacama,3201,Chañaral,2,1,25,73
3,Atacama,3201,Chañaral,2,1,30,79
3,Atacama,3201,Chañaral,1,1,30,402
3,Atacama,3201,Chañaral,1,1,35,352
3,Atacama,3201,Chañaral,2,1,35,75
3,Atacama,3201,Chañaral,1,1,40,280
3,Atacama,3201,Chañaral,2,1,40,60
3,Atacama,3201,Chañaral,1,1,45,285
3,Atacama,3201,Chañaral,2,1,45,71
3,Atacama,3201,Chañaral,2,1,50,71
3,Atacama,3201,Chañaral,1,1,50,306
3,Atacama,3201,Chañaral,1,1,55,283
3,Atacama,3201,Chañaral,2,1,55,70
3,Atacama,3201,Chañaral,1,1,60,294
3,Atacama,3201,Chañaral,2,1,60,76
3,Atacama,3201,Chañaral,2,1,65,62
3,Atacama,3201,Chañaral,1,1,65,267
3,Atacama,3201,Chañaral,1,1,70,173
3,Atacama,3201,Chañaral,2,1,70,53
3,Atacama,3201,Chañaral,2,1,75,22
3,Atacama,3201,Chañaral,1,1,75,137
3,Atacama,3201,Chañaral,2,1,80,15
3,Atacama,3201,Chañaral,1,1,80,75
3,Atacama,3201,Chañaral,1,1,85,66
3,Atacama,3201,Chañaral,2,1,85,12
3,Atacama,3201,Chañaral,2,2,0,45
3,Atacama,3201,Chañaral,1,2,0,260
3,Atacama,3201,Chañaral,1,2,5,353
3,Atacama,3201,Chañaral,2,2,5,55
3,Atacama,3201,Chañaral,1,2,10,420
3,Atacama,3201,Chañaral,2,2,10,70
3,Atacama,3201,Chañaral,1,2,15,349
3,Atacama,3201,Chañaral,2,2,15,59
3,Atacama,3201,Chañaral,2,2,20,48
3,Atacama,3201,Chañaral,1,2,20,296
3,Atacama,3201,Chañaral,1,2,25,360
3,Atacama,3201,Chañaral,2,2,25,43
3,Atacama,3201,Chañaral,2,2,30,68
3,Atacama,3201,Chañaral,1,2,30,400
3,Atacama,3201,Chañaral,2,2,35,70
3,Atacama,3201,Chañaral,1,2,35,367
3,Atacama,3201,Chañaral,2,2,40,67
3,Atacama,3201,Chañaral,1,2,40,300
3,Atacama,3201,Chañaral,2,2,45,49
3,Atacama,3201,Chañaral,1,2,45,331
3,Atacama,3201,Chañaral,1,2,50,310
3,Atacama,3201,Chañaral,2,2,50,55
3,Atacama,3201,Chañaral,2,2,55,46
3,Atacama,3201,Chañaral,1,2,55,329
3,Atacama,3201,Chañaral,2,2,60,69
3,Atacama,3201,Chañaral,1,2,60,345
3,Atacama,3201,Chañaral,2,2,65,56
3,Atacama,3201,Chañaral,1,2,65,242
3,Atacama,3201,Chañaral,1,2,70,194
3,Atacama,3201,Chañaral,2,2,70,42
3,Atacama,3201,Chañaral,2,2,75,26
3,Atacama,3201,Chañaral,1,2,75,164
3,Atacama,3201,Chañaral,1,2,80,114
3,Atacama,3201,Chañaral,2,2,80,16
3,Atacama,3201,Chañaral,2,2,85,10
3,Atacama,3201,Chañaral,1,2,85,98
3,Atacama,3202,Diego de Almagro,2,1,0,17
3,Atacama,3202,Diego de Almagro,1,1,0,243
3,Atacama,3202,Diego de Almagro,1,1,5,405
3,Atacama,3202,Diego de Almagro,2,1,5,13
3,Atacama,3202,Diego de Almagro,2,1,10,20
3,Atacama,3202,Diego de Almagro,1,1,10,523
3,Atacama,3202,Diego de Almagro,1,1,15,429
3,Atacama,3202,Diego de Almagro,2,1,15,12
3,Atacama,3202,Diego de Almagro,1,1,20,322
3,Atacama,3202,Diego de Almagro,2,1,20,25
3,Atacama,3202,Diego de Almagro,1,1,25,374
3,Atacama,3202,Diego de Almagro,2,1,25,22
3,Atacama,3202,Diego de Almagro,2,1,30,24
3,Atacama,3202,Diego de Almagro,1,1,30,388
3,Atacama,3202,Diego de Almagro,2,1,35,22
3,Atacama,3202,Diego de Almagro,1,1,35,395
3,Atacama,3202,Diego de Almagro,1,1,40,401
3,Atacama,3202,Diego de Almagro,2,1,40,23
3,Atacama,3202,Diego de Almagro,1,1,45,359
3,Atacama,3202,Diego de Almagro,2,1,45,15
3,Atacama,3202,Diego de Almagro,1,1,50,366
3,Atacama,3202,Diego de Almagro,2,1,50,19
3,Atacama,3202,Diego de Almagro,2,1,55,24
3,Atacama,3202,Diego de Almagro,1,1,55,337
3,Atacama,3202,Diego de Almagro,2,1,60,21
3,Atacama,3202,Diego de Almagro,1,1,60,293
3,Atacama,3202,Diego de Almagro,2,1,65,14
3,Atacama,3202,Diego de Almagro,1,1,65,195
3,Atacama,3202,Diego de Almagro,1,1,70,131
3,Atacama,3202,Diego de Almagro,2,1,70,15
3,Atacama,3202,Diego de Almagro,2,1,75,18
3,Atacama,3202,Diego de Almagro,1,1,75,104
3,Atacama,3202,Diego de Almagro,1,1,80,52
3,Atacama,3202,Diego de Almagro,2,1,80,6
3,Atacama,3202,Diego de Almagro,2,1,85,10
3,Atacama,3202,Diego de Almagro,1,1,85,35
3,Atacama,3202,Diego de Almagro,2,2,0,5
3,Atacama,3202,Diego de Almagro,1,2,0,289
3,Atacama,3202,Diego de Almagro,1,2,5,374
3,Atacama,3202,Diego de Almagro,2,2,5,21
3,Atacama,3202,Diego de Almagro,1,2,10,474
3,Atacama,3202,Diego de Almagro,2,2,10,28
3,Atacama,3202,Diego de Almagro,2,2,15,24
3,Atacama,3202,Diego de Almagro,1,2,15,340
3,Atacama,3202,Diego de Almagro,2,2,20,17
3,Atacama,3202,Diego de Almagro,1,2,20,277
3,Atacama,3202,Diego de Almagro,1,2,25,405
3,Atacama,3202,Diego de Almagro,2,2,25,20
3,Atacama,3202,Diego de Almagro,2,2,30,15
3,Atacama,3202,Diego de Almagro,1,2,30,424
3,Atacama,3202,Diego de Almagro,2,2,35,16
3,Atacama,3202,Diego de Almagro,1,2,35,443
3,Atacama,3202,Diego de Almagro,2,2,40,20
3,Atacama,3202,Diego de Almagro,1,2,40,444
3,Atacama,3202,Diego de Almagro,2,2,45,12
3,Atacama,3202,Diego de Almagro,1,2,45,412
3,Atacama,3202,Diego de Almagro,2,2,50,18
3,Atacama,3202,Diego de Almagro,1,2,50,354
3,Atacama,3202,Diego de Almagro,2,2,55,20
3,Atacama,3202,Diego de Almagro,1,2,55,328
3,Atacama,3202,Diego de Almagro,2,2,60,19
3,Atacama,3202,Diego de Almagro,1,2,60,334
3,Atacama,3202,Diego de Almagro,2,2,65,7
3,Atacama,3202,Diego de Almagro,1,2,65,198
3,Atacama,3202,Diego de Almagro,1,2,70,135
3,Atacama,3202,Diego de Almagro,2,2,70,9
3,Atacama,3202,Diego de Almagro,1,2,75,106
3,Atacama,3202,Diego de Almagro,2,2,75,9
3,Atacama,3202,Diego de Almagro,2,2,80,4
3,Atacama,3202,Diego de Almagro,1,2,80,74
3,Atacama,3202,Diego de Almagro,2,2,85,7
3,Atacama,3202,Diego de Almagro,1,2,85,43
3,Atacama,3301,Vallenar,2,1,0,225
3,Atacama,3301,Vallenar,1,1,0,1115
3,Atacama,3301,Vallenar,2,1,5,323
3,Atacama,3301,Vallenar,1,1,5,1602
3,Atacama,3301,Vallenar,2,1,10,354
3,Atacama,3301,Vallenar,1,1,10,1802
3,Atacama,3301,Vallenar,1,1,15,1596
3,Atacama,3301,Vallenar,2,1,15,310
3,Atacama,3301,Vallenar,1,1,20,1388
3,Atacama,3301,Vallenar,2,1,20,244
3,Atacama,3301,Vallenar,1,1,25,1645
3,Atacama,3301,Vallenar,2,1,25,254
3,Atacama,3301,Vallenar,2,1,30,316
3,Atacama,3301,Vallenar,1,1,30,1753
3,Atacama,3301,Vallenar,1,1,35,1609
3,Atacama,3301,Vallenar,2,1,35,303
3,Atacama,3301,Vallenar,2,1,40,320
3,Atacama,3301,Vallenar,1,1,40,1372
3,Atacama,3301,Vallenar,2,1,45,280
3,Atacama,3301,Vallenar,1,1,45,1258
3,Atacama,3301,Vallenar,2,1,50,345
3,Atacama,3301,Vallenar,1,1,50,1269
3,Atacama,3301,Vallenar,2,1,55,344
3,Atacama,3301,Vallenar,1,1,55,1328
3,Atacama,3301,Vallenar,2,1,60,332
3,Atacama,3301,Vallenar,1,1,60,1258
3,Atacama,3301,Vallenar,2,1,65,261
3,Atacama,3301,Vallenar,1,1,65,961
3,Atacama,3301,Vallenar,1,1,70,747
3,Atacama,3301,Vallenar,2,1,70,180
3,Atacama,3301,Vallenar,2,1,75,119
3,Atacama,3301,Vallenar,1,1,75,520
3,Atacama,3301,Vallenar,2,1,80,80
3,Atacama,3301,Vallenar,1,1,80,386
3,Atacama,3301,Vallenar,1,1,85,288
3,Atacama,3301,Vallenar,2,1,85,54
3,Atacama,3301,Vallenar,1,2,0,986
3,Atacama,3301,Vallenar,2,2,0,208
3,Atacama,3301,Vallenar,1,2,5,1511
3,Atacama,3301,Vallenar,2,2,5,322
3,Atacama,3301,Vallenar,2,2,10,357
3,Atacama,3301,Vallenar,1,2,10,1736
3,Atacama,3301,Vallenar,1,2,15,1415
3,Atacama,3301,Vallenar,2,2,15,265
3,Atacama,3301,Vallenar,2,2,20,195
3,Atacama,3301,Vallenar,1,2,20,1250
3,Atacama,3301,Vallenar,1,2,25,1642
3,Atacama,3301,Vallenar,2,2,25,259
3,Atacama,3301,Vallenar,1,2,30,1828
3,Atacama,3301,Vallenar,2,2,30,340
3,Atacama,3301,Vallenar,2,2,35,330
3,Atacama,3301,Vallenar,1,2,35,1795
3,Atacama,3301,Vallenar,1,2,40,1475
3,Atacama,3301,Vallenar,2,2,40,291
3,Atacama,3301,Vallenar,1,2,45,1357
3,Atacama,3301,Vallenar,2,2,45,288
3,Atacama,3301,Vallenar,2,2,50,307
3,Atacama,3301,Vallenar,1,2,50,1469
3,Atacama,3301,Vallenar,1,2,55,1506
3,Atacama,3301,Vallenar,2,2,55,320
3,Atacama,3301,Vallenar,2,2,60,270
3,Atacama,3301,Vallenar,1,2,60,1505
3,Atacama,3301,Vallenar,1,2,65,1207
3,Atacama,3301,Vallenar,2,2,65,228
3,Atacama,3301,Vallenar,2,2,70,146
3,Atacama,3301,Vallenar,1,2,70,933
3,Atacama,3301,Vallenar,1,2,75,643
3,Atacama,3301,Vallenar,2,2,75,99
3,Atacama,3301,Vallenar,1,2,80,565
3,Atacama,3301,Vallenar,2,2,80,68
3,Atacama,3301,Vallenar,2,2,85,67
3,Atacama,3301,Vallenar,1,2,85,498
3,Atacama,3302,Alto del Carmen,2,1,0,93
3,Atacama,3302,Alto del Carmen,2,1,5,141
3,Atacama,3302,Alto del Carmen,2,1,10,161
3,Atacama,3302,Alto del Carmen,2,1,15,145
3,Atacama,3302,Alto del Carmen,2,1,20,109
3,Atacama,3302,Alto del Carmen,2,1,25,101
3,Atacama,3302,Alto del Carmen,2,1,30,158
3,Atacama,3302,Alto del Carmen,2,1,35,143
3,Atacama,3302,Alto del Carmen,2,1,40,150
3,Atacama,3302,Alto del Carmen,2,1,45,153
3,Atacama,3302,Alto del Carmen,2,1,50,188
3,Atacama,3302,Alto del Carmen,2,1,55,171
3,Atacama,3302,Alto del Carmen,2,1,60,184
3,Atacama,3302,Alto del Carmen,2,1,65,162
3,Atacama,3302,Alto del Carmen,2,1,70,140
3,Atacama,3302,Alto del Carmen,2,1,75,113
3,Atacama,3302,Alto del Carmen,2,1,80,70
3,Atacama,3302,Alto del Carmen,2,1,85,72
3,Atacama,3302,Alto del Carmen,2,2,0,79
3,Atacama,3302,Alto del Carmen,2,2,5,138
3,Atacama,3302,Alto del Carmen,2,2,10,176
3,Atacama,3302,Alto del Carmen,2,2,15,136
3,Atacama,3302,Alto del Carmen,2,2,20,116
3,Atacama,3302,Alto del Carmen,2,2,25,124
3,Atacama,3302,Alto del Carmen,2,2,30,149
3,Atacama,3302,Alto del Carmen,2,2,35,162
3,Atacama,3302,Alto del Carmen,2,2,40,140
3,Atacama,3302,Alto del Carmen,2,2,45,154
3,Atacama,3302,Alto del Carmen,2,2,50,167
3,Atacama,3302,Alto del Carmen,2,2,55,185
3,Atacama,3302,Alto del Carmen,2,2,60,141
3,Atacama,3302,Alto del Carmen,2,2,65,127
3,Atacama,3302,Alto del Carmen,2,2,70,116
3,Atacama,3302,Alto del Carmen,2,2,75,82
3,Atacama,3302,Alto del Carmen,2,2,80,68
3,Atacama,3302,Alto del Carmen,2,2,85,74
3,Atacama,3303,Freirina,1,1,0,103
3,Atacama,3303,Freirina,2,1,0,67
3,Atacama,3303,Freirina,1,1,5,161
3,Atacama,3303,Freirina,2,1,5,104
3,Atacama,3303,Freirina,1,1,10,202
3,Atacama,3303,Freirina,2,1,10,126
3,Atacama,3303,Freirina,2,1,15,99
3,Atacama,3303,Freirina,1,1,15,158
3,Atacama,3303,Freirina,1,1,20,115
3,Atacama,3303,Freirina,2,1,20,92
3,Atacama,3303,Freirina,2,1,25,71
3,Atacama,3303,Freirina,1,1,25,131
3,Atacama,3303,Freirina,1,1,30,180
3,Atacama,3303,Freirina,2,1,30,111
3,Atacama,3303,Freirina,2,1,35,94
3,Atacama,3303,Freirina,1,1,35,170
3,Atacama,3303,Freirina,2,1,40,90
3,Atacama,3303,Freirina,1,1,40,114
3,Atacama,3303,Freirina,2,1,45,96
3,Atacama,3303,Freirina,1,1,45,119
3,Atacama,3303,Freirina,2,1,50,107
3,Atacama,3303,Freirina,1,1,50,125
3,Atacama,3303,Freirina,1,1,55,157
3,Atacama,3303,Freirina,2,1,55,132
3,Atacama,3303,Freirina,2,1,60,112
3,Atacama,3303,Freirina,1,1,60,146
3,Atacama,3303,Freirina,1,1,65,110
3,Atacama,3303,Freirina,2,1,65,83
3,Atacama,3303,Freirina,1,1,70,64
3,Atacama,3303,Freirina,2,1,70,66
3,Atacama,3303,Freirina,1,1,75,58
3,Atacama,3303,Freirina,2,1,75,56
3,Atacama,3303,Freirina,1,1,80,29
3,Atacama,3303,Freirina,2,1,80,37
3,Atacama,3303,Freirina,2,1,85,26
3,Atacama,3303,Freirina,1,1,85,32
3,Atacama,3303,Freirina,2,2,0,77
3,Atacama,3303,Freirina,1,2,0,99
3,Atacama,3303,Freirina,1,2,5,152
3,Atacama,3303,Freirina,2,2,5,99
3,Atacama,3303,Freirina,2,2,10,91
3,Atacama,3303,Freirina,1,2,10,208
3,Atacama,3303,Freirina,1,2,15,169
3,Atacama,3303,Freirina,2,2,15,87
3,Atacama,3303,Freirina,2,2,20,57
3,Atacama,3303,Freirina,1,2,20,113
3,Atacama,3303,Freirina,1,2,25,165
3,Atacama,3303,Freirina,2,2,25,111
3,Atacama,3303,Freirina,2,2,30,113
3,Atacama,3303,Freirina,1,2,30,198
3,Atacama,3303,Freirina,2,2,35,91
3,Atacama,3303,Freirina,1,2,35,165
3,Atacama,3303,Freirina,2,2,40,86
3,Atacama,3303,Freirina,1,2,40,152
3,Atacama,3303,Freirina,2,2,45,90
3,Atacama,3303,Freirina,1,2,45,136
3,Atacama,3303,Freirina,1,2,50,137
3,Atacama,3303,Freirina,2,2,50,82
3,Atacama,3303,Freirina,2,2,55,99
3,Atacama,3303,Freirina,1,2,55,171
3,Atacama,3303,Freirina,2,2,60,110
3,Atacama,3303,Freirina,1,2,60,154
3,Atacama,3303,Freirina,2,2,65,78
3,Atacama,3303,Freirina,1,2,65,107
3,Atacama,3303,Freirina,1,2,70,113
3,Atacama,3303,Freirina,2,2,70,53
3,Atacama,3303,Freirina,2,2,75,32
3,Atacama,3303,Freirina,1,2,75,80
3,Atacama,3303,Freirina,1,2,80,50
3,Atacama,3303,Freirina,2,2,80,26
3,Atacama,3303,Freirina,2,2,85,28
3,Atacama,3303,Freirina,1,2,85,55
3,Atacama,3304,Huasco,1,1,0,179
3,Atacama,3304,Huasco,2,1,0,30
3,Atacama,3304,Huasco,2,1,5,32
3,Atacama,3304,Huasco,1,1,5,263
3,Atacama,3304,Huasco,1,1,10,315
3,Atacama,3304,Huasco,2,1,10,50
3,Atacama,3304,Huasco,2,1,15,37
3,Atacama,3304,Huasco,1,1,15,292
3,Atacama,3304,Huasco,2,1,20,27
3,Atacama,3304,Huasco,1,1,20,233
3,Atacama,3304,Huasco,2,1,25,40
3,Atacama,3304,Huasco,1,1,25,263
3,Atacama,3304,Huasco,2,1,30,50
3,Atacama,3304,Huasco,1,1,30,291
3,Atacama,3304,Huasco,2,1,35,45
3,Atacama,3304,Huasco,1,1,35,294
3,Atacama,3304,Huasco,1,1,40,227
3,Atacama,3304,Huasco,2,1,40,42
3,Atacama,3304,Huasco,1,1,45,204
3,Atacama,3304,Huasco,2,1,45,57
3,Atacama,3304,Huasco,1,1,50,186
3,Atacama,3304,Huasco,2,1,50,64
3,Atacama,3304,Huasco,1,1,55,242
3,Atacama,3304,Huasco,2,1,55,61
3,Atacama,3304,Huasco,1,1,60,264
3,Atacama,3304,Huasco,2,1,60,77
3,Atacama,3304,Huasco,2,1,65,83
3,Atacama,3304,Huasco,1,1,65,189
3,Atacama,3304,Huasco,1,1,70,160
3,Atacama,3304,Huasco,2,1,70,38
3,Atacama,3304,Huasco,2,1,75,46
3,Atacama,3304,Huasco,1,1,75,94
3,Atacama,3304,Huasco,2,1,80,25
3,Atacama,3304,Huasco,1,1,80,74
3,Atacama,3304,Huasco,2,1,85,15
3,Atacama,3304,Huasco,1,1,85,43
3,Atacama,3304,Huasco,2,2,0,22
3,Atacama,3304,Huasco,1,2,0,188
3,Atacama,3304,Huasco,2,2,5,33
3,Atacama,3304,Huasco,1,2,5,267
3,Atacama,3304,Huasco,1,2,10,323
3,Atacama,3304,Huasco,2,2,10,48
3,Atacama,3304,Huasco,2,2,15,26
3,Atacama,3304,Huasco,1,2,15,219
3,Atacama,3304,Huasco,1,2,20,238
3,Atacama,3304,Huasco,2,2,20,33
3,Atacama,3304,Huasco,1,2,25,265
3,Atacama,3304,Huasco,2,2,25,35
3,Atacama,3304,Huasco,2,2,30,46
3,Atacama,3304,Huasco,1,2,30,337
3,Atacama,3304,Huasco,2,2,35,47
3,Atacama,3304,Huasco,1,2,35,278
3,Atacama,3304,Huasco,1,2,40,265
3,Atacama,3304,Huasco,2,2,40,40
3,Atacama,3304,Huasco,1,2,45,217
3,Atacama,3304,Huasco,2,2,45,31
3,Atacama,3304,Huasco,1,2,50,210
3,Atacama,3304,Huasco,2,2,50,42
3,Atacama,3304,Huasco,1,2,55,284
3,Atacama,3304,Huasco,2,2,55,59
3,Atacama,3304,Huasco,1,2,60,253
3,Atacama,3304,Huasco,2,2,60,66
3,Atacama,3304,Huasco,2,2,65,76
3,Atacama,3304,Huasco,1,2,65,234
3,Atacama,3304,Huasco,1,2,70,176
3,Atacama,3304,Huasco,2,2,70,50
3,Atacama,3304,Huasco,2,2,75,21
3,Atacama,3304,Huasco,1,2,75,111
3,Atacama,3304,Huasco,1,2,80,87
3,Atacama,3304,Huasco,2,2,80,13
3,Atacama,3304,Huasco,2,2,85,15
3,Atacama,3304,Huasco,1,2,85,82
4,Coquimbo,4101,La Serena,1,1,0,4928
4,Coquimbo,4101,La Serena,2,1,0,683
4,Coquimbo,4101,La Serena,1,1,5,6935
4,Coquimbo,4101,La Serena,2,1,5,975
4,Coquimbo,4101,La Serena,1,1,10,8248
4,Coquimbo,4101,La Serena,2,1,10,1113
4,Coquimbo,4101,La Serena,2,1,15,995
4,Coquimbo,4101,La Serena,1,1,15,8334
4,Coquimbo,4101,La Serena,2,1,20,1035
4,Coquimbo,4101,La Serena,1,1,20,8536
4,Coquimbo,4101,La Serena,1,1,25,8412
4,Coquimbo,4101,La Serena,2,1,25,1263
4,Coquimbo,4101,La Serena,1,1,30,8976
4,Coquimbo,4101,La Serena,2,1,30,1335
4,Coquimbo,4101,La Serena,2,1,35,1295
4,Coquimbo,4101,La Serena,1,1,35,7996
4,Coquimbo,4101,La Serena,2,1,40,1141
4,Coquimbo,4101,La Serena,1,1,40,6912
4,Coquimbo,4101,La Serena,2,1,45,1082
4,Coquimbo,4101,La Serena,1,1,45,6247
4,Coquimbo,4101,La Serena,2,1,50,1105
4,Coquimbo,4101,La Serena,1,1,50,6036
4,Coquimbo,4101,La Serena,1,1,55,5525
4,Coquimbo,4101,La Serena,2,1,55,1017
4,Coquimbo,4101,La Serena,2,1,60,965
4,Coquimbo,4101,La Serena,1,1,60,5122
4,Coquimbo,4101,La Serena,1,1,65,4230
4,Coquimbo,4101,La Serena,2,1,65,809
4,Coquimbo,4101,La Serena,1,1,70,3114
4,Coquimbo,4101,La Serena,2,1,70,548
4,Coquimbo,4101,La Serena,1,1,75,2264
4,Coquimbo,4101,La Serena,2,1,75,347
4,Coquimbo,4101,La Serena,2,1,80,218
4,Coquimbo,4101,La Serena,1,1,80,1435
4,Coquimbo,4101,La Serena,1,1,85,1109
4,Coquimbo,4101,La Serena,2,1,85,122
4,Coquimbo,4101,La Serena,2,2,0,630
4,Coquimbo,4101,La Serena,1,2,0,4873
4,Coquimbo,4101,La Serena,1,2,5,6889
4,Coquimbo,4101,La Serena,2,2,5,915
4,Coquimbo,4101,La Serena,2,2,10,1037
4,Coquimbo,4101,La Serena,1,2,10,8179
4,Coquimbo,4101,La Serena,1,2,15,8170
4,Coquimbo,4101,La Serena,2,2,15,909
4,Coquimbo,4101,La Serena,1,2,20,8419
4,Coquimbo,4101,La Serena,2,2,20,777
4,Coquimbo,4101,La Serena,2,2,25,830
4,Coquimbo,4101,La Serena,1,2,25,8639
4,Coquimbo,4101,La Serena,2,2,30,1019
4,Coquimbo,4101,La Serena,1,2,30,9474
4,Coquimbo,4101,La Serena,2,2,35,971
4,Coquimbo,4101,La Serena,1,2,35,8585
4,Coquimbo,4101,La Serena,1,2,40,7944
4,Coquimbo,4101,La Serena,2,2,40,993
4,Coquimbo,4101,La Serena,1,2,45,7297
4,Coquimbo,4101,La Serena,2,2,45,952
4,Coquimbo,4101,La Serena,2,2,50,991
4,Coquimbo,4101,La Serena,1,2,50,7202
4,Coquimbo,4101,La Serena,2,2,55,983
4,Coquimbo,4101,La Serena,1,2,55,6829
4,Coquimbo,4101,La Serena,1,2,60,6465
4,Coquimbo,4101,La Serena,2,2,60,891
4,Coquimbo,4101,La Serena,2,2,65,752
4,Coquimbo,4101,La Serena,1,2,65,5247
4,Coquimbo,4101,La Serena,2,2,70,487
4,Coquimbo,4101,La Serena,1,2,70,4129
4,Coquimbo,4101,La Serena,2,2,75,355
4,Coquimbo,4101,La Serena,1,2,75,3092
4,Coquimbo,4101,La Serena,1,2,80,2195
4,Coquimbo,4101,La Serena,2,2,80,198
4,Coquimbo,4101,La Serena,2,2,85,216
4,Coquimbo,4101,La Serena,1,2,85,2200
4,Coquimbo,4102,Coquimbo,2,1,0,487
4,Coquimbo,4102,Coquimbo,1,1,0,5832
4,Coquimbo,4102,Coquimbo,2,1,5,586
4,Coquimbo,4102,Coquimbo,1,1,5,8462
4,Coquimbo,4102,Coquimbo,2,1,10,736
4,Coquimbo,4102,Coquimbo,1,1,10,9799
4,Coquimbo,4102,Coquimbo,1,1,15,8741
4,Coquimbo,4102,Coquimbo,2,1,15,625
4,Coquimbo,4102,Coquimbo,1,1,20,8722
4,Coquimbo,4102,Coquimbo,2,1,20,605
4,Coquimbo,4102,Coquimbo,2,1,25,554
4,Coquimbo,4102,Coquimbo,1,1,25,9230
4,Coquimbo,4102,Coquimbo,1,1,30,9950
4,Coquimbo,4102,Coquimbo,2,1,30,615
4,Coquimbo,4102,Coquimbo,1,1,35,9226
4,Coquimbo,4102,Coquimbo,2,1,35,622
4,Coquimbo,4102,Coquimbo,1,1,40,8012
4,Coquimbo,4102,Coquimbo,2,1,40,604
4,Coquimbo,4102,Coquimbo,1,1,45,7210
4,Coquimbo,4102,Coquimbo,2,1,45,605
4,Coquimbo,4102,Coquimbo,1,1,50,7049
4,Coquimbo,4102,Coquimbo,2,1,50,624
4,Coquimbo,4102,Coquimbo,2,1,55,611
4,Coquimbo,4102,Coquimbo,1,1,55,6544
4,Coquimbo,4102,Coquimbo,1,1,60,5990
4,Coquimbo,4102,Coquimbo,2,1,60,627
4,Coquimbo,4102,Coquimbo,2,1,65,586
4,Coquimbo,4102,Coquimbo,1,1,65,4988
4,Coquimbo,4102,Coquimbo,2,1,70,384
4,Coquimbo,4102,Coquimbo,1,1,70,3638
4,Coquimbo,4102,Coquimbo,2,1,75,287
4,Coquimbo,4102,Coquimbo,1,1,75,2551
4,Coquimbo,4102,Coquimbo,1,1,80,1548
4,Coquimbo,4102,Coquimbo,2,1,80,147
4,Coquimbo,4102,Coquimbo,2,1,85,90
4,Coquimbo,4102,Coquimbo,1,1,85,1039
4,Coquimbo,4102,Coquimbo,1,2,0,5791
4,Coquimbo,4102,Coquimbo,2,2,0,449
4,Coquimbo,4102,Coquimbo,1,2,5,8125
4,Coquimbo,4102,Coquimbo,2,2,5,620
4,Coquimbo,4102,Coquimbo,1,2,10,9278
4,Coquimbo,4102,Coquimbo,2,2,10,705
4,Coquimbo,4102,Coquimbo,2,2,15,541
4,Coquimbo,4102,Coquimbo,1,2,15,8487
4,Coquimbo,4102,Coquimbo,1,2,20,8650
4,Coquimbo,4102,Coquimbo,2,2,20,552
4,Coquimbo,4102,Coquimbo,1,2,25,9253
4,Coquimbo,4102,Coquimbo,2,2,25,584
4,Coquimbo,4102,Coquimbo,2,2,30,690
4,Coquimbo,4102,Coquimbo,1,2,30,10231
4,Coquimbo,4102,Coquimbo,2,2,35,662
4,Coquimbo,4102,Coquimbo,1,2,35,9743
4,Coquimbo,4102,Coquimbo,2,2,40,593
4,Coquimbo,4102,Coquimbo,1,2,40,8822
4,Coquimbo,4102,Coquimbo,2,2,45,612
4,Coquimbo,4102,Coquimbo,1,2,45,7984
4,Coquimbo,4102,Coquimbo,1,2,50,7662
4,Coquimbo,4102,Coquimbo,2,2,50,649
4,Coquimbo,4102,Coquimbo,1,2,55,7635
4,Coquimbo,4102,Coquimbo,2,2,55,595
4,Coquimbo,4102,Coquimbo,2,2,60,581
4,Coquimbo,4102,Coquimbo,1,2,60,7107
4,Coquimbo,4102,Coquimbo,2,2,65,489
4,Coquimbo,4102,Coquimbo,1,2,65,5926
4,Coquimbo,4102,Coquimbo,1,2,70,4461
4,Coquimbo,4102,Coquimbo,2,2,70,353
4,Coquimbo,4102,Coquimbo,2,2,75,236
4,Coquimbo,4102,Coquimbo,1,2,75,3147
4,Coquimbo,4102,Coquimbo,2,2,80,156
4,Coquimbo,4102,Coquimbo,1,2,80,2197
4,Coquimbo,4102,Coquimbo,2,2,85,138
4,Coquimbo,4102,Coquimbo,1,2,85,2089
4,Coquimbo,4103,Andacollo,2,1,0,41
4,Coquimbo,4103,Andacollo,1,1,0,216
4,Coquimbo,4103,Andacollo,1,1,5,329
4,Coquimbo,4103,Andacollo,2,1,5,58
4,Coquimbo,4103,Andacollo,2,1,10,66
4,Coquimbo,4103,Andacollo,1,1,10,383
4,Coquimbo,4103,Andacollo,1,1,15,345
4,Coquimbo,4103,Andacollo,2,1,15,53
4,Coquimbo,4103,Andacollo,2,1,20,48
4,Coquimbo,4103,Andacollo,1,1,20,331
4,Coquimbo,4103,Andacollo,2,1,25,34
4,Coquimbo,4103,Andacollo,1,1,25,317
4,Coquimbo,4103,Andacollo,1,1,30,316
4,Coquimbo,4103,Andacollo,2,1,30,64
4,Coquimbo,4103,Andacollo,1,1,35,317
4,Coquimbo,4103,Andacollo,2,1,35,60
4,Coquimbo,4103,Andacollo,2,1,40,65
4,Coquimbo,4103,Andacollo,1,1,40,284
4,Coquimbo,4103,Andacollo,2,1,45,55
4,Coquimbo,4103,Andacollo,1,1,45,254
4,Coquimbo,4103,Andacollo,2,1,50,74
4,Coquimbo,4103,Andacollo,1,1,50,304
4,Coquimbo,4103,Andacollo,2,1,55,91
4,Coquimbo,4103,Andacollo,1,1,55,356
4,Coquimbo,4103,Andacollo,1,1,60,312
4,Coquimbo,4103,Andacollo,2,1,60,85
4,Coquimbo,4103,Andacollo,1,1,65,249
4,Coquimbo,4103,Andacollo,2,1,65,70
4,Coquimbo,4103,Andacollo,2,1,70,51
4,Coquimbo,4103,Andacollo,1,1,70,190
4,Coquimbo,4103,Andacollo,1,1,75,127
4,Coquimbo,4103,Andacollo,2,1,75,45
4,Coquimbo,4103,Andacollo,2,1,80,18
4,Coquimbo,4103,Andacollo,1,1,80,94
4,Coquimbo,4103,Andacollo,1,1,85,78
4,Coquimbo,4103,Andacollo,2,1,85,20
4,Coquimbo,4103,Andacollo,1,2,0,178
4,Coquimbo,4103,Andacollo,2,2,0,40
4,Coquimbo,4103,Andacollo,2,2,5,54
4,Coquimbo,4103,Andacollo,1,2,5,284
4,Coquimbo,4103,Andacollo,2,2,10,73
4,Coquimbo,4103,Andacollo,1,2,10,381
4,Coquimbo,4103,Andacollo,2,2,15,59
4,Coquimbo,4103,Andacollo,1,2,15,321
4,Coquimbo,4103,Andacollo,1,2,20,277
4,Coquimbo,4103,Andacollo,2,2,20,52
4,Coquimbo,4103,Andacollo,2,2,25,50
4,Coquimbo,4103,Andacollo,1,2,25,307
4,Coquimbo,4103,Andacollo,1,2,30,380
4,Coquimbo,4103,Andacollo,2,2,30,58
4,Coquimbo,4103,Andacollo,2,2,35,71
4,Coquimbo,4103,Andacollo,1,2,35,304
4,Coquimbo,4103,Andacollo,1,2,40,290
4,Coquimbo,4103,Andacollo,2,2,40,45
4,Coquimbo,4103,Andacollo,1,2,45,253
4,Coquimbo,4103,Andacollo,2,2,45,55
4,Coquimbo,4103,Andacollo,2,2,50,57
4,Coquimbo,4103,Andacollo,1,2,50,322
4,Coquimbo,4103,Andacollo,1,2,55,383
4,Coquimbo,4103,Andacollo,2,2,55,72
4,Coquimbo,4103,Andacollo,1,2,60,311
4,Coquimbo,4103,Andacollo,2,2,60,78
4,Coquimbo,4103,Andacollo,1,2,65,237
4,Coquimbo,4103,Andacollo,2,2,65,52
4,Coquimbo,4103,Andacollo,2,2,70,50
4,Coquimbo,4103,Andacollo,1,2,70,195
4,Coquimbo,4103,Andacollo,1,2,75,163
4,Coquimbo,4103,Andacollo,2,2,75,36
4,Coquimbo,4103,Andacollo,1,2,80,133
4,Coquimbo,4103,Andacollo,2,2,80,21
4,Coquimbo,4103,Andacollo,2,2,85,16
4,Coquimbo,4103,Andacollo,1,2,85,108
4,Coquimbo,4104,La Higuera,2,1,0,83
4,Coquimbo,4104,La Higuera,1,1,0,34
4,Coquimbo,4104,La Higuera,1,1,5,39
4,Coquimbo,4104,La Higuera,2,1,5,103
4,Coquimbo,4104,La Higuera,1,1,10,49
4,Coquimbo,4104,La Higuera,2,1,10,111
4,Coquimbo,4104,La Higuera,2,1,15,104
4,Coquimbo,4104,La Higuera,1,1,15,46
4,Coquimbo,4104,La Higuera,1,1,20,61
4,Coquimbo,4104,La Higuera,2,1,20,104
4,Coquimbo,4104,La Higuera,1,1,25,34
4,Coquimbo,4104,La Higuera,2,1,25,101
4,Coquimbo,4104,La Higuera,2,1,30,88
4,Coquimbo,4104,La Higuera,1,1,30,44
4,Coquimbo,4104,La Higuera,2,1,35,95
4,Coquimbo,4104,La Higuera,1,1,35,24
4,Coquimbo,4104,La Higuera,2,1,40,107
4,Coquimbo,4104,La Higuera,1,1,40,37
4,Coquimbo,4104,La Higuera,2,1,45,114
4,Coquimbo,4104,La Higuera,1,1,45,39
4,Coquimbo,4104,La Higuera,1,1,50,27
4,Coquimbo,4104,La Higuera,2,1,50,127
4,Coquimbo,4104,La Higuera,2,1,55,131
4,Coquimbo,4104,La Higuera,1,1,55,30
4,Coquimbo,4104,La Higuera,1,1,60,27
4,Coquimbo,4104,La Higuera,2,1,60,109
4,Coquimbo,4104,La Higuera,2,1,65,135
4,Coquimbo,4104,La Higuera,1,1,65,35
4,Coquimbo,4104,La Higuera,1,1,70,18
4,Coquimbo,4104,La Higuera,2,1,70,80
4,Coquimbo,4104,La Higuera,2,1,75,78
4,Coquimbo,4104,La Higuera,1,1,75,11
4,Coquimbo,4104,La Higuera,1,1,80,6
4,Coquimbo,4104,La Higuera,2,1,80,42
4,Coquimbo,4104,La Higuera,2,1,85,17
4,Coquimbo,4104,La Higuera,1,1,85,9
4,Coquimbo,4104,La Higuera,2,2,0,64
4,Coquimbo,4104,La Higuera,1,2,0,23
4,Coquimbo,4104,La Higuera,1,2,5,35
4,Coquimbo,4104,La Higuera,2,2,5,90
4,Coquimbo,4104,La Higuera,2,2,10,109
4,Coquimbo,4104,La Higuera,1,2,10,41
4,Coquimbo,4104,La Higuera,2,2,15,99
4,Coquimbo,4104,La Higuera,1,2,15,41
4,Coquimbo,4104,La Higuera,1,2,20,49
4,Coquimbo,4104,La Higuera,2,2,20,81
4,Coquimbo,4104,La Higuera,1,2,25,30
4,Coquimbo,4104,La Higuera,2,2,25,106
4,Coquimbo,4104,La Higuera,1,2,30,30
4,Coquimbo,4104,La Higuera,2,2,30,89
4,Coquimbo,4104,La Higuera,1,2,35,36
4,Coquimbo,4104,La Higuera,2,2,35,100
4,Coquimbo,4104,La Higuera,1,2,40,32
4,Coquimbo,4104,La Higuera,2,2,40,84
4,Coquimbo,4104,La Higuera,1,2,45,39
4,Coquimbo,4104,La Higuera,2,2,45,102
4,Coquimbo,4104,La Higuera,2,2,50,111
4,Coquimbo,4104,La Higuera,1,2,50,23
4,Coquimbo,4104,La Higuera,2,2,55,104
4,Coquimbo,4104,La Higuera,1,2,55,38
4,Coquimbo,4104,La Higuera,2,2,60,94
4,Coquimbo,4104,La Higuera,1,2,60,34
4,Coquimbo,4104,La Higuera,2,2,65,92
4,Coquimbo,4104,La Higuera,1,2,65,24
4,Coquimbo,4104,La Higuera,1,2,70,20
4,Coquimbo,4104,La Higuera,2,2,70,78
4,Coquimbo,4104,La Higuera,2,2,75,51
4,Coquimbo,4104,La Higuera,1,2,75,10
4,Coquimbo,4104,La Higuera,2,2,80,30
4,Coquimbo,4104,La Higuera,1,2,80,11
4,Coquimbo,4104,La Higuera,1,2,85,10
4,Coquimbo,4104,La Higuera,2,2,85,26
4,Coquimbo,4105,Paihuano,2,1,0,96
4,Coquimbo,4105,Paihuano,2,1,5,120
4,Coquimbo,4105,Paihuano,2,1,10,181
4,Coquimbo,4105,Paihuano,2,1,15,127
4,Coquimbo,4105,Paihuano,2,1,20,122
4,Coquimbo,4105,Paihuano,2,1,25,132
4,Coquimbo,4105,Paihuano,2,1,30,177
4,Coquimbo,4105,Paihuano,2,1,35,151
4,Coquimbo,4105,Paihuano,2,1,40,123
4,Coquimbo,4105,Paihuano,2,1,45,155
4,Coquimbo,4105,Paihuano,2,1,50,176
4,Coquimbo,4105,Paihuano,2,1,55,168
4,Coquimbo,4105,Paihuano,2,1,60,178
4,Coquimbo,4105,Paihuano,2,1,65,134
4,Coquimbo,4105,Paihuano,2,1,70,118
4,Coquimbo,4105,Paihuano,2,1,75,62
4,Coquimbo,4105,Paihuano,2,1,80,52
4,Coquimbo,4105,Paihuano,2,1,85,38
4,Coquimbo,4105,Paihuano,2,2,0,100
4,Coquimbo,4105,Paihuano,2,2,5,118
4,Coquimbo,4105,Paihuano,2,2,10,150
4,Coquimbo,4105,Paihuano,2,2,15,129
4,Coquimbo,4105,Paihuano,2,2,20,112
4,Coquimbo,4105,Paihuano,2,2,25,143
4,Coquimbo,4105,Paihuano,2,2,30,167
4,Coquimbo,4105,Paihuano,2,2,35,175
4,Coquimbo,4105,Paihuano,2,2,40,154
4,Coquimbo,4105,Paihuano,2,2,45,144
4,Coquimbo,4105,Paihuano,2,2,50,166
4,Coquimbo,4105,Paihuano,2,2,55,192
4,Coquimbo,4105,Paihuano,2,2,60,183
4,Coquimbo,4105,Paihuano,2,2,65,106
4,Coquimbo,4105,Paihuano,2,2,70,93
4,Coquimbo,4105,Paihuano,2,2,75,86
4,Coquimbo,4105,Paihuano,2,2,80,60
4,Coquimbo,4105,Paihuano,2,2,85,61
4,Coquimbo,4106,Vicuña,1,1,0,393
4,Coquimbo,4106,Vicuña,2,1,0,253
4,Coquimbo,4106,Vicuña,2,1,5,367
4,Coquimbo,4106,Vicuña,1,1,5,551
4,Coquimbo,4106,Vicuña,2,1,10,438
4,Coquimbo,4106,Vicuña,1,1,10,692
4,Coquimbo,4106,Vicuña,2,1,15,364
4,Coquimbo,4106,Vicuña,1,1,15,568
4,Coquimbo,4106,Vicuña,1,1,20,599
4,Coquimbo,4106,Vicuña,2,1,20,333
4,Coquimbo,4106,Vicuña,1,1,25,608
4,Coquimbo,4106,Vicuña,2,1,25,342
4,Coquimbo,4106,Vicuña,1,1,30,604
4,Coquimbo,4106,Vicuña,2,1,30,389
4,Coquimbo,4106,Vicuña,1,1,35,526
4,Coquimbo,4106,Vicuña,2,1,35,392
4,Coquimbo,4106,Vicuña,2,1,40,362
4,Coquimbo,4106,Vicuña,1,1,40,448
4,Coquimbo,4106,Vicuña,2,1,45,363
4,Coquimbo,4106,Vicuña,1,1,45,435
4,Coquimbo,4106,Vicuña,2,1,50,381
4,Coquimbo,4106,Vicuña,1,1,50,465
4,Coquimbo,4106,Vicuña,1,1,55,467
4,Coquimbo,4106,Vicuña,2,1,55,451
4,Coquimbo,4106,Vicuña,1,1,60,418
4,Coquimbo,4106,Vicuña,2,1,60,437
4,Coquimbo,4106,Vicuña,2,1,65,330
4,Coquimbo,4106,Vicuña,1,1,65,412
4,Coquimbo,4106,Vicuña,1,1,70,239
4,Coquimbo,4106,Vicuña,2,1,70,262
4,Coquimbo,4106,Vicuña,2,1,75,177
4,Coquimbo,4106,Vicuña,1,1,75,194
4,Coquimbo,4106,Vicuña,1,1,80,117
4,Coquimbo,4106,Vicuña,2,1,80,130
4,Coquimbo,4106,Vicuña,1,1,85,109
4,Coquimbo,4106,Vicuña,2,1,85,122
4,Coquimbo,4106,Vicuña,2,2,0,247
4,Coquimbo,4106,Vicuña,1,2,0,376
4,Coquimbo,4106,Vicuña,1,2,5,516
4,Coquimbo,4106,Vicuña,2,2,5,318
4,Coquimbo,4106,Vicuña,1,2,10,620
4,Coquimbo,4106,Vicuña,2,2,10,381
4,Coquimbo,4106,Vicuña,1,2,15,579
4,Coquimbo,4106,Vicuña,2,2,15,354
4,Coquimbo,4106,Vicuña,2,2,20,365
4,Coquimbo,4106,Vicuña,1,2,20,549
4,Coquimbo,4106,Vicuña,1,2,25,582
4,Coquimbo,4106,Vicuña,2,2,25,380
4,Coquimbo,4106,Vicuña,2,2,30,399
4,Coquimbo,4106,Vicuña,1,2,30,650
4,Coquimbo,4106,Vicuña,1,2,35,660
4,Coquimbo,4106,Vicuña,2,2,35,376
4,Coquimbo,4106,Vicuña,2,2,40,370
4,Coquimbo,4106,Vicuña,1,2,40,561
4,Coquimbo,4106,Vicuña,2,2,45,379
4,Coquimbo,4106,Vicuña,1,2,45,533
4,Coquimbo,4106,Vicuña,1,2,50,543
4,Coquimbo,4106,Vicuña,2,2,50,381
4,Coquimbo,4106,Vicuña,2,2,55,473
4,Coquimbo,4106,Vicuña,1,2,55,544
4,Coquimbo,4106,Vicuña,1,2,60,473
4,Coquimbo,4106,Vicuña,2,2,60,408
4,Coquimbo,4106,Vicuña,2,2,65,306
4,Coquimbo,4106,Vicuña,1,2,65,440
4,Coquimbo,4106,Vicuña,2,2,70,220
4,Coquimbo,4106,Vicuña,1,2,70,325
4,Coquimbo,4106,Vicuña,2,2,75,190
4,Coquimbo,4106,Vicuña,1,2,75,201
4,Coquimbo,4106,Vicuña,1,2,80,180
4,Coquimbo,4106,Vicuña,2,2,80,150
4,Coquimbo,4106,Vicuña,1,2,85,161
4,Coquimbo,4106,Vicuña,2,2,85,119
4,Coquimbo,4201,Illapel,1,1,0,454
4,Coquimbo,4201,Illapel,2,1,0,270
4,Coquimbo,4201,Illapel,2,1,5,365
4,Coquimbo,4201,Illapel,1,1,5,691
4,Coquimbo,4201,Illapel,1,1,10,754
4,Coquimbo,4201,Illapel,2,1,10,423
4,Coquimbo,4201,Illapel,2,1,15,351
4,Coquimbo,4201,Illapel,1,1,15,665
4,Coquimbo,4201,Illapel,1,1,20,589
4,Coquimbo,4201,Illapel,2,1,20,328
4,Coquimbo,4201,Illapel,2,1,25,317
4,Coquimbo,4201,Illapel,1,1,25,716
4,Coquimbo,4201,Illapel,1,1,30,745
4,Coquimbo,4201,Illapel,2,1,30,364
4,Coquimbo,4201,Illapel,1,1,35,749
4,Coquimbo,4201,Illapel,2,1,35,397
4,Coquimbo,4201,Illapel,1,1,40,625
4,Coquimbo,4201,Illapel,2,1,40,380
4,Coquimbo,4201,Illapel,1,1,45,535
4,Coquimbo,4201,Illapel,2,1,45,349
4,Coquimbo,4201,Illapel,2,1,50,424
4,Coquimbo,4201,Illapel,1,1,50,607
4,Coquimbo,4201,Illapel,1,1,55,579
4,Coquimbo,4201,Illapel,2,1,55,425
4,Coquimbo,4201,Illapel,2,1,60,444
4,Coquimbo,4201,Illapel,1,1,60,570
4,Coquimbo,4201,Illapel,1,1,65,487
4,Coquimbo,4201,Illapel,2,1,65,349
4,Coquimbo,4201,Illapel,2,1,70,289
4,Coquimbo,4201,Illapel,1,1,70,371
4,Coquimbo,4201,Illapel,1,1,75,258
4,Coquimbo,4201,Illapel,2,1,75,179
4,Coquimbo,4201,Illapel,2,1,80,125
4,Coquimbo,4201,Illapel,1,1,80,162
4,Coquimbo,4201,Illapel,1,1,85,114
4,Coquimbo,4201,Illapel,2,1,85,98
4,Coquimbo,4201,Illapel,2,2,0,272
4,Coquimbo,4201,Illapel,1,2,0,449
4,Coquimbo,4201,Illapel,1,2,5,614
4,Coquimbo,4201,Illapel,2,2,5,378
4,Coquimbo,4201,Illapel,1,2,10,727
4,Coquimbo,4201,Illapel,2,2,10,391
4,Coquimbo,4201,Illapel,2,2,15,306
4,Coquimbo,4201,Illapel,1,2,15,651
4,Coquimbo,4201,Illapel,2,2,20,246
4,Coquimbo,4201,Illapel,1,2,20,603
4,Coquimbo,4201,Illapel,1,2,25,724
4,Coquimbo,4201,Illapel,2,2,25,311
4,Coquimbo,4201,Illapel,1,2,30,760
4,Coquimbo,4201,Illapel,2,2,30,421
4,Coquimbo,4201,Illapel,2,2,35,427
4,Coquimbo,4201,Illapel,1,2,35,800
4,Coquimbo,4201,Illapel,2,2,40,403
4,Coquimbo,4201,Illapel,1,2,40,698
4,Coquimbo,4201,Illapel,2,2,45,337
4,Coquimbo,4201,Illapel,1,2,45,635
4,Coquimbo,4201,Illapel,1,2,50,727
4,Coquimbo,4201,Illapel,2,2,50,372
4,Coquimbo,4201,Illapel,1,2,55,723
4,Coquimbo,4201,Illapel,2,2,55,416
4,Coquimbo,4201,Illapel,2,2,60,359
4,Coquimbo,4201,Illapel,1,2,60,686
4,Coquimbo,4201,Illapel,1,2,65,595
4,Coquimbo,4201,Illapel,2,2,65,310
4,Coquimbo,4201,Illapel,2,2,70,287
4,Coquimbo,4201,Illapel,1,2,70,478
4,Coquimbo,4201,Illapel,1,2,75,374
4,Coquimbo,4201,Illapel,2,2,75,175
4,Coquimbo,4201,Illapel,2,2,80,143
4,Coquimbo,4201,Illapel,1,2,80,282
4,Coquimbo,4201,Illapel,2,2,85,126
4,Coquimbo,4201,Illapel,1,2,85,255
4,Coquimbo,4202,Canela,2,1,0,160
4,Coquimbo,4202,Canela,1,1,0,41
4,Coquimbo,4202,Canela,1,1,5,61
4,Coquimbo,4202,Canela,2,1,5,200
4,Coquimbo,4202,Canela,1,1,10,67
4,Coquimbo,4202,Canela,2,1,10,229
4,Coquimbo,4202,Canela,1,1,15,54
4,Coquimbo,4202,Canela,2,1,15,219
4,Coquimbo,4202,Canela,2,1,20,205
4,Coquimbo,4202,Canela,1,1,20,56
4,Coquimbo,4202,Canela,2,1,25,219
4,Coquimbo,4202,Canela,1,1,25,68
4,Coquimbo,4202,Canela,2,1,30,219
4,Coquimbo,4202,Canela,1,1,30,87
4,Coquimbo,4202,Canela,2,1,35,222
4,Coquimbo,4202,Canela,1,1,35,67
4,Coquimbo,4202,Canela,2,1,40,225
4,Coquimbo,4202,Canela,1,1,40,45
4,Coquimbo,4202,Canela,2,1,45,222
4,Coquimbo,4202,Canela,1,1,45,54
4,Coquimbo,4202,Canela,1,1,50,55
4,Coquimbo,4202,Canela,2,1,50,243
4,Coquimbo,4202,Canela,2,1,55,310
4,Coquimbo,4202,Canela,1,1,55,75
4,Coquimbo,4202,Canela,1,1,60,58
4,Coquimbo,4202,Canela,2,1,60,285
4,Coquimbo,4202,Canela,2,1,65,278
4,Coquimbo,4202,Canela,1,1,65,59
4,Coquimbo,4202,Canela,1,1,70,31
4,Coquimbo,4202,Canela,2,1,70,267
4,Coquimbo,4202,Canela,2,1,75,152
4,Coquimbo,4202,Canela,1,1,75,40
4,Coquimbo,4202,Canela,2,1,80,123
4,Coquimbo,4202,Canela,1,1,80,13
4,Coquimbo,4202,Canela,2,1,85,136
4,Coquimbo,4202,Canela,1,1,85,24
4,Coquimbo,4202,Canela,1,2,0,40
4,Coquimbo,4202,Canela,2,2,0,134
4,Coquimbo,4202,Canela,1,2,5,54
4,Coquimbo,4202,Canela,2,2,5,199
4,Coquimbo,4202,Canela,2,2,10,207
4,Coquimbo,4202,Canela,1,2,10,63
4,Coquimbo,4202,Canela,2,2,15,166
4,Coquimbo,4202,Canela,1,2,15,59
4,Coquimbo,4202,Canela,1,2,20,57
4,Coquimbo,4202,Canela,2,2,20,180
4,Coquimbo,4202,Canela,1,2,25,56
4,Coquimbo,4202,Canela,2,2,25,195
4,Coquimbo,4202,Canela,2,2,30,227
4,Coquimbo,4202,Canela,1,2,30,78
4,Coquimbo,4202,Canela,2,2,35,194
4,Coquimbo,4202,Canela,1,2,35,77
4,Coquimbo,4202,Canela,1,2,40,63
4,Coquimbo,4202,Canela,2,2,40,234
4,Coquimbo,4202,Canela,1,2,45,66
4,Coquimbo,4202,Canela,2,2,45,238
4,Coquimbo,4202,Canela,2,2,50,251
4,Coquimbo,4202,Canela,1,2,50,69
4,Coquimbo,4202,Canela,1,2,55,83
4,Coquimbo,4202,Canela,2,2,55,296
4,Coquimbo,4202,Canela,2,2,60,285
4,Coquimbo,4202,Canela,1,2,60,63
4,Coquimbo,4202,Canela,2,2,65,269
4,Coquimbo,4202,Canela,1,2,65,53
4,Coquimbo,4202,Canela,1,2,70,43
4,Coquimbo,4202,Canela,2,2,70,218
4,Coquimbo,4202,Canela,2,2,75,153
4,Coquimbo,4202,Canela,1,2,75,33
4,Coquimbo,4202,Canela,2,2,80,135
4,Coquimbo,4202,Canela,1,2,80,25
4,Coquimbo,4202,Canela,1,2,85,28
4,Coquimbo,4202,Canela,2,2,85,179
4,Coquimbo,4203,Los Vilos,2,1,0,129
4,Coquimbo,4203,Los Vilos,1,1,0,460
4,Coquimbo,4203,Los Vilos,2,1,5,166
4,Coquimbo,4203,Los Vilos,1,1,5,594
4,Coquimbo,4203,Los Vilos,1,1,10,721
4,Coquimbo,4203,Los Vilos,2,1,10,193
4,Coquimbo,4203,Los Vilos,1,1,15,629
4,Coquimbo,4203,Los Vilos,2,1,15,158
4,Coquimbo,4203,Los Vilos,2,1,20,138
4,Coquimbo,4203,Los Vilos,1,1,20,492
4,Coquimbo,4203,Los Vilos,1,1,25,625
4,Coquimbo,4203,Los Vilos,2,1,25,150
4,Coquimbo,4203,Los Vilos,2,1,30,173
4,Coquimbo,4203,Los Vilos,1,1,30,637
4,Coquimbo,4203,Los Vilos,1,1,35,645
4,Coquimbo,4203,Los Vilos,2,1,35,168
4,Coquimbo,4203,Los Vilos,2,1,40,157
4,Coquimbo,4203,Los Vilos,1,1,40,577
4,Coquimbo,4203,Los Vilos,2,1,45,149
4,Coquimbo,4203,Los Vilos,1,1,45,494
4,Coquimbo,4203,Los Vilos,1,1,50,557
4,Coquimbo,4203,Los Vilos,2,1,50,171
4,Coquimbo,4203,Los Vilos,2,1,55,168
4,Coquimbo,4203,Los Vilos,1,1,55,497
4,Coquimbo,4203,Los Vilos,1,1,60,561
4,Coquimbo,4203,Los Vilos,2,1,60,181
4,Coquimbo,4203,Los Vilos,2,1,65,138
4,Coquimbo,4203,Los Vilos,1,1,65,451
4,Coquimbo,4203,Los Vilos,1,1,70,350
4,Coquimbo,4203,Los Vilos,2,1,70,94
4,Coquimbo,4203,Los Vilos,2,1,75,80
4,Coquimbo,4203,Los Vilos,1,1,75,232
4,Coquimbo,4203,Los Vilos,1,1,80,133
4,Coquimbo,4203,Los Vilos,2,1,80,53
4,Coquimbo,4203,Los Vilos,1,1,85,114
4,Coquimbo,4203,Los Vilos,2,1,85,46
4,Coquimbo,4203,Los Vilos,2,2,0,160
4,Coquimbo,4203,Los Vilos,1,2,0,473
4,Coquimbo,4203,Los Vilos,1,2,5,569
4,Coquimbo,4203,Los Vilos,2,2,5,172
4,Coquimbo,4203,Los Vilos,1,2,10,624
4,Coquimbo,4203,Los Vilos,2,2,10,139
4,Coquimbo,4203,Los Vilos,1,2,15,562
4,Coquimbo,4203,Los Vilos,2,2,15,120
4,Coquimbo,4203,Los Vilos,2,2,20,117
4,Coquimbo,4203,Los Vilos,1,2,20,482
4,Coquimbo,4203,Los Vilos,1,2,25,586
4,Coquimbo,4203,Los Vilos,2,2,25,178
4,Coquimbo,4203,Los Vilos,2,2,30,169
4,Coquimbo,4203,Los Vilos,1,2,30,729
4,Coquimbo,4203,Los Vilos,2,2,35,172
4,Coquimbo,4203,Los Vilos,1,2,35,692
4,Coquimbo,4203,Los Vilos,2,2,40,158
4,Coquimbo,4203,Los Vilos,1,2,40,581
4,Coquimbo,4203,Los Vilos,2,2,45,151
4,Coquimbo,4203,Los Vilos,1,2,45,580
4,Coquimbo,4203,Los Vilos,1,2,50,541
4,Coquimbo,4203,Los Vilos,2,2,50,130
4,Coquimbo,4203,Los Vilos,2,2,55,161
4,Coquimbo,4203,Los Vilos,1,2,55,591
4,Coquimbo,4203,Los Vilos,1,2,60,621
4,Coquimbo,4203,Los Vilos,2,2,60,147
4,Coquimbo,4203,Los Vilos,2,2,65,140
4,Coquimbo,4203,Los Vilos,1,2,65,529
4,Coquimbo,4203,Los Vilos,1,2,70,393
4,Coquimbo,4203,Los Vilos,2,2,70,74
4,Coquimbo,4203,Los Vilos,2,2,75,67
4,Coquimbo,4203,Los Vilos,1,2,75,294
4,Coquimbo,4203,Los Vilos,1,2,80,186
4,Coquimbo,4203,Los Vilos,2,2,80,63
4,Coquimbo,4203,Los Vilos,2,2,85,58
4,Coquimbo,4203,Los Vilos,1,2,85,189
4,Coquimbo,4204,Salamanca,1,1,0,380
4,Coquimbo,4204,Salamanca,2,1,0,273
4,Coquimbo,4204,Salamanca,1,1,5,486
4,Coquimbo,4204,Salamanca,2,1,5,392
4,Coquimbo,4204,Salamanca,2,1,10,456
4,Coquimbo,4204,Salamanca,1,1,10,621
4,Coquimbo,4204,Salamanca,2,1,15,394
4,Coquimbo,4204,Salamanca,1,1,15,487
4,Coquimbo,4204,Salamanca,1,1,20,456
4,Coquimbo,4204,Salamanca,2,1,20,328
4,Coquimbo,4204,Salamanca,1,1,25,520
4,Coquimbo,4204,Salamanca,2,1,25,355
4,Coquimbo,4204,Salamanca,1,1,30,577
4,Coquimbo,4204,Salamanca,2,1,30,422
4,Coquimbo,4204,Salamanca,1,1,35,559
4,Coquimbo,4204,Salamanca,2,1,35,446
4,Coquimbo,4204,Salamanca,2,1,40,403
4,Coquimbo,4204,Salamanca,1,1,40,478
4,Coquimbo,4204,Salamanca,2,1,45,395
4,Coquimbo,4204,Salamanca,1,1,45,448
4,Coquimbo,4204,Salamanca,1,1,50,513
4,Coquimbo,4204,Salamanca,2,1,50,430
4,Coquimbo,4204,Salamanca,1,1,55,487
4,Coquimbo,4204,Salamanca,2,1,55,451
4,Coquimbo,4204,Salamanca,2,1,60,444
4,Coquimbo,4204,Salamanca,1,1,60,412
4,Coquimbo,4204,Salamanca,1,1,65,345
4,Coquimbo,4204,Salamanca,2,1,65,388
4,Coquimbo,4204,Salamanca,1,1,70,272
4,Coquimbo,4204,Salamanca,2,1,70,295
4,Coquimbo,4204,Salamanca,1,1,75,183
4,Coquimbo,4204,Salamanca,2,1,75,193
4,Coquimbo,4204,Salamanca,1,1,80,132
4,Coquimbo,4204,Salamanca,2,1,80,136
4,Coquimbo,4204,Salamanca,1,1,85,99
4,Coquimbo,4204,Salamanca,2,1,85,116
4,Coquimbo,4204,Salamanca,1,2,0,347
4,Coquimbo,4204,Salamanca,2,2,0,246
4,Coquimbo,4204,Salamanca,1,2,5,490
4,Coquimbo,4204,Salamanca,2,2,5,384
4,Coquimbo,4204,Salamanca,2,2,10,442
4,Coquimbo,4204,Salamanca,1,2,10,610
4,Coquimbo,4204,Salamanca,1,2,15,482
4,Coquimbo,4204,Salamanca,2,2,15,334
4,Coquimbo,4204,Salamanca,1,2,20,437
4,Coquimbo,4204,Salamanca,2,2,20,279
4,Coquimbo,4204,Salamanca,1,2,25,552
4,Coquimbo,4204,Salamanca,2,2,25,358
4,Coquimbo,4204,Salamanca,1,2,30,601
4,Coquimbo,4204,Salamanca,2,2,30,449
4,Coquimbo,4204,Salamanca,1,2,35,599
4,Coquimbo,4204,Salamanca,2,2,35,473
4,Coquimbo,4204,Salamanca,2,2,40,403
4,Coquimbo,4204,Salamanca,1,2,40,545
4,Coquimbo,4204,Salamanca,1,2,45,589
4,Coquimbo,4204,Salamanca,2,2,45,421
4,Coquimbo,4204,Salamanca,1,2,50,526
4,Coquimbo,4204,Salamanca,2,2,50,406
4,Coquimbo,4204,Salamanca,2,2,55,447
4,Coquimbo,4204,Salamanca,1,2,55,506
4,Coquimbo,4204,Salamanca,1,2,60,434
4,Coquimbo,4204,Salamanca,2,2,60,410
4,Coquimbo,4204,Salamanca,2,2,65,312
4,Coquimbo,4204,Salamanca,1,2,65,377
4,Coquimbo,4204,Salamanca,2,2,70,254
4,Coquimbo,4204,Salamanca,1,2,70,295
4,Coquimbo,4204,Salamanca,1,2,75,242
4,Coquimbo,4204,Salamanca,2,2,75,194
4,Coquimbo,4204,Salamanca,2,2,80,121
4,Coquimbo,4204,Salamanca,1,2,80,180
4,Coquimbo,4204,Salamanca,1,2,85,170
4,Coquimbo,4204,Salamanca,2,2,85,136
4,Coquimbo,4301,Ovalle,1,1,0,2186
4,Coquimbo,4301,Ovalle,2,1,0,506
4,Coquimbo,4301,Ovalle,1,1,5,3262
4,Coquimbo,4301,Ovalle,2,1,5,738
4,Coquimbo,4301,Ovalle,1,1,10,3735
4,Coquimbo,4301,Ovalle,2,1,10,907
4,Coquimbo,4301,Ovalle,1,1,15,3211
4,Coquimbo,4301,Ovalle,2,1,15,786
4,Coquimbo,4301,Ovalle,2,1,20,712
4,Coquimbo,4301,Ovalle,1,1,20,3090
4,Coquimbo,4301,Ovalle,2,1,25,696
4,Coquimbo,4301,Ovalle,1,1,25,3529
4,Coquimbo,4301,Ovalle,2,1,30,804
4,Coquimbo,4301,Ovalle,1,1,30,3852
4,Coquimbo,4301,Ovalle,2,1,35,781
4,Coquimbo,4301,Ovalle,1,1,35,3446
4,Coquimbo,4301,Ovalle,2,1,40,743
4,Coquimbo,4301,Ovalle,1,1,40,3007
4,Coquimbo,4301,Ovalle,1,1,45,2641
4,Coquimbo,4301,Ovalle,2,1,45,808
4,Coquimbo,4301,Ovalle,2,1,50,832
4,Coquimbo,4301,Ovalle,1,1,50,2550
4,Coquimbo,4301,Ovalle,1,1,55,2539
4,Coquimbo,4301,Ovalle,2,1,55,891
4,Coquimbo,4301,Ovalle,2,1,60,885
4,Coquimbo,4301,Ovalle,1,1,60,2402
4,Coquimbo,4301,Ovalle,2,1,65,761
4,Coquimbo,4301,Ovalle,1,1,65,1964
4,Coquimbo,4301,Ovalle,1,1,70,1393
4,Coquimbo,4301,Ovalle,2,1,70,568
4,Coquimbo,4301,Ovalle,2,1,75,434
4,Coquimbo,4301,Ovalle,1,1,75,935
4,Coquimbo,4301,Ovalle,2,1,80,293
4,Coquimbo,4301,Ovalle,1,1,80,691
4,Coquimbo,4301,Ovalle,2,1,85,214
4,Coquimbo,4301,Ovalle,1,1,85,519
4,Coquimbo,4301,Ovalle,1,2,0,2160
4,Coquimbo,4301,Ovalle,2,2,0,554
4,Coquimbo,4301,Ovalle,2,2,5,704
4,Coquimbo,4301,Ovalle,1,2,5,3106
4,Coquimbo,4301,Ovalle,2,2,10,846
4,Coquimbo,4301,Ovalle,1,2,10,3591
4,Coquimbo,4301,Ovalle,2,2,15,728
4,Coquimbo,4301,Ovalle,1,2,15,3060
4,Coquimbo,4301,Ovalle,1,2,20,2966
4,Coquimbo,4301,Ovalle,2,2,20,653
4,Coquimbo,4301,Ovalle,1,2,25,3658
4,Coquimbo,4301,Ovalle,2,2,25,704
4,Coquimbo,4301,Ovalle,1,2,30,4093
4,Coquimbo,4301,Ovalle,2,2,30,849
4,Coquimbo,4301,Ovalle,2,2,35,889
4,Coquimbo,4301,Ovalle,1,2,35,3795
4,Coquimbo,4301,Ovalle,2,2,40,743
4,Coquimbo,4301,Ovalle,1,2,40,3299
4,Coquimbo,4301,Ovalle,2,2,45,759
4,Coquimbo,4301,Ovalle,1,2,45,3164
4,Coquimbo,4301,Ovalle,1,2,50,3023
4,Coquimbo,4301,Ovalle,2,2,50,810
4,Coquimbo,4301,Ovalle,1,2,55,3180
4,Coquimbo,4301,Ovalle,2,2,55,827
4,Coquimbo,4301,Ovalle,2,2,60,796
4,Coquimbo,4301,Ovalle,1,2,60,2843
4,Coquimbo,4301,Ovalle,2,2,65,648
4,Coquimbo,4301,Ovalle,1,2,65,2370
4,Coquimbo,4301,Ovalle,2,2,70,491
4,Coquimbo,4301,Ovalle,1,2,70,1758
4,Coquimbo,4301,Ovalle,1,2,75,1259
4,Coquimbo,4301,Ovalle,2,2,75,396
4,Coquimbo,4301,Ovalle,2,2,80,269
4,Coquimbo,4301,Ovalle,1,2,80,1004
4,Coquimbo,4301,Ovalle,2,2,85,294
4,Coquimbo,4301,Ovalle,1,2,85,1096
4,Coquimbo,4302,Combarbalá,1,1,0,114
4,Coquimbo,4302,Combarbalá,2,1,0,110
4,Coquimbo,4302,Combarbalá,2,1,5,176
4,Coquimbo,4302,Combarbalá,1,1,5,187
4,Coquimbo,4302,Combarbalá,2,1,10,198
4,Coquimbo,4302,Combarbalá,1,1,10,234
4,Coquimbo,4302,Combarbalá,2,1,15,198
4,Coquimbo,4302,Combarbalá,1,1,15,178
4,Coquimbo,4302,Combarbalá,1,1,20,141
4,Coquimbo,4302,Combarbalá,2,1,20,169
4,Coquimbo,4302,Combarbalá,2,1,25,175
4,Coquimbo,4302,Combarbalá,1,1,25,167
4,Coquimbo,4302,Combarbalá,1,1,30,191
4,Coquimbo,4302,Combarbalá,2,1,30,192
4,Coquimbo,4302,Combarbalá,2,1,35,184
4,Coquimbo,4302,Combarbalá,1,1,35,142
4,Coquimbo,4302,Combarbalá,2,1,40,172
4,Coquimbo,4302,Combarbalá,1,1,40,183
4,Coquimbo,4302,Combarbalá,2,1,45,269
4,Coquimbo,4302,Combarbalá,1,1,45,162
4,Coquimbo,4302,Combarbalá,1,1,50,180
4,Coquimbo,4302,Combarbalá,2,1,50,301
4,Coquimbo,4302,Combarbalá,1,1,55,149
4,Coquimbo,4302,Combarbalá,2,1,55,346
4,Coquimbo,4302,Combarbalá,2,1,60,325
4,Coquimbo,4302,Combarbalá,1,1,60,142
4,Coquimbo,4302,Combarbalá,1,1,65,118
4,Coquimbo,4302,Combarbalá,2,1,65,275
4,Coquimbo,4302,Combarbalá,2,1,70,244
4,Coquimbo,4302,Combarbalá,1,1,70,109
4,Coquimbo,4302,Combarbalá,1,1,75,82
4,Coquimbo,4302,Combarbalá,2,1,75,176
4,Coquimbo,4302,Combarbalá,2,1,80,135
4,Coquimbo,4302,Combarbalá,1,1,80,57
4,Coquimbo,4302,Combarbalá,2,1,85,93
4,Coquimbo,4302,Combarbalá,1,1,85,31
4,Coquimbo,4302,Combarbalá,1,2,0,118
4,Coquimbo,4302,Combarbalá,2,2,0,109
4,Coquimbo,4302,Combarbalá,1,2,5,182
4,Coquimbo,4302,Combarbalá,2,2,5,167
4,Coquimbo,4302,Combarbalá,2,2,10,185
4,Coquimbo,4302,Combarbalá,1,2,10,187
4,Coquimbo,4302,Combarbalá,2,2,15,189
4,Coquimbo,4302,Combarbalá,1,2,15,171
4,Coquimbo,4302,Combarbalá,1,2,20,131
4,Coquimbo,4302,Combarbalá,2,2,20,153
4,Coquimbo,4302,Combarbalá,1,2,25,182
4,Coquimbo,4302,Combarbalá,2,2,25,198
4,Coquimbo,4302,Combarbalá,1,2,30,221
4,Coquimbo,4302,Combarbalá,2,2,30,167
4,Coquimbo,4302,Combarbalá,2,2,35,182
4,Coquimbo,4302,Combarbalá,1,2,35,193
4,Coquimbo,4302,Combarbalá,1,2,40,202
4,Coquimbo,4302,Combarbalá,2,2,40,196
4,Coquimbo,4302,Combarbalá,1,2,45,179
4,Coquimbo,4302,Combarbalá,2,2,45,253
4,Coquimbo,4302,Combarbalá,1,2,50,217
4,Coquimbo,4302,Combarbalá,2,2,50,281
4,Coquimbo,4302,Combarbalá,1,2,55,184
4,Coquimbo,4302,Combarbalá,2,2,55,327
4,Coquimbo,4302,Combarbalá,2,2,60,278
4,Coquimbo,4302,Combarbalá,1,2,60,199
4,Coquimbo,4302,Combarbalá,1,2,65,165
4,Coquimbo,4302,Combarbalá,2,2,65,255
4,Coquimbo,4302,Combarbalá,2,2,70,244
4,Coquimbo,4302,Combarbalá,1,2,70,133
4,Coquimbo,4302,Combarbalá,1,2,75,101
4,Coquimbo,4302,Combarbalá,2,2,75,188
4,Coquimbo,4302,Combarbalá,1,2,80,85
4,Coquimbo,4302,Combarbalá,2,2,80,167
4,Coquimbo,4302,Combarbalá,2,2,85,173
4,Coquimbo,4302,Combarbalá,1,2,85,87
4,Coquimbo,4303,Monte Patria,1,1,0,335
4,Coquimbo,4303,Monte Patria,2,1,0,329
4,Coquimbo,4303,Monte Patria,1,1,5,484
4,Coquimbo,4303,Monte Patria,2,1,5,484
4,Coquimbo,4303,Monte Patria,2,1,10,522
4,Coquimbo,4303,Monte Patria,1,1,10,591
4,Coquimbo,4303,Monte Patria,2,1,15,485
4,Coquimbo,4303,Monte Patria,1,1,15,480
4,Coquimbo,4303,Monte Patria,1,1,20,467
4,Coquimbo,4303,Monte Patria,2,1,20,460
4,Coquimbo,4303,Monte Patria,2,1,25,446
4,Coquimbo,4303,Monte Patria,1,1,25,482
4,Coquimbo,4303,Monte Patria,2,1,30,479
4,Coquimbo,4303,Monte Patria,1,1,30,462
4,Coquimbo,4303,Monte Patria,2,1,35,443
4,Coquimbo,4303,Monte Patria,1,1,35,464
4,Coquimbo,4303,Monte Patria,1,1,40,426
4,Coquimbo,4303,Monte Patria,2,1,40,467
4,Coquimbo,4303,Monte Patria,1,1,45,380
4,Coquimbo,4303,Monte Patria,2,1,45,467
4,Coquimbo,4303,Monte Patria,2,1,50,595
4,Coquimbo,4303,Monte Patria,1,1,50,417
4,Coquimbo,4303,Monte Patria,1,1,55,457
4,Coquimbo,4303,Monte Patria,2,1,55,655
4,Coquimbo,4303,Monte Patria,2,1,60,553
4,Coquimbo,4303,Monte Patria,1,1,60,387
4,Coquimbo,4303,Monte Patria,2,1,65,494
4,Coquimbo,4303,Monte Patria,1,1,65,320
4,Coquimbo,4303,Monte Patria,2,1,70,390
4,Coquimbo,4303,Monte Patria,1,1,70,230
4,Coquimbo,4303,Monte Patria,2,1,75,304
4,Coquimbo,4303,Monte Patria,1,1,75,153
4,Coquimbo,4303,Monte Patria,2,1,80,218
4,Coquimbo,4303,Monte Patria,1,1,80,104
4,Coquimbo,4303,Monte Patria,2,1,85,179
4,Coquimbo,4303,Monte Patria,1,1,85,94
4,Coquimbo,4303,Monte Patria,1,2,0,342
4,Coquimbo,4303,Monte Patria,2,2,0,362
4,Coquimbo,4303,Monte Patria,2,2,5,448
4,Coquimbo,4303,Monte Patria,1,2,5,462
4,Coquimbo,4303,Monte Patria,1,2,10,573
4,Coquimbo,4303,Monte Patria,2,2,10,518
4,Coquimbo,4303,Monte Patria,2,2,15,460
4,Coquimbo,4303,Monte Patria,1,2,15,493
4,Coquimbo,4303,Monte Patria,2,2,20,429
4,Coquimbo,4303,Monte Patria,1,2,20,478
4,Coquimbo,4303,Monte Patria,1,2,25,480
4,Coquimbo,4303,Monte Patria,2,2,25,471
4,Coquimbo,4303,Monte Patria,2,2,30,542
4,Coquimbo,4303,Monte Patria,1,2,30,526
4,Coquimbo,4303,Monte Patria,1,2,35,520
4,Coquimbo,4303,Monte Patria,2,2,35,517
4,Coquimbo,4303,Monte Patria,1,2,40,489
4,Coquimbo,4303,Monte Patria,2,2,40,470
4,Coquimbo,4303,Monte Patria,1,2,45,497
4,Coquimbo,4303,Monte Patria,2,2,45,522
4,Coquimbo,4303,Monte Patria,2,2,50,551
4,Coquimbo,4303,Monte Patria,1,2,50,490
4,Coquimbo,4303,Monte Patria,1,2,55,507
4,Coquimbo,4303,Monte Patria,2,2,55,619
4,Coquimbo,4303,Monte Patria,2,2,60,552
4,Coquimbo,4303,Monte Patria,1,2,60,421
4,Coquimbo,4303,Monte Patria,2,2,65,446
4,Coquimbo,4303,Monte Patria,1,2,65,343
4,Coquimbo,4303,Monte Patria,1,2,70,233
4,Coquimbo,4303,Monte Patria,2,2,70,327
4,Coquimbo,4303,Monte Patria,2,2,75,292
4,Coquimbo,4303,Monte Patria,1,2,75,163
4,Coquimbo,4303,Monte Patria,1,2,80,139
4,Coquimbo,4303,Monte Patria,2,2,80,225
4,Coquimbo,4303,Monte Patria,1,2,85,160
4,Coquimbo,4303,Monte Patria,2,2,85,227
4,Coquimbo,4304,Punitaqui,1,1,0,145
4,Coquimbo,4304,Punitaqui,2,1,0,150
4,Coquimbo,4304,Punitaqui,1,1,5,214
4,Coquimbo,4304,Punitaqui,2,1,5,206
4,Coquimbo,4304,Punitaqui,2,1,10,223
4,Coquimbo,4304,Punitaqui,1,1,10,254
4,Coquimbo,4304,Punitaqui,2,1,15,211
4,Coquimbo,4304,Punitaqui,1,1,15,208
4,Coquimbo,4304,Punitaqui,1,1,20,166
4,Coquimbo,4304,Punitaqui,2,1,20,168
4,Coquimbo,4304,Punitaqui,2,1,25,180
4,Coquimbo,4304,Punitaqui,1,1,25,186
4,Coquimbo,4304,Punitaqui,1,1,30,180
4,Coquimbo,4304,Punitaqui,2,1,30,191
4,Coquimbo,4304,Punitaqui,2,1,35,210
4,Coquimbo,4304,Punitaqui,1,1,35,176
4,Coquimbo,4304,Punitaqui,1,1,40,175
4,Coquimbo,4304,Punitaqui,2,1,40,203
4,Coquimbo,4304,Punitaqui,1,1,45,127
4,Coquimbo,4304,Punitaqui,2,1,45,220
4,Coquimbo,4304,Punitaqui,2,1,50,200
4,Coquimbo,4304,Punitaqui,1,1,50,154
4,Coquimbo,4304,Punitaqui,1,1,55,142
4,Coquimbo,4304,Punitaqui,2,1,55,266
4,Coquimbo,4304,Punitaqui,2,1,60,226
4,Coquimbo,4304,Punitaqui,1,1,60,141
4,Coquimbo,4304,Punitaqui,1,1,65,111
4,Coquimbo,4304,Punitaqui,2,1,65,226
4,Coquimbo,4304,Punitaqui,2,1,70,183
4,Coquimbo,4304,Punitaqui,1,1,70,87
4,Coquimbo,4304,Punitaqui,1,1,75,74
4,Coquimbo,4304,Punitaqui,2,1,75,126
4,Coquimbo,4304,Punitaqui,2,1,80,85
4,Coquimbo,4304,Punitaqui,1,1,80,54
4,Coquimbo,4304,Punitaqui,2,1,85,63
4,Coquimbo,4304,Punitaqui,1,1,85,44
4,Coquimbo,4304,Punitaqui,1,2,0,134
4,Coquimbo,4304,Punitaqui,2,2,0,126
4,Coquimbo,4304,Punitaqui,1,2,5,192
4,Coquimbo,4304,Punitaqui,2,2,5,198
4,Coquimbo,4304,Punitaqui,1,2,10,221
4,Coquimbo,4304,Punitaqui,2,2,10,207
4,Coquimbo,4304,Punitaqui,2,2,15,201
4,Coquimbo,4304,Punitaqui,1,2,15,206
4,Coquimbo,4304,Punitaqui,2,2,20,158
4,Coquimbo,4304,Punitaqui,1,2,20,224
4,Coquimbo,4304,Punitaqui,1,2,25,205
4,Coquimbo,4304,Punitaqui,2,2,25,175
4,Coquimbo,4304,Punitaqui,2,2,30,203
4,Coquimbo,4304,Punitaqui,1,2,30,224
4,Coquimbo,4304,Punitaqui,2,2,35,191
4,Coquimbo,4304,Punitaqui,1,2,35,203
4,Coquimbo,4304,Punitaqui,2,2,40,181
4,Coquimbo,4304,Punitaqui,1,2,40,197
4,Coquimbo,4304,Punitaqui,2,2,45,218
4,Coquimbo,4304,Punitaqui,1,2,45,199
4,Coquimbo,4304,Punitaqui,2,2,50,229
4,Coquimbo,4304,Punitaqui,1,2,50,189
4,Coquimbo,4304,Punitaqui,1,2,55,176
4,Coquimbo,4304,Punitaqui,2,2,55,210
4,Coquimbo,4304,Punitaqui,1,2,60,159
4,Coquimbo,4304,Punitaqui,2,2,60,199
4,Coquimbo,4304,Punitaqui,2,2,65,189
4,Coquimbo,4304,Punitaqui,1,2,65,152
4,Coquimbo,4304,Punitaqui,1,2,70,92
4,Coquimbo,4304,Punitaqui,2,2,70,171
4,Coquimbo,4304,Punitaqui,2,2,75,105
4,Coquimbo,4304,Punitaqui,1,2,75,78
4,Coquimbo,4304,Punitaqui,1,2,80,63
4,Coquimbo,4304,Punitaqui,2,2,80,77
4,Coquimbo,4304,Punitaqui,2,2,85,91
4,Coquimbo,4304,Punitaqui,1,2,85,58
4,Coquimbo,4305,Río Hurtado,2,1,0,74
4,Coquimbo,4305,Río Hurtado,2,1,5,88
4,Coquimbo,4305,Río Hurtado,2,1,10,120
4,Coquimbo,4305,Río Hurtado,2,1,15,132
4,Coquimbo,4305,Río Hurtado,2,1,20,106
4,Coquimbo,4305,Río Hurtado,2,1,25,95
4,Coquimbo,4305,Río Hurtado,2,1,30,146
4,Coquimbo,4305,Río Hurtado,2,1,35,136
4,Coquimbo,4305,Río Hurtado,2,1,40,125
4,Coquimbo,4305,Río Hurtado,2,1,45,145
4,Coquimbo,4305,Río Hurtado,2,1,50,130
4,Coquimbo,4305,Río Hurtado,2,1,55,170
4,Coquimbo,4305,Río Hurtado,2,1,60,182
4,Coquimbo,4305,Río Hurtado,2,1,65,176
4,Coquimbo,4305,Río Hurtado,2,1,70,112
4,Coquimbo,4305,Río Hurtado,2,1,75,95
4,Coquimbo,4305,Río Hurtado,2,1,80,65
4,Coquimbo,4305,Río Hurtado,2,1,85,56
4,Coquimbo,4305,Río Hurtado,2,2,0,70
4,Coquimbo,4305,Río Hurtado,2,2,5,113
4,Coquimbo,4305,Río Hurtado,2,2,10,136
4,Coquimbo,4305,Río Hurtado,2,2,15,117
4,Coquimbo,4305,Río Hurtado,2,2,20,104
4,Coquimbo,4305,Río Hurtado,2,2,25,112
4,Coquimbo,4305,Río Hurtado,2,2,30,128
4,Coquimbo,4305,Río Hurtado,2,2,35,129
4,Coquimbo,4305,Río Hurtado,2,2,40,120
4,Coquimbo,4305,Río Hurtado,2,2,45,133
4,Coquimbo,4305,Río Hurtado,2,2,50,141
4,Coquimbo,4305,Río Hurtado,2,2,55,184
4,Coquimbo,4305,Río Hurtado,2,2,60,154
4,Coquimbo,4305,Río Hurtado,2,2,65,130
4,Coquimbo,4305,Río Hurtado,2,2,70,133
4,Coquimbo,4305,Río Hurtado,2,2,75,117
4,Coquimbo,4305,Río Hurtado,2,2,80,80
4,Coquimbo,4305,Río Hurtado,2,2,85,80
5,Valparaíso,5101,Valparaíso,1,1,0,5664
5,Valparaíso,5101,Valparaíso,2,1,0,54
5,Valparaíso,5101,Valparaíso,1,1,5,7947
5,Valparaíso,5101,Valparaíso,2,1,5,65
5,Valparaíso,5101,Valparaíso,1,1,10,8987
5,Valparaíso,5101,Valparaíso,2,1,10,67
5,Valparaíso,5101,Valparaíso,2,1,15,47
5,Valparaíso,5101,Valparaíso,1,1,15,9415
5,Valparaíso,5101,Valparaíso,1,1,20,11641
5,Valparaíso,5101,Valparaíso,2,1,20,45
5,Valparaíso,5101,Valparaíso,1,1,25,11309
5,Valparaíso,5101,Valparaíso,2,1,25,52
5,Valparaíso,5101,Valparaíso,1,1,30,11677
5,Valparaíso,5101,Valparaíso,2,1,30,70
5,Valparaíso,5101,Valparaíso,2,1,35,61
5,Valparaíso,5101,Valparaíso,1,1,35,10209
5,Valparaíso,5101,Valparaíso,1,1,40,9148
5,Valparaíso,5101,Valparaíso,2,1,40,66
5,Valparaíso,5101,Valparaíso,1,1,45,7942
5,Valparaíso,5101,Valparaíso,2,1,45,68
5,Valparaíso,5101,Valparaíso,2,1,50,58
5,Valparaíso,5101,Valparaíso,1,1,50,8154
5,Valparaíso,5101,Valparaíso,1,1,55,8100
5,Valparaíso,5101,Valparaíso,2,1,55,54
5,Valparaíso,5101,Valparaíso,2,1,60,50
5,Valparaíso,5101,Valparaíso,1,1,60,7896
5,Valparaíso,5101,Valparaíso,1,1,65,6928
5,Valparaíso,5101,Valparaíso,2,1,65,52
5,Valparaíso,5101,Valparaíso,1,1,70,5107
5,Valparaíso,5101,Valparaíso,2,1,70,34
5,Valparaíso,5101,Valparaíso,1,1,75,3750
5,Valparaíso,5101,Valparaíso,2,1,75,21
5,Valparaíso,5101,Valparaíso,1,1,80,2156
5,Valparaíso,5101,Valparaíso,2,1,80,15
5,Valparaíso,5101,Valparaíso,2,1,85,4
5,Valparaíso,5101,Valparaíso,1,1,85,1581
5,Valparaíso,5101,Valparaíso,1,2,0,5408
5,Valparaíso,5101,Valparaíso,2,2,0,37
5,Valparaíso,5101,Valparaíso,2,2,5,56
5,Valparaíso,5101,Valparaíso,1,2,5,7526
5,Valparaíso,5101,Valparaíso,2,2,10,63
5,Valparaíso,5101,Valparaíso,1,2,10,8403
5,Valparaíso,5101,Valparaíso,1,2,15,8741
5,Valparaíso,5101,Valparaíso,2,2,15,42
5,Valparaíso,5101,Valparaíso,2,2,20,49
5,Valparaíso,5101,Valparaíso,1,2,20,11015
5,Valparaíso,5101,Valparaíso,2,2,25,46
5,Valparaíso,5101,Valparaíso,1,2,25,10633
5,Valparaíso,5101,Valparaíso,1,2,30,11246
5,Valparaíso,5101,Valparaíso,2,2,30,69
5,Valparaíso,5101,Valparaíso,1,2,35,10044
5,Valparaíso,5101,Valparaíso,2,2,35,54
5,Valparaíso,5101,Valparaíso,2,2,40,60
5,Valparaíso,5101,Valparaíso,1,2,40,9530
5,Valparaíso,5101,Valparaíso,2,2,45,37
5,Valparaíso,5101,Valparaíso,1,2,45,8797
5,Valparaíso,5101,Valparaíso,1,2,50,8838
5,Valparaíso,5101,Valparaíso,2,2,50,60
5,Valparaíso,5101,Valparaíso,1,2,55,9222
5,Valparaíso,5101,Valparaíso,2,2,55,53
5,Valparaíso,5101,Valparaíso,1,2,60,9468
5,Valparaíso,5101,Valparaíso,2,2,60,57
5,Valparaíso,5101,Valparaíso,1,2,65,8151
5,Valparaíso,5101,Valparaíso,2,2,65,32
5,Valparaíso,5101,Valparaíso,2,2,70,20
5,Valparaíso,5101,Valparaíso,1,2,70,6506
5,Valparaíso,5101,Valparaíso,1,2,75,5110
5,Valparaíso,5101,Valparaíso,2,2,75,11
5,Valparaíso,5101,Valparaíso,2,2,80,8
5,Valparaíso,5101,Valparaíso,1,2,80,3541
5,Valparaíso,5101,Valparaíso,1,2,85,3504
5,Valparaíso,5101,Valparaíso,2,2,85,7
5,Valparaíso,5102,Casablanca,1,1,0,496
5,Valparaíso,5102,Casablanca,2,1,0,303
5,Valparaíso,5102,Casablanca,2,1,5,332
5,Valparaíso,5102,Casablanca,1,1,5,609
5,Valparaíso,5102,Casablanca,2,1,10,356
5,Valparaíso,5102,Casablanca,1,1,10,670
5,Valparaíso,5102,Casablanca,1,1,15,645
5,Valparaíso,5102,Casablanca,2,1,15,341
5,Valparaíso,5102,Casablanca,1,1,20,687
5,Valparaíso,5102,Casablanca,2,1,20,295
5,Valparaíso,5102,Casablanca,1,1,25,736
5,Valparaíso,5102,Casablanca,2,1,25,306
5,Valparaíso,5102,Casablanca,1,1,30,778
5,Valparaíso,5102,Casablanca,2,1,30,380
5,Valparaíso,5102,Casablanca,2,1,35,358
5,Valparaíso,5102,Casablanca,1,1,35,674
5,Valparaíso,5102,Casablanca,1,1,40,564
5,Valparaíso,5102,Casablanca,2,1,40,368
5,Valparaíso,5102,Casablanca,1,1,45,526
5,Valparaíso,5102,Casablanca,2,1,45,396
5,Valparaíso,5102,Casablanca,2,1,50,376
5,Valparaíso,5102,Casablanca,1,1,50,579
5,Valparaíso,5102,Casablanca,1,1,55,502
5,Valparaíso,5102,Casablanca,2,1,55,400
5,Valparaíso,5102,Casablanca,2,1,60,387
5,Valparaíso,5102,Casablanca,1,1,60,528
5,Valparaíso,5102,Casablanca,1,1,65,361
5,Valparaíso,5102,Casablanca,2,1,65,351
5,Valparaíso,5102,Casablanca,1,1,70,259
5,Valparaíso,5102,Casablanca,2,1,70,257
5,Valparaíso,5102,Casablanca,1,1,75,176
5,Valparaíso,5102,Casablanca,2,1,75,171
5,Valparaíso,5102,Casablanca,1,1,80,113
5,Valparaíso,5102,Casablanca,2,1,80,117
5,Valparaíso,5102,Casablanca,2,1,85,88
5,Valparaíso,5102,Casablanca,1,1,85,97
5,Valparaíso,5102,Casablanca,1,2,0,430
5,Valparaíso,5102,Casablanca,2,2,0,252
5,Valparaíso,5102,Casablanca,2,2,5,333
5,Valparaíso,5102,Casablanca,1,2,5,597
5,Valparaíso,5102,Casablanca,1,2,10,677
5,Valparaíso,5102,Casablanca,2,2,10,344
5,Valparaíso,5102,Casablanca,1,2,15,658
5,Valparaíso,5102,Casablanca,2,2,15,299
5,Valparaíso,5102,Casablanca,2,2,20,332
5,Valparaíso,5102,Casablanca,1,2,20,634
5,Valparaíso,5102,Casablanca,2,2,25,319
5,Valparaíso,5102,Casablanca,1,2,25,732
5,Valparaíso,5102,Casablanca,1,2,30,745
5,Valparaíso,5102,Casablanca,2,2,30,337
5,Valparaíso,5102,Casablanca,2,2,35,407
5,Valparaíso,5102,Casablanca,1,2,35,772
5,Valparaíso,5102,Casablanca,1,2,40,683
5,Valparaíso,5102,Casablanca,2,2,40,388
5,Valparaíso,5102,Casablanca,2,2,45,359
5,Valparaíso,5102,Casablanca,1,2,45,596
5,Valparaíso,5102,Casablanca,2,2,50,366
5,Valparaíso,5102,Casablanca,1,2,50,652
5,Valparaíso,5102,Casablanca,1,2,55,623
5,Valparaíso,5102,Casablanca,2,2,55,395
5,Valparaíso,5102,Casablanca,2,2,60,401
5,Valparaíso,5102,Casablanca,1,2,60,541
5,Valparaíso,5102,Casablanca,1,2,65,433
5,Valparaíso,5102,Casablanca,2,2,65,332
5,Valparaíso,5102,Casablanca,2,2,70,251
5,Valparaíso,5102,Casablanca,1,2,70,352
5,Valparaíso,5102,Casablanca,1,2,75,249
5,Valparaíso,5102,Casablanca,2,2,75,164
5,Valparaíso,5102,Casablanca,2,2,80,121
5,Valparaíso,5102,Casablanca,1,2,80,217
5,Valparaíso,5102,Casablanca,1,2,85,202
5,Valparaíso,5102,Casablanca,2,2,85,101
5,Valparaíso,5103,Concón,1,1,0,959
5,Valparaíso,5103,Concón,2,1,0,128
5,Valparaíso,5103,Concón,2,1,5,165
5,Valparaíso,5103,Concón,1,1,5,1212
5,Valparaíso,5103,Concón,2,1,10,174
5,Valparaíso,5103,Concón,1,1,10,1333
5,Valparaíso,5103,Concón,1,1,15,1392
5,Valparaíso,5103,Concón,2,1,15,141
5,Valparaíso,5103,Concón,2,1,20,175
5,Valparaíso,5103,Concón,1,1,20,1521
5,Valparaíso,5103,Concón,1,1,25,1586
5,Valparaíso,5103,Concón,2,1,25,182
5,Valparaíso,5103,Concón,2,1,30,203
5,Valparaíso,5103,Concón,1,1,30,1679
5,Valparaíso,5103,Concón,2,1,35,182
5,Valparaíso,5103,Concón,1,1,35,1610
5,Valparaíso,5103,Concón,2,1,40,169
5,Valparaíso,5103,Concón,1,1,40,1450
5,Valparaíso,5103,Concón,2,1,45,119
5,Valparaíso,5103,Concón,1,1,45,1294
5,Valparaíso,5103,Concón,1,1,50,1335
5,Valparaíso,5103,Concón,2,1,50,138
5,Valparaíso,5103,Concón,1,1,55,1299
5,Valparaíso,5103,Concón,2,1,55,153
5,Valparaíso,5103,Concón,1,1,60,1274
5,Valparaíso,5103,Concón,2,1,60,159
5,Valparaíso,5103,Concón,2,1,65,97
5,Valparaíso,5103,Concón,1,1,65,964
5,Valparaíso,5103,Concón,1,1,70,751
5,Valparaíso,5103,Concón,2,1,70,60
5,Valparaíso,5103,Concón,2,1,75,59
5,Valparaíso,5103,Concón,1,1,75,570
5,Valparaíso,5103,Concón,2,1,80,25
5,Valparaíso,5103,Concón,1,1,80,346
5,Valparaíso,5103,Concón,2,1,85,13
5,Valparaíso,5103,Concón,1,1,85,236
5,Valparaíso,5103,Concón,2,2,0,106
5,Valparaíso,5103,Concón,1,2,0,923
5,Valparaíso,5103,Concón,2,2,5,170
5,Valparaíso,5103,Concón,1,2,5,1197
5,Valparaíso,5103,Concón,1,2,10,1340
5,Valparaíso,5103,Concón,2,2,10,146
5,Valparaíso,5103,Concón,1,2,15,1336
5,Valparaíso,5103,Concón,2,2,15,158
5,Valparaíso,5103,Concón,2,2,20,159
5,Valparaíso,5103,Concón,1,2,20,1416
5,Valparaíso,5103,Concón,1,2,25,1543
5,Valparaíso,5103,Concón,2,2,25,139
5,Valparaíso,5103,Concón,2,2,30,177
5,Valparaíso,5103,Concón,1,2,30,1840
5,Valparaíso,5103,Concón,1,2,35,1662
5,Valparaíso,5103,Concón,2,2,35,173
5,Valparaíso,5103,Concón,1,2,40,1650
5,Valparaíso,5103,Concón,2,2,40,142
5,Valparaíso,5103,Concón,1,2,45,1496
5,Valparaíso,5103,Concón,2,2,45,143
5,Valparaíso,5103,Concón,1,2,50,1485
5,Valparaíso,5103,Concón,2,2,50,154
5,Valparaíso,5103,Concón,2,2,55,139
5,Valparaíso,5103,Concón,1,2,55,1525
5,Valparaíso,5103,Concón,1,2,60,1529
5,Valparaíso,5103,Concón,2,2,60,144
5,Valparaíso,5103,Concón,2,2,65,107
5,Valparaíso,5103,Concón,1,2,65,1348
5,Valparaíso,5103,Concón,1,2,70,938
5,Valparaíso,5103,Concón,2,2,70,53
5,Valparaíso,5103,Concón,2,2,75,40
5,Valparaíso,5103,Concón,1,2,75,769
5,Valparaíso,5103,Concón,1,2,80,493
5,Valparaíso,5103,Concón,2,2,80,24
5,Valparaíso,5103,Concón,1,2,85,457
5,Valparaíso,5103,Concón,2,2,85,20
5,Valparaíso,5104,Juan Fernández,2,1,0,25
5,Valparaíso,5104,Juan Fernández,2,1,5,20
5,Valparaíso,5104,Juan Fernández,2,1,10,46
5,Valparaíso,5104,Juan Fernández,2,1,15,20
5,Valparaíso,5104,Juan Fernández,2,1,20,5
5,Valparaíso,5104,Juan Fernández,2,1,25,33
5,Valparaíso,5104,Juan Fernández,2,1,30,53
5,Valparaíso,5104,Juan Fernández,2,1,35,52
5,Valparaíso,5104,Juan Fernández,2,1,40,36
5,Valparaíso,5104,Juan Fernández,2,1,45,37
5,Valparaíso,5104,Juan Fernández,2,1,50,25
5,Valparaíso,5104,Juan Fernández,2,1,55,23
5,Valparaíso,5104,Juan Fernández,2,1,60,17
5,Valparaíso,5104,Juan Fernández,2,1,65,30
5,Valparaíso,5104,Juan Fernández,2,1,70,21
5,Valparaíso,5104,Juan Fernández,2,1,75,8
5,Valparaíso,5104,Juan Fernández,2,1,80,5
5,Valparaíso,5104,Juan Fernández,2,1,85,2
5,Valparaíso,5104,Juan Fernández,2,2,0,34
5,Valparaíso,5104,Juan Fernández,2,2,5,33
5,Valparaíso,5104,Juan Fernández,2,2,10,31
5,Valparaíso,5104,Juan Fernández,2,2,15,26
5,Valparaíso,5104,Juan Fernández,2,2,20,11
5,Valparaíso,5104,Juan Fernández,2,2,25,31
5,Valparaíso,5104,Juan Fernández,2,2,30,38
5,Valparaíso,5104,Juan Fernández,2,2,35,56
5,Valparaíso,5104,Juan Fernández,2,2,40,30
5,Valparaíso,5104,Juan Fernández,2,2,45,24
5,Valparaíso,5104,Juan Fernández,2,2,50,22
5,Valparaíso,5104,Juan Fernández,2,2,55,22
5,Valparaíso,5104,Juan Fernández,2,2,60,28
5,Valparaíso,5104,Juan Fernández,2,2,65,27
5,Valparaíso,5104,Juan Fernández,2,2,70,18
5,Valparaíso,5104,Juan Fernández,2,2,75,6
5,Valparaíso,5104,Juan Fernández,2,2,80,5
5,Valparaíso,5104,Juan Fernández,2,2,85,4
5,Valparaíso,5105,Puchuncaví,1,1,0,417
5,Valparaíso,5105,Puchuncaví,2,1,0,114
5,Valparaíso,5105,Puchuncaví,2,1,5,121
5,Valparaíso,5105,Puchuncaví,1,1,5,587
5,Valparaíso,5105,Puchuncaví,1,1,10,656
5,Valparaíso,5105,Puchuncaví,2,1,10,132
5,Valparaíso,5105,Puchuncaví,2,1,15,75
5,Valparaíso,5105,Puchuncaví,1,1,15,627
5,Valparaíso,5105,Puchuncaví,2,1,20,82
5,Valparaíso,5105,Puchuncaví,1,1,20,593
5,Valparaíso,5105,Puchuncaví,1,1,25,598
5,Valparaíso,5105,Puchuncaví,2,1,25,78
5,Valparaíso,5105,Puchuncaví,1,1,30,674
5,Valparaíso,5105,Puchuncaví,2,1,30,123
5,Valparaíso,5105,Puchuncaví,1,1,35,635
5,Valparaíso,5105,Puchuncaví,2,1,35,153
5,Valparaíso,5105,Puchuncaví,2,1,40,140
5,Valparaíso,5105,Puchuncaví,1,1,40,612
5,Valparaíso,5105,Puchuncaví,2,1,45,122
5,Valparaíso,5105,Puchuncaví,1,1,45,537
5,Valparaíso,5105,Puchuncaví,1,1,50,590
5,Valparaíso,5105,Puchuncaví,2,1,50,119
5,Valparaíso,5105,Puchuncaví,1,1,55,616
5,Valparaíso,5105,Puchuncaví,2,1,55,121
5,Valparaíso,5105,Puchuncaví,2,1,60,131
5,Valparaíso,5105,Puchuncaví,1,1,60,601
5,Valparaíso,5105,Puchuncaví,1,1,65,573
5,Valparaíso,5105,Puchuncaví,2,1,65,121
5,Valparaíso,5105,Puchuncaví,1,1,70,397
5,Valparaíso,5105,Puchuncaví,2,1,70,89
5,Valparaíso,5105,Puchuncaví,1,1,75,326
5,Valparaíso,5105,Puchuncaví,2,1,75,51
5,Valparaíso,5105,Puchuncaví,1,1,80,165
5,Valparaíso,5105,Puchuncaví,2,1,80,26
5,Valparaíso,5105,Puchuncaví,1,1,85,130
5,Valparaíso,5105,Puchuncaví,2,1,85,24
5,Valparaíso,5105,Puchuncaví,1,2,0,426
5,Valparaíso,5105,Puchuncaví,2,2,0,93
5,Valparaíso,5105,Puchuncaví,2,2,5,122
5,Valparaíso,5105,Puchuncaví,1,2,5,537
5,Valparaíso,5105,Puchuncaví,1,2,10,604
5,Valparaíso,5105,Puchuncaví,2,2,10,134
5,Valparaíso,5105,Puchuncaví,2,2,15,70
5,Valparaíso,5105,Puchuncaví,1,2,15,569
5,Valparaíso,5105,Puchuncaví,1,2,20,529
5,Valparaíso,5105,Puchuncaví,2,2,20,80
5,Valparaíso,5105,Puchuncaví,1,2,25,587
5,Valparaíso,5105,Puchuncaví,2,2,25,88
5,Valparaíso,5105,Puchuncaví,1,2,30,680
5,Valparaíso,5105,Puchuncaví,2,2,30,132
5,Valparaíso,5105,Puchuncaví,2,2,35,133
5,Valparaíso,5105,Puchuncaví,1,2,35,662
5,Valparaíso,5105,Puchuncaví,1,2,40,632
5,Valparaíso,5105,Puchuncaví,2,2,40,145
5,Valparaíso,5105,Puchuncaví,1,2,45,587
5,Valparaíso,5105,Puchuncaví,2,2,45,95
5,Valparaíso,5105,Puchuncaví,2,2,50,104
5,Valparaíso,5105,Puchuncaví,1,2,50,620
5,Valparaíso,5105,Puchuncaví,1,2,55,619
5,Valparaíso,5105,Puchuncaví,2,2,55,134
5,Valparaíso,5105,Puchuncaví,2,2,60,131
5,Valparaíso,5105,Puchuncaví,1,2,60,694
5,Valparaíso,5105,Puchuncaví,1,2,65,647
5,Valparaíso,5105,Puchuncaví,2,2,65,103
5,Valparaíso,5105,Puchuncaví,1,2,70,496
5,Valparaíso,5105,Puchuncaví,2,2,70,69
5,Valparaíso,5105,Puchuncaví,1,2,75,318
5,Valparaíso,5105,Puchuncaví,2,2,75,50
5,Valparaíso,5105,Puchuncaví,2,2,80,26
5,Valparaíso,5105,Puchuncaví,1,2,80,215
5,Valparaíso,5105,Puchuncaví,2,2,85,30
5,Valparaíso,5105,Puchuncaví,1,2,85,222
5,Valparaíso,5107,Quintero,1,1,0,702
5,Valparaíso,5107,Quintero,2,1,0,188
5,Valparaíso,5107,Quintero,2,1,5,221
5,Valparaíso,5107,Quintero,1,1,5,943
5,Valparaíso,5107,Quintero,2,1,10,271
5,Valparaíso,5107,Quintero,1,1,10,1062
5,Valparaíso,5107,Quintero,1,1,15,914
5,Valparaíso,5107,Quintero,2,1,15,211
5,Valparaíso,5107,Quintero,2,1,20,199
5,Valparaíso,5107,Quintero,1,1,20,968
5,Valparaíso,5107,Quintero,1,1,25,992
5,Valparaíso,5107,Quintero,2,1,25,212
5,Valparaíso,5107,Quintero,1,1,30,1035
5,Valparaíso,5107,Quintero,2,1,30,222
5,Valparaíso,5107,Quintero,2,1,35,249
5,Valparaíso,5107,Quintero,1,1,35,966
5,Valparaíso,5107,Quintero,2,1,40,270
5,Valparaíso,5107,Quintero,1,1,40,875
5,Valparaíso,5107,Quintero,2,1,45,261
5,Valparaíso,5107,Quintero,1,1,45,843
5,Valparaíso,5107,Quintero,2,1,50,239
5,Valparaíso,5107,Quintero,1,1,50,839
5,Valparaíso,5107,Quintero,2,1,55,223
5,Valparaíso,5107,Quintero,1,1,55,875
5,Valparaíso,5107,Quintero,2,1,60,204
5,Valparaíso,5107,Quintero,1,1,60,860
5,Valparaíso,5107,Quintero,1,1,65,732
5,Valparaíso,5107,Quintero,2,1,65,186
5,Valparaíso,5107,Quintero,1,1,70,574
5,Valparaíso,5107,Quintero,2,1,70,129
5,Valparaíso,5107,Quintero,1,1,75,400
5,Valparaíso,5107,Quintero,2,1,75,98
5,Valparaíso,5107,Quintero,2,1,80,49
5,Valparaíso,5107,Quintero,1,1,80,282
5,Valparaíso,5107,Quintero,2,1,85,30
5,Valparaíso,5107,Quintero,1,1,85,183
5,Valparaíso,5107,Quintero,2,2,0,192
5,Valparaíso,5107,Quintero,1,2,0,676
5,Valparaíso,5107,Quintero,1,2,5,895
5,Valparaíso,5107,Quintero,2,2,5,252
5,Valparaíso,5107,Quintero,1,2,10,1034
5,Valparaíso,5107,Quintero,2,2,10,236
5,Valparaíso,5107,Quintero,1,2,15,883
5,Valparaíso,5107,Quintero,2,2,15,196
5,Valparaíso,5107,Quintero,2,2,20,192
5,Valparaíso,5107,Quintero,1,2,20,918
5,Valparaíso,5107,Quintero,1,2,25,990
5,Valparaíso,5107,Quintero,2,2,25,200
5,Valparaíso,5107,Quintero,2,2,30,222
5,Valparaíso,5107,Quintero,1,2,30,1071
5,Valparaíso,5107,Quintero,2,2,35,274
5,Valparaíso,5107,Quintero,1,2,35,983
5,Valparaíso,5107,Quintero,2,2,40,306
5,Valparaíso,5107,Quintero,1,2,40,956
5,Valparaíso,5107,Quintero,2,2,45,221
5,Valparaíso,5107,Quintero,1,2,45,868
5,Valparaíso,5107,Quintero,2,2,50,204
5,Valparaíso,5107,Quintero,1,2,50,891
5,Valparaíso,5107,Quintero,2,2,55,211
5,Valparaíso,5107,Quintero,1,2,55,959
5,Valparaíso,5107,Quintero,1,2,60,1023
5,Valparaíso,5107,Quintero,2,2,60,234
5,Valparaíso,5107,Quintero,2,2,65,172
5,Valparaíso,5107,Quintero,1,2,65,859
5,Valparaíso,5107,Quintero,2,2,70,128
5,Valparaíso,5107,Quintero,1,2,70,659
5,Valparaíso,5107,Quintero,2,2,75,72
5,Valparaíso,5107,Quintero,1,2,75,499
5,Valparaíso,5107,Quintero,1,2,80,360
5,Valparaíso,5107,Quintero,2,2,80,57
5,Valparaíso,5107,Quintero,2,2,85,44
5,Valparaíso,5107,Quintero,1,2,85,310
5,Valparaíso,5109,Viña del Mar,2,1,0,15
5,Valparaíso,5109,Viña del Mar,1,1,0,6632
5,Valparaíso,5109,Viña del Mar,2,1,5,10
5,Valparaíso,5109,Viña del Mar,1,1,5,8713
5,Valparaíso,5109,Viña del Mar,2,1,10,10
5,Valparaíso,5109,Viña del Mar,1,1,10,9679
5,Valparaíso,5109,Viña del Mar,1,1,15,10688
5,Valparaíso,5109,Viña del Mar,2,1,15,13
5,Valparaíso,5109,Viña del Mar,2,1,20,15
5,Valparaíso,5109,Viña del Mar,1,1,20,13971
5,Valparaíso,5109,Viña del Mar,2,1,25,11
5,Valparaíso,5109,Viña del Mar,1,1,25,12904
5,Valparaíso,5109,Viña del Mar,1,1,30,13578
5,Valparaíso,5109,Viña del Mar,2,1,30,14
5,Valparaíso,5109,Viña del Mar,1,1,35,11897
5,Valparaíso,5109,Viña del Mar,2,1,35,20
5,Valparaíso,5109,Viña del Mar,1,1,40,10452
5,Valparaíso,5109,Viña del Mar,2,1,40,11
5,Valparaíso,5109,Viña del Mar,1,1,45,9141
5,Valparaíso,5109,Viña del Mar,2,1,45,6
5,Valparaíso,5109,Viña del Mar,2,1,50,7
5,Valparaíso,5109,Viña del Mar,1,1,50,8816
5,Valparaíso,5109,Viña del Mar,2,1,55,14
5,Valparaíso,5109,Viña del Mar,1,1,55,8878
5,Valparaíso,5109,Viña del Mar,2,1,60,8
5,Valparaíso,5109,Viña del Mar,1,1,60,9093
5,Valparaíso,5109,Viña del Mar,1,1,65,7945
5,Valparaíso,5109,Viña del Mar,2,1,65,11
5,Valparaíso,5109,Viña del Mar,2,1,70,9
5,Valparaíso,5109,Viña del Mar,1,1,70,6140
5,Valparaíso,5109,Viña del Mar,1,1,75,4588
5,Valparaíso,5109,Viña del Mar,2,1,75,3
5,Valparaíso,5109,Viña del Mar,1,1,80,3078
5,Valparaíso,5109,Viña del Mar,1,1,85,2507
5,Valparaíso,5109,Viña del Mar,2,1,85,1
5,Valparaíso,5109,Viña del Mar,2,2,0,7
5,Valparaíso,5109,Viña del Mar,1,2,0,6318
5,Valparaíso,5109,Viña del Mar,2,2,5,4
5,Valparaíso,5109,Viña del Mar,1,2,5,8501
5,Valparaíso,5109,Viña del Mar,2,2,10,10
5,Valparaíso,5109,Viña del Mar,1,2,10,9255
5,Valparaíso,5109,Viña del Mar,1,2,15,10536
5,Valparaíso,5109,Viña del Mar,2,2,15,7
5,Valparaíso,5109,Viña del Mar,2,2,20,9
5,Valparaíso,5109,Viña del Mar,1,2,20,13847
5,Valparaíso,5109,Viña del Mar,2,2,25,13
5,Valparaíso,5109,Viña del Mar,1,2,25,12697
5,Valparaíso,5109,Viña del Mar,2,2,30,10
5,Valparaíso,5109,Viña del Mar,1,2,30,13324
5,Valparaíso,5109,Viña del Mar,1,2,35,12308
5,Valparaíso,5109,Viña del Mar,2,2,35,7
5,Valparaíso,5109,Viña del Mar,1,2,40,11074
5,Valparaíso,5109,Viña del Mar,2,2,40,10
5,Valparaíso,5109,Viña del Mar,1,2,45,10073
5,Valparaíso,5109,Viña del Mar,2,2,45,5
5,Valparaíso,5109,Viña del Mar,2,2,50,7
5,Valparaíso,5109,Viña del Mar,1,2,50,10247
5,Valparaíso,5109,Viña del Mar,2,2,55,6
5,Valparaíso,5109,Viña del Mar,1,2,55,10997
5,Valparaíso,5109,Viña del Mar,2,2,60,9
5,Valparaíso,5109,Viña del Mar,1,2,60,11607
5,Valparaíso,5109,Viña del Mar,2,2,65,8
5,Valparaíso,5109,Viña del Mar,1,2,65,10349
5,Valparaíso,5109,Viña del Mar,2,2,70,3
5,Valparaíso,5109,Viña del Mar,1,2,70,7868
5,Valparaíso,5109,Viña del Mar,2,2,75,2
5,Valparaíso,5109,Viña del Mar,1,2,75,6541
5,Valparaíso,5109,Viña del Mar,1,2,80,4887
5,Valparaíso,5109,Viña del Mar,1,2,85,5445
5,Valparaíso,5109,Viña del Mar,2,2,85,2
5,Valparaíso,5201,Isla de Pascua,2,1,0,18
5,Valparaíso,5201,Isla de Pascua,1,1,0,162
5,Valparaíso,5201,Isla de Pascua,2,1,5,14
5,Valparaíso,5201,Isla de Pascua,1,1,5,169
5,Valparaíso,5201,Isla de Pascua,1,1,10,146
5,Valparaíso,5201,Isla de Pascua,2,1,10,14
5,Valparaíso,5201,Isla de Pascua,1,1,15,143
5,Valparaíso,5201,Isla de Pascua,2,1,15,7
5,Valparaíso,5201,Isla de Pascua,2,1,20,6
5,Valparaíso,5201,Isla de Pascua,1,1,20,98
5,Valparaíso,5201,Isla de Pascua,1,1,25,169
5,Valparaíso,5201,Isla de Pascua,2,1,25,11
5,Valparaíso,5201,Isla de Pascua,1,1,30,225
5,Valparaíso,5201,Isla de Pascua,2,1,30,15
5,Valparaíso,5201,Isla de Pascua,1,1,35,191
5,Valparaíso,5201,Isla de Pascua,2,1,35,24
5,Valparaíso,5201,Isla de Pascua,1,1,40,189
5,Valparaíso,5201,Isla de Pascua,2,1,40,18
5,Valparaíso,5201,Isla de Pascua,2,1,45,9
5,Valparaíso,5201,Isla de Pascua,1,1,45,156
5,Valparaíso,5201,Isla de Pascua,2,1,50,12
5,Valparaíso,5201,Isla de Pascua,1,1,50,141
5,Valparaíso,5201,Isla de Pascua,1,1,55,104
5,Valparaíso,5201,Isla de Pascua,2,1,55,4
5,Valparaíso,5201,Isla de Pascua,1,1,60,119
5,Valparaíso,5201,Isla de Pascua,2,1,60,6
5,Valparaíso,5201,Isla de Pascua,1,1,65,71
5,Valparaíso,5201,Isla de Pascua,2,1,65,4
5,Valparaíso,5201,Isla de Pascua,2,1,70,3
5,Valparaíso,5201,Isla de Pascua,1,1,70,57
5,Valparaíso,5201,Isla de Pascua,1,1,75,24
5,Valparaíso,5201,Isla de Pascua,2,1,75,3
5,Valparaíso,5201,Isla de Pascua,1,1,80,12
5,Valparaíso,5201,Isla de Pascua,1,1,85,7
5,Valparaíso,5201,Isla de Pascua,2,2,0,15
5,Valparaíso,5201,Isla de Pascua,1,2,0,139
5,Valparaíso,5201,Isla de Pascua,1,2,5,173
5,Valparaíso,5201,Isla de Pascua,2,2,5,18
5,Valparaíso,5201,Isla de Pascua,1,2,10,151
5,Valparaíso,5201,Isla de Pascua,2,2,10,14
5,Valparaíso,5201,Isla de Pascua,1,2,15,127
5,Valparaíso,5201,Isla de Pascua,2,2,15,7
5,Valparaíso,5201,Isla de Pascua,2,2,20,7
5,Valparaíso,5201,Isla de Pascua,1,2,20,102
5,Valparaíso,5201,Isla de Pascua,1,2,25,165
5,Valparaíso,5201,Isla de Pascua,2,2,25,9
5,Valparaíso,5201,Isla de Pascua,2,2,30,22
5,Valparaíso,5201,Isla de Pascua,1,2,30,258
5,Valparaíso,5201,Isla de Pascua,2,2,35,17
5,Valparaíso,5201,Isla de Pascua,1,2,35,245
5,Valparaíso,5201,Isla de Pascua,1,2,40,187
5,Valparaíso,5201,Isla de Pascua,2,2,40,11
5,Valparaíso,5201,Isla de Pascua,1,2,45,184
5,Valparaíso,5201,Isla de Pascua,2,2,45,8
5,Valparaíso,5201,Isla de Pascua,1,2,50,134
5,Valparaíso,5201,Isla de Pascua,2,2,50,8
5,Valparaíso,5201,Isla de Pascua,2,2,55,3
5,Valparaíso,5201,Isla de Pascua,1,2,55,113
5,Valparaíso,5201,Isla de Pascua,1,2,60,105
5,Valparaíso,5201,Isla de Pascua,2,2,60,3
5,Valparaíso,5201,Isla de Pascua,2,2,65,5
5,Valparaíso,5201,Isla de Pascua,1,2,65,94
5,Valparaíso,5201,Isla de Pascua,1,2,70,57
5,Valparaíso,5201,Isla de Pascua,2,2,70,2
5,Valparaíso,5201,Isla de Pascua,2,2,75,1
5,Valparaíso,5201,Isla de Pascua,1,2,75,33
5,Valparaíso,5201,Isla de Pascua,1,2,80,19
5,Valparaíso,5201,Isla de Pascua,2,2,85,1
5,Valparaíso,5201,Isla de Pascua,1,2,85,12
5,Valparaíso,5301,Los Andes,1,1,0,1371
5,Valparaíso,5301,Los Andes,2,1,0,95
5,Valparaíso,5301,Los Andes,1,1,5,1902
5,Valparaíso,5301,Los Andes,2,1,5,146
5,Valparaíso,5301,Los Andes,2,1,10,149
5,Valparaíso,5301,Los Andes,1,1,10,2157
5,Valparaíso,5301,Los Andes,1,1,15,1948
5,Valparaíso,5301,Los Andes,2,1,15,154
5,Valparaíso,5301,Los Andes,2,1,20,150
5,Valparaíso,5301,Los Andes,1,1,20,1850
5,Valparaíso,5301,Los Andes,2,1,25,150
5,Valparaíso,5301,Los Andes,1,1,25,2201
5,Valparaíso,5301,Los Andes,1,1,30,2347
5,Valparaíso,5301,Los Andes,2,1,30,127
5,Valparaíso,5301,Los Andes,1,1,35,2337
5,Valparaíso,5301,Los Andes,2,1,35,129
5,Valparaíso,5301,Los Andes,2,1,40,139
5,Valparaíso,5301,Los Andes,1,1,40,1887
5,Valparaíso,5301,Los Andes,2,1,45,136
5,Valparaíso,5301,Los Andes,1,1,45,1725
5,Valparaíso,5301,Los Andes,1,1,50,1625
5,Valparaíso,5301,Los Andes,2,1,50,122
5,Valparaíso,5301,Los Andes,1,1,55,1538
5,Valparaíso,5301,Los Andes,2,1,55,155
5,Valparaíso,5301,Los Andes,1,1,60,1591
5,Valparaíso,5301,Los Andes,2,1,60,143
5,Valparaíso,5301,Los Andes,1,1,65,1295
5,Valparaíso,5301,Los Andes,2,1,65,108
5,Valparaíso,5301,Los Andes,1,1,70,1026
5,Valparaíso,5301,Los Andes,2,1,70,96
5,Valparaíso,5301,Los Andes,1,1,75,811
5,Valparaíso,5301,Los Andes,2,1,75,48
5,Valparaíso,5301,Los Andes,1,1,80,479
5,Valparaíso,5301,Los Andes,2,1,80,34
5,Valparaíso,5301,Los Andes,1,1,85,278
5,Valparaíso,5301,Los Andes,2,1,85,20
5,Valparaíso,5301,Los Andes,2,2,0,89
5,Valparaíso,5301,Los Andes,1,2,0,1333
5,Valparaíso,5301,Los Andes,2,2,5,124
5,Valparaíso,5301,Los Andes,1,2,5,1918
5,Valparaíso,5301,Los Andes,2,2,10,179
5,Valparaíso,5301,Los Andes,1,2,10,2147
5,Valparaíso,5301,Los Andes,1,2,15,1887
5,Valparaíso,5301,Los Andes,2,2,15,145
5,Valparaíso,5301,Los Andes,2,2,20,154
5,Valparaíso,5301,Los Andes,1,2,20,1692
5,Valparaíso,5301,Los Andes,2,2,25,156
5,Valparaíso,5301,Los Andes,1,2,25,2136
5,Valparaíso,5301,Los Andes,2,2,30,140
5,Valparaíso,5301,Los Andes,1,2,30,2468
5,Valparaíso,5301,Los Andes,2,2,35,131
5,Valparaíso,5301,Los Andes,1,2,35,2249
5,Valparaíso,5301,Los Andes,2,2,40,133
5,Valparaíso,5301,Los Andes,1,2,40,2103
5,Valparaíso,5301,Los Andes,1,2,45,1949
5,Valparaíso,5301,Los Andes,2,2,45,140
5,Valparaíso,5301,Los Andes,1,2,50,1957
5,Valparaíso,5301,Los Andes,2,2,50,137
5,Valparaíso,5301,Los Andes,2,2,55,158
5,Valparaíso,5301,Los Andes,1,2,55,1850
5,Valparaíso,5301,Los Andes,2,2,60,148
5,Valparaíso,5301,Los Andes,1,2,60,1882
5,Valparaíso,5301,Los Andes,2,2,65,115
5,Valparaíso,5301,Los Andes,1,2,65,1630
5,Valparaíso,5301,Los Andes,2,2,70,68
5,Valparaíso,5301,Los Andes,1,2,70,1310
5,Valparaíso,5301,Los Andes,2,2,75,50
5,Valparaíso,5301,Los Andes,1,2,75,1062
5,Valparaíso,5301,Los Andes,2,2,80,42
5,Valparaíso,5301,Los Andes,1,2,80,658
5,Valparaíso,5301,Los Andes,2,2,85,21
5,Valparaíso,5301,Los Andes,1,2,85,610
5,Valparaíso,5302,Calle Larga,1,1,0,306
5,Valparaíso,5302,Calle Larga,2,1,0,108
5,Valparaíso,5302,Calle Larga,2,1,5,148
5,Valparaíso,5302,Calle Larga,1,1,5,489
5,Valparaíso,5302,Calle Larga,2,1,10,155
5,Valparaíso,5302,Calle Larga,1,1,10,491
5,Valparaíso,5302,Calle Larga,1,1,15,446
5,Valparaíso,5302,Calle Larga,2,1,15,123
5,Valparaíso,5302,Calle Larga,1,1,20,342
5,Valparaíso,5302,Calle Larga,2,1,20,116
5,Valparaíso,5302,Calle Larga,2,1,25,154
5,Valparaíso,5302,Calle Larga,1,1,25,374
5,Valparaíso,5302,Calle Larga,2,1,30,124
5,Valparaíso,5302,Calle Larga,1,1,30,476
5,Valparaíso,5302,Calle Larga,1,1,35,483
5,Valparaíso,5302,Calle Larga,2,1,35,155
5,Valparaíso,5302,Calle Larga,1,1,40,460
5,Valparaíso,5302,Calle Larga,2,1,40,158
5,Valparaíso,5302,Calle Larga,1,1,45,337
5,Valparaíso,5302,Calle Larga,2,1,45,153
5,Valparaíso,5302,Calle Larga,2,1,50,148
5,Valparaíso,5302,Calle Larga,1,1,50,368
5,Valparaíso,5302,Calle Larga,1,1,55,331
5,Valparaíso,5302,Calle Larga,2,1,55,181
5,Valparaíso,5302,Calle Larga,1,1,60,305
5,Valparaíso,5302,Calle Larga,2,1,60,157
5,Valparaíso,5302,Calle Larga,2,1,65,135
5,Valparaíso,5302,Calle Larga,1,1,65,217
5,Valparaíso,5302,Calle Larga,2,1,70,90
5,Valparaíso,5302,Calle Larga,1,1,70,196
5,Valparaíso,5302,Calle Larga,2,1,75,62
5,Valparaíso,5302,Calle Larga,1,1,75,129
5,Valparaíso,5302,Calle Larga,2,1,80,52
5,Valparaíso,5302,Calle Larga,1,1,80,90
5,Valparaíso,5302,Calle Larga,1,1,85,44
5,Valparaíso,5302,Calle Larga,2,1,85,36
5,Valparaíso,5302,Calle Larga,2,2,0,94
5,Valparaíso,5302,Calle Larga,1,2,0,298
5,Valparaíso,5302,Calle Larga,2,2,5,166
5,Valparaíso,5302,Calle Larga,1,2,5,490
5,Valparaíso,5302,Calle Larga,2,2,10,143
5,Valparaíso,5302,Calle Larga,1,2,10,504
5,Valparaíso,5302,Calle Larga,1,2,15,418
5,Valparaíso,5302,Calle Larga,2,2,15,131
5,Valparaíso,5302,Calle Larga,1,2,20,344
5,Valparaíso,5302,Calle Larga,2,2,20,116
5,Valparaíso,5302,Calle Larga,2,2,25,131
5,Valparaíso,5302,Calle Larga,1,2,25,424
5,Valparaíso,5302,Calle Larga,1,2,30,509
5,Valparaíso,5302,Calle Larga,2,2,30,146
5,Valparaíso,5302,Calle Larga,1,2,35,546
5,Valparaíso,5302,Calle Larga,2,2,35,140
5,Valparaíso,5302,Calle Larga,1,2,40,483
5,Valparaíso,5302,Calle Larga,2,2,40,135
5,Valparaíso,5302,Calle Larga,1,2,45,418
5,Valparaíso,5302,Calle Larga,2,2,45,154
5,Valparaíso,5302,Calle Larga,2,2,50,150
5,Valparaíso,5302,Calle Larga,1,2,50,397
5,Valparaíso,5302,Calle Larga,2,2,55,151
5,Valparaíso,5302,Calle Larga,1,2,55,353
5,Valparaíso,5302,Calle Larga,2,2,60,169
5,Valparaíso,5302,Calle Larga,1,2,60,304
5,Valparaíso,5302,Calle Larga,1,2,65,289
5,Valparaíso,5302,Calle Larga,2,2,65,114
5,Valparaíso,5302,Calle Larga,2,2,70,71
5,Valparaíso,5302,Calle Larga,1,2,70,186
5,Valparaíso,5302,Calle Larga,1,2,75,148
5,Valparaíso,5302,Calle Larga,2,2,75,59
5,Valparaíso,5302,Calle Larga,2,2,80,41
5,Valparaíso,5302,Calle Larga,1,2,80,105
5,Valparaíso,5302,Calle Larga,1,2,85,99
5,Valparaíso,5302,Calle Larga,2,2,85,32
5,Valparaíso,5303,Rinconada,2,1,0,80
5,Valparaíso,5303,Rinconada,1,1,0,255
5,Valparaíso,5303,Rinconada,2,1,5,90
5,Valparaíso,5303,Rinconada,1,1,5,352
5,Valparaíso,5303,Rinconada,1,1,10,426
5,Valparaíso,5303,Rinconada,2,1,10,110
5,Valparaíso,5303,Rinconada,2,1,15,74
5,Valparaíso,5303,Rinconada,1,1,15,317
5,Valparaíso,5303,Rinconada,2,1,20,58
5,Valparaíso,5303,Rinconada,1,1,20,269
5,Valparaíso,5303,Rinconada,2,1,25,78
5,Valparaíso,5303,Rinconada,1,1,25,282
5,Valparaíso,5303,Rinconada,1,1,30,327
5,Valparaíso,5303,Rinconada,2,1,30,80
5,Valparaíso,5303,Rinconada,1,1,35,308
5,Valparaíso,5303,Rinconada,2,1,35,109
5,Valparaíso,5303,Rinconada,1,1,40,300
5,Valparaíso,5303,Rinconada,2,1,40,108
5,Valparaíso,5303,Rinconada,2,1,45,115
5,Valparaíso,5303,Rinconada,1,1,45,299
5,Valparaíso,5303,Rinconada,2,1,50,89
5,Valparaíso,5303,Rinconada,1,1,50,276
5,Valparaíso,5303,Rinconada,2,1,55,108
5,Valparaíso,5303,Rinconada,1,1,55,258
5,Valparaíso,5303,Rinconada,1,1,60,238
5,Valparaíso,5303,Rinconada,2,1,60,96
5,Valparaíso,5303,Rinconada,1,1,65,190
5,Valparaíso,5303,Rinconada,2,1,65,67
5,Valparaíso,5303,Rinconada,1,1,70,129
5,Valparaíso,5303,Rinconada,2,1,70,58
5,Valparaíso,5303,Rinconada,1,1,75,114
5,Valparaíso,5303,Rinconada,2,1,75,30
5,Valparaíso,5303,Rinconada,1,1,80,71
5,Valparaíso,5303,Rinconada,2,1,80,21
5,Valparaíso,5303,Rinconada,1,1,85,53
5,Valparaíso,5303,Rinconada,2,1,85,16
5,Valparaíso,5303,Rinconada,2,2,0,67
5,Valparaíso,5303,Rinconada,1,2,0,241
5,Valparaíso,5303,Rinconada,1,2,5,323
5,Valparaíso,5303,Rinconada,2,2,5,112
5,Valparaíso,5303,Rinconada,2,2,10,97
5,Valparaíso,5303,Rinconada,1,2,10,346
5,Valparaíso,5303,Rinconada,1,2,15,302
5,Valparaíso,5303,Rinconada,2,2,15,86
5,Valparaíso,5303,Rinconada,2,2,20,67
5,Valparaíso,5303,Rinconada,1,2,20,269
5,Valparaíso,5303,Rinconada,2,2,25,83
5,Valparaíso,5303,Rinconada,1,2,25,275
5,Valparaíso,5303,Rinconada,2,2,30,90
5,Valparaíso,5303,Rinconada,1,2,30,391
5,Valparaíso,5303,Rinconada,2,2,35,115
5,Valparaíso,5303,Rinconada,1,2,35,352
5,Valparaíso,5303,Rinconada,1,2,40,343
5,Valparaíso,5303,Rinconada,2,2,40,110
5,Valparaíso,5303,Rinconada,1,2,45,324
5,Valparaíso,5303,Rinconada,2,2,45,98
5,Valparaíso,5303,Rinconada,1,2,50,288
5,Valparaíso,5303,Rinconada,2,2,50,82
5,Valparaíso,5303,Rinconada,1,2,55,318
5,Valparaíso,5303,Rinconada,2,2,55,98
5,Valparaíso,5303,Rinconada,1,2,60,230
5,Valparaíso,5303,Rinconada,2,2,60,72
5,Valparaíso,5303,Rinconada,2,2,65,74
5,Valparaíso,5303,Rinconada,1,2,65,193
5,Valparaíso,5303,Rinconada,1,2,70,150
5,Valparaíso,5303,Rinconada,2,2,70,40
5,Valparaíso,5303,Rinconada,2,2,75,25
5,Valparaíso,5303,Rinconada,1,2,75,133
5,Valparaíso,5303,Rinconada,2,2,80,27
5,Valparaíso,5303,Rinconada,1,2,80,90
5,Valparaíso,5303,Rinconada,2,2,85,17
5,Valparaíso,5303,Rinconada,1,2,85,76
5,Valparaíso,5304,San Esteban,2,1,0,199
5,Valparaíso,5304,San Esteban,1,1,0,299
5,Valparaíso,5304,San Esteban,1,1,5,408
5,Valparaíso,5304,San Esteban,2,1,5,272
5,Valparaíso,5304,San Esteban,1,1,10,444
5,Valparaíso,5304,San Esteban,2,1,10,324
5,Valparaíso,5304,San Esteban,1,1,15,390
5,Valparaíso,5304,San Esteban,2,1,15,307
5,Valparaíso,5304,San Esteban,2,1,20,246
5,Valparaíso,5304,San Esteban,1,1,20,349
5,Valparaíso,5304,San Esteban,1,1,25,346
5,Valparaíso,5304,San Esteban,2,1,25,310
5,Valparaíso,5304,San Esteban,2,1,30,304
5,Valparaíso,5304,San Esteban,1,1,30,373
5,Valparaíso,5304,San Esteban,2,1,35,300
5,Valparaíso,5304,San Esteban,1,1,35,442
5,Valparaíso,5304,San Esteban,2,1,40,239
5,Valparaíso,5304,San Esteban,1,1,40,385
5,Valparaíso,5304,San Esteban,2,1,45,290
5,Valparaíso,5304,San Esteban,1,1,45,322
5,Valparaíso,5304,San Esteban,1,1,50,333
5,Valparaíso,5304,San Esteban,2,1,50,295
5,Valparaíso,5304,San Esteban,2,1,55,333
5,Valparaíso,5304,San Esteban,1,1,55,290
5,Valparaíso,5304,San Esteban,1,1,60,290
5,Valparaíso,5304,San Esteban,2,1,60,364
5,Valparaíso,5304,San Esteban,2,1,65,255
5,Valparaíso,5304,San Esteban,1,1,65,221
5,Valparaíso,5304,San Esteban,1,1,70,165
5,Valparaíso,5304,San Esteban,2,1,70,198
5,Valparaíso,5304,San Esteban,1,1,75,122
5,Valparaíso,5304,San Esteban,2,1,75,152
5,Valparaíso,5304,San Esteban,2,1,80,98
5,Valparaíso,5304,San Esteban,1,1,80,65
5,Valparaíso,5304,San Esteban,1,1,85,39
5,Valparaíso,5304,San Esteban,2,1,85,66
5,Valparaíso,5304,San Esteban,1,2,0,278
5,Valparaíso,5304,San Esteban,2,2,0,192
5,Valparaíso,5304,San Esteban,1,2,5,409
5,Valparaíso,5304,San Esteban,2,2,5,256
5,Valparaíso,5304,San Esteban,1,2,10,440
5,Valparaíso,5304,San Esteban,2,2,10,305
5,Valparaíso,5304,San Esteban,1,2,15,373
5,Valparaíso,5304,San Esteban,2,2,15,276
5,Valparaíso,5304,San Esteban,1,2,20,345
5,Valparaíso,5304,San Esteban,2,2,20,248
5,Valparaíso,5304,San Esteban,1,2,25,352
5,Valparaíso,5304,San Esteban,2,2,25,287
5,Valparaíso,5304,San Esteban,1,2,30,462
5,Valparaíso,5304,San Esteban,2,2,30,311
5,Valparaíso,5304,San Esteban,2,2,35,288
5,Valparaíso,5304,San Esteban,1,2,35,488
5,Valparaíso,5304,San Esteban,1,2,40,463
5,Valparaíso,5304,San Esteban,2,2,40,277
5,Valparaíso,5304,San Esteban,1,2,45,409
5,Valparaíso,5304,San Esteban,2,2,45,280
5,Valparaíso,5304,San Esteban,2,2,50,289
5,Valparaíso,5304,San Esteban,1,2,50,358
5,Valparaíso,5304,San Esteban,1,2,55,364
5,Valparaíso,5304,San Esteban,2,2,55,375
5,Valparaíso,5304,San Esteban,2,2,60,333
5,Valparaíso,5304,San Esteban,1,2,60,316
5,Valparaíso,5304,San Esteban,1,2,65,273
5,Valparaíso,5304,San Esteban,2,2,65,226
5,Valparaíso,5304,San Esteban,1,2,70,188
5,Valparaíso,5304,San Esteban,2,2,70,177
5,Valparaíso,5304,San Esteban,1,2,75,149
5,Valparaíso,5304,San Esteban,2,2,75,137
5,Valparaíso,5304,San Esteban,1,2,80,80
5,Valparaíso,5304,San Esteban,2,2,80,96
5,Valparaíso,5304,San Esteban,2,2,85,88
5,Valparaíso,5304,San Esteban,1,2,85,89
5,Valparaíso,5401,La Ligua,2,1,0,315
5,Valparaíso,5401,La Ligua,1,1,0,623
5,Valparaíso,5401,La Ligua,2,1,5,388
5,Valparaíso,5401,La Ligua,1,1,5,815
5,Valparaíso,5401,La Ligua,1,1,10,882
5,Valparaíso,5401,La Ligua,2,1,10,427
5,Valparaíso,5401,La Ligua,1,1,15,839
5,Valparaíso,5401,La Ligua,2,1,15,400
5,Valparaíso,5401,La Ligua,2,1,20,383
5,Valparaíso,5401,La Ligua,1,1,20,734
5,Valparaíso,5401,La Ligua,1,1,25,985
5,Valparaíso,5401,La Ligua,2,1,25,404
5,Valparaíso,5401,La Ligua,2,1,30,455
5,Valparaíso,5401,La Ligua,1,1,30,944
5,Valparaíso,5401,La Ligua,1,1,35,900
5,Valparaíso,5401,La Ligua,2,1,35,486
5,Valparaíso,5401,La Ligua,1,1,40,789
5,Valparaíso,5401,La Ligua,2,1,40,446
5,Valparaíso,5401,La Ligua,1,1,45,734
5,Valparaíso,5401,La Ligua,2,1,45,435
5,Valparaíso,5401,La Ligua,2,1,50,451
5,Valparaíso,5401,La Ligua,1,1,50,697
5,Valparaíso,5401,La Ligua,2,1,55,527
5,Valparaíso,5401,La Ligua,1,1,55,757
5,Valparaíso,5401,La Ligua,1,1,60,732
5,Valparaíso,5401,La Ligua,2,1,60,546
5,Valparaíso,5401,La Ligua,2,1,65,498
5,Valparaíso,5401,La Ligua,1,1,65,591
5,Valparaíso,5401,La Ligua,2,1,70,387
5,Valparaíso,5401,La Ligua,1,1,70,444
5,Valparaíso,5401,La Ligua,2,1,75,234
5,Valparaíso,5401,La Ligua,1,1,75,320
5,Valparaíso,5401,La Ligua,1,1,80,211
5,Valparaíso,5401,La Ligua,2,1,80,140
5,Valparaíso,5401,La Ligua,1,1,85,136
5,Valparaíso,5401,La Ligua,2,1,85,116
5,Valparaíso,5401,La Ligua,2,2,0,293
5,Valparaíso,5401,La Ligua,1,2,0,613
5,Valparaíso,5401,La Ligua,1,2,5,808
5,Valparaíso,5401,La Ligua,2,2,5,396
5,Valparaíso,5401,La Ligua,1,2,10,849
5,Valparaíso,5401,La Ligua,2,2,10,399
5,Valparaíso,5401,La Ligua,1,2,15,745
5,Valparaíso,5401,La Ligua,2,2,15,365
5,Valparaíso,5401,La Ligua,2,2,20,356
5,Valparaíso,5401,La Ligua,1,2,20,779
5,Valparaíso,5401,La Ligua,1,2,25,927
5,Valparaíso,5401,La Ligua,2,2,25,406
5,Valparaíso,5401,La Ligua,2,2,30,462
5,Valparaíso,5401,La Ligua,1,2,30,992
5,Valparaíso,5401,La Ligua,2,2,35,450
5,Valparaíso,5401,La Ligua,1,2,35,1030
5,Valparaíso,5401,La Ligua,1,2,40,831
5,Valparaíso,5401,La Ligua,2,2,40,411
5,Valparaíso,5401,La Ligua,1,2,45,817
5,Valparaíso,5401,La Ligua,2,2,45,434
5,Valparaíso,5401,La Ligua,1,2,50,861
5,Valparaíso,5401,La Ligua,2,2,50,472
5,Valparaíso,5401,La Ligua,2,2,55,493
5,Valparaíso,5401,La Ligua,1,2,55,925
5,Valparaíso,5401,La Ligua,1,2,60,954
5,Valparaíso,5401,La Ligua,2,2,60,542
5,Valparaíso,5401,La Ligua,1,2,65,700
5,Valparaíso,5401,La Ligua,2,2,65,486
5,Valparaíso,5401,La Ligua,2,2,70,323
5,Valparaíso,5401,La Ligua,1,2,70,509
5,Valparaíso,5401,La Ligua,2,2,75,232
5,Valparaíso,5401,La Ligua,1,2,75,359
5,Valparaíso,5401,La Ligua,1,2,80,341
5,Valparaíso,5401,La Ligua,2,2,80,138
5,Valparaíso,5401,La Ligua,1,2,85,252
5,Valparaíso,5401,La Ligua,2,2,85,149
5,Valparaíso,5402,Cabildo,1,1,0,265
5,Valparaíso,5402,Cabildo,2,1,0,222
5,Valparaíso,5402,Cabildo,2,1,5,266
5,Valparaíso,5402,Cabildo,1,1,5,377
5,Valparaíso,5402,Cabildo,2,1,10,313
5,Valparaíso,5402,Cabildo,1,1,10,416
5,Valparaíso,5402,Cabildo,2,1,15,283
5,Valparaíso,5402,Cabildo,1,1,15,453
5,Valparaíso,5402,Cabildo,2,1,20,255
5,Valparaíso,5402,Cabildo,1,1,20,401
5,Valparaíso,5402,Cabildo,1,1,25,413
5,Valparaíso,5402,Cabildo,2,1,25,257
5,Valparaíso,5402,Cabildo,2,1,30,277
5,Valparaíso,5402,Cabildo,1,1,30,405
5,Valparaíso,5402,Cabildo,1,1,35,335
5,Valparaíso,5402,Cabildo,2,1,35,298
5,Valparaíso,5402,Cabildo,2,1,40,286
5,Valparaíso,5402,Cabildo,1,1,40,366
5,Valparaíso,5402,Cabildo,2,1,45,264
5,Valparaíso,5402,Cabildo,1,1,45,307
5,Valparaíso,5402,Cabildo,1,1,50,336
5,Valparaíso,5402,Cabildo,2,1,50,239
5,Valparaíso,5402,Cabildo,1,1,55,334
5,Valparaíso,5402,Cabildo,2,1,55,298
5,Valparaíso,5402,Cabildo,2,1,60,291
5,Valparaíso,5402,Cabildo,1,1,60,345
5,Valparaíso,5402,Cabildo,2,1,65,238
5,Valparaíso,5402,Cabildo,1,1,65,302
5,Valparaíso,5402,Cabildo,2,1,70,160
5,Valparaíso,5402,Cabildo,1,1,70,210
5,Valparaíso,5402,Cabildo,2,1,75,136
5,Valparaíso,5402,Cabildo,1,1,75,190
5,Valparaíso,5402,Cabildo,2,1,80,82
5,Valparaíso,5402,Cabildo,1,1,80,111
5,Valparaíso,5402,Cabildo,1,1,85,71
5,Valparaíso,5402,Cabildo,2,1,85,58
5,Valparaíso,5402,Cabildo,2,2,0,208
5,Valparaíso,5402,Cabildo,1,2,0,270
5,Valparaíso,5402,Cabildo,1,2,5,347
5,Valparaíso,5402,Cabildo,2,2,5,265
5,Valparaíso,5402,Cabildo,2,2,10,261
5,Valparaíso,5402,Cabildo,1,2,10,419
5,Valparaíso,5402,Cabildo,1,2,15,413
5,Valparaíso,5402,Cabildo,2,2,15,273
5,Valparaíso,5402,Cabildo,1,2,20,406
5,Valparaíso,5402,Cabildo,2,2,20,238
5,Valparaíso,5402,Cabildo,2,2,25,273
5,Valparaíso,5402,Cabildo,1,2,25,409
5,Valparaíso,5402,Cabildo,1,2,30,421
5,Valparaíso,5402,Cabildo,2,2,30,296
5,Valparaíso,5402,Cabildo,1,2,35,407
5,Valparaíso,5402,Cabildo,2,2,35,304
5,Valparaíso,5402,Cabildo,2,2,40,315
5,Valparaíso,5402,Cabildo,1,2,40,393
5,Valparaíso,5402,Cabildo,2,2,45,242
5,Valparaíso,5402,Cabildo,1,2,45,361
5,Valparaíso,5402,Cabildo,2,2,50,259
5,Valparaíso,5402,Cabildo,1,2,50,426
5,Valparaíso,5402,Cabildo,2,2,55,263
5,Valparaíso,5402,Cabildo,1,2,55,400
5,Valparaíso,5402,Cabildo,1,2,60,379
5,Valparaíso,5402,Cabildo,2,2,60,265
5,Valparaíso,5402,Cabildo,1,2,65,349
5,Valparaíso,5402,Cabildo,2,2,65,213
5,Valparaíso,5402,Cabildo,2,2,70,142
5,Valparaíso,5402,Cabildo,1,2,70,254
5,Valparaíso,5402,Cabildo,1,2,75,191
5,Valparaíso,5402,Cabildo,2,2,75,89
5,Valparaíso,5402,Cabildo,2,2,80,84
5,Valparaíso,5402,Cabildo,1,2,80,130
5,Valparaíso,5402,Cabildo,1,2,85,114
5,Valparaíso,5402,Cabildo,2,2,85,76
5,Valparaíso,5403,Papudo,1,1,0,135
5,Valparaíso,5403,Papudo,2,1,0,37
5,Valparaíso,5403,Papudo,2,1,5,50
5,Valparaíso,5403,Papudo,1,1,5,197
5,Valparaíso,5403,Papudo,2,1,10,50
5,Valparaíso,5403,Papudo,1,1,10,209
5,Valparaíso,5403,Papudo,2,1,15,55
5,Valparaíso,5403,Papudo,1,1,15,163
5,Valparaíso,5403,Papudo,2,1,20,25
5,Valparaíso,5403,Papudo,1,1,20,196
5,Valparaíso,5403,Papudo,2,1,25,29
5,Valparaíso,5403,Papudo,1,1,25,187
5,Valparaíso,5403,Papudo,1,1,30,224
5,Valparaíso,5403,Papudo,2,1,30,59
5,Valparaíso,5403,Papudo,2,1,35,48
5,Valparaíso,5403,Papudo,1,1,35,215
5,Valparaíso,5403,Papudo,1,1,40,172
5,Valparaíso,5403,Papudo,2,1,40,68
5,Valparaíso,5403,Papudo,1,1,45,191
5,Valparaíso,5403,Papudo,2,1,45,47
5,Valparaíso,5403,Papudo,2,1,50,66
5,Valparaíso,5403,Papudo,1,1,50,186
5,Valparaíso,5403,Papudo,1,1,55,205
5,Valparaíso,5403,Papudo,2,1,55,55
5,Valparaíso,5403,Papudo,2,1,60,61
5,Valparaíso,5403,Papudo,1,1,60,214
5,Valparaíso,5403,Papudo,1,1,65,175
5,Valparaíso,5403,Papudo,2,1,65,52
5,Valparaíso,5403,Papudo,2,1,70,58
5,Valparaíso,5403,Papudo,1,1,70,129
5,Valparaíso,5403,Papudo,1,1,75,76
5,Valparaíso,5403,Papudo,2,1,75,25
5,Valparaíso,5403,Papudo,2,1,80,10
5,Valparaíso,5403,Papudo,1,1,80,54
5,Valparaíso,5403,Papudo,1,1,85,37
5,Valparaíso,5403,Papudo,2,1,85,6
5,Valparaíso,5403,Papudo,1,2,0,136
5,Valparaíso,5403,Papudo,2,2,0,40
5,Valparaíso,5403,Papudo,2,2,5,58
5,Valparaíso,5403,Papudo,1,2,5,178
5,Valparaíso,5403,Papudo,2,2,10,57
5,Valparaíso,5403,Papudo,1,2,10,187
5,Valparaíso,5403,Papudo,1,2,15,186
5,Valparaíso,5403,Papudo,2,2,15,42
5,Valparaíso,5403,Papudo,1,2,20,150
5,Valparaíso,5403,Papudo,2,2,20,27
5,Valparaíso,5403,Papudo,2,2,25,34
5,Valparaíso,5403,Papudo,1,2,25,237
5,Valparaíso,5403,Papudo,2,2,30,61
5,Valparaíso,5403,Papudo,1,2,30,226
5,Valparaíso,5403,Papudo,2,2,35,54
5,Valparaíso,5403,Papudo,1,2,35,203
5,Valparaíso,5403,Papudo,1,2,40,211
5,Valparaíso,5403,Papudo,2,2,40,27
5,Valparaíso,5403,Papudo,1,2,45,191
5,Valparaíso,5403,Papudo,2,2,45,47
5,Valparaíso,5403,Papudo,2,2,50,47
5,Valparaíso,5403,Papudo,1,2,50,181
5,Valparaíso,5403,Papudo,1,2,55,200
5,Valparaíso,5403,Papudo,2,2,55,62
5,Valparaíso,5403,Papudo,2,2,60,65
5,Valparaíso,5403,Papudo,1,2,60,186
5,Valparaíso,5403,Papudo,2,2,65,50
5,Valparaíso,5403,Papudo,1,2,65,195
5,Valparaíso,5403,Papudo,2,2,70,46
5,Valparaíso,5403,Papudo,1,2,70,132
5,Valparaíso,5403,Papudo,2,2,75,22
5,Valparaíso,5403,Papudo,1,2,75,115
5,Valparaíso,5403,Papudo,1,2,80,70
5,Valparaíso,5403,Papudo,2,2,80,9
5,Valparaíso,5403,Papudo,2,2,85,9
5,Valparaíso,5403,Papudo,1,2,85,54
5,Valparaíso,5404,Petorca,2,1,0,136
5,Valparaíso,5404,Petorca,1,1,0,84
5,Valparaíso,5404,Petorca,2,1,5,192
5,Valparaíso,5404,Petorca,1,1,5,105
5,Valparaíso,5404,Petorca,2,1,10,189
5,Valparaíso,5404,Petorca,1,1,10,118
5,Valparaíso,5404,Petorca,1,1,15,127
5,Valparaíso,5404,Petorca,2,1,15,216
5,Valparaíso,5404,Petorca,1,1,20,111
5,Valparaíso,5404,Petorca,2,1,20,179
5,Valparaíso,5404,Petorca,2,1,25,193
5,Valparaíso,5404,Petorca,1,1,25,116
5,Valparaíso,5404,Petorca,1,1,30,145
5,Valparaíso,5404,Petorca,2,1,30,233
5,Valparaíso,5404,Petorca,1,1,35,133
5,Valparaíso,5404,Petorca,2,1,35,205
5,Valparaíso,5404,Petorca,1,1,40,122
5,Valparaíso,5404,Petorca,2,1,40,190
5,Valparaíso,5404,Petorca,1,1,45,114
5,Valparaíso,5404,Petorca,2,1,45,196
5,Valparaíso,5404,Petorca,2,1,50,186
5,Valparaíso,5404,Petorca,1,1,50,109
5,Valparaíso,5404,Petorca,2,1,55,261
5,Valparaíso,5404,Petorca,1,1,55,126
5,Valparaíso,5404,Petorca,1,1,60,129
5,Valparaíso,5404,Petorca,2,1,60,232
5,Valparaíso,5404,Petorca,1,1,65,85
5,Valparaíso,5404,Petorca,2,1,65,183
5,Valparaíso,5404,Petorca,2,1,70,152
5,Valparaíso,5404,Petorca,1,1,70,92
5,Valparaíso,5404,Petorca,1,1,75,59
5,Valparaíso,5404,Petorca,2,1,75,115
5,Valparaíso,5404,Petorca,1,1,80,32
5,Valparaíso,5404,Petorca,2,1,80,74
5,Valparaíso,5404,Petorca,1,1,85,36
5,Valparaíso,5404,Petorca,2,1,85,55
5,Valparaíso,5404,Petorca,1,2,0,76
5,Valparaíso,5404,Petorca,2,2,0,157
5,Valparaíso,5404,Petorca,2,2,5,186
5,Valparaíso,5404,Petorca,1,2,5,79
5,Valparaíso,5404,Petorca,1,2,10,130
5,Valparaíso,5404,Petorca,2,2,10,204
5,Valparaíso,5404,Petorca,2,2,15,198
5,Valparaíso,5404,Petorca,1,2,15,112
5,Valparaíso,5404,Petorca,1,2,20,114
5,Valparaíso,5404,Petorca,2,2,20,177
5,Valparaíso,5404,Petorca,1,2,25,107
5,Valparaíso,5404,Petorca,2,2,25,195
5,Valparaíso,5404,Petorca,1,2,30,133
5,Valparaíso,5404,Petorca,2,2,30,255
5,Valparaíso,5404,Petorca,1,2,35,129
5,Valparaíso,5404,Petorca,2,2,35,219
5,Valparaíso,5404,Petorca,2,2,40,184
5,Valparaíso,5404,Petorca,1,2,40,121
5,Valparaíso,5404,Petorca,2,2,45,199
5,Valparaíso,5404,Petorca,1,2,45,121
5,Valparaíso,5404,Petorca,2,2,50,239
5,Valparaíso,5404,Petorca,1,2,50,130
5,Valparaíso,5404,Petorca,1,2,55,156
5,Valparaíso,5404,Petorca,2,2,55,235
5,Valparaíso,5404,Petorca,1,2,60,128
5,Valparaíso,5404,Petorca,2,2,60,229
5,Valparaíso,5404,Petorca,1,2,65,112
5,Valparaíso,5404,Petorca,2,2,65,190
5,Valparaíso,5404,Petorca,1,2,70,104
5,Valparaíso,5404,Petorca,2,2,70,146
5,Valparaíso,5404,Petorca,1,2,75,67
5,Valparaíso,5404,Petorca,2,2,75,103
5,Valparaíso,5404,Petorca,2,2,80,80
5,Valparaíso,5404,Petorca,1,2,80,38
5,Valparaíso,5404,Petorca,1,2,85,43
5,Valparaíso,5404,Petorca,2,2,85,80
5,Valparaíso,5405,Zapallar,1,1,0,127
5,Valparaíso,5405,Zapallar,2,1,0,90
5,Valparaíso,5405,Zapallar,2,1,5,96
5,Valparaíso,5405,Zapallar,1,1,5,170
5,Valparaíso,5405,Zapallar,1,1,10,151
5,Valparaíso,5405,Zapallar,2,1,10,104
5,Valparaíso,5405,Zapallar,1,1,15,135
5,Valparaíso,5405,Zapallar,2,1,15,68
5,Valparaíso,5405,Zapallar,2,1,20,68
5,Valparaíso,5405,Zapallar,1,1,20,131
5,Valparaíso,5405,Zapallar,2,1,25,90
5,Valparaíso,5405,Zapallar,1,1,25,161
5,Valparaíso,5405,Zapallar,1,1,30,189
5,Valparaíso,5405,Zapallar,2,1,30,92
5,Valparaíso,5405,Zapallar,1,1,35,203
5,Valparaíso,5405,Zapallar,2,1,35,82
5,Valparaíso,5405,Zapallar,2,1,40,133
5,Valparaíso,5405,Zapallar,1,1,40,150
5,Valparaíso,5405,Zapallar,2,1,45,105
5,Valparaíso,5405,Zapallar,1,1,45,147
5,Valparaíso,5405,Zapallar,1,1,50,131
5,Valparaíso,5405,Zapallar,2,1,50,84
5,Valparaíso,5405,Zapallar,1,1,55,131
5,Valparaíso,5405,Zapallar,2,1,55,94
5,Valparaíso,5405,Zapallar,1,1,60,173
5,Valparaíso,5405,Zapallar,2,1,60,106
5,Valparaíso,5405,Zapallar,2,1,65,103
5,Valparaíso,5405,Zapallar,1,1,65,134
5,Valparaíso,5405,Zapallar,1,1,70,103
5,Valparaíso,5405,Zapallar,2,1,70,80
5,Valparaíso,5405,Zapallar,1,1,75,66
5,Valparaíso,5405,Zapallar,2,1,75,59
5,Valparaíso,5405,Zapallar,1,1,80,50
5,Valparaíso,5405,Zapallar,2,1,80,32
5,Valparaíso,5405,Zapallar,1,1,85,41
5,Valparaíso,5405,Zapallar,2,1,85,23
5,Valparaíso,5405,Zapallar,1,2,0,140
5,Valparaíso,5405,Zapallar,2,2,0,77
5,Valparaíso,5405,Zapallar,1,2,5,154
5,Valparaíso,5405,Zapallar,2,2,5,97
5,Valparaíso,5405,Zapallar,2,2,10,114
5,Valparaíso,5405,Zapallar,1,2,10,181
5,Valparaíso,5405,Zapallar,2,2,15,64
5,Valparaíso,5405,Zapallar,1,2,15,123
5,Valparaíso,5405,Zapallar,2,2,20,53
5,Valparaíso,5405,Zapallar,1,2,20,123
5,Valparaíso,5405,Zapallar,2,2,25,91
5,Valparaíso,5405,Zapallar,1,2,25,139
5,Valparaíso,5405,Zapallar,2,2,30,101
5,Valparaíso,5405,Zapallar,1,2,30,210
5,Valparaíso,5405,Zapallar,2,2,35,108
5,Valparaíso,5405,Zapallar,1,2,35,197
5,Valparaíso,5405,Zapallar,2,2,40,114
5,Valparaíso,5405,Zapallar,1,2,40,165
5,Valparaíso,5405,Zapallar,2,2,45,103
5,Valparaíso,5405,Zapallar,1,2,45,166
5,Valparaíso,5405,Zapallar,1,2,50,148
5,Valparaíso,5405,Zapallar,2,2,50,92
5,Valparaíso,5405,Zapallar,1,2,55,147
5,Valparaíso,5405,Zapallar,2,2,55,82
5,Valparaíso,5405,Zapallar,2,2,60,109
5,Valparaíso,5405,Zapallar,1,2,60,198
5,Valparaíso,5405,Zapallar,2,2,65,90
5,Valparaíso,5405,Zapallar,1,2,65,157
5,Valparaíso,5405,Zapallar,1,2,70,123
5,Valparaíso,5405,Zapallar,2,2,70,93
5,Valparaíso,5405,Zapallar,2,2,75,44
5,Valparaíso,5405,Zapallar,1,2,75,83
5,Valparaíso,5405,Zapallar,2,2,80,45
5,Valparaíso,5405,Zapallar,1,2,80,55
5,Valparaíso,5405,Zapallar,2,2,85,33
5,Valparaíso,5405,Zapallar,1,2,85,59
5,Valparaíso,5501,Quillota,2,1,0,308
5,Valparaíso,5501,Quillota,1,1,0,1977
5,Valparaíso,5501,Quillota,2,1,5,436
5,Valparaíso,5501,Quillota,1,1,5,2617
5,Valparaíso,5501,Quillota,2,1,10,476
5,Valparaíso,5501,Quillota,1,1,10,2945
5,Valparaíso,5501,Quillota,2,1,15,453
5,Valparaíso,5501,Quillota,1,1,15,2785
5,Valparaíso,5501,Quillota,1,1,20,2877
5,Valparaíso,5501,Quillota,2,1,20,406
5,Valparaíso,5501,Quillota,2,1,25,427
5,Valparaíso,5501,Quillota,1,1,25,3131
5,Valparaíso,5501,Quillota,1,1,30,3459
5,Valparaíso,5501,Quillota,2,1,30,443
5,Valparaíso,5501,Quillota,1,1,35,3024
5,Valparaíso,5501,Quillota,2,1,35,470
5,Valparaíso,5501,Quillota,1,1,40,2705
5,Valparaíso,5501,Quillota,2,1,40,489
5,Valparaíso,5501,Quillota,1,1,45,2264
5,Valparaíso,5501,Quillota,2,1,45,482
5,Valparaíso,5501,Quillota,2,1,50,458
5,Valparaíso,5501,Quillota,1,1,50,2188
5,Valparaíso,5501,Quillota,2,1,55,427
5,Valparaíso,5501,Quillota,1,1,55,2101
5,Valparaíso,5501,Quillota,2,1,60,493
5,Valparaíso,5501,Quillota,1,1,60,2125
5,Valparaíso,5501,Quillota,1,1,65,1833
5,Valparaíso,5501,Quillota,2,1,65,436
5,Valparaíso,5501,Quillota,2,1,70,309
5,Valparaíso,5501,Quillota,1,1,70,1456
5,Valparaíso,5501,Quillota,1,1,75,1056
5,Valparaíso,5501,Quillota,2,1,75,205
5,Valparaíso,5501,Quillota,1,1,80,683
5,Valparaíso,5501,Quillota,2,1,80,117
5,Valparaíso,5501,Quillota,1,1,85,479
5,Valparaíso,5501,Quillota,2,1,85,81
5,Valparaíso,5501,Quillota,2,2,0,329
5,Valparaíso,5501,Quillota,1,2,0,1796
5,Valparaíso,5501,Quillota,2,2,5,400
5,Valparaíso,5501,Quillota,1,2,5,2518
5,Valparaíso,5501,Quillota,2,2,10,444
5,Valparaíso,5501,Quillota,1,2,10,2844
5,Valparaíso,5501,Quillota,1,2,15,2701
5,Valparaíso,5501,Quillota,2,2,15,407
5,Valparaíso,5501,Quillota,1,2,20,2667
5,Valparaíso,5501,Quillota,2,2,20,418
5,Valparaíso,5501,Quillota,2,2,25,408
5,Valparaíso,5501,Quillota,1,2,25,3050
5,Valparaíso,5501,Quillota,2,2,30,480
5,Valparaíso,5501,Quillota,1,2,30,3450
5,Valparaíso,5501,Quillota,1,2,35,3228
5,Valparaíso,5501,Quillota,2,2,35,495
5,Valparaíso,5501,Quillota,1,2,40,2877
5,Valparaíso,5501,Quillota,2,2,40,482
5,Valparaíso,5501,Quillota,1,2,45,2566
5,Valparaíso,5501,Quillota,2,2,45,455
5,Valparaíso,5501,Quillota,2,2,50,433
5,Valparaíso,5501,Quillota,1,2,50,2606
5,Valparaíso,5501,Quillota,2,2,55,488
5,Valparaíso,5501,Quillota,1,2,55,2607
5,Valparaíso,5501,Quillota,2,2,60,451
5,Valparaíso,5501,Quillota,1,2,60,2794
5,Valparaíso,5501,Quillota,2,2,65,372
5,Valparaíso,5501,Quillota,1,2,65,2379
5,Valparaíso,5501,Quillota,2,2,70,278
5,Valparaíso,5501,Quillota,1,2,70,1815
5,Valparaíso,5501,Quillota,2,2,75,197
5,Valparaíso,5501,Quillota,1,2,75,1431
5,Valparaíso,5501,Quillota,2,2,80,124
5,Valparaíso,5501,Quillota,1,2,80,977
5,Valparaíso,5501,Quillota,1,2,85,1036
5,Valparaíso,5501,Quillota,2,2,85,129
5,Valparaíso,5502,La Calera,1,1,0,1151
5,Valparaíso,5502,La Calera,2,1,0,62
5,Valparaíso,5502,La Calera,2,1,5,82
5,Valparaíso,5502,La Calera,1,1,5,1495
5,Valparaíso,5502,La Calera,2,1,10,92
5,Valparaíso,5502,La Calera,1,1,10,1732
5,Valparaíso,5502,La Calera,2,1,15,88
5,Valparaíso,5502,La Calera,1,1,15,1724
5,Valparaíso,5502,La Calera,1,1,20,1641
5,Valparaíso,5502,La Calera,2,1,20,93
5,Valparaíso,5502,La Calera,1,1,25,1756
5,Valparaíso,5502,La Calera,2,1,25,77
5,Valparaíso,5502,La Calera,1,1,30,1788
5,Valparaíso,5502,La Calera,2,1,30,80
5,Valparaíso,5502,La Calera,1,1,35,1629
5,Valparaíso,5502,La Calera,2,1,35,103
5,Valparaíso,5502,La Calera,1,1,40,1508
5,Valparaíso,5502,La Calera,2,1,40,80
5,Valparaíso,5502,La Calera,1,1,45,1346
5,Valparaíso,5502,La Calera,2,1,45,66
5,Valparaíso,5502,La Calera,2,1,50,70
5,Valparaíso,5502,La Calera,1,1,50,1336
5,Valparaíso,5502,La Calera,1,1,55,1396
5,Valparaíso,5502,La Calera,2,1,55,96
5,Valparaíso,5502,La Calera,1,1,60,1381
5,Valparaíso,5502,La Calera,2,1,60,64
5,Valparaíso,5502,La Calera,1,1,65,1220
5,Valparaíso,5502,La Calera,2,1,65,50
5,Valparaíso,5502,La Calera,2,1,70,46
5,Valparaíso,5502,La Calera,1,1,70,880
5,Valparaíso,5502,La Calera,1,1,75,623
5,Valparaíso,5502,La Calera,2,1,75,25
5,Valparaíso,5502,La Calera,2,1,80,18
5,Valparaíso,5502,La Calera,1,1,80,410
5,Valparaíso,5502,La Calera,1,1,85,292
5,Valparaíso,5502,La Calera,2,1,85,13
5,Valparaíso,5502,La Calera,1,2,0,1092
5,Valparaíso,5502,La Calera,2,2,0,59
5,Valparaíso,5502,La Calera,2,2,5,71
5,Valparaíso,5502,La Calera,1,2,5,1490
5,Valparaíso,5502,La Calera,2,2,10,87
5,Valparaíso,5502,La Calera,1,2,10,1656
5,Valparaíso,5502,La Calera,2,2,15,90
5,Valparaíso,5502,La Calera,1,2,15,1623
5,Valparaíso,5502,La Calera,1,2,20,1644
5,Valparaíso,5502,La Calera,2,2,20,80
5,Valparaíso,5502,La Calera,1,2,25,1736
5,Valparaíso,5502,La Calera,2,2,25,72
5,Valparaíso,5502,La Calera,2,2,30,104
5,Valparaíso,5502,La Calera,1,2,30,1802
5,Valparaíso,5502,La Calera,1,2,35,1667
5,Valparaíso,5502,La Calera,2,2,35,85
5,Valparaíso,5502,La Calera,1,2,40,1603
5,Valparaíso,5502,La Calera,2,2,40,88
5,Valparaíso,5502,La Calera,2,2,45,73
5,Valparaíso,5502,La Calera,1,2,45,1442
5,Valparaíso,5502,La Calera,1,2,50,1547
5,Valparaíso,5502,La Calera,2,2,50,86
5,Valparaíso,5502,La Calera,1,2,55,1558
5,Valparaíso,5502,La Calera,2,2,55,92
5,Valparaíso,5502,La Calera,2,2,60,58
5,Valparaíso,5502,La Calera,1,2,60,1664
5,Valparaíso,5502,La Calera,2,2,65,51
5,Valparaíso,5502,La Calera,1,2,65,1400
5,Valparaíso,5502,La Calera,2,2,70,39
5,Valparaíso,5502,La Calera,1,2,70,1045
5,Valparaíso,5502,La Calera,2,2,75,35
5,Valparaíso,5502,La Calera,1,2,75,827
5,Valparaíso,5502,La Calera,2,2,80,26
5,Valparaíso,5502,La Calera,1,2,80,579
5,Valparaíso,5502,La Calera,1,2,85,532
5,Valparaíso,5502,La Calera,2,2,85,15
5,Valparaíso,5503,Hijuelas,1,1,0,379
5,Valparaíso,5503,Hijuelas,2,1,0,134
5,Valparaíso,5503,Hijuelas,2,1,5,140
5,Valparaíso,5503,Hijuelas,1,1,5,447
5,Valparaíso,5503,Hijuelas,2,1,10,178
5,Valparaíso,5503,Hijuelas,1,1,10,476
5,Valparaíso,5503,Hijuelas,1,1,15,459
5,Valparaíso,5503,Hijuelas,2,1,15,186
5,Valparaíso,5503,Hijuelas,1,1,20,472
5,Valparaíso,5503,Hijuelas,2,1,20,185
5,Valparaíso,5503,Hijuelas,2,1,25,193
5,Valparaíso,5503,Hijuelas,1,1,25,535
5,Valparaíso,5503,Hijuelas,1,1,30,505
5,Valparaíso,5503,Hijuelas,2,1,30,202
5,Valparaíso,5503,Hijuelas,2,1,35,193
5,Valparaíso,5503,Hijuelas,1,1,35,489
5,Valparaíso,5503,Hijuelas,1,1,40,451
5,Valparaíso,5503,Hijuelas,2,1,40,170
5,Valparaíso,5503,Hijuelas,1,1,45,382
5,Valparaíso,5503,Hijuelas,2,1,45,171
5,Valparaíso,5503,Hijuelas,2,1,50,180
5,Valparaíso,5503,Hijuelas,1,1,50,413
5,Valparaíso,5503,Hijuelas,1,1,55,402
5,Valparaíso,5503,Hijuelas,2,1,55,219
5,Valparaíso,5503,Hijuelas,1,1,60,459
5,Valparaíso,5503,Hijuelas,2,1,60,167
5,Valparaíso,5503,Hijuelas,1,1,65,294
5,Valparaíso,5503,Hijuelas,2,1,65,164
5,Valparaíso,5503,Hijuelas,2,1,70,134
5,Valparaíso,5503,Hijuelas,1,1,70,221
5,Valparaíso,5503,Hijuelas,1,1,75,168
5,Valparaíso,5503,Hijuelas,2,1,75,99
5,Valparaíso,5503,Hijuelas,1,1,80,108
5,Valparaíso,5503,Hijuelas,2,1,80,44
5,Valparaíso,5503,Hijuelas,2,1,85,33
5,Valparaíso,5503,Hijuelas,1,1,85,66
5,Valparaíso,5503,Hijuelas,1,2,0,352
5,Valparaíso,5503,Hijuelas,2,2,0,153
5,Valparaíso,5503,Hijuelas,2,2,5,181
5,Valparaíso,5503,Hijuelas,1,2,5,445
5,Valparaíso,5503,Hijuelas,1,2,10,519
5,Valparaíso,5503,Hijuelas,2,2,10,184
5,Valparaíso,5503,Hijuelas,2,2,15,172
5,Valparaíso,5503,Hijuelas,1,2,15,444
5,Valparaíso,5503,Hijuelas,2,2,20,156
5,Valparaíso,5503,Hijuelas,1,2,20,473
5,Valparaíso,5503,Hijuelas,2,2,25,195
5,Valparaíso,5503,Hijuelas,1,2,25,466
5,Valparaíso,5503,Hijuelas,1,2,30,543
5,Valparaíso,5503,Hijuelas,2,2,30,218
5,Valparaíso,5503,Hijuelas,1,2,35,506
5,Valparaíso,5503,Hijuelas,2,2,35,184
5,Valparaíso,5503,Hijuelas,1,2,40,444
5,Valparaíso,5503,Hijuelas,2,2,40,175
5,Valparaíso,5503,Hijuelas,1,2,45,438
5,Valparaíso,5503,Hijuelas,2,2,45,158
5,Valparaíso,5503,Hijuelas,2,2,50,189
5,Valparaíso,5503,Hijuelas,1,2,50,454
5,Valparaíso,5503,Hijuelas,1,2,55,480
5,Valparaíso,5503,Hijuelas,2,2,55,184
5,Valparaíso,5503,Hijuelas,2,2,60,188
5,Valparaíso,5503,Hijuelas,1,2,60,448
5,Valparaíso,5503,Hijuelas,1,2,65,315
5,Valparaíso,5503,Hijuelas,2,2,65,149
5,Valparaíso,5503,Hijuelas,2,2,70,98
5,Valparaíso,5503,Hijuelas,1,2,70,252
5,Valparaíso,5503,Hijuelas,1,2,75,167
5,Valparaíso,5503,Hijuelas,2,2,75,84
5,Valparaíso,5503,Hijuelas,2,2,80,52
5,Valparaíso,5503,Hijuelas,1,2,80,133
5,Valparaíso,5503,Hijuelas,1,2,85,115
5,Valparaíso,5503,Hijuelas,2,2,85,54
5,Valparaíso,5504,La Cruz,2,1,0,81
5,Valparaíso,5504,La Cruz,1,1,0,539
5,Valparaíso,5504,La Cruz,1,1,5,823
5,Valparaíso,5504,La Cruz,2,1,5,96
5,Valparaíso,5504,La Cruz,1,1,10,926
5,Valparaíso,5504,La Cruz,2,1,10,110
5,Valparaíso,5504,La Cruz,2,1,15,110
5,Valparaíso,5504,La Cruz,1,1,15,753
5,Valparaíso,5504,La Cruz,1,1,20,678
5,Valparaíso,5504,La Cruz,2,1,20,125
5,Valparaíso,5504,La Cruz,1,1,25,618
5,Valparaíso,5504,La Cruz,2,1,25,98
5,Valparaíso,5504,La Cruz,1,1,30,880
5,Valparaíso,5504,La Cruz,2,1,30,102
5,Valparaíso,5504,La Cruz,2,1,35,109
5,Valparaíso,5504,La Cruz,1,1,35,911
5,Valparaíso,5504,La Cruz,1,1,40,861
5,Valparaíso,5504,La Cruz,2,1,40,115
5,Valparaíso,5504,La Cruz,1,1,45,673
5,Valparaíso,5504,La Cruz,2,1,45,128
5,Valparaíso,5504,La Cruz,1,1,50,593
5,Valparaíso,5504,La Cruz,2,1,50,113
5,Valparaíso,5504,La Cruz,2,1,55,95
5,Valparaíso,5504,La Cruz,1,1,55,501
5,Valparaíso,5504,La Cruz,1,1,60,480
5,Valparaíso,5504,La Cruz,2,1,60,121
5,Valparaíso,5504,La Cruz,2,1,65,102
5,Valparaíso,5504,La Cruz,1,1,65,364
5,Valparaíso,5504,La Cruz,1,1,70,285
5,Valparaíso,5504,La Cruz,2,1,70,86
5,Valparaíso,5504,La Cruz,1,1,75,207
5,Valparaíso,5504,La Cruz,2,1,75,45
5,Valparaíso,5504,La Cruz,1,1,80,107
5,Valparaíso,5504,La Cruz,2,1,80,34
5,Valparaíso,5504,La Cruz,2,1,85,20
5,Valparaíso,5504,La Cruz,1,1,85,104
5,Valparaíso,5504,La Cruz,1,2,0,547
5,Valparaíso,5504,La Cruz,2,2,0,88
5,Valparaíso,5504,La Cruz,1,2,5,781
5,Valparaíso,5504,La Cruz,2,2,5,104
5,Valparaíso,5504,La Cruz,2,2,10,108
5,Valparaíso,5504,La Cruz,1,2,10,833
5,Valparaíso,5504,La Cruz,1,2,15,711
5,Valparaíso,5504,La Cruz,2,2,15,123
5,Valparaíso,5504,La Cruz,1,2,20,645
5,Valparaíso,5504,La Cruz,2,2,20,101
5,Valparaíso,5504,La Cruz,1,2,25,656
5,Valparaíso,5504,La Cruz,2,2,25,92
5,Valparaíso,5504,La Cruz,2,2,30,105
5,Valparaíso,5504,La Cruz,1,2,30,941
5,Valparaíso,5504,La Cruz,2,2,35,106
5,Valparaíso,5504,La Cruz,1,2,35,1095
5,Valparaíso,5504,La Cruz,1,2,40,996
5,Valparaíso,5504,La Cruz,2,2,40,122
5,Valparaíso,5504,La Cruz,1,2,45,742
5,Valparaíso,5504,La Cruz,2,2,45,124
5,Valparaíso,5504,La Cruz,2,2,50,123
5,Valparaíso,5504,La Cruz,1,2,50,641
5,Valparaíso,5504,La Cruz,1,2,55,660
5,Valparaíso,5504,La Cruz,2,2,55,115
5,Valparaíso,5504,La Cruz,2,2,60,102
5,Valparaíso,5504,La Cruz,1,2,60,583
5,Valparaíso,5504,La Cruz,2,2,65,86
5,Valparaíso,5504,La Cruz,1,2,65,458
5,Valparaíso,5504,La Cruz,2,2,70,65
5,Valparaíso,5504,La Cruz,1,2,70,361
5,Valparaíso,5504,La Cruz,2,2,75,57
5,Valparaíso,5504,La Cruz,1,2,75,260
5,Valparaíso,5504,La Cruz,1,2,80,181
5,Valparaíso,5504,La Cruz,2,2,80,37
5,Valparaíso,5504,La Cruz,2,2,85,27
5,Valparaíso,5504,La Cruz,1,2,85,170
5,Valparaíso,5506,Nogales,1,1,0,384
5,Valparaíso,5506,Nogales,2,1,0,107
5,Valparaíso,5506,Nogales,1,1,5,581
5,Valparaíso,5506,Nogales,2,1,5,121
5,Valparaíso,5506,Nogales,1,1,10,621
5,Valparaíso,5506,Nogales,2,1,10,130
5,Valparaíso,5506,Nogales,2,1,15,150
5,Valparaíso,5506,Nogales,1,1,15,663
5,Valparaíso,5506,Nogales,1,1,20,622
5,Valparaíso,5506,Nogales,2,1,20,131
5,Valparaíso,5506,Nogales,1,1,25,659
5,Valparaíso,5506,Nogales,2,1,25,127
5,Valparaíso,5506,Nogales,2,1,30,129
5,Valparaíso,5506,Nogales,1,1,30,589
5,Valparaíso,5506,Nogales,1,1,35,577
5,Valparaíso,5506,Nogales,2,1,35,144
5,Valparaíso,5506,Nogales,2,1,40,134
5,Valparaíso,5506,Nogales,1,1,40,482
5,Valparaíso,5506,Nogales,2,1,45,131
5,Valparaíso,5506,Nogales,1,1,45,484
5,Valparaíso,5506,Nogales,1,1,50,555
5,Valparaíso,5506,Nogales,2,1,50,157
5,Valparaíso,5506,Nogales,1,1,55,592
5,Valparaíso,5506,Nogales,2,1,55,144
5,Valparaíso,5506,Nogales,2,1,60,159
5,Valparaíso,5506,Nogales,1,1,60,561
5,Valparaíso,5506,Nogales,2,1,65,135
5,Valparaíso,5506,Nogales,1,1,65,469
5,Valparaíso,5506,Nogales,1,1,70,386
5,Valparaíso,5506,Nogales,2,1,70,90
5,Valparaíso,5506,Nogales,1,1,75,258
5,Valparaíso,5506,Nogales,2,1,75,43
5,Valparaíso,5506,Nogales,2,1,80,40
5,Valparaíso,5506,Nogales,1,1,80,156
5,Valparaíso,5506,Nogales,1,1,85,103
5,Valparaíso,5506,Nogales,2,1,85,35
5,Valparaíso,5506,Nogales,2,2,0,90
5,Valparaíso,5506,Nogales,1,2,0,392
5,Valparaíso,5506,Nogales,2,2,5,120
5,Valparaíso,5506,Nogales,1,2,5,556
5,Valparaíso,5506,Nogales,2,2,10,117
5,Valparaíso,5506,Nogales,1,2,10,624
5,Valparaíso,5506,Nogales,1,2,15,607
5,Valparaíso,5506,Nogales,2,2,15,117
5,Valparaíso,5506,Nogales,1,2,20,595
5,Valparaíso,5506,Nogales,2,2,20,101
5,Valparaíso,5506,Nogales,2,2,25,142
5,Valparaíso,5506,Nogales,1,2,25,662
5,Valparaíso,5506,Nogales,2,2,30,133
5,Valparaíso,5506,Nogales,1,2,30,565
5,Valparaíso,5506,Nogales,1,2,35,574
5,Valparaíso,5506,Nogales,2,2,35,126
5,Valparaíso,5506,Nogales,2,2,40,134
5,Valparaíso,5506,Nogales,1,2,40,537
5,Valparaíso,5506,Nogales,2,2,45,136
5,Valparaíso,5506,Nogales,1,2,45,596
5,Valparaíso,5506,Nogales,2,2,50,140
5,Valparaíso,5506,Nogales,1,2,50,610
5,Valparaíso,5506,Nogales,2,2,55,166
5,Valparaíso,5506,Nogales,1,2,55,633
5,Valparaíso,5506,Nogales,2,2,60,127
5,Valparaíso,5506,Nogales,1,2,60,661
5,Valparaíso,5506,Nogales,2,2,65,99
5,Valparaíso,5506,Nogales,1,2,65,523
5,Valparaíso,5506,Nogales,2,2,70,79
5,Valparaíso,5506,Nogales,1,2,70,390
5,Valparaíso,5506,Nogales,2,2,75,49
5,Valparaíso,5506,Nogales,1,2,75,341
5,Valparaíso,5506,Nogales,2,2,80,36
5,Valparaíso,5506,Nogales,1,2,80,225
5,Valparaíso,5506,Nogales,1,2,85,229
5,Valparaíso,5506,Nogales,2,2,85,55
5,Valparaíso,5601,San Antonio,1,1,0,2179
5,Valparaíso,5601,San Antonio,2,1,0,106
5,Valparaíso,5601,San Antonio,1,1,5,3111
5,Valparaíso,5601,San Antonio,2,1,5,160
5,Valparaíso,5601,San Antonio,2,1,10,174
5,Valparaíso,5601,San Antonio,1,1,10,3336
5,Valparaíso,5601,San Antonio,2,1,15,163
5,Valparaíso,5601,San Antonio,1,1,15,3259
5,Valparaíso,5601,San Antonio,1,1,20,3141
5,Valparaíso,5601,San Antonio,2,1,20,124
5,Valparaíso,5601,San Antonio,2,1,25,126
5,Valparaíso,5601,San Antonio,1,1,25,3267
5,Valparaíso,5601,San Antonio,1,1,30,3586
5,Valparaíso,5601,San Antonio,2,1,30,157
5,Valparaíso,5601,San Antonio,2,1,35,171
5,Valparaíso,5601,San Antonio,1,1,35,3373
5,Valparaíso,5601,San Antonio,2,1,40,194
5,Valparaíso,5601,San Antonio,1,1,40,2853
5,Valparaíso,5601,San Antonio,2,1,45,160
5,Valparaíso,5601,San Antonio,1,1,45,2614
5,Valparaíso,5601,San Antonio,1,1,50,2651
5,Valparaíso,5601,San Antonio,2,1,50,169
5,Valparaíso,5601,San Antonio,1,1,55,2660
5,Valparaíso,5601,San Antonio,2,1,55,186
5,Valparaíso,5601,San Antonio,2,1,60,191
5,Valparaíso,5601,San Antonio,1,1,60,2511
5,Valparaíso,5601,San Antonio,1,1,65,2209
5,Valparaíso,5601,San Antonio,2,1,65,152
5,Valparaíso,5601,San Antonio,2,1,70,120
5,Valparaíso,5601,San Antonio,1,1,70,1562
5,Valparaíso,5601,San Antonio,1,1,75,1053
5,Valparaíso,5601,San Antonio,2,1,75,96
5,Valparaíso,5601,San Antonio,2,1,80,55
5,Valparaíso,5601,San Antonio,1,1,80,597
5,Valparaíso,5601,San Antonio,2,1,85,39
5,Valparaíso,5601,San Antonio,1,1,85,467
5,Valparaíso,5601,San Antonio,2,2,0,95
5,Valparaíso,5601,San Antonio,1,2,0,2145
5,Valparaíso,5601,San Antonio,2,2,5,160
5,Valparaíso,5601,San Antonio,1,2,5,2935
5,Valparaíso,5601,San Antonio,1,2,10,3254
5,Valparaíso,5601,San Antonio,2,2,10,172
5,Valparaíso,5601,San Antonio,2,2,15,163
5,Valparaíso,5601,San Antonio,1,2,15,2929
5,Valparaíso,5601,San Antonio,1,2,20,2874
5,Valparaíso,5601,San Antonio,2,2,20,133
5,Valparaíso,5601,San Antonio,2,2,25,136
5,Valparaíso,5601,San Antonio,1,2,25,3131
5,Valparaíso,5601,San Antonio,1,2,30,3625
5,Valparaíso,5601,San Antonio,2,2,30,175
5,Valparaíso,5601,San Antonio,1,2,35,3431
5,Valparaíso,5601,San Antonio,2,2,35,186
5,Valparaíso,5601,San Antonio,1,2,40,3125
5,Valparaíso,5601,San Antonio,2,2,40,219
5,Valparaíso,5601,San Antonio,1,2,45,2858
5,Valparaíso,5601,San Antonio,2,2,45,182
5,Valparaíso,5601,San Antonio,2,2,50,138
5,Valparaíso,5601,San Antonio,1,2,50,2881
5,Valparaíso,5601,San Antonio,2,2,55,166
5,Valparaíso,5601,San Antonio,1,2,55,3060
5,Valparaíso,5601,San Antonio,1,2,60,3198
5,Valparaíso,5601,San Antonio,2,2,60,194
5,Valparaíso,5601,San Antonio,1,2,65,2557
5,Valparaíso,5601,San Antonio,2,2,65,130
5,Valparaíso,5601,San Antonio,2,2,70,110
5,Valparaíso,5601,San Antonio,1,2,70,1885
5,Valparaíso,5601,San Antonio,1,2,75,1417
5,Valparaíso,5601,San Antonio,2,2,75,79
5,Valparaíso,5601,San Antonio,1,2,80,1004
5,Valparaíso,5601,San Antonio,2,2,80,59
5,Valparaíso,5601,San Antonio,1,2,85,946
5,Valparaíso,5601,San Antonio,2,2,85,46
5,Valparaíso,5602,Algarrobo,2,1,0,106
5,Valparaíso,5602,Algarrobo,1,1,0,230
5,Valparaíso,5602,Algarrobo,2,1,5,165
5,Valparaíso,5602,Algarrobo,1,1,5,289
5,Valparaíso,5602,Algarrobo,1,1,10,305
5,Valparaíso,5602,Algarrobo,2,1,10,135
5,Valparaíso,5602,Algarrobo,2,1,15,133
5,Valparaíso,5602,Algarrobo,1,1,15,270
5,Valparaíso,5602,Algarrobo,2,1,20,96
5,Valparaíso,5602,Algarrobo,1,1,20,294
5,Valparaíso,5602,Algarrobo,2,1,25,110
5,Valparaíso,5602,Algarrobo,1,1,25,270
5,Valparaíso,5602,Algarrobo,1,1,30,334
5,Valparaíso,5602,Algarrobo,2,1,30,140
5,Valparaíso,5602,Algarrobo,1,1,35,346
5,Valparaíso,5602,Algarrobo,2,1,35,152
5,Valparaíso,5602,Algarrobo,1,1,40,332
5,Valparaíso,5602,Algarrobo,2,1,40,160
5,Valparaíso,5602,Algarrobo,1,1,45,297
5,Valparaíso,5602,Algarrobo,2,1,45,180
5,Valparaíso,5602,Algarrobo,1,1,50,338
5,Valparaíso,5602,Algarrobo,2,1,50,158
5,Valparaíso,5602,Algarrobo,2,1,55,143
5,Valparaíso,5602,Algarrobo,1,1,55,346
5,Valparaíso,5602,Algarrobo,1,1,60,361
5,Valparaíso,5602,Algarrobo,2,1,60,192
5,Valparaíso,5602,Algarrobo,1,1,65,392
5,Valparaíso,5602,Algarrobo,2,1,65,187
5,Valparaíso,5602,Algarrobo,1,1,70,320
5,Valparaíso,5602,Algarrobo,2,1,70,164
5,Valparaíso,5602,Algarrobo,1,1,75,267
5,Valparaíso,5602,Algarrobo,2,1,75,116
5,Valparaíso,5602,Algarrobo,2,1,80,52
5,Valparaíso,5602,Algarrobo,1,1,80,164
5,Valparaíso,5602,Algarrobo,1,1,85,93
5,Valparaíso,5602,Algarrobo,2,1,85,36
5,Valparaíso,5602,Algarrobo,1,2,0,210
5,Valparaíso,5602,Algarrobo,2,2,0,110
5,Valparaíso,5602,Algarrobo,1,2,5,285
5,Valparaíso,5602,Algarrobo,2,2,5,136
5,Valparaíso,5602,Algarrobo,2,2,10,144
5,Valparaíso,5602,Algarrobo,1,2,10,301
5,Valparaíso,5602,Algarrobo,2,2,15,114
5,Valparaíso,5602,Algarrobo,1,2,15,236
5,Valparaíso,5602,Algarrobo,2,2,20,73
5,Valparaíso,5602,Algarrobo,1,2,20,246
5,Valparaíso,5602,Algarrobo,2,2,25,98
5,Valparaíso,5602,Algarrobo,1,2,25,309
5,Valparaíso,5602,Algarrobo,1,2,30,358
5,Valparaíso,5602,Algarrobo,2,2,30,145
5,Valparaíso,5602,Algarrobo,1,2,35,375
5,Valparaíso,5602,Algarrobo,2,2,35,176
5,Valparaíso,5602,Algarrobo,2,2,40,181
5,Valparaíso,5602,Algarrobo,1,2,40,385
5,Valparaíso,5602,Algarrobo,2,2,45,172
5,Valparaíso,5602,Algarrobo,1,2,45,350
5,Valparaíso,5602,Algarrobo,2,2,50,162
5,Valparaíso,5602,Algarrobo,1,2,50,352
5,Valparaíso,5602,Algarrobo,1,2,55,416
5,Valparaíso,5602,Algarrobo,2,2,55,160
5,Valparaíso,5602,Algarrobo,2,2,60,220
5,Valparaíso,5602,Algarrobo,1,2,60,468
5,Valparaíso,5602,Algarrobo,1,2,65,477
5,Valparaíso,5602,Algarrobo,2,2,65,220
5,Valparaíso,5602,Algarrobo,1,2,70,442
5,Valparaíso,5602,Algarrobo,2,2,70,174
5,Valparaíso,5602,Algarrobo,1,2,75,314
5,Valparaíso,5602,Algarrobo,2,2,75,100
5,Valparaíso,5602,Algarrobo,1,2,80,197
5,Valparaíso,5602,Algarrobo,2,2,80,76
5,Valparaíso,5602,Algarrobo,1,2,85,167
5,Valparaíso,5602,Algarrobo,2,2,85,54
5,Valparaíso,5603,Cartagena,2,1,0,59
5,Valparaíso,5603,Cartagena,1,1,0,529
5,Valparaíso,5603,Cartagena,2,1,5,70
5,Valparaíso,5603,Cartagena,1,1,5,692
5,Valparaíso,5603,Cartagena,1,1,10,793
5,Valparaíso,5603,Cartagena,2,1,10,73
5,Valparaíso,5603,Cartagena,1,1,15,739
5,Valparaíso,5603,Cartagena,2,1,15,71
5,Valparaíso,5603,Cartagena,2,1,20,47
5,Valparaíso,5603,Cartagena,1,1,20,666
5,Valparaíso,5603,Cartagena,2,1,25,44
5,Valparaíso,5603,Cartagena,1,1,25,630
5,Valparaíso,5603,Cartagena,1,1,30,742
5,Valparaíso,5603,Cartagena,2,1,30,72
5,Valparaíso,5603,Cartagena,1,1,35,697
5,Valparaíso,5603,Cartagena,2,1,35,79
5,Valparaíso,5603,Cartagena,1,1,40,665
5,Valparaíso,5603,Cartagena,2,1,40,80
5,Valparaíso,5603,Cartagena,1,1,45,627
5,Valparaíso,5603,Cartagena,2,1,45,88
5,Valparaíso,5603,Cartagena,2,1,50,58
5,Valparaíso,5603,Cartagena,1,1,50,658
5,Valparaíso,5603,Cartagena,2,1,55,73
5,Valparaíso,5603,Cartagena,1,1,55,669
5,Valparaíso,5603,Cartagena,1,1,60,723
5,Valparaíso,5603,Cartagena,2,1,60,72
5,Valparaíso,5603,Cartagena,1,1,65,718
5,Valparaíso,5603,Cartagena,2,1,65,74
5,Valparaíso,5603,Cartagena,1,1,70,581
5,Valparaíso,5603,Cartagena,2,1,70,49
5,Valparaíso,5603,Cartagena,1,1,75,413
5,Valparaíso,5603,Cartagena,2,1,75,38
5,Valparaíso,5603,Cartagena,1,1,80,255
5,Valparaíso,5603,Cartagena,2,1,80,24
5,Valparaíso,5603,Cartagena,2,1,85,20
5,Valparaíso,5603,Cartagena,1,1,85,155
5,Valparaíso,5603,Cartagena,1,2,0,457
5,Valparaíso,5603,Cartagena,2,2,0,47
5,Valparaíso,5603,Cartagena,1,2,5,693
5,Valparaíso,5603,Cartagena,2,2,5,68
5,Valparaíso,5603,Cartagena,2,2,10,76
5,Valparaíso,5603,Cartagena,1,2,10,761
5,Valparaíso,5603,Cartagena,2,2,15,53
5,Valparaíso,5603,Cartagena,1,2,15,654
5,Valparaíso,5603,Cartagena,1,2,20,643
5,Valparaíso,5603,Cartagena,2,2,20,64
5,Valparaíso,5603,Cartagena,2,2,25,52
5,Valparaíso,5603,Cartagena,1,2,25,671
5,Valparaíso,5603,Cartagena,1,2,30,703
5,Valparaíso,5603,Cartagena,2,2,30,82
5,Valparaíso,5603,Cartagena,2,2,35,81
5,Valparaíso,5603,Cartagena,1,2,35,760
5,Valparaíso,5603,Cartagena,2,2,40,83
5,Valparaíso,5603,Cartagena,1,2,40,683
5,Valparaíso,5603,Cartagena,2,2,45,83
5,Valparaíso,5603,Cartagena,1,2,45,636
5,Valparaíso,5603,Cartagena,1,2,50,674
5,Valparaíso,5603,Cartagena,2,2,50,62
5,Valparaíso,5603,Cartagena,1,2,55,763
5,Valparaíso,5603,Cartagena,2,2,55,66
5,Valparaíso,5603,Cartagena,1,2,60,823
5,Valparaíso,5603,Cartagena,2,2,60,87
5,Valparaíso,5603,Cartagena,1,2,65,774
5,Valparaíso,5603,Cartagena,2,2,65,78
5,Valparaíso,5603,Cartagena,2,2,70,49
5,Valparaíso,5603,Cartagena,1,2,70,655
5,Valparaíso,5603,Cartagena,1,2,75,491
5,Valparaíso,5603,Cartagena,2,2,75,37
5,Valparaíso,5603,Cartagena,1,2,80,338
5,Valparaíso,5603,Cartagena,2,2,80,25
5,Valparaíso,5603,Cartagena,2,2,85,27
5,Valparaíso,5603,Cartagena,1,2,85,257
5,Valparaíso,5604,El Quisco,2,1,0,50
5,Valparaíso,5604,El Quisco,1,1,0,377
5,Valparaíso,5604,El Quisco,2,1,5,52
5,Valparaíso,5604,El Quisco,1,1,5,470
5,Valparaíso,5604,El Quisco,1,1,10,477
5,Valparaíso,5604,El Quisco,2,1,10,66
5,Valparaíso,5604,El Quisco,1,1,15,463
5,Valparaíso,5604,El Quisco,2,1,15,50
5,Valparaíso,5604,El Quisco,2,1,20,22
5,Valparaíso,5604,El Quisco,1,1,20,410
5,Valparaíso,5604,El Quisco,1,1,25,460
5,Valparaíso,5604,El Quisco,2,1,25,38
5,Valparaíso,5604,El Quisco,2,1,30,39
5,Valparaíso,5604,El Quisco,1,1,30,569
5,Valparaíso,5604,El Quisco,1,1,35,553
5,Valparaíso,5604,El Quisco,2,1,35,63
5,Valparaíso,5604,El Quisco,1,1,40,497
5,Valparaíso,5604,El Quisco,2,1,40,74
5,Valparaíso,5604,El Quisco,1,1,45,432
5,Valparaíso,5604,El Quisco,2,1,45,49
5,Valparaíso,5604,El Quisco,2,1,50,61
5,Valparaíso,5604,El Quisco,1,1,50,482
5,Valparaíso,5604,El Quisco,2,1,55,70
5,Valparaíso,5604,El Quisco,1,1,55,499
5,Valparaíso,5604,El Quisco,1,1,60,539
5,Valparaíso,5604,El Quisco,2,1,60,58
5,Valparaíso,5604,El Quisco,2,1,65,61
5,Valparaíso,5604,El Quisco,1,1,65,619
5,Valparaíso,5604,El Quisco,2,1,70,59
5,Valparaíso,5604,El Quisco,1,1,70,526
5,Valparaíso,5604,El Quisco,2,1,75,36
5,Valparaíso,5604,El Quisco,1,1,75,416
5,Valparaíso,5604,El Quisco,1,1,80,251
5,Valparaíso,5604,El Quisco,2,1,80,19
5,Valparaíso,5604,El Quisco,1,1,85,178
5,Valparaíso,5604,El Quisco,2,1,85,3
5,Valparaíso,5604,El Quisco,1,2,0,313
5,Valparaíso,5604,El Quisco,2,2,0,35
5,Valparaíso,5604,El Quisco,2,2,5,57
5,Valparaíso,5604,El Quisco,1,2,5,480
5,Valparaíso,5604,El Quisco,1,2,10,491
5,Valparaíso,5604,El Quisco,2,2,10,57
5,Valparaíso,5604,El Quisco,1,2,15,454
5,Valparaíso,5604,El Quisco,2,2,15,45
5,Valparaíso,5604,El Quisco,2,2,20,28
5,Valparaíso,5604,El Quisco,1,2,20,387
5,Valparaíso,5604,El Quisco,1,2,25,474
5,Valparaíso,5604,El Quisco,2,2,25,37
5,Valparaíso,5604,El Quisco,1,2,30,550
5,Valparaíso,5604,El Quisco,2,2,30,54
5,Valparaíso,5604,El Quisco,2,2,35,64
5,Valparaíso,5604,El Quisco,1,2,35,584
5,Valparaíso,5604,El Quisco,2,2,40,72
5,Valparaíso,5604,El Quisco,1,2,40,528
5,Valparaíso,5604,El Quisco,2,2,45,63
5,Valparaíso,5604,El Quisco,1,2,45,503
5,Valparaíso,5604,El Quisco,2,2,50,66
5,Valparaíso,5604,El Quisco,1,2,50,518
5,Valparaíso,5604,El Quisco,1,2,55,570
5,Valparaíso,5604,El Quisco,2,2,55,64
5,Valparaíso,5604,El Quisco,2,2,60,63
5,Valparaíso,5604,El Quisco,1,2,60,729
5,Valparaíso,5604,El Quisco,1,2,65,718
5,Valparaíso,5604,El Quisco,2,2,65,64
5,Valparaíso,5604,El Quisco,1,2,70,595
5,Valparaíso,5604,El Quisco,2,2,70,56
5,Valparaíso,5604,El Quisco,1,2,75,516
5,Valparaíso,5604,El Quisco,2,2,75,23
5,Valparaíso,5604,El Quisco,1,2,80,334
5,Valparaíso,5604,El Quisco,2,2,80,20
5,Valparaíso,5604,El Quisco,2,2,85,14
5,Valparaíso,5604,El Quisco,1,2,85,257
5,Valparaíso,5605,El Tabo,1,1,0,314
5,Valparaíso,5605,El Tabo,2,1,0,11
5,Valparaíso,5605,El Tabo,2,1,5,22
5,Valparaíso,5605,El Tabo,1,1,5,396
5,Valparaíso,5605,El Tabo,1,1,10,426
5,Valparaíso,5605,El Tabo,2,1,10,23
5,Valparaíso,5605,El Tabo,2,1,15,17
5,Valparaíso,5605,El Tabo,1,1,15,375
5,Valparaíso,5605,El Tabo,2,1,20,15
5,Valparaíso,5605,El Tabo,1,1,20,336
5,Valparaíso,5605,El Tabo,1,1,25,379
5,Valparaíso,5605,El Tabo,2,1,25,19
5,Valparaíso,5605,El Tabo,2,1,30,22
5,Valparaíso,5605,El Tabo,1,1,30,484
5,Valparaíso,5605,El Tabo,2,1,35,19
5,Valparaíso,5605,El Tabo,1,1,35,491
5,Valparaíso,5605,El Tabo,2,1,40,33
5,Valparaíso,5605,El Tabo,1,1,40,479
5,Valparaíso,5605,El Tabo,2,1,45,21
5,Valparaíso,5605,El Tabo,1,1,45,413
5,Valparaíso,5605,El Tabo,1,1,50,475
5,Valparaíso,5605,El Tabo,2,1,50,19
5,Valparaíso,5605,El Tabo,1,1,55,503
5,Valparaíso,5605,El Tabo,2,1,55,22
5,Valparaíso,5605,El Tabo,1,1,60,578
5,Valparaíso,5605,El Tabo,2,1,60,32
5,Valparaíso,5605,El Tabo,2,1,65,37
5,Valparaíso,5605,El Tabo,1,1,65,576
5,Valparaíso,5605,El Tabo,1,1,70,551
5,Valparaíso,5605,El Tabo,2,1,70,18
5,Valparaíso,5605,El Tabo,2,1,75,14
5,Valparaíso,5605,El Tabo,1,1,75,390
5,Valparaíso,5605,El Tabo,2,1,80,9
5,Valparaíso,5605,El Tabo,1,1,80,238
5,Valparaíso,5605,El Tabo,2,1,85,8
5,Valparaíso,5605,El Tabo,1,1,85,150
5,Valparaíso,5605,El Tabo,2,2,0,14
5,Valparaíso,5605,El Tabo,1,2,0,307
5,Valparaíso,5605,El Tabo,2,2,5,14
5,Valparaíso,5605,El Tabo,1,2,5,426
5,Valparaíso,5605,El Tabo,2,2,10,33
5,Valparaíso,5605,El Tabo,1,2,10,420
5,Valparaíso,5605,El Tabo,1,2,15,360
5,Valparaíso,5605,El Tabo,2,2,15,19
5,Valparaíso,5605,El Tabo,1,2,20,314
5,Valparaíso,5605,El Tabo,2,2,20,12
5,Valparaíso,5605,El Tabo,1,2,25,378
5,Valparaíso,5605,El Tabo,2,2,25,13
5,Valparaíso,5605,El Tabo,2,2,30,26
5,Valparaíso,5605,El Tabo,1,2,30,509
5,Valparaíso,5605,El Tabo,1,2,35,478
5,Valparaíso,5605,El Tabo,2,2,35,18
5,Valparaíso,5605,El Tabo,1,2,40,421
5,Valparaíso,5605,El Tabo,2,2,40,27
5,Valparaíso,5605,El Tabo,1,2,45,416
5,Valparaíso,5605,El Tabo,2,2,45,23
5,Valparaíso,5605,El Tabo,2,2,50,27
5,Valparaíso,5605,El Tabo,1,2,50,444
5,Valparaíso,5605,El Tabo,2,2,55,26
5,Valparaíso,5605,El Tabo,1,2,55,571
5,Valparaíso,5605,El Tabo,1,2,60,724
5,Valparaíso,5605,El Tabo,2,2,60,33
5,Valparaíso,5605,El Tabo,2,2,65,32
5,Valparaíso,5605,El Tabo,1,2,65,718
5,Valparaíso,5605,El Tabo,2,2,70,21
5,Valparaíso,5605,El Tabo,1,2,70,610
5,Valparaíso,5605,El Tabo,2,2,75,14
5,Valparaíso,5605,El Tabo,1,2,75,405
5,Valparaíso,5605,El Tabo,1,2,80,275
5,Valparaíso,5605,El Tabo,2,2,80,11
5,Valparaíso,5605,El Tabo,2,2,85,8
5,Valparaíso,5605,El Tabo,1,2,85,198
5,Valparaíso,5606,Santo Domingo,1,1,0,171
5,Valparaíso,5606,Santo Domingo,2,1,0,147
5,Valparaíso,5606,Santo Domingo,2,1,5,203
5,Valparaíso,5606,Santo Domingo,1,1,5,229
5,Valparaíso,5606,Santo Domingo,1,1,10,212
5,Valparaíso,5606,Santo Domingo,2,1,10,237
5,Valparaíso,5606,Santo Domingo,1,1,15,203
5,Valparaíso,5606,Santo Domingo,2,1,15,200
5,Valparaíso,5606,Santo Domingo,1,1,20,147
5,Valparaíso,5606,Santo Domingo,2,1,20,121
5,Valparaíso,5606,Santo Domingo,1,1,25,204
5,Valparaíso,5606,Santo Domingo,2,1,25,146
5,Valparaíso,5606,Santo Domingo,1,1,30,200
5,Valparaíso,5606,Santo Domingo,2,1,30,180
5,Valparaíso,5606,Santo Domingo,2,1,35,237
5,Valparaíso,5606,Santo Domingo,1,1,35,236
5,Valparaíso,5606,Santo Domingo,2,1,40,218
5,Valparaíso,5606,Santo Domingo,1,1,40,246
5,Valparaíso,5606,Santo Domingo,2,1,45,206
5,Valparaíso,5606,Santo Domingo,1,1,45,222
5,Valparaíso,5606,Santo Domingo,2,1,50,241
5,Valparaíso,5606,Santo Domingo,1,1,50,202
5,Valparaíso,5606,Santo Domingo,1,1,55,187
5,Valparaíso,5606,Santo Domingo,2,1,55,231
5,Valparaíso,5606,Santo Domingo,2,1,60,227
5,Valparaíso,5606,Santo Domingo,1,1,60,196
5,Valparaíso,5606,Santo Domingo,1,1,65,188
5,Valparaíso,5606,Santo Domingo,2,1,65,215
5,Valparaíso,5606,Santo Domingo,1,1,70,143
5,Valparaíso,5606,Santo Domingo,2,1,70,168
5,Valparaíso,5606,Santo Domingo,1,1,75,123
5,Valparaíso,5606,Santo Domingo,2,1,75,108
5,Valparaíso,5606,Santo Domingo,1,1,80,79
5,Valparaíso,5606,Santo Domingo,2,1,80,73
5,Valparaíso,5606,Santo Domingo,2,1,85,41
5,Valparaíso,5606,Santo Domingo,1,1,85,50
5,Valparaíso,5606,Santo Domingo,2,2,0,155
5,Valparaíso,5606,Santo Domingo,1,2,0,162
5,Valparaíso,5606,Santo Domingo,1,2,5,241
5,Valparaíso,5606,Santo Domingo,2,2,5,190
5,Valparaíso,5606,Santo Domingo,1,2,10,234
5,Valparaíso,5606,Santo Domingo,2,2,10,201
5,Valparaíso,5606,Santo Domingo,1,2,15,187
5,Valparaíso,5606,Santo Domingo,2,2,15,170
5,Valparaíso,5606,Santo Domingo,2,2,20,138
5,Valparaíso,5606,Santo Domingo,1,2,20,165
5,Valparaíso,5606,Santo Domingo,1,2,25,186
5,Valparaíso,5606,Santo Domingo,2,2,25,140
5,Valparaíso,5606,Santo Domingo,1,2,30,222
5,Valparaíso,5606,Santo Domingo,2,2,30,203
5,Valparaíso,5606,Santo Domingo,2,2,35,257
5,Valparaíso,5606,Santo Domingo,1,2,35,282
5,Valparaíso,5606,Santo Domingo,1,2,40,277
5,Valparaíso,5606,Santo Domingo,2,2,40,244
5,Valparaíso,5606,Santo Domingo,1,2,45,265
5,Valparaíso,5606,Santo Domingo,2,2,45,217
5,Valparaíso,5606,Santo Domingo,2,2,50,188
5,Valparaíso,5606,Santo Domingo,1,2,50,220
5,Valparaíso,5606,Santo Domingo,2,2,55,221
5,Valparaíso,5606,Santo Domingo,1,2,55,237
5,Valparaíso,5606,Santo Domingo,2,2,60,223
5,Valparaíso,5606,Santo Domingo,1,2,60,223
5,Valparaíso,5606,Santo Domingo,1,2,65,236
5,Valparaíso,5606,Santo Domingo,2,2,65,201
5,Valparaíso,5606,Santo Domingo,2,2,70,146
5,Valparaíso,5606,Santo Domingo,1,2,70,173
5,Valparaíso,5606,Santo Domingo,1,2,75,133
5,Valparaíso,5606,Santo Domingo,2,2,75,101
5,Valparaíso,5606,Santo Domingo,1,2,80,88
5,Valparaíso,5606,Santo Domingo,2,2,80,52
5,Valparaíso,5606,Santo Domingo,1,2,85,97
5,Valparaíso,5606,Santo Domingo,2,2,85,59
5,Valparaíso,5701,San Felipe,1,1,0,1768
5,Valparaíso,5701,San Felipe,2,1,0,259
5,Valparaíso,5701,San Felipe,2,1,5,341
5,Valparaíso,5701,San Felipe,1,1,5,2334
5,Valparaíso,5701,San Felipe,2,1,10,385
5,Valparaíso,5701,San Felipe,1,1,10,2542
5,Valparaíso,5701,San Felipe,2,1,15,355
5,Valparaíso,5701,San Felipe,1,1,15,2321
5,Valparaíso,5701,San Felipe,1,1,20,2390
5,Valparaíso,5701,San Felipe,2,1,20,332
5,Valparaíso,5701,San Felipe,2,1,25,343
5,Valparaíso,5701,San Felipe,1,1,25,2709
5,Valparaíso,5701,San Felipe,1,1,30,2949
5,Valparaíso,5701,San Felipe,2,1,30,388
5,Valparaíso,5701,San Felipe,2,1,35,336
5,Valparaíso,5701,San Felipe,1,1,35,2723
5,Valparaíso,5701,San Felipe,1,1,40,2366
5,Valparaíso,5701,San Felipe,2,1,40,355
5,Valparaíso,5701,San Felipe,1,1,45,1960
5,Valparaíso,5701,San Felipe,2,1,45,323
5,Valparaíso,5701,San Felipe,2,1,50,354
5,Valparaíso,5701,San Felipe,1,1,50,1895
5,Valparaíso,5701,San Felipe,1,1,55,1820
5,Valparaíso,5701,San Felipe,2,1,55,403
5,Valparaíso,5701,San Felipe,2,1,60,382
5,Valparaíso,5701,San Felipe,1,1,60,1703
5,Valparaíso,5701,San Felipe,1,1,65,1462
5,Valparaíso,5701,San Felipe,2,1,65,306
5,Valparaíso,5701,San Felipe,1,1,70,1066
5,Valparaíso,5701,San Felipe,2,1,70,224
5,Valparaíso,5701,San Felipe,1,1,75,711
5,Valparaíso,5701,San Felipe,2,1,75,161
5,Valparaíso,5701,San Felipe,2,1,80,118
5,Valparaíso,5701,San Felipe,1,1,80,435
5,Valparaíso,5701,San Felipe,2,1,85,68
5,Valparaíso,5701,San Felipe,1,1,85,334
5,Valparaíso,5701,San Felipe,2,2,0,245
5,Valparaíso,5701,San Felipe,1,2,0,1745
5,Valparaíso,5701,San Felipe,2,2,5,317
5,Valparaíso,5701,San Felipe,1,2,5,2212
5,Valparaíso,5701,San Felipe,1,2,10,2447
5,Valparaíso,5701,San Felipe,2,2,10,389
5,Valparaíso,5701,San Felipe,1,2,15,2294
5,Valparaíso,5701,San Felipe,2,2,15,336
5,Valparaíso,5701,San Felipe,2,2,20,322
5,Valparaíso,5701,San Felipe,1,2,20,2352
5,Valparaíso,5701,San Felipe,2,2,25,341
5,Valparaíso,5701,San Felipe,1,2,25,2706
5,Valparaíso,5701,San Felipe,2,2,30,373
5,Valparaíso,5701,San Felipe,1,2,30,2959
5,Valparaíso,5701,San Felipe,1,2,35,2806
5,Valparaíso,5701,San Felipe,2,2,35,368
5,Valparaíso,5701,San Felipe,1,2,40,2516
5,Valparaíso,5701,San Felipe,2,2,40,342
5,Valparaíso,5701,San Felipe,1,2,45,2164
5,Valparaíso,5701,San Felipe,2,2,45,343
5,Valparaíso,5701,San Felipe,1,2,50,2112
5,Valparaíso,5701,San Felipe,2,2,50,340
5,Valparaíso,5701,San Felipe,2,2,55,399
5,Valparaíso,5701,San Felipe,1,2,55,2182
5,Valparaíso,5701,San Felipe,1,2,60,2143
5,Valparaíso,5701,San Felipe,2,2,60,416
5,Valparaíso,5701,San Felipe,2,2,65,284
5,Valparaíso,5701,San Felipe,1,2,65,1698
5,Valparaíso,5701,San Felipe,2,2,70,227
5,Valparaíso,5701,San Felipe,1,2,70,1347
5,Valparaíso,5701,San Felipe,2,2,75,158
5,Valparaíso,5701,San Felipe,1,2,75,1001
5,Valparaíso,5701,San Felipe,2,2,80,109
5,Valparaíso,5701,San Felipe,1,2,80,709
5,Valparaíso,5701,San Felipe,1,2,85,688
5,Valparaíso,5701,San Felipe,2,2,85,102
5,Valparaíso,5702,Catemu,1,1,0,192
5,Valparaíso,5702,Catemu,2,1,0,117
5,Valparaíso,5702,Catemu,1,1,5,238
5,Valparaíso,5702,Catemu,2,1,5,188
5,Valparaíso,5702,Catemu,1,1,10,284
5,Valparaíso,5702,Catemu,2,1,10,207
5,Valparaíso,5702,Catemu,2,1,15,172
5,Valparaíso,5702,Catemu,1,1,15,286
5,Valparaíso,5702,Catemu,2,1,20,166
5,Valparaíso,5702,Catemu,1,1,20,272
5,Valparaíso,5702,Catemu,2,1,25,179
5,Valparaíso,5702,Catemu,1,1,25,256
5,Valparaíso,5702,Catemu,1,1,30,257
5,Valparaíso,5702,Catemu,2,1,30,185
5,Valparaíso,5702,Catemu,2,1,35,181
5,Valparaíso,5702,Catemu,1,1,35,281
5,Valparaíso,5702,Catemu,2,1,40,162
5,Valparaíso,5702,Catemu,1,1,40,261
5,Valparaíso,5702,Catemu,2,1,45,189
5,Valparaíso,5702,Catemu,1,1,45,268
5,Valparaíso,5702,Catemu,2,1,50,182
5,Valparaíso,5702,Catemu,1,1,50,259
5,Valparaíso,5702,Catemu,1,1,55,229
5,Valparaíso,5702,Catemu,2,1,55,195
5,Valparaíso,5702,Catemu,1,1,60,222
5,Valparaíso,5702,Catemu,2,1,60,193
5,Valparaíso,5702,Catemu,1,1,65,199
5,Valparaíso,5702,Catemu,2,1,65,167
5,Valparaíso,5702,Catemu,2,1,70,134
5,Valparaíso,5702,Catemu,1,1,70,168
5,Valparaíso,5702,Catemu,2,1,75,92
5,Valparaíso,5702,Catemu,1,1,75,110
5,Valparaíso,5702,Catemu,1,1,80,87
5,Valparaíso,5702,Catemu,2,1,80,60
5,Valparaíso,5702,Catemu,2,1,85,48
5,Valparaíso,5702,Catemu,1,1,85,42
5,Valparaíso,5702,Catemu,2,2,0,132
5,Valparaíso,5702,Catemu,1,2,0,175
5,Valparaíso,5702,Catemu,2,2,5,162
5,Valparaíso,5702,Catemu,1,2,5,268
5,Valparaíso,5702,Catemu,1,2,10,293
5,Valparaíso,5702,Catemu,2,2,10,189
5,Valparaíso,5702,Catemu,1,2,15,276
5,Valparaíso,5702,Catemu,2,2,15,180
5,Valparaíso,5702,Catemu,2,2,20,162
5,Valparaíso,5702,Catemu,1,2,20,227
5,Valparaíso,5702,Catemu,2,2,25,161
5,Valparaíso,5702,Catemu,1,2,25,261
5,Valparaíso,5702,Catemu,1,2,30,308
5,Valparaíso,5702,Catemu,2,2,30,195
5,Valparaíso,5702,Catemu,2,2,35,192
5,Valparaíso,5702,Catemu,1,2,35,293
5,Valparaíso,5702,Catemu,2,2,40,202
5,Valparaíso,5702,Catemu,1,2,40,291
5,Valparaíso,5702,Catemu,2,2,45,177
5,Valparaíso,5702,Catemu,1,2,45,292
5,Valparaíso,5702,Catemu,1,2,50,286
5,Valparaíso,5702,Catemu,2,2,50,185
5,Valparaíso,5702,Catemu,2,2,55,185
5,Valparaíso,5702,Catemu,1,2,55,283
5,Valparaíso,5702,Catemu,1,2,60,258
5,Valparaíso,5702,Catemu,2,2,60,214
5,Valparaíso,5702,Catemu,1,2,65,223
5,Valparaíso,5702,Catemu,2,2,65,144
5,Valparaíso,5702,Catemu,1,2,70,177
5,Valparaíso,5702,Catemu,2,2,70,122
5,Valparaíso,5702,Catemu,1,2,75,132
5,Valparaíso,5702,Catemu,2,2,75,91
5,Valparaíso,5702,Catemu,1,2,80,90
5,Valparaíso,5702,Catemu,2,2,80,72
5,Valparaíso,5702,Catemu,2,2,85,64
5,Valparaíso,5702,Catemu,1,2,85,70
5,Valparaíso,5703,Llay Llay,1,1,0,450
5,Valparaíso,5703,Llay Llay,2,1,0,228
5,Valparaíso,5703,Llay Llay,1,1,5,594
5,Valparaíso,5703,Llay Llay,2,1,5,292
5,Valparaíso,5703,Llay Llay,1,1,10,694
5,Valparaíso,5703,Llay Llay,2,1,10,337
5,Valparaíso,5703,Llay Llay,2,1,15,263
5,Valparaíso,5703,Llay Llay,1,1,15,558
5,Valparaíso,5703,Llay Llay,1,1,20,534
5,Valparaíso,5703,Llay Llay,2,1,20,234
5,Valparaíso,5703,Llay Llay,2,1,25,276
5,Valparaíso,5703,Llay Llay,1,1,25,594
5,Valparaíso,5703,Llay Llay,1,1,30,637
5,Valparaíso,5703,Llay Llay,2,1,30,274
5,Valparaíso,5703,Llay Llay,2,1,35,307
5,Valparaíso,5703,Llay Llay,1,1,35,637
5,Valparaíso,5703,Llay Llay,2,1,40,272
5,Valparaíso,5703,Llay Llay,1,1,40,511
5,Valparaíso,5703,Llay Llay,2,1,45,220
5,Valparaíso,5703,Llay Llay,1,1,45,493
5,Valparaíso,5703,Llay Llay,2,1,50,247
5,Valparaíso,5703,Llay Llay,1,1,50,521
5,Valparaíso,5703,Llay Llay,1,1,55,551
5,Valparaíso,5703,Llay Llay,2,1,55,271
5,Valparaíso,5703,Llay Llay,2,1,60,242
5,Valparaíso,5703,Llay Llay,1,1,60,531
5,Valparaíso,5703,Llay Llay,1,1,65,433
5,Valparaíso,5703,Llay Llay,2,1,65,182
5,Valparaíso,5703,Llay Llay,1,1,70,332
5,Valparaíso,5703,Llay Llay,2,1,70,131
5,Valparaíso,5703,Llay Llay,1,1,75,229
5,Valparaíso,5703,Llay Llay,2,1,75,101
5,Valparaíso,5703,Llay Llay,1,1,80,137
5,Valparaíso,5703,Llay Llay,2,1,80,60
5,Valparaíso,5703,Llay Llay,2,1,85,33
5,Valparaíso,5703,Llay Llay,1,1,85,132
5,Valparaíso,5703,Llay Llay,1,2,0,390
5,Valparaíso,5703,Llay Llay,2,2,0,228
5,Valparaíso,5703,Llay Llay,1,2,5,590
5,Valparaíso,5703,Llay Llay,2,2,5,284
5,Valparaíso,5703,Llay Llay,1,2,10,592
5,Valparaíso,5703,Llay Llay,2,2,10,303
5,Valparaíso,5703,Llay Llay,2,2,15,241
5,Valparaíso,5703,Llay Llay,1,2,15,510
5,Valparaíso,5703,Llay Llay,2,2,20,254
5,Valparaíso,5703,Llay Llay,1,2,20,518
5,Valparaíso,5703,Llay Llay,1,2,25,582
5,Valparaíso,5703,Llay Llay,2,2,25,248
5,Valparaíso,5703,Llay Llay,2,2,30,287
5,Valparaíso,5703,Llay Llay,1,2,30,747
5,Valparaíso,5703,Llay Llay,1,2,35,639
5,Valparaíso,5703,Llay Llay,2,2,35,307
5,Valparaíso,5703,Llay Llay,1,2,40,552
5,Valparaíso,5703,Llay Llay,2,2,40,278
5,Valparaíso,5703,Llay Llay,2,2,45,256
5,Valparaíso,5703,Llay Llay,1,2,45,575
5,Valparaíso,5703,Llay Llay,2,2,50,257
5,Valparaíso,5703,Llay Llay,1,2,50,591
5,Valparaíso,5703,Llay Llay,1,2,55,588
5,Valparaíso,5703,Llay Llay,2,2,55,237
5,Valparaíso,5703,Llay Llay,2,2,60,200
5,Valparaíso,5703,Llay Llay,1,2,60,590
5,Valparaíso,5703,Llay Llay,2,2,65,181
5,Valparaíso,5703,Llay Llay,1,2,65,518
5,Valparaíso,5703,Llay Llay,1,2,70,394
5,Valparaíso,5703,Llay Llay,2,2,70,122
5,Valparaíso,5703,Llay Llay,1,2,75,296
5,Valparaíso,5703,Llay Llay,2,2,75,96
5,Valparaíso,5703,Llay Llay,1,2,80,203
5,Valparaíso,5703,Llay Llay,2,2,80,55
5,Valparaíso,5703,Llay Llay,1,2,85,184
5,Valparaíso,5703,Llay Llay,2,2,85,53
5,Valparaíso,5704,Panquehue,2,1,0,117
5,Valparaíso,5704,Panquehue,1,1,0,52
5,Valparaíso,5704,Panquehue,1,1,5,82
5,Valparaíso,5704,Panquehue,2,1,5,189
5,Valparaíso,5704,Panquehue,1,1,10,79
5,Valparaíso,5704,Panquehue,2,1,10,186
5,Valparaíso,5704,Panquehue,1,1,15,81
5,Valparaíso,5704,Panquehue,2,1,15,168
5,Valparaíso,5704,Panquehue,2,1,20,137
5,Valparaíso,5704,Panquehue,1,1,20,86
5,Valparaíso,5704,Panquehue,2,1,25,161
5,Valparaíso,5704,Panquehue,1,1,25,70
5,Valparaíso,5704,Panquehue,2,1,30,148
5,Valparaíso,5704,Panquehue,1,1,30,88
5,Valparaíso,5704,Panquehue,2,1,35,162
5,Valparaíso,5704,Panquehue,1,1,35,75
5,Valparaíso,5704,Panquehue,2,1,40,160
5,Valparaíso,5704,Panquehue,1,1,40,85
5,Valparaíso,5704,Panquehue,2,1,45,156
5,Valparaíso,5704,Panquehue,1,1,45,72
5,Valparaíso,5704,Panquehue,1,1,50,74
5,Valparaíso,5704,Panquehue,2,1,50,161
5,Valparaíso,5704,Panquehue,2,1,55,146
5,Valparaíso,5704,Panquehue,1,1,55,89
5,Valparaíso,5704,Panquehue,1,1,60,89
5,Valparaíso,5704,Panquehue,2,1,60,126
5,Valparaíso,5704,Panquehue,2,1,65,113
5,Valparaíso,5704,Panquehue,1,1,65,90
5,Valparaíso,5704,Panquehue,2,1,70,79
5,Valparaíso,5704,Panquehue,1,1,70,68
5,Valparaíso,5704,Panquehue,2,1,75,53
5,Valparaíso,5704,Panquehue,1,1,75,47
5,Valparaíso,5704,Panquehue,2,1,80,32
5,Valparaíso,5704,Panquehue,1,1,80,24
5,Valparaíso,5704,Panquehue,2,1,85,19
5,Valparaíso,5704,Panquehue,1,1,85,18
5,Valparaíso,5704,Panquehue,2,2,0,111
5,Valparaíso,5704,Panquehue,1,2,0,48
5,Valparaíso,5704,Panquehue,2,2,5,153
5,Valparaíso,5704,Panquehue,1,2,5,64
5,Valparaíso,5704,Panquehue,1,2,10,66
5,Valparaíso,5704,Panquehue,2,2,10,166
5,Valparaíso,5704,Panquehue,1,2,15,82
5,Valparaíso,5704,Panquehue,2,2,15,203
5,Valparaíso,5704,Panquehue,2,2,20,152
5,Valparaíso,5704,Panquehue,1,2,20,75
5,Valparaíso,5704,Panquehue,1,2,25,82
5,Valparaíso,5704,Panquehue,2,2,25,139
5,Valparaíso,5704,Panquehue,2,2,30,181
5,Valparaíso,5704,Panquehue,1,2,30,85
5,Valparaíso,5704,Panquehue,1,2,35,79
5,Valparaíso,5704,Panquehue,2,2,35,194
5,Valparaíso,5704,Panquehue,2,2,40,159
5,Valparaíso,5704,Panquehue,1,2,40,81
5,Valparaíso,5704,Panquehue,1,2,45,68
5,Valparaíso,5704,Panquehue,2,2,45,184
5,Valparaíso,5704,Panquehue,1,2,50,87
5,Valparaíso,5704,Panquehue,2,2,50,156
5,Valparaíso,5704,Panquehue,2,2,55,159
5,Valparaíso,5704,Panquehue,1,2,55,97
5,Valparaíso,5704,Panquehue,2,2,60,159
5,Valparaíso,5704,Panquehue,1,2,60,99
5,Valparaíso,5704,Panquehue,2,2,65,90
5,Valparaíso,5704,Panquehue,1,2,65,90
5,Valparaíso,5704,Panquehue,1,2,70,68
5,Valparaíso,5704,Panquehue,2,2,70,71
5,Valparaíso,5704,Panquehue,2,2,75,57
5,Valparaíso,5704,Panquehue,1,2,75,73
5,Valparaíso,5704,Panquehue,2,2,80,28
5,Valparaíso,5704,Panquehue,1,2,80,27
5,Valparaíso,5704,Panquehue,1,2,85,24
5,Valparaíso,5704,Panquehue,2,2,85,30
5,Valparaíso,5705,Putaendo,1,1,0,165
5,Valparaíso,5705,Putaendo,2,1,0,213
5,Valparaíso,5705,Putaendo,2,1,5,324
5,Valparaíso,5705,Putaendo,1,1,5,251
5,Valparaíso,5705,Putaendo,1,1,10,252
5,Valparaíso,5705,Putaendo,2,1,10,334
5,Valparaíso,5705,Putaendo,2,1,15,304
5,Valparaíso,5705,Putaendo,1,1,15,242
5,Valparaíso,5705,Putaendo,1,1,20,252
5,Valparaíso,5705,Putaendo,2,1,20,298
5,Valparaíso,5705,Putaendo,2,1,25,329
5,Valparaíso,5705,Putaendo,1,1,25,263
5,Valparaíso,5705,Putaendo,1,1,30,266
5,Valparaíso,5705,Putaendo,2,1,30,296
5,Valparaíso,5705,Putaendo,1,1,35,237
5,Valparaíso,5705,Putaendo,2,1,35,307
5,Valparaíso,5705,Putaendo,1,1,40,233
5,Valparaíso,5705,Putaendo,2,1,40,322
5,Valparaíso,5705,Putaendo,1,1,45,210
5,Valparaíso,5705,Putaendo,2,1,45,294
5,Valparaíso,5705,Putaendo,2,1,50,314
5,Valparaíso,5705,Putaendo,1,1,50,235
5,Valparaíso,5705,Putaendo,1,1,55,237
5,Valparaíso,5705,Putaendo,2,1,55,334
5,Valparaíso,5705,Putaendo,1,1,60,223
5,Valparaíso,5705,Putaendo,2,1,60,353
5,Valparaíso,5705,Putaendo,1,1,65,198
5,Valparaíso,5705,Putaendo,2,1,65,291
5,Valparaíso,5705,Putaendo,2,1,70,216
5,Valparaíso,5705,Putaendo,1,1,70,140
5,Valparaíso,5705,Putaendo,1,1,75,123
5,Valparaíso,5705,Putaendo,2,1,75,150
5,Valparaíso,5705,Putaendo,2,1,80,103
5,Valparaíso,5705,Putaendo,1,1,80,81
5,Valparaíso,5705,Putaendo,1,1,85,57
5,Valparaíso,5705,Putaendo,2,1,85,84
5,Valparaíso,5705,Putaendo,1,2,0,175
5,Valparaíso,5705,Putaendo,2,2,0,191
5,Valparaíso,5705,Putaendo,2,2,5,291
5,Valparaíso,5705,Putaendo,1,2,5,246
5,Valparaíso,5705,Putaendo,1,2,10,263
5,Valparaíso,5705,Putaendo,2,2,10,347
5,Valparaíso,5705,Putaendo,2,2,15,306
5,Valparaíso,5705,Putaendo,1,2,15,211
5,Valparaíso,5705,Putaendo,1,2,20,246
5,Valparaíso,5705,Putaendo,2,2,20,267
5,Valparaíso,5705,Putaendo,2,2,25,290
5,Valparaíso,5705,Putaendo,1,2,25,250
5,Valparaíso,5705,Putaendo,1,2,30,290
5,Valparaíso,5705,Putaendo,2,2,30,343
5,Valparaíso,5705,Putaendo,1,2,35,279
5,Valparaíso,5705,Putaendo,2,2,35,304
5,Valparaíso,5705,Putaendo,1,2,40,245
5,Valparaíso,5705,Putaendo,2,2,40,335
5,Valparaíso,5705,Putaendo,1,2,45,240
5,Valparaíso,5705,Putaendo,2,2,45,279
5,Valparaíso,5705,Putaendo,1,2,50,266
5,Valparaíso,5705,Putaendo,2,2,50,298
5,Valparaíso,5705,Putaendo,1,2,55,294
5,Valparaíso,5705,Putaendo,2,2,55,350
5,Valparaíso,5705,Putaendo,2,2,60,318
5,Valparaíso,5705,Putaendo,1,2,60,272
5,Valparaíso,5705,Putaendo,1,2,65,221
5,Valparaíso,5705,Putaendo,2,2,65,259
5,Valparaíso,5705,Putaendo,2,2,70,208
5,Valparaíso,5705,Putaendo,1,2,70,183
5,Valparaíso,5705,Putaendo,1,2,75,146
5,Valparaíso,5705,Putaendo,2,2,75,143
5,Valparaíso,5705,Putaendo,2,2,80,111
5,Valparaíso,5705,Putaendo,1,2,80,119
5,Valparaíso,5705,Putaendo,1,2,85,114
5,Valparaíso,5705,Putaendo,2,2,85,105
5,Valparaíso,5706,Santa María,2,1,0,125
5,Valparaíso,5706,Santa María,1,1,0,204
5,Valparaíso,5706,Santa María,1,1,5,293
5,Valparaíso,5706,Santa María,2,1,5,172
5,Valparaíso,5706,Santa María,2,1,10,220
5,Valparaíso,5706,Santa María,1,1,10,360
5,Valparaíso,5706,Santa María,1,1,15,307
5,Valparaíso,5706,Santa María,2,1,15,217
5,Valparaíso,5706,Santa María,2,1,20,185
5,Valparaíso,5706,Santa María,1,1,20,309
5,Valparaíso,5706,Santa María,2,1,25,174
5,Valparaíso,5706,Santa María,1,1,25,323
5,Valparaíso,5706,Santa María,2,1,30,184
5,Valparaíso,5706,Santa María,1,1,30,311
5,Valparaíso,5706,Santa María,1,1,35,286
5,Valparaíso,5706,Santa María,2,1,35,189
5,Valparaíso,5706,Santa María,1,1,40,292
5,Valparaíso,5706,Santa María,2,1,40,181
5,Valparaíso,5706,Santa María,1,1,45,221
5,Valparaíso,5706,Santa María,2,1,45,184
5,Valparaíso,5706,Santa María,1,1,50,270
5,Valparaíso,5706,Santa María,2,1,50,171
5,Valparaíso,5706,Santa María,2,1,55,204
5,Valparaíso,5706,Santa María,1,1,55,290
5,Valparaíso,5706,Santa María,2,1,60,221
5,Valparaíso,5706,Santa María,1,1,60,259
5,Valparaíso,5706,Santa María,2,1,65,179
5,Valparaíso,5706,Santa María,1,1,65,238
5,Valparaíso,5706,Santa María,2,1,70,140
5,Valparaíso,5706,Santa María,1,1,70,182
5,Valparaíso,5706,Santa María,2,1,75,83
5,Valparaíso,5706,Santa María,1,1,75,115
5,Valparaíso,5706,Santa María,2,1,80,48
5,Valparaíso,5706,Santa María,1,1,80,94
5,Valparaíso,5706,Santa María,1,1,85,54
5,Valparaíso,5706,Santa María,2,1,85,40
5,Valparaíso,5706,Santa María,1,2,0,194
5,Valparaíso,5706,Santa María,2,2,0,114
5,Valparaíso,5706,Santa María,2,2,5,173
5,Valparaíso,5706,Santa María,1,2,5,306
5,Valparaíso,5706,Santa María,1,2,10,351
5,Valparaíso,5706,Santa María,2,2,10,201
5,Valparaíso,5706,Santa María,2,2,15,172
5,Valparaíso,5706,Santa María,1,2,15,311
5,Valparaíso,5706,Santa María,2,2,20,162
5,Valparaíso,5706,Santa María,1,2,20,316
5,Valparaíso,5706,Santa María,2,2,25,194
5,Valparaíso,5706,Santa María,1,2,25,307
5,Valparaíso,5706,Santa María,2,2,30,200
5,Valparaíso,5706,Santa María,1,2,30,337
5,Valparaíso,5706,Santa María,1,2,35,355
5,Valparaíso,5706,Santa María,2,2,35,199
5,Valparaíso,5706,Santa María,2,2,40,177
5,Valparaíso,5706,Santa María,1,2,40,358
5,Valparaíso,5706,Santa María,2,2,45,198
5,Valparaíso,5706,Santa María,1,2,45,291
5,Valparaíso,5706,Santa María,1,2,50,304
5,Valparaíso,5706,Santa María,2,2,50,169
5,Valparaíso,5706,Santa María,1,2,55,347
5,Valparaíso,5706,Santa María,2,2,55,223
5,Valparaíso,5706,Santa María,1,2,60,337
5,Valparaíso,5706,Santa María,2,2,60,220
5,Valparaíso,5706,Santa María,2,2,65,162
5,Valparaíso,5706,Santa María,1,2,65,245
5,Valparaíso,5706,Santa María,1,2,70,202
5,Valparaíso,5706,Santa María,2,2,70,128
5,Valparaíso,5706,Santa María,2,2,75,84
5,Valparaíso,5706,Santa María,1,2,75,148
5,Valparaíso,5706,Santa María,2,2,80,68
5,Valparaíso,5706,Santa María,1,2,80,104
5,Valparaíso,5706,Santa María,1,2,85,102
5,Valparaíso,5706,Santa María,2,2,85,50
5,Valparaíso,5801,Quilpué,2,1,0,74
5,Valparaíso,5801,Quilpué,1,1,0,3106
5,Valparaíso,5801,Quilpué,1,1,5,4587
5,Valparaíso,5801,Quilpué,2,1,5,114
5,Valparaíso,5801,Quilpué,1,1,10,4953
5,Valparaíso,5801,Quilpué,2,1,10,107
5,Valparaíso,5801,Quilpué,1,1,15,5240
5,Valparaíso,5801,Quilpué,2,1,15,101
5,Valparaíso,5801,Quilpué,2,1,20,99
5,Valparaíso,5801,Quilpué,1,1,20,5571
5,Valparaíso,5801,Quilpué,1,1,25,5690
5,Valparaíso,5801,Quilpué,2,1,25,89
5,Valparaíso,5801,Quilpué,2,1,30,117
5,Valparaíso,5801,Quilpué,1,1,30,5963
5,Valparaíso,5801,Quilpué,1,1,35,5446
5,Valparaíso,5801,Quilpué,2,1,35,117
5,Valparaíso,5801,Quilpué,1,1,40,4953
5,Valparaíso,5801,Quilpué,2,1,40,126
5,Valparaíso,5801,Quilpué,1,1,45,4538
5,Valparaíso,5801,Quilpué,2,1,45,130
5,Valparaíso,5801,Quilpué,2,1,50,130
5,Valparaíso,5801,Quilpué,1,1,50,4619
5,Valparaíso,5801,Quilpué,2,1,55,130
5,Valparaíso,5801,Quilpué,1,1,55,4566
5,Valparaíso,5801,Quilpué,1,1,60,4551
5,Valparaíso,5801,Quilpué,2,1,60,138
5,Valparaíso,5801,Quilpué,2,1,65,142
5,Valparaíso,5801,Quilpué,1,1,65,3855
5,Valparaíso,5801,Quilpué,1,1,70,2974
5,Valparaíso,5801,Quilpué,2,1,70,104
5,Valparaíso,5801,Quilpué,2,1,75,76
5,Valparaíso,5801,Quilpué,1,1,75,2200
5,Valparaíso,5801,Quilpué,1,1,80,1355
5,Valparaíso,5801,Quilpué,2,1,80,49
5,Valparaíso,5801,Quilpué,1,1,85,1115
5,Valparaíso,5801,Quilpué,2,1,85,24
5,Valparaíso,5801,Quilpué,1,2,0,3069
5,Valparaíso,5801,Quilpué,2,2,0,74
5,Valparaíso,5801,Quilpué,2,2,5,109
5,Valparaíso,5801,Quilpué,1,2,5,4281
5,Valparaíso,5801,Quilpué,2,2,10,109
5,Valparaíso,5801,Quilpué,1,2,10,4874
5,Valparaíso,5801,Quilpué,1,2,15,4800
5,Valparaíso,5801,Quilpué,2,2,15,92
5,Valparaíso,5801,Quilpué,2,2,20,92
5,Valparaíso,5801,Quilpué,1,2,20,5292
5,Valparaíso,5801,Quilpué,1,2,25,5685
5,Valparaíso,5801,Quilpué,2,2,25,95
5,Valparaíso,5801,Quilpué,2,2,30,95
5,Valparaíso,5801,Quilpué,1,2,30,6080
5,Valparaíso,5801,Quilpué,2,2,35,97
5,Valparaíso,5801,Quilpué,1,2,35,5688
5,Valparaíso,5801,Quilpué,2,2,40,116
5,Valparaíso,5801,Quilpué,1,2,40,5464
5,Valparaíso,5801,Quilpué,2,2,45,143
5,Valparaíso,5801,Quilpué,1,2,45,5122
5,Valparaíso,5801,Quilpué,1,2,50,5438
5,Valparaíso,5801,Quilpué,2,2,50,119
5,Valparaíso,5801,Quilpué,1,2,55,5686
5,Valparaíso,5801,Quilpué,2,2,55,123
5,Valparaíso,5801,Quilpué,1,2,60,5723
5,Valparaíso,5801,Quilpué,2,2,60,123
5,Valparaíso,5801,Quilpué,2,2,65,129
5,Valparaíso,5801,Quilpué,1,2,65,4836
5,Valparaíso,5801,Quilpué,1,2,70,3820
5,Valparaíso,5801,Quilpué,2,2,70,95
5,Valparaíso,5801,Quilpué,2,2,75,52
5,Valparaíso,5801,Quilpué,1,2,75,3105
5,Valparaíso,5801,Quilpué,2,2,80,43
5,Valparaíso,5801,Quilpué,1,2,80,2313
5,Valparaíso,5801,Quilpué,2,2,85,37
5,Valparaíso,5801,Quilpué,1,2,85,2391
5,Valparaíso,5802,Limache,1,1,0,1142
5,Valparaíso,5802,Limache,2,1,0,285
5,Valparaíso,5802,Limache,2,1,5,405
5,Valparaíso,5802,Limache,1,1,5,1423
5,Valparaíso,5802,Limache,2,1,10,424
5,Valparaíso,5802,Limache,1,1,10,1638
5,Valparaíso,5802,Limache,2,1,15,371
5,Valparaíso,5802,Limache,1,1,15,1577
5,Valparaíso,5802,Limache,1,1,20,1468
5,Valparaíso,5802,Limache,2,1,20,338
5,Valparaíso,5802,Limache,1,1,25,1564
5,Valparaíso,5802,Limache,2,1,25,318
5,Valparaíso,5802,Limache,2,1,30,369
5,Valparaíso,5802,Limache,1,1,30,1774
5,Valparaíso,5802,Limache,1,1,35,1569
5,Valparaíso,5802,Limache,2,1,35,396
5,Valparaíso,5802,Limache,1,1,40,1434
5,Valparaíso,5802,Limache,2,1,40,437
5,Valparaíso,5802,Limache,1,1,45,1246
5,Valparaíso,5802,Limache,2,1,45,401
5,Valparaíso,5802,Limache,1,1,50,1304
5,Valparaíso,5802,Limache,2,1,50,393
5,Valparaíso,5802,Limache,1,1,55,1271
5,Valparaíso,5802,Limache,2,1,55,359
5,Valparaíso,5802,Limache,2,1,60,342
5,Valparaíso,5802,Limache,1,1,60,1204
5,Valparaíso,5802,Limache,2,1,65,331
5,Valparaíso,5802,Limache,1,1,65,987
5,Valparaíso,5802,Limache,2,1,70,216
5,Valparaíso,5802,Limache,1,1,70,708
5,Valparaíso,5802,Limache,2,1,75,179
5,Valparaíso,5802,Limache,1,1,75,588
5,Valparaíso,5802,Limache,2,1,80,96
5,Valparaíso,5802,Limache,1,1,80,412
5,Valparaíso,5802,Limache,1,1,85,309
5,Valparaíso,5802,Limache,2,1,85,70
5,Valparaíso,5802,Limache,1,2,0,1017
5,Valparaíso,5802,Limache,2,2,0,271
5,Valparaíso,5802,Limache,1,2,5,1401
5,Valparaíso,5802,Limache,2,2,5,389
5,Valparaíso,5802,Limache,2,2,10,394
5,Valparaíso,5802,Limache,1,2,10,1512
5,Valparaíso,5802,Limache,1,2,15,1420
5,Valparaíso,5802,Limache,2,2,15,361
5,Valparaíso,5802,Limache,1,2,20,1351
5,Valparaíso,5802,Limache,2,2,20,334
5,Valparaíso,5802,Limache,2,2,25,308
5,Valparaíso,5802,Limache,1,2,25,1560
5,Valparaíso,5802,Limache,1,2,30,1879
5,Valparaíso,5802,Limache,2,2,30,387
5,Valparaíso,5802,Limache,2,2,35,414
5,Valparaíso,5802,Limache,1,2,35,1570
5,Valparaíso,5802,Limache,2,2,40,431
5,Valparaíso,5802,Limache,1,2,40,1563
5,Valparaíso,5802,Limache,2,2,45,379
5,Valparaíso,5802,Limache,1,2,45,1434
5,Valparaíso,5802,Limache,1,2,50,1467
5,Valparaíso,5802,Limache,2,2,50,363
5,Valparaíso,5802,Limache,2,2,55,391
5,Valparaíso,5802,Limache,1,2,55,1456
5,Valparaíso,5802,Limache,1,2,60,1449
5,Valparaíso,5802,Limache,2,2,60,347
5,Valparaíso,5802,Limache,1,2,65,1188
5,Valparaíso,5802,Limache,2,2,65,285
5,Valparaíso,5802,Limache,2,2,70,222
5,Valparaíso,5802,Limache,1,2,70,943
5,Valparaíso,5802,Limache,1,2,75,817
5,Valparaíso,5802,Limache,2,2,75,157
5,Valparaíso,5802,Limache,2,2,80,91
5,Valparaíso,5802,Limache,1,2,80,559
5,Valparaíso,5802,Limache,2,2,85,87
5,Valparaíso,5802,Limache,1,2,85,600
5,Valparaíso,5803,Olmué,2,1,0,129
5,Valparaíso,5803,Olmué,1,1,0,345
5,Valparaíso,5803,Olmué,2,1,5,175
5,Valparaíso,5803,Olmué,1,1,5,436
5,Valparaíso,5803,Olmué,1,1,10,443
5,Valparaíso,5803,Olmué,2,1,10,174
5,Valparaíso,5803,Olmué,1,1,15,389
5,Valparaíso,5803,Olmué,2,1,15,158
5,Valparaíso,5803,Olmué,2,1,20,180
5,Valparaíso,5803,Olmué,1,1,20,406
5,Valparaíso,5803,Olmué,2,1,25,148
5,Valparaíso,5803,Olmué,1,1,25,466
5,Valparaíso,5803,Olmué,1,1,30,477
5,Valparaíso,5803,Olmué,2,1,30,161
5,Valparaíso,5803,Olmué,2,1,35,204
5,Valparaíso,5803,Olmué,1,1,35,445
5,Valparaíso,5803,Olmué,2,1,40,214
5,Valparaíso,5803,Olmué,1,1,40,462
5,Valparaíso,5803,Olmué,2,1,45,211
5,Valparaíso,5803,Olmué,1,1,45,366
5,Valparaíso,5803,Olmué,1,1,50,396
5,Valparaíso,5803,Olmué,2,1,50,183
5,Valparaíso,5803,Olmué,2,1,55,210
5,Valparaíso,5803,Olmué,1,1,55,451
5,Valparaíso,5803,Olmué,1,1,60,439
5,Valparaíso,5803,Olmué,2,1,60,186
5,Valparaíso,5803,Olmué,1,1,65,387
5,Valparaíso,5803,Olmué,2,1,65,214
5,Valparaíso,5803,Olmué,2,1,70,149
5,Valparaíso,5803,Olmué,1,1,70,289
5,Valparaíso,5803,Olmué,1,1,75,234
5,Valparaíso,5803,Olmué,2,1,75,141
5,Valparaíso,5803,Olmué,1,1,80,136
5,Valparaíso,5803,Olmué,2,1,80,83
5,Valparaíso,5803,Olmué,2,1,85,62
5,Valparaíso,5803,Olmué,1,1,85,119
5,Valparaíso,5803,Olmué,1,2,0,318
5,Valparaíso,5803,Olmué,2,2,0,116
5,Valparaíso,5803,Olmué,2,2,5,190
5,Valparaíso,5803,Olmué,1,2,5,434
5,Valparaíso,5803,Olmué,1,2,10,404
5,Valparaíso,5803,Olmué,2,2,10,174
5,Valparaíso,5803,Olmué,2,2,15,194
5,Valparaíso,5803,Olmué,1,2,15,433
5,Valparaíso,5803,Olmué,1,2,20,431
5,Valparaíso,5803,Olmué,2,2,20,148
5,Valparaíso,5803,Olmué,1,2,25,493
5,Valparaíso,5803,Olmué,2,2,25,158
5,Valparaíso,5803,Olmué,2,2,30,153
5,Valparaíso,5803,Olmué,1,2,30,499
5,Valparaíso,5803,Olmué,1,2,35,463
5,Valparaíso,5803,Olmué,2,2,35,199
5,Valparaíso,5803,Olmué,2,2,40,209
5,Valparaíso,5803,Olmué,1,2,40,481
5,Valparaíso,5803,Olmué,2,2,45,183
5,Valparaíso,5803,Olmué,1,2,45,438
5,Valparaíso,5803,Olmué,1,2,50,413
5,Valparaíso,5803,Olmué,2,2,50,191
5,Valparaíso,5803,Olmué,1,2,55,444
5,Valparaíso,5803,Olmué,2,2,55,204
5,Valparaíso,5803,Olmué,1,2,60,500
5,Valparaíso,5803,Olmué,2,2,60,216
5,Valparaíso,5803,Olmué,2,2,65,199
5,Valparaíso,5803,Olmué,1,2,65,440
5,Valparaíso,5803,Olmué,1,2,70,344
5,Valparaíso,5803,Olmué,2,2,70,158
5,Valparaíso,5803,Olmué,2,2,75,109
5,Valparaíso,5803,Olmué,1,2,75,278
5,Valparaíso,5803,Olmué,2,2,80,67
5,Valparaíso,5803,Olmué,1,2,80,197
5,Valparaíso,5803,Olmué,1,2,85,163
5,Valparaíso,5803,Olmué,2,2,85,69
5,Valparaíso,5804,Villa Alemana,1,1,0,3048
5,Valparaíso,5804,Villa Alemana,2,1,0,33
5,Valparaíso,5804,Villa Alemana,2,1,5,53
5,Valparaíso,5804,Villa Alemana,1,1,5,4479
5,Valparaíso,5804,Villa Alemana,1,1,10,4784
5,Valparaíso,5804,Villa Alemana,2,1,10,74
5,Valparaíso,5804,Villa Alemana,2,1,15,59
5,Valparaíso,5804,Villa Alemana,1,1,15,4594
5,Valparaíso,5804,Villa Alemana,1,1,20,4619
5,Valparaíso,5804,Villa Alemana,2,1,20,42
5,Valparaíso,5804,Villa Alemana,2,1,25,46
5,Valparaíso,5804,Villa Alemana,1,1,25,4904
5,Valparaíso,5804,Villa Alemana,2,1,30,41
5,Valparaíso,5804,Villa Alemana,1,1,30,5379
5,Valparaíso,5804,Villa Alemana,1,1,35,4967
5,Valparaíso,5804,Villa Alemana,2,1,35,52
5,Valparaíso,5804,Villa Alemana,2,1,40,78
5,Valparaíso,5804,Villa Alemana,1,1,40,4460
5,Valparaíso,5804,Villa Alemana,2,1,45,72
5,Valparaíso,5804,Villa Alemana,1,1,45,3780
5,Valparaíso,5804,Villa Alemana,1,1,50,3696
5,Valparaíso,5804,Villa Alemana,2,1,50,65
5,Valparaíso,5804,Villa Alemana,1,1,55,3685
5,Valparaíso,5804,Villa Alemana,2,1,55,51
5,Valparaíso,5804,Villa Alemana,1,1,60,3573
5,Valparaíso,5804,Villa Alemana,2,1,60,50
5,Valparaíso,5804,Villa Alemana,2,1,65,39
5,Valparaíso,5804,Villa Alemana,1,1,65,3090
5,Valparaíso,5804,Villa Alemana,1,1,70,2310
5,Valparaíso,5804,Villa Alemana,2,1,70,41
5,Valparaíso,5804,Villa Alemana,2,1,75,25
5,Valparaíso,5804,Villa Alemana,1,1,75,1582
5,Valparaíso,5804,Villa Alemana,2,1,80,13
5,Valparaíso,5804,Villa Alemana,1,1,80,1048
5,Valparaíso,5804,Villa Alemana,1,1,85,786
5,Valparaíso,5804,Villa Alemana,2,1,85,11
5,Valparaíso,5804,Villa Alemana,1,2,0,2941
5,Valparaíso,5804,Villa Alemana,2,2,0,31
5,Valparaíso,5804,Villa Alemana,2,2,5,47
5,Valparaíso,5804,Villa Alemana,1,2,5,4125
5,Valparaíso,5804,Villa Alemana,2,2,10,60
5,Valparaíso,5804,Villa Alemana,1,2,10,4794
5,Valparaíso,5804,Villa Alemana,2,2,15,55
5,Valparaíso,5804,Villa Alemana,1,2,15,4379
5,Valparaíso,5804,Villa Alemana,1,2,20,4620
5,Valparaíso,5804,Villa Alemana,2,2,20,47
5,Valparaíso,5804,Villa Alemana,1,2,25,4974
5,Valparaíso,5804,Villa Alemana,2,2,25,37
5,Valparaíso,5804,Villa Alemana,1,2,30,5680
5,Valparaíso,5804,Villa Alemana,2,2,30,55
5,Valparaíso,5804,Villa Alemana,1,2,35,5314
5,Valparaíso,5804,Villa Alemana,2,2,35,50
5,Valparaíso,5804,Villa Alemana,1,2,40,5140
5,Valparaíso,5804,Villa Alemana,2,2,40,83
5,Valparaíso,5804,Villa Alemana,1,2,45,4600
5,Valparaíso,5804,Villa Alemana,2,2,45,63
5,Valparaíso,5804,Villa Alemana,2,2,50,61
5,Valparaíso,5804,Villa Alemana,1,2,50,4514
5,Valparaíso,5804,Villa Alemana,1,2,55,4607
5,Valparaíso,5804,Villa Alemana,2,2,55,51
5,Valparaíso,5804,Villa Alemana,2,2,60,59
5,Valparaíso,5804,Villa Alemana,1,2,60,4749
5,Valparaíso,5804,Villa Alemana,1,2,65,4013
5,Valparaíso,5804,Villa Alemana,2,2,65,49
5,Valparaíso,5804,Villa Alemana,2,2,70,40
5,Valparaíso,5804,Villa Alemana,1,2,70,2978
5,Valparaíso,5804,Villa Alemana,1,2,75,2296
5,Valparaíso,5804,Villa Alemana,2,2,75,28
5,Valparaíso,5804,Villa Alemana,2,2,80,12
5,Valparaíso,5804,Villa Alemana,1,2,80,1661
5,Valparaíso,5804,Villa Alemana,1,2,85,1709
5,Valparaíso,5804,Villa Alemana,2,2,85,20
6,O'Higgins,6101,Rancagua,2,1,0,259
6,O'Higgins,6101,Rancagua,1,1,0,5701
6,O'Higgins,6101,Rancagua,2,1,5,296
6,O'Higgins,6101,Rancagua,1,1,5,7829
6,O'Higgins,6101,Rancagua,2,1,10,345
6,O'Higgins,6101,Rancagua,1,1,10,8944
6,O'Higgins,6101,Rancagua,1,1,15,8683
6,O'Higgins,6101,Rancagua,2,1,15,357
6,O'Higgins,6101,Rancagua,2,1,20,517
6,O'Higgins,6101,Rancagua,1,1,20,8422
6,O'Higgins,6101,Rancagua,2,1,25,714
6,O'Higgins,6101,Rancagua,1,1,25,9417
6,O'Higgins,6101,Rancagua,1,1,30,10348
6,O'Higgins,6101,Rancagua,2,1,30,765
6,O'Higgins,6101,Rancagua,2,1,35,747
6,O'Higgins,6101,Rancagua,1,1,35,9128
6,O'Higgins,6101,Rancagua,2,1,40,581
6,O'Higgins,6101,Rancagua,1,1,40,8037
6,O'Higgins,6101,Rancagua,2,1,45,442
6,O'Higgins,6101,Rancagua,1,1,45,7159
6,O'Higgins,6101,Rancagua,2,1,50,428
6,O'Higgins,6101,Rancagua,1,1,50,7027
6,O'Higgins,6101,Rancagua,2,1,55,384
6,O'Higgins,6101,Rancagua,1,1,55,6660
6,O'Higgins,6101,Rancagua,1,1,60,6349
6,O'Higgins,6101,Rancagua,2,1,60,323
6,O'Higgins,6101,Rancagua,1,1,65,5158
6,O'Higgins,6101,Rancagua,2,1,65,240
6,O'Higgins,6101,Rancagua,2,1,70,155
6,O'Higgins,6101,Rancagua,1,1,70,3843
6,O'Higgins,6101,Rancagua,2,1,75,109
6,O'Higgins,6101,Rancagua,1,1,75,2891
6,O'Higgins,6101,Rancagua,1,1,80,1722
6,O'Higgins,6101,Rancagua,2,1,80,57
6,O'Higgins,6101,Rancagua,2,1,85,32
6,O'Higgins,6101,Rancagua,1,1,85,1103
6,O'Higgins,6101,Rancagua,1,2,0,5562
6,O'Higgins,6101,Rancagua,2,2,0,232
6,O'Higgins,6101,Rancagua,1,2,5,7557
6,O'Higgins,6101,Rancagua,2,2,5,315
6,O'Higgins,6101,Rancagua,2,2,10,341
6,O'Higgins,6101,Rancagua,1,2,10,8401
6,O'Higgins,6101,Rancagua,2,2,15,290
6,O'Higgins,6101,Rancagua,1,2,15,8209
6,O'Higgins,6101,Rancagua,1,2,20,8145
6,O'Higgins,6101,Rancagua,2,2,20,290
6,O'Higgins,6101,Rancagua,1,2,25,9494
6,O'Higgins,6101,Rancagua,2,2,25,314
6,O'Higgins,6101,Rancagua,2,2,30,380
6,O'Higgins,6101,Rancagua,1,2,30,10627
6,O'Higgins,6101,Rancagua,2,2,35,405
6,O'Higgins,6101,Rancagua,1,2,35,9580
6,O'Higgins,6101,Rancagua,2,2,40,337
6,O'Higgins,6101,Rancagua,1,2,40,8611
6,O'Higgins,6101,Rancagua,2,2,45,296
6,O'Higgins,6101,Rancagua,1,2,45,7994
6,O'Higgins,6101,Rancagua,2,2,50,279
6,O'Higgins,6101,Rancagua,1,2,50,8265
6,O'Higgins,6101,Rancagua,1,2,55,7848
6,O'Higgins,6101,Rancagua,2,2,55,304
6,O'Higgins,6101,Rancagua,1,2,60,7668
6,O'Higgins,6101,Rancagua,2,2,60,275
6,O'Higgins,6101,Rancagua,2,2,65,174
6,O'Higgins,6101,Rancagua,1,2,65,6540
6,O'Higgins,6101,Rancagua,1,2,70,5062
6,O'Higgins,6101,Rancagua,2,2,70,121
6,O'Higgins,6101,Rancagua,2,2,75,84
6,O'Higgins,6101,Rancagua,1,2,75,3737
6,O'Higgins,6101,Rancagua,2,2,80,50
6,O'Higgins,6101,Rancagua,1,2,80,2502
6,O'Higgins,6101,Rancagua,2,2,85,37
6,O'Higgins,6101,Rancagua,1,2,85,2246
6,O'Higgins,6102,Codegua,1,1,0,172
6,O'Higgins,6102,Codegua,2,1,0,146
6,O'Higgins,6102,Codegua,2,1,5,179
6,O'Higgins,6102,Codegua,1,1,5,253
6,O'Higgins,6102,Codegua,2,1,10,204
6,O'Higgins,6102,Codegua,1,1,10,287
6,O'Higgins,6102,Codegua,2,1,15,177
6,O'Higgins,6102,Codegua,1,1,15,308
6,O'Higgins,6102,Codegua,1,1,20,244
6,O'Higgins,6102,Codegua,2,1,20,194
6,O'Higgins,6102,Codegua,1,1,25,265
6,O'Higgins,6102,Codegua,2,1,25,207
6,O'Higgins,6102,Codegua,2,1,30,212
6,O'Higgins,6102,Codegua,1,1,30,305
6,O'Higgins,6102,Codegua,1,1,35,256
6,O'Higgins,6102,Codegua,2,1,35,215
6,O'Higgins,6102,Codegua,1,1,40,232
6,O'Higgins,6102,Codegua,2,1,40,201
6,O'Higgins,6102,Codegua,1,1,45,246
6,O'Higgins,6102,Codegua,2,1,45,242
6,O'Higgins,6102,Codegua,2,1,50,197
6,O'Higgins,6102,Codegua,1,1,50,185
6,O'Higgins,6102,Codegua,1,1,55,256
6,O'Higgins,6102,Codegua,2,1,55,250
6,O'Higgins,6102,Codegua,2,1,60,246
6,O'Higgins,6102,Codegua,1,1,60,237
6,O'Higgins,6102,Codegua,2,1,65,191
6,O'Higgins,6102,Codegua,1,1,65,190
6,O'Higgins,6102,Codegua,2,1,70,128
6,O'Higgins,6102,Codegua,1,1,70,129
6,O'Higgins,6102,Codegua,2,1,75,81
6,O'Higgins,6102,Codegua,1,1,75,84
6,O'Higgins,6102,Codegua,1,1,80,35
6,O'Higgins,6102,Codegua,2,1,80,60
6,O'Higgins,6102,Codegua,1,1,85,37
6,O'Higgins,6102,Codegua,2,1,85,34
6,O'Higgins,6102,Codegua,1,2,0,178
6,O'Higgins,6102,Codegua,2,2,0,143
6,O'Higgins,6102,Codegua,1,2,5,251
6,O'Higgins,6102,Codegua,2,2,5,175
6,O'Higgins,6102,Codegua,1,2,10,297
6,O'Higgins,6102,Codegua,2,2,10,230
6,O'Higgins,6102,Codegua,2,2,15,210
6,O'Higgins,6102,Codegua,1,2,15,258
6,O'Higgins,6102,Codegua,1,2,20,263
6,O'Higgins,6102,Codegua,2,2,20,181
6,O'Higgins,6102,Codegua,2,2,25,190
6,O'Higgins,6102,Codegua,1,2,25,271
6,O'Higgins,6102,Codegua,1,2,30,289
6,O'Higgins,6102,Codegua,2,2,30,220
6,O'Higgins,6102,Codegua,1,2,35,268
6,O'Higgins,6102,Codegua,2,2,35,210
6,O'Higgins,6102,Codegua,2,2,40,212
6,O'Higgins,6102,Codegua,1,2,40,265
6,O'Higgins,6102,Codegua,2,2,45,214
6,O'Higgins,6102,Codegua,1,2,45,236
6,O'Higgins,6102,Codegua,2,2,50,226
6,O'Higgins,6102,Codegua,1,2,50,240
6,O'Higgins,6102,Codegua,1,2,55,254
6,O'Higgins,6102,Codegua,2,2,55,221
6,O'Higgins,6102,Codegua,2,2,60,248
6,O'Higgins,6102,Codegua,1,2,60,275
6,O'Higgins,6102,Codegua,1,2,65,207
6,O'Higgins,6102,Codegua,2,2,65,170
6,O'Higgins,6102,Codegua,2,2,70,112
6,O'Higgins,6102,Codegua,1,2,70,151
6,O'Higgins,6102,Codegua,1,2,75,96
6,O'Higgins,6102,Codegua,2,2,75,92
6,O'Higgins,6102,Codegua,2,2,80,47
6,O'Higgins,6102,Codegua,1,2,80,63
6,O'Higgins,6102,Codegua,1,2,85,60
6,O'Higgins,6102,Codegua,2,2,85,47
6,O'Higgins,6103,Coinco,2,1,0,108
6,O'Higgins,6103,Coinco,1,1,0,66
6,O'Higgins,6103,Coinco,2,1,5,150
6,O'Higgins,6103,Coinco,1,1,5,104
6,O'Higgins,6103,Coinco,1,1,10,91
6,O'Higgins,6103,Coinco,2,1,10,167
6,O'Higgins,6103,Coinco,2,1,15,145
6,O'Higgins,6103,Coinco,1,1,15,104
6,O'Higgins,6103,Coinco,2,1,20,127
6,O'Higgins,6103,Coinco,1,1,20,111
6,O'Higgins,6103,Coinco,1,1,25,112
6,O'Higgins,6103,Coinco,2,1,25,136
6,O'Higgins,6103,Coinco,1,1,30,105
6,O'Higgins,6103,Coinco,2,1,30,156
6,O'Higgins,6103,Coinco,1,1,35,98
6,O'Higgins,6103,Coinco,2,1,35,144
6,O'Higgins,6103,Coinco,1,1,40,124
6,O'Higgins,6103,Coinco,2,1,40,144
6,O'Higgins,6103,Coinco,1,1,45,100
6,O'Higgins,6103,Coinco,2,1,45,158
6,O'Higgins,6103,Coinco,2,1,50,135
6,O'Higgins,6103,Coinco,1,1,50,98
6,O'Higgins,6103,Coinco,2,1,55,144
6,O'Higgins,6103,Coinco,1,1,55,97
6,O'Higgins,6103,Coinco,1,1,60,112
6,O'Higgins,6103,Coinco,2,1,60,155
6,O'Higgins,6103,Coinco,1,1,65,93
6,O'Higgins,6103,Coinco,2,1,65,146
6,O'Higgins,6103,Coinco,1,1,70,85
6,O'Higgins,6103,Coinco,2,1,70,92
6,O'Higgins,6103,Coinco,2,1,75,77
6,O'Higgins,6103,Coinco,1,1,75,67
6,O'Higgins,6103,Coinco,1,1,80,38
6,O'Higgins,6103,Coinco,2,1,80,48
6,O'Higgins,6103,Coinco,1,1,85,26
6,O'Higgins,6103,Coinco,2,1,85,43
6,O'Higgins,6103,Coinco,2,2,0,121
6,O'Higgins,6103,Coinco,1,2,0,81
6,O'Higgins,6103,Coinco,1,2,5,82
6,O'Higgins,6103,Coinco,2,2,5,136
6,O'Higgins,6103,Coinco,1,2,10,103
6,O'Higgins,6103,Coinco,2,2,10,124
6,O'Higgins,6103,Coinco,1,2,15,112
6,O'Higgins,6103,Coinco,2,2,15,150
6,O'Higgins,6103,Coinco,2,2,20,132
6,O'Higgins,6103,Coinco,1,2,20,112
6,O'Higgins,6103,Coinco,1,2,25,98
6,O'Higgins,6103,Coinco,2,2,25,151
6,O'Higgins,6103,Coinco,2,2,30,162
6,O'Higgins,6103,Coinco,1,2,30,122
6,O'Higgins,6103,Coinco,2,2,35,158
6,O'Higgins,6103,Coinco,1,2,35,97
6,O'Higgins,6103,Coinco,1,2,40,104
6,O'Higgins,6103,Coinco,2,2,40,145
6,O'Higgins,6103,Coinco,1,2,45,94
6,O'Higgins,6103,Coinco,2,2,45,153
6,O'Higgins,6103,Coinco,1,2,50,113
6,O'Higgins,6103,Coinco,2,2,50,141
6,O'Higgins,6103,Coinco,2,2,55,186
6,O'Higgins,6103,Coinco,1,2,55,120
6,O'Higgins,6103,Coinco,2,2,60,149
6,O'Higgins,6103,Coinco,1,2,60,132
6,O'Higgins,6103,Coinco,2,2,65,145
6,O'Higgins,6103,Coinco,1,2,65,106
6,O'Higgins,6103,Coinco,2,2,70,87
6,O'Higgins,6103,Coinco,1,2,70,78
6,O'Higgins,6103,Coinco,2,2,75,85
6,O'Higgins,6103,Coinco,1,2,75,63
6,O'Higgins,6103,Coinco,1,2,80,42
6,O'Higgins,6103,Coinco,2,2,80,46
6,O'Higgins,6103,Coinco,2,2,85,40
6,O'Higgins,6103,Coinco,1,2,85,40
6,O'Higgins,6104,Coltauco,2,1,0,249
6,O'Higgins,6104,Coltauco,1,1,0,278
6,O'Higgins,6104,Coltauco,2,1,5,316
6,O'Higgins,6104,Coltauco,1,1,5,374
6,O'Higgins,6104,Coltauco,1,1,10,403
6,O'Higgins,6104,Coltauco,2,1,10,354
6,O'Higgins,6104,Coltauco,1,1,15,387
6,O'Higgins,6104,Coltauco,2,1,15,348
6,O'Higgins,6104,Coltauco,2,1,20,288
6,O'Higgins,6104,Coltauco,1,1,20,358
6,O'Higgins,6104,Coltauco,2,1,25,345
6,O'Higgins,6104,Coltauco,1,1,25,406
6,O'Higgins,6104,Coltauco,1,1,30,452
6,O'Higgins,6104,Coltauco,2,1,30,374
6,O'Higgins,6104,Coltauco,1,1,35,400
6,O'Higgins,6104,Coltauco,2,1,35,323
6,O'Higgins,6104,Coltauco,1,1,40,348
6,O'Higgins,6104,Coltauco,2,1,40,296
6,O'Higgins,6104,Coltauco,1,1,45,340
6,O'Higgins,6104,Coltauco,2,1,45,332
6,O'Higgins,6104,Coltauco,2,1,50,276
6,O'Higgins,6104,Coltauco,1,1,50,401
6,O'Higgins,6104,Coltauco,2,1,55,343
6,O'Higgins,6104,Coltauco,1,1,55,341
6,O'Higgins,6104,Coltauco,1,1,60,333
6,O'Higgins,6104,Coltauco,2,1,60,330
6,O'Higgins,6104,Coltauco,1,1,65,246
6,O'Higgins,6104,Coltauco,2,1,65,346
6,O'Higgins,6104,Coltauco,1,1,70,209
6,O'Higgins,6104,Coltauco,2,1,70,225
6,O'Higgins,6104,Coltauco,1,1,75,150
6,O'Higgins,6104,Coltauco,2,1,75,168
6,O'Higgins,6104,Coltauco,1,1,80,89
6,O'Higgins,6104,Coltauco,2,1,80,90
6,O'Higgins,6104,Coltauco,1,1,85,63
6,O'Higgins,6104,Coltauco,2,1,85,72
6,O'Higgins,6104,Coltauco,2,2,0,224
6,O'Higgins,6104,Coltauco,1,2,0,262
6,O'Higgins,6104,Coltauco,1,2,5,354
6,O'Higgins,6104,Coltauco,2,2,5,290
6,O'Higgins,6104,Coltauco,2,2,10,337
6,O'Higgins,6104,Coltauco,1,2,10,426
6,O'Higgins,6104,Coltauco,1,2,15,371
6,O'Higgins,6104,Coltauco,2,2,15,277
6,O'Higgins,6104,Coltauco,2,2,20,258
6,O'Higgins,6104,Coltauco,1,2,20,393
6,O'Higgins,6104,Coltauco,1,2,25,411
6,O'Higgins,6104,Coltauco,2,2,25,308
6,O'Higgins,6104,Coltauco,2,2,30,369
6,O'Higgins,6104,Coltauco,1,2,30,461
6,O'Higgins,6104,Coltauco,2,2,35,327
6,O'Higgins,6104,Coltauco,1,2,35,364
6,O'Higgins,6104,Coltauco,2,2,40,316
6,O'Higgins,6104,Coltauco,1,2,40,393
6,O'Higgins,6104,Coltauco,2,2,45,309
6,O'Higgins,6104,Coltauco,1,2,45,372
6,O'Higgins,6104,Coltauco,1,2,50,393
6,O'Higgins,6104,Coltauco,2,2,50,290
6,O'Higgins,6104,Coltauco,1,2,55,382
6,O'Higgins,6104,Coltauco,2,2,55,346
6,O'Higgins,6104,Coltauco,1,2,60,372
6,O'Higgins,6104,Coltauco,2,2,60,327
6,O'Higgins,6104,Coltauco,2,2,65,283
6,O'Higgins,6104,Coltauco,1,2,65,298
6,O'Higgins,6104,Coltauco,2,2,70,237
6,O'Higgins,6104,Coltauco,1,2,70,221
6,O'Higgins,6104,Coltauco,2,2,75,159
6,O'Higgins,6104,Coltauco,1,2,75,166
6,O'Higgins,6104,Coltauco,2,2,80,107
6,O'Higgins,6104,Coltauco,1,2,80,104
6,O'Higgins,6104,Coltauco,2,2,85,110
6,O'Higgins,6104,Coltauco,1,2,85,103
6,O'Higgins,6105,Doñihue,1,1,0,373
6,O'Higgins,6105,Doñihue,2,1,0,140
6,O'Higgins,6105,Doñihue,1,1,5,563
6,O'Higgins,6105,Doñihue,2,1,5,160
6,O'Higgins,6105,Doñihue,2,1,10,168
6,O'Higgins,6105,Doñihue,1,1,10,620
6,O'Higgins,6105,Doñihue,2,1,15,185
6,O'Higgins,6105,Doñihue,1,1,15,599
6,O'Higgins,6105,Doñihue,1,1,20,550
6,O'Higgins,6105,Doñihue,2,1,20,143
6,O'Higgins,6105,Doñihue,2,1,25,142
6,O'Higgins,6105,Doñihue,1,1,25,595
6,O'Higgins,6105,Doñihue,1,1,30,595
6,O'Higgins,6105,Doñihue,2,1,30,171
6,O'Higgins,6105,Doñihue,2,1,35,175
6,O'Higgins,6105,Doñihue,1,1,35,614
6,O'Higgins,6105,Doñihue,2,1,40,200
6,O'Higgins,6105,Doñihue,1,1,40,538
6,O'Higgins,6105,Doñihue,2,1,45,188
6,O'Higgins,6105,Doñihue,1,1,45,501
6,O'Higgins,6105,Doñihue,1,1,50,521
6,O'Higgins,6105,Doñihue,2,1,50,182
6,O'Higgins,6105,Doñihue,1,1,55,487
6,O'Higgins,6105,Doñihue,2,1,55,150
6,O'Higgins,6105,Doñihue,2,1,60,146
6,O'Higgins,6105,Doñihue,1,1,60,438
6,O'Higgins,6105,Doñihue,1,1,65,404
6,O'Higgins,6105,Doñihue,2,1,65,156
6,O'Higgins,6105,Doñihue,2,1,70,119
6,O'Higgins,6105,Doñihue,1,1,70,285
6,O'Higgins,6105,Doñihue,1,1,75,204
6,O'Higgins,6105,Doñihue,2,1,75,102
6,O'Higgins,6105,Doñihue,2,1,80,50
6,O'Higgins,6105,Doñihue,1,1,80,125
6,O'Higgins,6105,Doñihue,2,1,85,33
6,O'Higgins,6105,Doñihue,1,1,85,84
6,O'Higgins,6105,Doñihue,2,2,0,107
6,O'Higgins,6105,Doñihue,1,2,0,428
6,O'Higgins,6105,Doñihue,2,2,5,180
6,O'Higgins,6105,Doñihue,1,2,5,550
6,O'Higgins,6105,Doñihue,1,2,10,594
6,O'Higgins,6105,Doñihue,2,2,10,181
6,O'Higgins,6105,Doñihue,1,2,15,581
6,O'Higgins,6105,Doñihue,2,2,15,126
6,O'Higgins,6105,Doñihue,2,2,20,140
6,O'Higgins,6105,Doñihue,1,2,20,529
6,O'Higgins,6105,Doñihue,2,2,25,155
6,O'Higgins,6105,Doñihue,1,2,25,592
6,O'Higgins,6105,Doñihue,1,2,30,669
6,O'Higgins,6105,Doñihue,2,2,30,175
6,O'Higgins,6105,Doñihue,1,2,35,615
6,O'Higgins,6105,Doñihue,2,2,35,191
6,O'Higgins,6105,Doñihue,1,2,40,614
6,O'Higgins,6105,Doñihue,2,2,40,177
6,O'Higgins,6105,Doñihue,1,2,45,573
6,O'Higgins,6105,Doñihue,2,2,45,145
6,O'Higgins,6105,Doñihue,1,2,50,587
6,O'Higgins,6105,Doñihue,2,2,50,157
6,O'Higgins,6105,Doñihue,2,2,55,148
6,O'Higgins,6105,Doñihue,1,2,55,545
6,O'Higgins,6105,Doñihue,1,2,60,543
6,O'Higgins,6105,Doñihue,2,2,60,158
6,O'Higgins,6105,Doñihue,1,2,65,440
6,O'Higgins,6105,Doñihue,2,2,65,133
6,O'Higgins,6105,Doñihue,1,2,70,332
6,O'Higgins,6105,Doñihue,2,2,70,139
6,O'Higgins,6105,Doñihue,1,2,75,232
6,O'Higgins,6105,Doñihue,2,2,75,87
6,O'Higgins,6105,Doñihue,1,2,80,158
6,O'Higgins,6105,Doñihue,2,2,80,57
6,O'Higgins,6105,Doñihue,1,2,85,142
6,O'Higgins,6105,Doñihue,2,2,85,39
6,O'Higgins,6106,Graneros,1,1,0,841
6,O'Higgins,6106,Graneros,2,1,0,110
6,O'Higgins,6106,Graneros,1,1,5,1173
6,O'Higgins,6106,Graneros,2,1,5,131
6,O'Higgins,6106,Graneros,2,1,10,139
6,O'Higgins,6106,Graneros,1,1,10,1246
6,O'Higgins,6106,Graneros,2,1,15,148
6,O'Higgins,6106,Graneros,1,1,15,1179
6,O'Higgins,6106,Graneros,1,1,20,1182
6,O'Higgins,6106,Graneros,2,1,20,151
6,O'Higgins,6106,Graneros,2,1,25,137
6,O'Higgins,6106,Graneros,1,1,25,1228
6,O'Higgins,6106,Graneros,2,1,30,151
6,O'Higgins,6106,Graneros,1,1,30,1225
6,O'Higgins,6106,Graneros,2,1,35,141
6,O'Higgins,6106,Graneros,1,1,35,1148
6,O'Higgins,6106,Graneros,1,1,40,1068
6,O'Higgins,6106,Graneros,2,1,40,122
6,O'Higgins,6106,Graneros,1,1,45,875
6,O'Higgins,6106,Graneros,2,1,45,167
6,O'Higgins,6106,Graneros,2,1,50,158
6,O'Higgins,6106,Graneros,1,1,50,907
6,O'Higgins,6106,Graneros,1,1,55,899
6,O'Higgins,6106,Graneros,2,1,55,156
6,O'Higgins,6106,Graneros,2,1,60,148
6,O'Higgins,6106,Graneros,1,1,60,807
6,O'Higgins,6106,Graneros,2,1,65,107
6,O'Higgins,6106,Graneros,1,1,65,615
6,O'Higgins,6106,Graneros,2,1,70,68
6,O'Higgins,6106,Graneros,1,1,70,451
6,O'Higgins,6106,Graneros,2,1,75,46
6,O'Higgins,6106,Graneros,1,1,75,318
6,O'Higgins,6106,Graneros,2,1,80,23
6,O'Higgins,6106,Graneros,1,1,80,192
6,O'Higgins,6106,Graneros,2,1,85,22
6,O'Higgins,6106,Graneros,1,1,85,134
6,O'Higgins,6106,Graneros,1,2,0,838
6,O'Higgins,6106,Graneros,2,2,0,103
6,O'Higgins,6106,Graneros,2,2,5,114
6,O'Higgins,6106,Graneros,1,2,5,1062
6,O'Higgins,6106,Graneros,1,2,10,1234
6,O'Higgins,6106,Graneros,2,2,10,140
6,O'Higgins,6106,Graneros,1,2,15,1149
6,O'Higgins,6106,Graneros,2,2,15,150
6,O'Higgins,6106,Graneros,2,2,20,138
6,O'Higgins,6106,Graneros,1,2,20,1140
6,O'Higgins,6106,Graneros,2,2,25,136
6,O'Higgins,6106,Graneros,1,2,25,1206
6,O'Higgins,6106,Graneros,2,2,30,150
6,O'Higgins,6106,Graneros,1,2,30,1319
6,O'Higgins,6106,Graneros,2,2,35,137
6,O'Higgins,6106,Graneros,1,2,35,1262
6,O'Higgins,6106,Graneros,2,2,40,147
6,O'Higgins,6106,Graneros,1,2,40,1064
6,O'Higgins,6106,Graneros,2,2,45,150
6,O'Higgins,6106,Graneros,1,2,45,990
6,O'Higgins,6106,Graneros,1,2,50,1013
6,O'Higgins,6106,Graneros,2,2,50,158
6,O'Higgins,6106,Graneros,1,2,55,932
6,O'Higgins,6106,Graneros,2,2,55,134
6,O'Higgins,6106,Graneros,1,2,60,923
6,O'Higgins,6106,Graneros,2,2,60,136
6,O'Higgins,6106,Graneros,2,2,65,95
6,O'Higgins,6106,Graneros,1,2,65,721
6,O'Higgins,6106,Graneros,2,2,70,67
6,O'Higgins,6106,Graneros,1,2,70,530
6,O'Higgins,6106,Graneros,2,2,75,54
6,O'Higgins,6106,Graneros,1,2,75,443
6,O'Higgins,6106,Graneros,1,2,80,211
6,O'Higgins,6106,Graneros,2,2,80,22
6,O'Higgins,6106,Graneros,2,2,85,24
6,O'Higgins,6106,Graneros,1,2,85,233
6,O'Higgins,6107,Las Cabras,1,1,0,234
6,O'Higgins,6107,Las Cabras,2,1,0,458
6,O'Higgins,6107,Las Cabras,1,1,5,308
6,O'Higgins,6107,Las Cabras,2,1,5,567
6,O'Higgins,6107,Las Cabras,1,1,10,347
6,O'Higgins,6107,Las Cabras,2,1,10,605
6,O'Higgins,6107,Las Cabras,2,1,15,517
6,O'Higgins,6107,Las Cabras,1,1,15,364
6,O'Higgins,6107,Las Cabras,2,1,20,505
6,O'Higgins,6107,Las Cabras,1,1,20,304
6,O'Higgins,6107,Las Cabras,1,1,25,367
6,O'Higgins,6107,Las Cabras,2,1,25,571
6,O'Higgins,6107,Las Cabras,2,1,30,668
6,O'Higgins,6107,Las Cabras,1,1,30,359
6,O'Higgins,6107,Las Cabras,2,1,35,600
6,O'Higgins,6107,Las Cabras,1,1,35,356
6,O'Higgins,6107,Las Cabras,2,1,40,569
6,O'Higgins,6107,Las Cabras,1,1,40,300
6,O'Higgins,6107,Las Cabras,2,1,45,569
6,O'Higgins,6107,Las Cabras,1,1,45,281
6,O'Higgins,6107,Las Cabras,1,1,50,310
6,O'Higgins,6107,Las Cabras,2,1,50,606
6,O'Higgins,6107,Las Cabras,1,1,55,286
6,O'Higgins,6107,Las Cabras,2,1,55,659
6,O'Higgins,6107,Las Cabras,1,1,60,297
6,O'Higgins,6107,Las Cabras,2,1,60,663
6,O'Higgins,6107,Las Cabras,2,1,65,566
6,O'Higgins,6107,Las Cabras,1,1,65,227
6,O'Higgins,6107,Las Cabras,1,1,70,179
6,O'Higgins,6107,Las Cabras,2,1,70,382
6,O'Higgins,6107,Las Cabras,2,1,75,288
6,O'Higgins,6107,Las Cabras,1,1,75,123
6,O'Higgins,6107,Las Cabras,1,1,80,86
6,O'Higgins,6107,Las Cabras,2,1,80,177
6,O'Higgins,6107,Las Cabras,2,1,85,145
6,O'Higgins,6107,Las Cabras,1,1,85,57
6,O'Higgins,6107,Las Cabras,2,2,0,419
6,O'Higgins,6107,Las Cabras,1,2,0,227
6,O'Higgins,6107,Las Cabras,2,2,5,523
6,O'Higgins,6107,Las Cabras,1,2,5,283
6,O'Higgins,6107,Las Cabras,2,2,10,591
6,O'Higgins,6107,Las Cabras,1,2,10,370
6,O'Higgins,6107,Las Cabras,2,2,15,478
6,O'Higgins,6107,Las Cabras,1,2,15,287
6,O'Higgins,6107,Las Cabras,1,2,20,280
6,O'Higgins,6107,Las Cabras,2,2,20,465
6,O'Higgins,6107,Las Cabras,1,2,25,387
6,O'Higgins,6107,Las Cabras,2,2,25,519
6,O'Higgins,6107,Las Cabras,2,2,30,657
6,O'Higgins,6107,Las Cabras,1,2,30,388
6,O'Higgins,6107,Las Cabras,2,2,35,620
6,O'Higgins,6107,Las Cabras,1,2,35,362
6,O'Higgins,6107,Las Cabras,1,2,40,358
6,O'Higgins,6107,Las Cabras,2,2,40,542
6,O'Higgins,6107,Las Cabras,1,2,45,345
6,O'Higgins,6107,Las Cabras,2,2,45,514
6,O'Higgins,6107,Las Cabras,1,2,50,300
6,O'Higgins,6107,Las Cabras,2,2,50,606
6,O'Higgins,6107,Las Cabras,2,2,55,618
6,O'Higgins,6107,Las Cabras,1,2,55,328
6,O'Higgins,6107,Las Cabras,2,2,60,642
6,O'Higgins,6107,Las Cabras,1,2,60,308
6,O'Higgins,6107,Las Cabras,2,2,65,509
6,O'Higgins,6107,Las Cabras,1,2,65,276
6,O'Higgins,6107,Las Cabras,2,2,70,362
6,O'Higgins,6107,Las Cabras,1,2,70,203
6,O'Higgins,6107,Las Cabras,2,2,75,264
6,O'Higgins,6107,Las Cabras,1,2,75,143
6,O'Higgins,6107,Las Cabras,1,2,80,106
6,O'Higgins,6107,Las Cabras,2,2,80,161
6,O'Higgins,6107,Las Cabras,2,2,85,147
6,O'Higgins,6107,Las Cabras,1,2,85,66
6,O'Higgins,6108,Machalí,2,1,0,21
6,O'Higgins,6108,Machalí,1,1,0,1541
6,O'Higgins,6108,Machalí,1,1,5,2285
6,O'Higgins,6108,Machalí,2,1,5,42
6,O'Higgins,6108,Machalí,2,1,10,45
6,O'Higgins,6108,Machalí,1,1,10,2612
6,O'Higgins,6108,Machalí,2,1,15,39
6,O'Higgins,6108,Machalí,1,1,15,2182
6,O'Higgins,6108,Machalí,1,1,20,1664
6,O'Higgins,6108,Machalí,2,1,20,40
6,O'Higgins,6108,Machalí,2,1,25,46
6,O'Higgins,6108,Machalí,1,1,25,1661
6,O'Higgins,6108,Machalí,2,1,30,51
6,O'Higgins,6108,Machalí,1,1,30,2126
6,O'Higgins,6108,Machalí,2,1,35,51
6,O'Higgins,6108,Machalí,1,1,35,2309
6,O'Higgins,6108,Machalí,1,1,40,2499
6,O'Higgins,6108,Machalí,2,1,40,42
6,O'Higgins,6108,Machalí,1,1,45,2207
6,O'Higgins,6108,Machalí,2,1,45,47
6,O'Higgins,6108,Machalí,2,1,50,64
6,O'Higgins,6108,Machalí,1,1,50,1926
6,O'Higgins,6108,Machalí,2,1,55,68
6,O'Higgins,6108,Machalí,1,1,55,1478
6,O'Higgins,6108,Machalí,2,1,60,58
6,O'Higgins,6108,Machalí,1,1,60,1388
6,O'Higgins,6108,Machalí,2,1,65,63
6,O'Higgins,6108,Machalí,1,1,65,1115
6,O'Higgins,6108,Machalí,1,1,70,796
6,O'Higgins,6108,Machalí,2,1,70,21
6,O'Higgins,6108,Machalí,2,1,75,20
6,O'Higgins,6108,Machalí,1,1,75,531
6,O'Higgins,6108,Machalí,1,1,80,271
6,O'Higgins,6108,Machalí,2,1,80,12
6,O'Higgins,6108,Machalí,2,1,85,7
6,O'Higgins,6108,Machalí,1,1,85,179
6,O'Higgins,6108,Machalí,2,2,0,27
6,O'Higgins,6108,Machalí,1,2,0,1488
6,O'Higgins,6108,Machalí,1,2,5,2275
6,O'Higgins,6108,Machalí,2,2,5,36
6,O'Higgins,6108,Machalí,1,2,10,2398
6,O'Higgins,6108,Machalí,2,2,10,41
6,O'Higgins,6108,Machalí,1,2,15,2051
6,O'Higgins,6108,Machalí,2,2,15,42
6,O'Higgins,6108,Machalí,1,2,20,1634
6,O'Higgins,6108,Machalí,2,2,20,33
6,O'Higgins,6108,Machalí,2,2,25,47
6,O'Higgins,6108,Machalí,1,2,25,1712
6,O'Higgins,6108,Machalí,2,2,30,44
6,O'Higgins,6108,Machalí,1,2,30,2359
6,O'Higgins,6108,Machalí,2,2,35,31
6,O'Higgins,6108,Machalí,1,2,35,2662
6,O'Higgins,6108,Machalí,1,2,40,2655
6,O'Higgins,6108,Machalí,2,2,40,44
6,O'Higgins,6108,Machalí,1,2,45,2497
6,O'Higgins,6108,Machalí,2,2,45,37
6,O'Higgins,6108,Machalí,2,2,50,58
6,O'Higgins,6108,Machalí,1,2,50,2133
6,O'Higgins,6108,Machalí,2,2,55,49
6,O'Higgins,6108,Machalí,1,2,55,1673
6,O'Higgins,6108,Machalí,2,2,60,49
6,O'Higgins,6108,Machalí,1,2,60,1593
6,O'Higgins,6108,Machalí,2,2,65,33
6,O'Higgins,6108,Machalí,1,2,65,1256
6,O'Higgins,6108,Machalí,2,2,70,18
6,O'Higgins,6108,Machalí,1,2,70,959
6,O'Higgins,6108,Machalí,2,2,75,18
6,O'Higgins,6108,Machalí,1,2,75,655
6,O'Higgins,6108,Machalí,1,2,80,397
6,O'Higgins,6108,Machalí,2,2,80,11
6,O'Higgins,6108,Machalí,2,2,85,13
6,O'Higgins,6108,Machalí,1,2,85,340
6,O'Higgins,6109,Malloa,2,1,0,216
6,O'Higgins,6109,Malloa,1,1,0,133
6,O'Higgins,6109,Malloa,2,1,5,242
6,O'Higgins,6109,Malloa,1,1,5,150
6,O'Higgins,6109,Malloa,2,1,10,249
6,O'Higgins,6109,Malloa,1,1,10,203
6,O'Higgins,6109,Malloa,1,1,15,188
6,O'Higgins,6109,Malloa,2,1,15,231
6,O'Higgins,6109,Malloa,2,1,20,242
6,O'Higgins,6109,Malloa,1,1,20,203
6,O'Higgins,6109,Malloa,2,1,25,244
6,O'Higgins,6109,Malloa,1,1,25,172
6,O'Higgins,6109,Malloa,1,1,30,201
6,O'Higgins,6109,Malloa,2,1,30,299
6,O'Higgins,6109,Malloa,1,1,35,182
6,O'Higgins,6109,Malloa,2,1,35,253
6,O'Higgins,6109,Malloa,2,1,40,271
6,O'Higgins,6109,Malloa,1,1,40,184
6,O'Higgins,6109,Malloa,2,1,45,262
6,O'Higgins,6109,Malloa,1,1,45,147
6,O'Higgins,6109,Malloa,1,1,50,185
6,O'Higgins,6109,Malloa,2,1,50,296
6,O'Higgins,6109,Malloa,2,1,55,303
6,O'Higgins,6109,Malloa,1,1,55,213
6,O'Higgins,6109,Malloa,1,1,60,158
6,O'Higgins,6109,Malloa,2,1,60,323
6,O'Higgins,6109,Malloa,1,1,65,148
6,O'Higgins,6109,Malloa,2,1,65,255
6,O'Higgins,6109,Malloa,2,1,70,196
6,O'Higgins,6109,Malloa,1,1,70,127
6,O'Higgins,6109,Malloa,1,1,75,90
6,O'Higgins,6109,Malloa,2,1,75,153
6,O'Higgins,6109,Malloa,1,1,80,45
6,O'Higgins,6109,Malloa,2,1,80,85
6,O'Higgins,6109,Malloa,1,1,85,37
6,O'Higgins,6109,Malloa,2,1,85,64
6,O'Higgins,6109,Malloa,2,2,0,200
6,O'Higgins,6109,Malloa,1,2,0,144
6,O'Higgins,6109,Malloa,1,2,5,151
6,O'Higgins,6109,Malloa,2,2,5,222
6,O'Higgins,6109,Malloa,1,2,10,172
6,O'Higgins,6109,Malloa,2,2,10,266
6,O'Higgins,6109,Malloa,2,2,15,234
6,O'Higgins,6109,Malloa,1,2,15,192
6,O'Higgins,6109,Malloa,2,2,20,214
6,O'Higgins,6109,Malloa,1,2,20,157
6,O'Higgins,6109,Malloa,1,2,25,173
6,O'Higgins,6109,Malloa,2,2,25,236
6,O'Higgins,6109,Malloa,2,2,30,292
6,O'Higgins,6109,Malloa,1,2,30,198
6,O'Higgins,6109,Malloa,2,2,35,304
6,O'Higgins,6109,Malloa,1,2,35,199
6,O'Higgins,6109,Malloa,2,2,40,267
6,O'Higgins,6109,Malloa,1,2,40,173
6,O'Higgins,6109,Malloa,2,2,45,247
6,O'Higgins,6109,Malloa,1,2,45,171
6,O'Higgins,6109,Malloa,2,2,50,285
6,O'Higgins,6109,Malloa,1,2,50,185
6,O'Higgins,6109,Malloa,2,2,55,300
6,O'Higgins,6109,Malloa,1,2,55,217
6,O'Higgins,6109,Malloa,2,2,60,301
6,O'Higgins,6109,Malloa,1,2,60,204
6,O'Higgins,6109,Malloa,2,2,65,253
6,O'Higgins,6109,Malloa,1,2,65,171
6,O'Higgins,6109,Malloa,2,2,70,160
6,O'Higgins,6109,Malloa,1,2,70,118
6,O'Higgins,6109,Malloa,2,2,75,164
6,O'Higgins,6109,Malloa,1,2,75,83
6,O'Higgins,6109,Malloa,1,2,80,54
6,O'Higgins,6109,Malloa,2,2,80,92
6,O'Higgins,6109,Malloa,2,2,85,83
6,O'Higgins,6109,Malloa,1,2,85,50
6,O'Higgins,6110,Mostazal,1,1,0,527
6,O'Higgins,6110,Mostazal,2,1,0,191
6,O'Higgins,6110,Mostazal,1,1,5,656
6,O'Higgins,6110,Mostazal,2,1,5,198
6,O'Higgins,6110,Mostazal,2,1,10,226
6,O'Higgins,6110,Mostazal,1,1,10,791
6,O'Higgins,6110,Mostazal,2,1,15,211
6,O'Higgins,6110,Mostazal,1,1,15,792
6,O'Higgins,6110,Mostazal,1,1,20,735
6,O'Higgins,6110,Mostazal,2,1,20,183
6,O'Higgins,6110,Mostazal,2,1,25,190
6,O'Higgins,6110,Mostazal,1,1,25,757
6,O'Higgins,6110,Mostazal,2,1,30,234
6,O'Higgins,6110,Mostazal,1,1,30,742
6,O'Higgins,6110,Mostazal,2,1,35,215
6,O'Higgins,6110,Mostazal,1,1,35,675
6,O'Higgins,6110,Mostazal,1,1,40,624
6,O'Higgins,6110,Mostazal,2,1,40,210
6,O'Higgins,6110,Mostazal,1,1,45,615
6,O'Higgins,6110,Mostazal,2,1,45,211
6,O'Higgins,6110,Mostazal,2,1,50,212
6,O'Higgins,6110,Mostazal,1,1,50,707
6,O'Higgins,6110,Mostazal,1,1,55,624
6,O'Higgins,6110,Mostazal,2,1,55,194
6,O'Higgins,6110,Mostazal,2,1,60,226
6,O'Higgins,6110,Mostazal,1,1,60,654
6,O'Higgins,6110,Mostazal,2,1,65,148
6,O'Higgins,6110,Mostazal,1,1,65,522
6,O'Higgins,6110,Mostazal,2,1,70,100
6,O'Higgins,6110,Mostazal,1,1,70,427
6,O'Higgins,6110,Mostazal,2,1,75,70
6,O'Higgins,6110,Mostazal,1,1,75,294
6,O'Higgins,6110,Mostazal,2,1,80,43
6,O'Higgins,6110,Mostazal,1,1,80,185
6,O'Higgins,6110,Mostazal,2,1,85,29
6,O'Higgins,6110,Mostazal,1,1,85,103
6,O'Higgins,6110,Mostazal,2,2,0,147
6,O'Higgins,6110,Mostazal,1,2,0,512
6,O'Higgins,6110,Mostazal,1,2,5,665
6,O'Higgins,6110,Mostazal,2,2,5,219
6,O'Higgins,6110,Mostazal,1,2,10,774
6,O'Higgins,6110,Mostazal,2,2,10,222
6,O'Higgins,6110,Mostazal,1,2,15,719
6,O'Higgins,6110,Mostazal,2,2,15,182
6,O'Higgins,6110,Mostazal,2,2,20,209
6,O'Higgins,6110,Mostazal,1,2,20,745
6,O'Higgins,6110,Mostazal,1,2,25,746
6,O'Higgins,6110,Mostazal,2,2,25,219
6,O'Higgins,6110,Mostazal,2,2,30,215
6,O'Higgins,6110,Mostazal,1,2,30,805
6,O'Higgins,6110,Mostazal,2,2,35,205
6,O'Higgins,6110,Mostazal,1,2,35,738
6,O'Higgins,6110,Mostazal,2,2,40,221
6,O'Higgins,6110,Mostazal,1,2,40,679
6,O'Higgins,6110,Mostazal,2,2,45,210
6,O'Higgins,6110,Mostazal,1,2,45,651
6,O'Higgins,6110,Mostazal,1,2,50,705
6,O'Higgins,6110,Mostazal,2,2,50,205
6,O'Higgins,6110,Mostazal,2,2,55,202
6,O'Higgins,6110,Mostazal,1,2,55,730
6,O'Higgins,6110,Mostazal,1,2,60,726
6,O'Higgins,6110,Mostazal,2,2,60,183
6,O'Higgins,6110,Mostazal,2,2,65,142
6,O'Higgins,6110,Mostazal,1,2,65,568
6,O'Higgins,6110,Mostazal,1,2,70,426
6,O'Higgins,6110,Mostazal,2,2,70,86
6,O'Higgins,6110,Mostazal,2,2,75,53
6,O'Higgins,6110,Mostazal,1,2,75,332
6,O'Higgins,6110,Mostazal,1,2,80,193
6,O'Higgins,6110,Mostazal,2,2,80,38
6,O'Higgins,6110,Mostazal,2,2,85,33
6,O'Higgins,6110,Mostazal,1,2,85,168
6,O'Higgins,6111,Olivar,2,1,0,119
6,O'Higgins,6111,Olivar,1,1,0,202
6,O'Higgins,6111,Olivar,1,1,5,305
6,O'Higgins,6111,Olivar,2,1,5,142
6,O'Higgins,6111,Olivar,2,1,10,158
6,O'Higgins,6111,Olivar,1,1,10,313
6,O'Higgins,6111,Olivar,1,1,15,315
6,O'Higgins,6111,Olivar,2,1,15,148
6,O'Higgins,6111,Olivar,2,1,20,169
6,O'Higgins,6111,Olivar,1,1,20,317
6,O'Higgins,6111,Olivar,2,1,25,147
6,O'Higgins,6111,Olivar,1,1,25,313
6,O'Higgins,6111,Olivar,2,1,30,162
6,O'Higgins,6111,Olivar,1,1,30,334
6,O'Higgins,6111,Olivar,2,1,35,138
6,O'Higgins,6111,Olivar,1,1,35,337
6,O'Higgins,6111,Olivar,2,1,40,163
6,O'Higgins,6111,Olivar,1,1,40,284
6,O'Higgins,6111,Olivar,2,1,45,172
6,O'Higgins,6111,Olivar,1,1,45,270
6,O'Higgins,6111,Olivar,1,1,50,312
6,O'Higgins,6111,Olivar,2,1,50,164
6,O'Higgins,6111,Olivar,2,1,55,179
6,O'Higgins,6111,Olivar,1,1,55,308
6,O'Higgins,6111,Olivar,1,1,60,285
6,O'Higgins,6111,Olivar,2,1,60,136
6,O'Higgins,6111,Olivar,2,1,65,126
6,O'Higgins,6111,Olivar,1,1,65,238
6,O'Higgins,6111,Olivar,1,1,70,186
6,O'Higgins,6111,Olivar,2,1,70,90
6,O'Higgins,6111,Olivar,2,1,75,50
6,O'Higgins,6111,Olivar,1,1,75,112
6,O'Higgins,6111,Olivar,2,1,80,31
6,O'Higgins,6111,Olivar,1,1,80,73
6,O'Higgins,6111,Olivar,2,1,85,21
6,O'Higgins,6111,Olivar,1,1,85,51
6,O'Higgins,6111,Olivar,2,2,0,109
6,O'Higgins,6111,Olivar,1,2,0,206
6,O'Higgins,6111,Olivar,1,2,5,279
6,O'Higgins,6111,Olivar,2,2,5,153
6,O'Higgins,6111,Olivar,1,2,10,326
6,O'Higgins,6111,Olivar,2,2,10,166
6,O'Higgins,6111,Olivar,1,2,15,268
6,O'Higgins,6111,Olivar,2,2,15,141
6,O'Higgins,6111,Olivar,2,2,20,156
6,O'Higgins,6111,Olivar,1,2,20,303
6,O'Higgins,6111,Olivar,1,2,25,330
6,O'Higgins,6111,Olivar,2,2,25,168
6,O'Higgins,6111,Olivar,2,2,30,151
6,O'Higgins,6111,Olivar,1,2,30,384
6,O'Higgins,6111,Olivar,2,2,35,150
6,O'Higgins,6111,Olivar,1,2,35,315
6,O'Higgins,6111,Olivar,2,2,40,171
6,O'Higgins,6111,Olivar,1,2,40,286
6,O'Higgins,6111,Olivar,2,2,45,169
6,O'Higgins,6111,Olivar,1,2,45,297
6,O'Higgins,6111,Olivar,1,2,50,337
6,O'Higgins,6111,Olivar,2,2,50,156
6,O'Higgins,6111,Olivar,2,2,55,147
6,O'Higgins,6111,Olivar,1,2,55,313
6,O'Higgins,6111,Olivar,2,2,60,144
6,O'Higgins,6111,Olivar,1,2,60,303
6,O'Higgins,6111,Olivar,2,2,65,120
6,O'Higgins,6111,Olivar,1,2,65,277
6,O'Higgins,6111,Olivar,1,2,70,187
6,O'Higgins,6111,Olivar,2,2,70,87
6,O'Higgins,6111,Olivar,2,2,75,63
6,O'Higgins,6111,Olivar,1,2,75,133
6,O'Higgins,6111,Olivar,1,2,80,86
6,O'Higgins,6111,Olivar,2,2,80,33
6,O'Higgins,6111,Olivar,2,2,85,29
6,O'Higgins,6111,Olivar,1,2,85,88
6,O'Higgins,6112,Peumo,2,1,0,74
6,O'Higgins,6112,Peumo,1,1,0,285
6,O'Higgins,6112,Peumo,2,1,5,74
6,O'Higgins,6112,Peumo,1,1,5,324
6,O'Higgins,6112,Peumo,1,1,10,416
6,O'Higgins,6112,Peumo,2,1,10,77
6,O'Higgins,6112,Peumo,2,1,15,54
6,O'Higgins,6112,Peumo,1,1,15,373
6,O'Higgins,6112,Peumo,2,1,20,56
6,O'Higgins,6112,Peumo,1,1,20,367
6,O'Higgins,6112,Peumo,1,1,25,391
6,O'Higgins,6112,Peumo,2,1,25,73
6,O'Higgins,6112,Peumo,2,1,30,84
6,O'Higgins,6112,Peumo,1,1,30,491
6,O'Higgins,6112,Peumo,1,1,35,416
6,O'Higgins,6112,Peumo,2,1,35,86
6,O'Higgins,6112,Peumo,1,1,40,369
6,O'Higgins,6112,Peumo,2,1,40,58
6,O'Higgins,6112,Peumo,1,1,45,414
6,O'Higgins,6112,Peumo,2,1,45,64
6,O'Higgins,6112,Peumo,2,1,50,73
6,O'Higgins,6112,Peumo,1,1,50,410
6,O'Higgins,6112,Peumo,1,1,55,412
6,O'Higgins,6112,Peumo,2,1,55,93
6,O'Higgins,6112,Peumo,2,1,60,75
6,O'Higgins,6112,Peumo,1,1,60,380
6,O'Higgins,6112,Peumo,2,1,65,62
6,O'Higgins,6112,Peumo,1,1,65,339
6,O'Higgins,6112,Peumo,1,1,70,255
6,O'Higgins,6112,Peumo,2,1,70,37
6,O'Higgins,6112,Peumo,2,1,75,30
6,O'Higgins,6112,Peumo,1,1,75,197
6,O'Higgins,6112,Peumo,1,1,80,92
6,O'Higgins,6112,Peumo,2,1,80,29
6,O'Higgins,6112,Peumo,1,1,85,71
6,O'Higgins,6112,Peumo,2,1,85,14
6,O'Higgins,6112,Peumo,1,2,0,261
6,O'Higgins,6112,Peumo,2,2,0,54
6,O'Higgins,6112,Peumo,2,2,5,57
6,O'Higgins,6112,Peumo,1,2,5,326
6,O'Higgins,6112,Peumo,2,2,10,69
6,O'Higgins,6112,Peumo,1,2,10,416
6,O'Higgins,6112,Peumo,2,2,15,65
6,O'Higgins,6112,Peumo,1,2,15,374
6,O'Higgins,6112,Peumo,1,2,20,339
6,O'Higgins,6112,Peumo,2,2,20,52
6,O'Higgins,6112,Peumo,2,2,25,75
6,O'Higgins,6112,Peumo,1,2,25,381
6,O'Higgins,6112,Peumo,1,2,30,460
6,O'Higgins,6112,Peumo,2,2,30,75
6,O'Higgins,6112,Peumo,1,2,35,422
6,O'Higgins,6112,Peumo,2,2,35,75
6,O'Higgins,6112,Peumo,2,2,40,45
6,O'Higgins,6112,Peumo,1,2,40,372
6,O'Higgins,6112,Peumo,2,2,45,64
6,O'Higgins,6112,Peumo,1,2,45,399
6,O'Higgins,6112,Peumo,2,2,50,74
6,O'Higgins,6112,Peumo,1,2,50,401
6,O'Higgins,6112,Peumo,1,2,55,454
6,O'Higgins,6112,Peumo,2,2,55,86
6,O'Higgins,6112,Peumo,2,2,60,73
6,O'Higgins,6112,Peumo,1,2,60,425
6,O'Higgins,6112,Peumo,1,2,65,337
6,O'Higgins,6112,Peumo,2,2,65,58
6,O'Higgins,6112,Peumo,2,2,70,39
6,O'Higgins,6112,Peumo,1,2,70,291
6,O'Higgins,6112,Peumo,2,2,75,30
6,O'Higgins,6112,Peumo,1,2,75,195
6,O'Higgins,6112,Peumo,2,2,80,27
6,O'Higgins,6112,Peumo,1,2,80,119
6,O'Higgins,6112,Peumo,1,2,85,113
6,O'Higgins,6112,Peumo,2,2,85,25
6,O'Higgins,6113,Pichidegua,1,1,0,168
6,O'Higgins,6113,Pichidegua,2,1,0,341
6,O'Higgins,6113,Pichidegua,1,1,5,227
6,O'Higgins,6113,Pichidegua,2,1,5,373
6,O'Higgins,6113,Pichidegua,2,1,10,439
6,O'Higgins,6113,Pichidegua,1,1,10,221
6,O'Higgins,6113,Pichidegua,1,1,15,222
6,O'Higgins,6113,Pichidegua,2,1,15,374
6,O'Higgins,6113,Pichidegua,2,1,20,362
6,O'Higgins,6113,Pichidegua,1,1,20,217
6,O'Higgins,6113,Pichidegua,1,1,25,247
6,O'Higgins,6113,Pichidegua,2,1,25,412
6,O'Higgins,6113,Pichidegua,2,1,30,420
6,O'Higgins,6113,Pichidegua,1,1,30,266
6,O'Higgins,6113,Pichidegua,1,1,35,233
6,O'Higgins,6113,Pichidegua,2,1,35,395
6,O'Higgins,6113,Pichidegua,2,1,40,406
6,O'Higgins,6113,Pichidegua,1,1,40,219
6,O'Higgins,6113,Pichidegua,2,1,45,405
6,O'Higgins,6113,Pichidegua,1,1,45,229
6,O'Higgins,6113,Pichidegua,2,1,50,441
6,O'Higgins,6113,Pichidegua,1,1,50,218
6,O'Higgins,6113,Pichidegua,1,1,55,284
6,O'Higgins,6113,Pichidegua,2,1,55,479
6,O'Higgins,6113,Pichidegua,2,1,60,483
6,O'Higgins,6113,Pichidegua,1,1,60,215
6,O'Higgins,6113,Pichidegua,2,1,65,401
6,O'Higgins,6113,Pichidegua,1,1,65,216
6,O'Higgins,6113,Pichidegua,2,1,70,347
6,O'Higgins,6113,Pichidegua,1,1,70,190
6,O'Higgins,6113,Pichidegua,2,1,75,221
6,O'Higgins,6113,Pichidegua,1,1,75,120
6,O'Higgins,6113,Pichidegua,1,1,80,73
6,O'Higgins,6113,Pichidegua,2,1,80,132
6,O'Higgins,6113,Pichidegua,1,1,85,53
6,O'Higgins,6113,Pichidegua,2,1,85,103
6,O'Higgins,6113,Pichidegua,2,2,0,332
6,O'Higgins,6113,Pichidegua,1,2,0,186
6,O'Higgins,6113,Pichidegua,1,2,5,187
6,O'Higgins,6113,Pichidegua,2,2,5,365
6,O'Higgins,6113,Pichidegua,1,2,10,219
6,O'Higgins,6113,Pichidegua,2,2,10,400
6,O'Higgins,6113,Pichidegua,2,2,15,359
6,O'Higgins,6113,Pichidegua,1,2,15,203
6,O'Higgins,6113,Pichidegua,2,2,20,321
6,O'Higgins,6113,Pichidegua,1,2,20,207
6,O'Higgins,6113,Pichidegua,1,2,25,286
6,O'Higgins,6113,Pichidegua,2,2,25,385
6,O'Higgins,6113,Pichidegua,1,2,30,257
6,O'Higgins,6113,Pichidegua,2,2,30,430
6,O'Higgins,6113,Pichidegua,1,2,35,235
6,O'Higgins,6113,Pichidegua,2,2,35,468
6,O'Higgins,6113,Pichidegua,1,2,40,229
6,O'Higgins,6113,Pichidegua,2,2,40,395
6,O'Higgins,6113,Pichidegua,1,2,45,236
6,O'Higgins,6113,Pichidegua,2,2,45,406
6,O'Higgins,6113,Pichidegua,1,2,50,275
6,O'Higgins,6113,Pichidegua,2,2,50,493
6,O'Higgins,6113,Pichidegua,2,2,55,495
6,O'Higgins,6113,Pichidegua,1,2,55,283
6,O'Higgins,6113,Pichidegua,1,2,60,252
6,O'Higgins,6113,Pichidegua,2,2,60,449
6,O'Higgins,6113,Pichidegua,1,2,65,217
6,O'Higgins,6113,Pichidegua,2,2,65,384
6,O'Higgins,6113,Pichidegua,1,2,70,185
6,O'Higgins,6113,Pichidegua,2,2,70,313
6,O'Higgins,6113,Pichidegua,1,2,75,133
6,O'Higgins,6113,Pichidegua,2,2,75,200
6,O'Higgins,6113,Pichidegua,2,2,80,139
6,O'Higgins,6113,Pichidegua,1,2,80,80
6,O'Higgins,6113,Pichidegua,1,2,85,79
6,O'Higgins,6113,Pichidegua,2,2,85,128
6,O'Higgins,6114,Quinta de Tilcoco,2,1,0,140
6,O'Higgins,6114,Quinta de Tilcoco,1,1,0,201
6,O'Higgins,6114,Quinta de Tilcoco,1,1,5,205
6,O'Higgins,6114,Quinta de Tilcoco,2,1,5,170
6,O'Higgins,6114,Quinta de Tilcoco,2,1,10,187
6,O'Higgins,6114,Quinta de Tilcoco,1,1,10,236
6,O'Higgins,6114,Quinta de Tilcoco,1,1,15,236
6,O'Higgins,6114,Quinta de Tilcoco,2,1,15,171
6,O'Higgins,6114,Quinta de Tilcoco,2,1,20,169
6,O'Higgins,6114,Quinta de Tilcoco,1,1,20,221
6,O'Higgins,6114,Quinta de Tilcoco,2,1,25,163
6,O'Higgins,6114,Quinta de Tilcoco,1,1,25,257
6,O'Higgins,6114,Quinta de Tilcoco,2,1,30,230
6,O'Higgins,6114,Quinta de Tilcoco,1,1,30,271
6,O'Higgins,6114,Quinta de Tilcoco,2,1,35,217
6,O'Higgins,6114,Quinta de Tilcoco,1,1,35,274
6,O'Higgins,6114,Quinta de Tilcoco,1,1,40,254
6,O'Higgins,6114,Quinta de Tilcoco,2,1,40,178
6,O'Higgins,6114,Quinta de Tilcoco,1,1,45,235
6,O'Higgins,6114,Quinta de Tilcoco,2,1,45,201
6,O'Higgins,6114,Quinta de Tilcoco,1,1,50,237
6,O'Higgins,6114,Quinta de Tilcoco,2,1,50,206
6,O'Higgins,6114,Quinta de Tilcoco,2,1,55,194
6,O'Higgins,6114,Quinta de Tilcoco,1,1,55,265
6,O'Higgins,6114,Quinta de Tilcoco,2,1,60,214
6,O'Higgins,6114,Quinta de Tilcoco,1,1,60,255
6,O'Higgins,6114,Quinta de Tilcoco,2,1,65,181
6,O'Higgins,6114,Quinta de Tilcoco,1,1,65,198
6,O'Higgins,6114,Quinta de Tilcoco,2,1,70,153
6,O'Higgins,6114,Quinta de Tilcoco,1,1,70,147
6,O'Higgins,6114,Quinta de Tilcoco,2,1,75,91
6,O'Higgins,6114,Quinta de Tilcoco,1,1,75,86
6,O'Higgins,6114,Quinta de Tilcoco,1,1,80,65
6,O'Higgins,6114,Quinta de Tilcoco,2,1,80,64
6,O'Higgins,6114,Quinta de Tilcoco,2,1,85,36
6,O'Higgins,6114,Quinta de Tilcoco,1,1,85,40
6,O'Higgins,6114,Quinta de Tilcoco,1,2,0,177
6,O'Higgins,6114,Quinta de Tilcoco,2,2,0,131
6,O'Higgins,6114,Quinta de Tilcoco,2,2,5,172
6,O'Higgins,6114,Quinta de Tilcoco,1,2,5,217
6,O'Higgins,6114,Quinta de Tilcoco,1,2,10,275
6,O'Higgins,6114,Quinta de Tilcoco,2,2,10,172
6,O'Higgins,6114,Quinta de Tilcoco,2,2,15,157
6,O'Higgins,6114,Quinta de Tilcoco,1,2,15,247
6,O'Higgins,6114,Quinta de Tilcoco,1,2,20,241
6,O'Higgins,6114,Quinta de Tilcoco,2,2,20,146
6,O'Higgins,6114,Quinta de Tilcoco,1,2,25,260
6,O'Higgins,6114,Quinta de Tilcoco,2,2,25,164
6,O'Higgins,6114,Quinta de Tilcoco,2,2,30,229
6,O'Higgins,6114,Quinta de Tilcoco,1,2,30,303
6,O'Higgins,6114,Quinta de Tilcoco,1,2,35,288
6,O'Higgins,6114,Quinta de Tilcoco,2,2,35,195
6,O'Higgins,6114,Quinta de Tilcoco,2,2,40,199
6,O'Higgins,6114,Quinta de Tilcoco,1,2,40,296
6,O'Higgins,6114,Quinta de Tilcoco,2,2,45,164
6,O'Higgins,6114,Quinta de Tilcoco,1,2,45,258
6,O'Higgins,6114,Quinta de Tilcoco,1,2,50,271
6,O'Higgins,6114,Quinta de Tilcoco,2,2,50,189
6,O'Higgins,6114,Quinta de Tilcoco,1,2,55,276
6,O'Higgins,6114,Quinta de Tilcoco,2,2,55,225
6,O'Higgins,6114,Quinta de Tilcoco,2,2,60,235
6,O'Higgins,6114,Quinta de Tilcoco,1,2,60,277
6,O'Higgins,6114,Quinta de Tilcoco,2,2,65,160
6,O'Higgins,6114,Quinta de Tilcoco,1,2,65,198
6,O'Higgins,6114,Quinta de Tilcoco,1,2,70,169
6,O'Higgins,6114,Quinta de Tilcoco,2,2,70,149
6,O'Higgins,6114,Quinta de Tilcoco,2,2,75,96
6,O'Higgins,6114,Quinta de Tilcoco,1,2,75,118
6,O'Higgins,6114,Quinta de Tilcoco,1,2,80,68
6,O'Higgins,6114,Quinta de Tilcoco,2,2,80,62
6,O'Higgins,6114,Quinta de Tilcoco,1,2,85,62
6,O'Higgins,6114,Quinta de Tilcoco,2,2,85,64
6,O'Higgins,6115,Rengo,2,1,0,281
6,O'Higgins,6115,Rengo,1,1,0,1402
6,O'Higgins,6115,Rengo,1,1,5,1780
6,O'Higgins,6115,Rengo,2,1,5,373
6,O'Higgins,6115,Rengo,2,1,10,426
6,O'Higgins,6115,Rengo,1,1,10,1954
6,O'Higgins,6115,Rengo,1,1,15,1769
6,O'Higgins,6115,Rengo,2,1,15,369
6,O'Higgins,6115,Rengo,2,1,20,390
6,O'Higgins,6115,Rengo,1,1,20,1692
6,O'Higgins,6115,Rengo,2,1,25,408
6,O'Higgins,6115,Rengo,1,1,25,1858
6,O'Higgins,6115,Rengo,2,1,30,446
6,O'Higgins,6115,Rengo,1,1,30,2140
6,O'Higgins,6115,Rengo,2,1,35,427
6,O'Higgins,6115,Rengo,1,1,35,1954
6,O'Higgins,6115,Rengo,1,1,40,1606
6,O'Higgins,6115,Rengo,2,1,40,420
6,O'Higgins,6115,Rengo,1,1,45,1406
6,O'Higgins,6115,Rengo,2,1,45,397
6,O'Higgins,6115,Rengo,2,1,50,485
6,O'Higgins,6115,Rengo,1,1,50,1366
6,O'Higgins,6115,Rengo,2,1,55,488
6,O'Higgins,6115,Rengo,1,1,55,1333
6,O'Higgins,6115,Rengo,2,1,60,451
6,O'Higgins,6115,Rengo,1,1,60,1285
6,O'Higgins,6115,Rengo,2,1,65,370
6,O'Higgins,6115,Rengo,1,1,65,1034
6,O'Higgins,6115,Rengo,2,1,70,325
6,O'Higgins,6115,Rengo,1,1,70,773
6,O'Higgins,6115,Rengo,2,1,75,190
6,O'Higgins,6115,Rengo,1,1,75,543
6,O'Higgins,6115,Rengo,1,1,80,340
6,O'Higgins,6115,Rengo,2,1,80,130
6,O'Higgins,6115,Rengo,2,1,85,94
6,O'Higgins,6115,Rengo,1,1,85,220
6,O'Higgins,6115,Rengo,1,2,0,1329
6,O'Higgins,6115,Rengo,2,2,0,299
6,O'Higgins,6115,Rengo,2,2,5,391
6,O'Higgins,6115,Rengo,1,2,5,1738
6,O'Higgins,6115,Rengo,1,2,10,1829
6,O'Higgins,6115,Rengo,2,2,10,401
6,O'Higgins,6115,Rengo,2,2,15,351
6,O'Higgins,6115,Rengo,1,2,15,1695
6,O'Higgins,6115,Rengo,2,2,20,357
6,O'Higgins,6115,Rengo,1,2,20,1558
6,O'Higgins,6115,Rengo,2,2,25,397
6,O'Higgins,6115,Rengo,1,2,25,1940
6,O'Higgins,6115,Rengo,2,2,30,410
6,O'Higgins,6115,Rengo,1,2,30,2329
6,O'Higgins,6115,Rengo,1,2,35,2153
6,O'Higgins,6115,Rengo,2,2,35,423
6,O'Higgins,6115,Rengo,1,2,40,1736
6,O'Higgins,6115,Rengo,2,2,40,412
6,O'Higgins,6115,Rengo,1,2,45,1571
6,O'Higgins,6115,Rengo,2,2,45,421
6,O'Higgins,6115,Rengo,1,2,50,1574
6,O'Higgins,6115,Rengo,2,2,50,447
6,O'Higgins,6115,Rengo,1,2,55,1680
6,O'Higgins,6115,Rengo,2,2,55,486
6,O'Higgins,6115,Rengo,1,2,60,1538
6,O'Higgins,6115,Rengo,2,2,60,453
6,O'Higgins,6115,Rengo,2,2,65,352
6,O'Higgins,6115,Rengo,1,2,65,1148
6,O'Higgins,6115,Rengo,1,2,70,955
6,O'Higgins,6115,Rengo,2,2,70,266
6,O'Higgins,6115,Rengo,2,2,75,210
6,O'Higgins,6115,Rengo,1,2,75,725
6,O'Higgins,6115,Rengo,2,2,80,138
6,O'Higgins,6115,Rengo,1,2,80,461
6,O'Higgins,6115,Rengo,1,2,85,409
6,O'Higgins,6115,Rengo,2,2,85,113
6,O'Higgins,6116,Requínoa,2,1,0,268
6,O'Higgins,6116,Requínoa,1,1,0,474
6,O'Higgins,6116,Requínoa,1,1,5,684
6,O'Higgins,6116,Requínoa,2,1,5,356
6,O'Higgins,6116,Requínoa,1,1,10,715
6,O'Higgins,6116,Requínoa,2,1,10,378
6,O'Higgins,6116,Requínoa,2,1,15,307
6,O'Higgins,6116,Requínoa,1,1,15,705
6,O'Higgins,6116,Requínoa,2,1,20,303
6,O'Higgins,6116,Requínoa,1,1,20,659
6,O'Higgins,6116,Requínoa,2,1,25,327
6,O'Higgins,6116,Requínoa,1,1,25,702
6,O'Higgins,6116,Requínoa,1,1,30,736
6,O'Higgins,6116,Requínoa,2,1,30,349
6,O'Higgins,6116,Requínoa,1,1,35,647
6,O'Higgins,6116,Requínoa,2,1,35,377
6,O'Higgins,6116,Requínoa,1,1,40,605
6,O'Higgins,6116,Requínoa,2,1,40,348
6,O'Higgins,6116,Requínoa,1,1,45,600
6,O'Higgins,6116,Requínoa,2,1,45,330
6,O'Higgins,6116,Requínoa,2,1,50,385
6,O'Higgins,6116,Requínoa,1,1,50,640
6,O'Higgins,6116,Requínoa,2,1,55,396
6,O'Higgins,6116,Requínoa,1,1,55,575
6,O'Higgins,6116,Requínoa,2,1,60,340
6,O'Higgins,6116,Requínoa,1,1,60,535
6,O'Higgins,6116,Requínoa,1,1,65,422
6,O'Higgins,6116,Requínoa,2,1,65,253
6,O'Higgins,6116,Requínoa,2,1,70,177
6,O'Higgins,6116,Requínoa,1,1,70,308
6,O'Higgins,6116,Requínoa,1,1,75,214
6,O'Higgins,6116,Requínoa,2,1,75,141
6,O'Higgins,6116,Requínoa,1,1,80,124
6,O'Higgins,6116,Requínoa,2,1,80,70
6,O'Higgins,6116,Requínoa,1,1,85,91
6,O'Higgins,6116,Requínoa,2,1,85,47
6,O'Higgins,6116,Requínoa,2,2,0,276
6,O'Higgins,6116,Requínoa,1,2,0,470
6,O'Higgins,6116,Requínoa,1,2,5,615
6,O'Higgins,6116,Requínoa,2,2,5,344
6,O'Higgins,6116,Requínoa,2,2,10,360
6,O'Higgins,6116,Requínoa,1,2,10,680
6,O'Higgins,6116,Requínoa,1,2,15,675
6,O'Higgins,6116,Requínoa,2,2,15,303
6,O'Higgins,6116,Requínoa,1,2,20,617
6,O'Higgins,6116,Requínoa,2,2,20,279
6,O'Higgins,6116,Requínoa,1,2,25,677
6,O'Higgins,6116,Requínoa,2,2,25,317
6,O'Higgins,6116,Requínoa,2,2,30,359
6,O'Higgins,6116,Requínoa,1,2,30,744
6,O'Higgins,6116,Requínoa,2,2,35,406
6,O'Higgins,6116,Requínoa,1,2,35,699
6,O'Higgins,6116,Requínoa,2,2,40,354
6,O'Higgins,6116,Requínoa,1,2,40,660
6,O'Higgins,6116,Requínoa,2,2,45,364
6,O'Higgins,6116,Requínoa,1,2,45,682
6,O'Higgins,6116,Requínoa,1,2,50,706
6,O'Higgins,6116,Requínoa,2,2,50,359
6,O'Higgins,6116,Requínoa,2,2,55,393
6,O'Higgins,6116,Requínoa,1,2,55,642
6,O'Higgins,6116,Requínoa,1,2,60,592
6,O'Higgins,6116,Requínoa,2,2,60,316
6,O'Higgins,6116,Requínoa,2,2,65,235
6,O'Higgins,6116,Requínoa,1,2,65,461
6,O'Higgins,6116,Requínoa,1,2,70,370
6,O'Higgins,6116,Requínoa,2,2,70,166
6,O'Higgins,6116,Requínoa,2,2,75,121
6,O'Higgins,6116,Requínoa,1,2,75,243
6,O'Higgins,6116,Requínoa,1,2,80,171
6,O'Higgins,6116,Requínoa,2,2,80,73
6,O'Higgins,6116,Requínoa,2,2,85,62
6,O'Higgins,6116,Requínoa,1,2,85,129
6,O'Higgins,6117,San Vicente,2,1,0,509
6,O'Higgins,6117,San Vicente,1,1,0,655
6,O'Higgins,6117,San Vicente,2,1,5,698
6,O'Higgins,6117,San Vicente,1,1,5,836
6,O'Higgins,6117,San Vicente,2,1,10,737
6,O'Higgins,6117,San Vicente,1,1,10,986
6,O'Higgins,6117,San Vicente,1,1,15,934
6,O'Higgins,6117,San Vicente,2,1,15,673
6,O'Higgins,6117,San Vicente,2,1,20,586
6,O'Higgins,6117,San Vicente,1,1,20,817
6,O'Higgins,6117,San Vicente,1,1,25,911
6,O'Higgins,6117,San Vicente,2,1,25,675
6,O'Higgins,6117,San Vicente,1,1,30,989
6,O'Higgins,6117,San Vicente,2,1,30,772
6,O'Higgins,6117,San Vicente,2,1,35,697
6,O'Higgins,6117,San Vicente,1,1,35,927
6,O'Higgins,6117,San Vicente,2,1,40,735
6,O'Higgins,6117,San Vicente,1,1,40,820
6,O'Higgins,6117,San Vicente,2,1,45,700
6,O'Higgins,6117,San Vicente,1,1,45,818
6,O'Higgins,6117,San Vicente,1,1,50,794
6,O'Higgins,6117,San Vicente,2,1,50,797
6,O'Higgins,6117,San Vicente,2,1,55,826
6,O'Higgins,6117,San Vicente,1,1,55,868
6,O'Higgins,6117,San Vicente,1,1,60,761
6,O'Higgins,6117,San Vicente,2,1,60,843
6,O'Higgins,6117,San Vicente,2,1,65,750
6,O'Higgins,6117,San Vicente,1,1,65,621
6,O'Higgins,6117,San Vicente,1,1,70,510
6,O'Higgins,6117,San Vicente,2,1,70,514
6,O'Higgins,6117,San Vicente,1,1,75,356
6,O'Higgins,6117,San Vicente,2,1,75,401
6,O'Higgins,6117,San Vicente,2,1,80,252
6,O'Higgins,6117,San Vicente,1,1,80,198
6,O'Higgins,6117,San Vicente,2,1,85,196
6,O'Higgins,6117,San Vicente,1,1,85,178
6,O'Higgins,6117,San Vicente,2,2,0,506
6,O'Higgins,6117,San Vicente,1,2,0,586
6,O'Higgins,6117,San Vicente,1,2,5,773
6,O'Higgins,6117,San Vicente,2,2,5,625
6,O'Higgins,6117,San Vicente,2,2,10,671
6,O'Higgins,6117,San Vicente,1,2,10,903
6,O'Higgins,6117,San Vicente,2,2,15,587
6,O'Higgins,6117,San Vicente,1,2,15,822
6,O'Higgins,6117,San Vicente,1,2,20,761
6,O'Higgins,6117,San Vicente,2,2,20,552
6,O'Higgins,6117,San Vicente,2,2,25,689
6,O'Higgins,6117,San Vicente,1,2,25,882
6,O'Higgins,6117,San Vicente,1,2,30,1071
6,O'Higgins,6117,San Vicente,2,2,30,797
6,O'Higgins,6117,San Vicente,2,2,35,737
6,O'Higgins,6117,San Vicente,1,2,35,981
6,O'Higgins,6117,San Vicente,2,2,40,739
6,O'Higgins,6117,San Vicente,1,2,40,993
6,O'Higgins,6117,San Vicente,2,2,45,745
6,O'Higgins,6117,San Vicente,1,2,45,972
6,O'Higgins,6117,San Vicente,2,2,50,755
6,O'Higgins,6117,San Vicente,1,2,50,922
6,O'Higgins,6117,San Vicente,2,2,55,808
6,O'Higgins,6117,San Vicente,1,2,55,979
6,O'Higgins,6117,San Vicente,2,2,60,855
6,O'Higgins,6117,San Vicente,1,2,60,952
6,O'Higgins,6117,San Vicente,1,2,65,790
6,O'Higgins,6117,San Vicente,2,2,65,647
6,O'Higgins,6117,San Vicente,2,2,70,546
6,O'Higgins,6117,San Vicente,1,2,70,624
6,O'Higgins,6117,San Vicente,1,2,75,444
6,O'Higgins,6117,San Vicente,2,2,75,403
6,O'Higgins,6117,San Vicente,2,2,80,257
6,O'Higgins,6117,San Vicente,1,2,80,282
6,O'Higgins,6117,San Vicente,1,2,85,286
6,O'Higgins,6117,San Vicente,2,2,85,277
6,O'Higgins,6201,Pichilemu,1,1,0,381
6,O'Higgins,6201,Pichilemu,2,1,0,105
6,O'Higgins,6201,Pichilemu,1,1,5,528
6,O'Higgins,6201,Pichilemu,2,1,5,156
6,O'Higgins,6201,Pichilemu,2,1,10,143
6,O'Higgins,6201,Pichilemu,1,1,10,492
6,O'Higgins,6201,Pichilemu,2,1,15,102
6,O'Higgins,6201,Pichilemu,1,1,15,425
6,O'Higgins,6201,Pichilemu,2,1,20,68
6,O'Higgins,6201,Pichilemu,1,1,20,390
6,O'Higgins,6201,Pichilemu,1,1,25,539
6,O'Higgins,6201,Pichilemu,2,1,25,106
6,O'Higgins,6201,Pichilemu,1,1,30,614
6,O'Higgins,6201,Pichilemu,2,1,30,162
6,O'Higgins,6201,Pichilemu,2,1,35,182
6,O'Higgins,6201,Pichilemu,1,1,35,579
6,O'Higgins,6201,Pichilemu,2,1,40,222
6,O'Higgins,6201,Pichilemu,1,1,40,496
6,O'Higgins,6201,Pichilemu,2,1,45,160
6,O'Higgins,6201,Pichilemu,1,1,45,459
6,O'Higgins,6201,Pichilemu,2,1,50,148
6,O'Higgins,6201,Pichilemu,1,1,50,465
6,O'Higgins,6201,Pichilemu,1,1,55,463
6,O'Higgins,6201,Pichilemu,2,1,55,156
6,O'Higgins,6201,Pichilemu,1,1,60,463
6,O'Higgins,6201,Pichilemu,2,1,60,164
6,O'Higgins,6201,Pichilemu,1,1,65,402
6,O'Higgins,6201,Pichilemu,2,1,65,182
6,O'Higgins,6201,Pichilemu,1,1,70,298
6,O'Higgins,6201,Pichilemu,2,1,70,122
6,O'Higgins,6201,Pichilemu,1,1,75,197
6,O'Higgins,6201,Pichilemu,2,1,75,85
6,O'Higgins,6201,Pichilemu,2,1,80,43
6,O'Higgins,6201,Pichilemu,1,1,80,129
6,O'Higgins,6201,Pichilemu,2,1,85,32
6,O'Higgins,6201,Pichilemu,1,1,85,86
6,O'Higgins,6201,Pichilemu,2,2,0,114
6,O'Higgins,6201,Pichilemu,1,2,0,391
6,O'Higgins,6201,Pichilemu,1,2,5,468
6,O'Higgins,6201,Pichilemu,2,2,5,166
6,O'Higgins,6201,Pichilemu,1,2,10,507
6,O'Higgins,6201,Pichilemu,2,2,10,114
6,O'Higgins,6201,Pichilemu,1,2,15,388
6,O'Higgins,6201,Pichilemu,2,2,15,85
6,O'Higgins,6201,Pichilemu,2,2,20,72
6,O'Higgins,6201,Pichilemu,1,2,20,341
6,O'Higgins,6201,Pichilemu,2,2,25,95
6,O'Higgins,6201,Pichilemu,1,2,25,521
6,O'Higgins,6201,Pichilemu,2,2,30,160
6,O'Higgins,6201,Pichilemu,1,2,30,668
6,O'Higgins,6201,Pichilemu,2,2,35,211
6,O'Higgins,6201,Pichilemu,1,2,35,657
6,O'Higgins,6201,Pichilemu,1,2,40,599
6,O'Higgins,6201,Pichilemu,2,2,40,187
6,O'Higgins,6201,Pichilemu,1,2,45,520
6,O'Higgins,6201,Pichilemu,2,2,45,143
6,O'Higgins,6201,Pichilemu,1,2,50,481
6,O'Higgins,6201,Pichilemu,2,2,50,139
6,O'Higgins,6201,Pichilemu,2,2,55,161
6,O'Higgins,6201,Pichilemu,1,2,55,523
6,O'Higgins,6201,Pichilemu,1,2,60,558
6,O'Higgins,6201,Pichilemu,2,2,60,146
6,O'Higgins,6201,Pichilemu,2,2,65,150
6,O'Higgins,6201,Pichilemu,1,2,65,453
6,O'Higgins,6201,Pichilemu,2,2,70,93
6,O'Higgins,6201,Pichilemu,1,2,70,327
6,O'Higgins,6201,Pichilemu,1,2,75,212
6,O'Higgins,6201,Pichilemu,2,2,75,72
6,O'Higgins,6201,Pichilemu,2,2,80,49
6,O'Higgins,6201,Pichilemu,1,2,80,140
6,O'Higgins,6201,Pichilemu,2,2,85,46
6,O'Higgins,6201,Pichilemu,1,2,85,146
6,O'Higgins,6202,La Estrella,2,1,0,72
6,O'Higgins,6202,La Estrella,1,1,0,33
6,O'Higgins,6202,La Estrella,2,1,5,87
6,O'Higgins,6202,La Estrella,1,1,5,35
6,O'Higgins,6202,La Estrella,1,1,10,40
6,O'Higgins,6202,La Estrella,2,1,10,96
6,O'Higgins,6202,La Estrella,2,1,15,112
6,O'Higgins,6202,La Estrella,1,1,15,31
6,O'Higgins,6202,La Estrella,2,1,20,74
6,O'Higgins,6202,La Estrella,1,1,20,31
6,O'Higgins,6202,La Estrella,2,1,25,78
6,O'Higgins,6202,La Estrella,1,1,25,35
6,O'Higgins,6202,La Estrella,2,1,30,113
6,O'Higgins,6202,La Estrella,1,1,30,52
6,O'Higgins,6202,La Estrella,1,1,35,48
6,O'Higgins,6202,La Estrella,2,1,35,127
6,O'Higgins,6202,La Estrella,2,1,40,108
6,O'Higgins,6202,La Estrella,1,1,40,43
6,O'Higgins,6202,La Estrella,2,1,45,100
6,O'Higgins,6202,La Estrella,1,1,45,32
6,O'Higgins,6202,La Estrella,1,1,50,30
6,O'Higgins,6202,La Estrella,2,1,50,114
6,O'Higgins,6202,La Estrella,2,1,55,142
6,O'Higgins,6202,La Estrella,1,1,55,47
6,O'Higgins,6202,La Estrella,1,1,60,40
6,O'Higgins,6202,La Estrella,2,1,60,149
6,O'Higgins,6202,La Estrella,2,1,65,132
6,O'Higgins,6202,La Estrella,1,1,65,39
6,O'Higgins,6202,La Estrella,2,1,70,87
6,O'Higgins,6202,La Estrella,1,1,70,32
6,O'Higgins,6202,La Estrella,2,1,75,72
6,O'Higgins,6202,La Estrella,1,1,75,26
6,O'Higgins,6202,La Estrella,2,1,80,38
6,O'Higgins,6202,La Estrella,1,1,80,16
6,O'Higgins,6202,La Estrella,1,1,85,8
6,O'Higgins,6202,La Estrella,2,1,85,24
6,O'Higgins,6202,La Estrella,1,2,0,24
6,O'Higgins,6202,La Estrella,2,2,0,62
6,O'Higgins,6202,La Estrella,1,2,5,39
6,O'Higgins,6202,La Estrella,2,2,5,104
6,O'Higgins,6202,La Estrella,1,2,10,31
6,O'Higgins,6202,La Estrella,2,2,10,105
6,O'Higgins,6202,La Estrella,2,2,15,81
6,O'Higgins,6202,La Estrella,1,2,15,41
6,O'Higgins,6202,La Estrella,1,2,20,35
6,O'Higgins,6202,La Estrella,2,2,20,58
6,O'Higgins,6202,La Estrella,1,2,25,47
6,O'Higgins,6202,La Estrella,2,2,25,79
6,O'Higgins,6202,La Estrella,1,2,30,37
6,O'Higgins,6202,La Estrella,2,2,30,82
6,O'Higgins,6202,La Estrella,2,2,35,120
6,O'Higgins,6202,La Estrella,1,2,35,52
6,O'Higgins,6202,La Estrella,2,2,40,90
6,O'Higgins,6202,La Estrella,1,2,40,41
6,O'Higgins,6202,La Estrella,2,2,45,91
6,O'Higgins,6202,La Estrella,1,2,45,39
6,O'Higgins,6202,La Estrella,2,2,50,119
6,O'Higgins,6202,La Estrella,1,2,50,50
6,O'Higgins,6202,La Estrella,1,2,55,42
6,O'Higgins,6202,La Estrella,2,2,55,133
6,O'Higgins,6202,La Estrella,1,2,60,59
6,O'Higgins,6202,La Estrella,2,2,60,136
6,O'Higgins,6202,La Estrella,1,2,65,35
6,O'Higgins,6202,La Estrella,2,2,65,137
6,O'Higgins,6202,La Estrella,1,2,70,29
6,O'Higgins,6202,La Estrella,2,2,70,76
6,O'Higgins,6202,La Estrella,1,2,75,32
6,O'Higgins,6202,La Estrella,2,2,75,55
6,O'Higgins,6202,La Estrella,1,2,80,23
6,O'Higgins,6202,La Estrella,2,2,80,36
6,O'Higgins,6202,La Estrella,2,2,85,25
6,O'Higgins,6202,La Estrella,1,2,85,21
6,O'Higgins,6203,Litueche,1,1,0,79
6,O'Higgins,6203,Litueche,2,1,0,129
6,O'Higgins,6203,Litueche,1,1,5,104
6,O'Higgins,6203,Litueche,2,1,5,168
6,O'Higgins,6203,Litueche,2,1,10,207
6,O'Higgins,6203,Litueche,1,1,10,104
6,O'Higgins,6203,Litueche,2,1,15,154
6,O'Higgins,6203,Litueche,1,1,15,104
6,O'Higgins,6203,Litueche,1,1,20,100
6,O'Higgins,6203,Litueche,2,1,20,125
6,O'Higgins,6203,Litueche,1,1,25,134
6,O'Higgins,6203,Litueche,2,1,25,136
6,O'Higgins,6203,Litueche,2,1,30,164
6,O'Higgins,6203,Litueche,1,1,30,142
6,O'Higgins,6203,Litueche,2,1,35,203
6,O'Higgins,6203,Litueche,1,1,35,124
6,O'Higgins,6203,Litueche,2,1,40,154
6,O'Higgins,6203,Litueche,1,1,40,101
6,O'Higgins,6203,Litueche,2,1,45,144
6,O'Higgins,6203,Litueche,1,1,45,99
6,O'Higgins,6203,Litueche,2,1,50,219
6,O'Higgins,6203,Litueche,1,1,50,102
6,O'Higgins,6203,Litueche,1,1,55,93
6,O'Higgins,6203,Litueche,2,1,55,175
6,O'Higgins,6203,Litueche,1,1,60,104
6,O'Higgins,6203,Litueche,2,1,60,224
6,O'Higgins,6203,Litueche,2,1,65,200
6,O'Higgins,6203,Litueche,1,1,65,85
6,O'Higgins,6203,Litueche,1,1,70,76
6,O'Higgins,6203,Litueche,2,1,70,172
6,O'Higgins,6203,Litueche,2,1,75,113
6,O'Higgins,6203,Litueche,1,1,75,44
6,O'Higgins,6203,Litueche,2,1,80,68
6,O'Higgins,6203,Litueche,1,1,80,21
6,O'Higgins,6203,Litueche,2,1,85,48
6,O'Higgins,6203,Litueche,1,1,85,24
6,O'Higgins,6203,Litueche,2,2,0,137
6,O'Higgins,6203,Litueche,1,2,0,85
6,O'Higgins,6203,Litueche,1,2,5,83
6,O'Higgins,6203,Litueche,2,2,5,179
6,O'Higgins,6203,Litueche,1,2,10,104
6,O'Higgins,6203,Litueche,2,2,10,164
6,O'Higgins,6203,Litueche,2,2,15,131
6,O'Higgins,6203,Litueche,1,2,15,101
6,O'Higgins,6203,Litueche,2,2,20,95
6,O'Higgins,6203,Litueche,1,2,20,83
6,O'Higgins,6203,Litueche,1,2,25,136
6,O'Higgins,6203,Litueche,2,2,25,136
6,O'Higgins,6203,Litueche,2,2,30,182
6,O'Higgins,6203,Litueche,1,2,30,134
6,O'Higgins,6203,Litueche,1,2,35,124
6,O'Higgins,6203,Litueche,2,2,35,206
6,O'Higgins,6203,Litueche,1,2,40,100
6,O'Higgins,6203,Litueche,2,2,40,164
6,O'Higgins,6203,Litueche,2,2,45,165
6,O'Higgins,6203,Litueche,1,2,45,117
6,O'Higgins,6203,Litueche,1,2,50,138
6,O'Higgins,6203,Litueche,2,2,50,189
6,O'Higgins,6203,Litueche,2,2,55,182
6,O'Higgins,6203,Litueche,1,2,55,109
6,O'Higgins,6203,Litueche,2,2,60,218
6,O'Higgins,6203,Litueche,1,2,60,121
6,O'Higgins,6203,Litueche,2,2,65,205
6,O'Higgins,6203,Litueche,1,2,65,101
6,O'Higgins,6203,Litueche,1,2,70,64
6,O'Higgins,6203,Litueche,2,2,70,144
6,O'Higgins,6203,Litueche,2,2,75,87
6,O'Higgins,6203,Litueche,1,2,75,50
6,O'Higgins,6203,Litueche,1,2,80,39
6,O'Higgins,6203,Litueche,2,2,80,50
6,O'Higgins,6203,Litueche,1,2,85,31
6,O'Higgins,6203,Litueche,2,2,85,55
6,O'Higgins,6204,Marchihue,1,1,0,54
6,O'Higgins,6204,Marchihue,2,1,0,141
6,O'Higgins,6204,Marchihue,2,1,5,196
6,O'Higgins,6204,Marchihue,1,1,5,72
6,O'Higgins,6204,Marchihue,2,1,10,193
6,O'Higgins,6204,Marchihue,1,1,10,66
6,O'Higgins,6204,Marchihue,2,1,15,177
6,O'Higgins,6204,Marchihue,1,1,15,67
6,O'Higgins,6204,Marchihue,1,1,20,54
6,O'Higgins,6204,Marchihue,2,1,20,151
6,O'Higgins,6204,Marchihue,2,1,25,178
6,O'Higgins,6204,Marchihue,1,1,25,69
6,O'Higgins,6204,Marchihue,1,1,30,75
6,O'Higgins,6204,Marchihue,2,1,30,239
6,O'Higgins,6204,Marchihue,2,1,35,213
6,O'Higgins,6204,Marchihue,1,1,35,61
6,O'Higgins,6204,Marchihue,1,1,40,73
6,O'Higgins,6204,Marchihue,2,1,40,179
6,O'Higgins,6204,Marchihue,1,1,45,72
6,O'Higgins,6204,Marchihue,2,1,45,225
6,O'Higgins,6204,Marchihue,2,1,50,217
6,O'Higgins,6204,Marchihue,1,1,50,75
6,O'Higgins,6204,Marchihue,1,1,55,78
6,O'Higgins,6204,Marchihue,2,1,55,267
6,O'Higgins,6204,Marchihue,1,1,60,67
6,O'Higgins,6204,Marchihue,2,1,60,254
6,O'Higgins,6204,Marchihue,1,1,65,39
6,O'Higgins,6204,Marchihue,2,1,65,231
6,O'Higgins,6204,Marchihue,2,1,70,156
6,O'Higgins,6204,Marchihue,1,1,70,61
6,O'Higgins,6204,Marchihue,1,1,75,45
6,O'Higgins,6204,Marchihue,2,1,75,118
6,O'Higgins,6204,Marchihue,1,1,80,28
6,O'Higgins,6204,Marchihue,2,1,80,86
6,O'Higgins,6204,Marchihue,2,1,85,53
6,O'Higgins,6204,Marchihue,1,1,85,17
6,O'Higgins,6204,Marchihue,2,2,0,143
6,O'Higgins,6204,Marchihue,1,2,0,48
6,O'Higgins,6204,Marchihue,2,2,5,187
6,O'Higgins,6204,Marchihue,1,2,5,60
6,O'Higgins,6204,Marchihue,1,2,10,58
6,O'Higgins,6204,Marchihue,2,2,10,169
6,O'Higgins,6204,Marchihue,2,2,15,167
6,O'Higgins,6204,Marchihue,1,2,15,67
6,O'Higgins,6204,Marchihue,1,2,20,58
6,O'Higgins,6204,Marchihue,2,2,20,152
6,O'Higgins,6204,Marchihue,2,2,25,202
6,O'Higgins,6204,Marchihue,1,2,25,83
6,O'Higgins,6204,Marchihue,1,2,30,76
6,O'Higgins,6204,Marchihue,2,2,30,196
6,O'Higgins,6204,Marchihue,1,2,35,72
6,O'Higgins,6204,Marchihue,2,2,35,232
6,O'Higgins,6204,Marchihue,2,2,40,217
6,O'Higgins,6204,Marchihue,1,2,40,83
6,O'Higgins,6204,Marchihue,2,2,45,199
6,O'Higgins,6204,Marchihue,1,2,45,90
6,O'Higgins,6204,Marchihue,1,2,50,74
6,O'Higgins,6204,Marchihue,2,2,50,209
6,O'Higgins,6204,Marchihue,2,2,55,254
6,O'Higgins,6204,Marchihue,1,2,55,83
6,O'Higgins,6204,Marchihue,1,2,60,90
6,O'Higgins,6204,Marchihue,2,2,60,269
6,O'Higgins,6204,Marchihue,1,2,65,77
6,O'Higgins,6204,Marchihue,2,2,65,190
6,O'Higgins,6204,Marchihue,1,2,70,59
6,O'Higgins,6204,Marchihue,2,2,70,143
6,O'Higgins,6204,Marchihue,1,2,75,56
6,O'Higgins,6204,Marchihue,2,2,75,111
6,O'Higgins,6204,Marchihue,2,2,80,71
6,O'Higgins,6204,Marchihue,1,2,80,37
6,O'Higgins,6204,Marchihue,1,2,85,27
6,O'Higgins,6204,Marchihue,2,2,85,59
6,O'Higgins,6205,Navidad,2,1,0,182
6,O'Higgins,6205,Navidad,1,1,0,21
6,O'Higgins,6205,Navidad,2,1,5,256
6,O'Higgins,6205,Navidad,1,1,5,39
6,O'Higgins,6205,Navidad,2,1,10,240
6,O'Higgins,6205,Navidad,1,1,10,36
6,O'Higgins,6205,Navidad,2,1,15,175
6,O'Higgins,6205,Navidad,1,1,15,24
6,O'Higgins,6205,Navidad,2,1,20,175
6,O'Higgins,6205,Navidad,1,1,20,20
6,O'Higgins,6205,Navidad,1,1,25,38
6,O'Higgins,6205,Navidad,2,1,25,206
6,O'Higgins,6205,Navidad,2,1,30,246
6,O'Higgins,6205,Navidad,1,1,30,43
6,O'Higgins,6205,Navidad,2,1,35,276
6,O'Higgins,6205,Navidad,1,1,35,35
6,O'Higgins,6205,Navidad,1,1,40,41
6,O'Higgins,6205,Navidad,2,1,40,275
6,O'Higgins,6205,Navidad,1,1,45,29
6,O'Higgins,6205,Navidad,2,1,45,250
6,O'Higgins,6205,Navidad,1,1,50,41
6,O'Higgins,6205,Navidad,2,1,50,286
6,O'Higgins,6205,Navidad,2,1,55,256
6,O'Higgins,6205,Navidad,1,1,55,37
6,O'Higgins,6205,Navidad,1,1,60,26
6,O'Higgins,6205,Navidad,2,1,60,289
6,O'Higgins,6205,Navidad,2,1,65,270
6,O'Higgins,6205,Navidad,1,1,65,31
6,O'Higgins,6205,Navidad,1,1,70,29
6,O'Higgins,6205,Navidad,2,1,70,243
6,O'Higgins,6205,Navidad,2,1,75,184
6,O'Higgins,6205,Navidad,1,1,75,24
6,O'Higgins,6205,Navidad,1,1,80,6
6,O'Higgins,6205,Navidad,2,1,80,98
6,O'Higgins,6205,Navidad,1,1,85,16
6,O'Higgins,6205,Navidad,2,1,85,78
6,O'Higgins,6205,Navidad,2,2,0,173
6,O'Higgins,6205,Navidad,1,2,0,22
6,O'Higgins,6205,Navidad,2,2,5,214
6,O'Higgins,6205,Navidad,1,2,5,34
6,O'Higgins,6205,Navidad,1,2,10,29
6,O'Higgins,6205,Navidad,2,2,10,221
6,O'Higgins,6205,Navidad,1,2,15,19
6,O'Higgins,6205,Navidad,2,2,15,177
6,O'Higgins,6205,Navidad,2,2,20,159
6,O'Higgins,6205,Navidad,1,2,20,27
6,O'Higgins,6205,Navidad,2,2,25,218
6,O'Higgins,6205,Navidad,1,2,25,40
6,O'Higgins,6205,Navidad,2,2,30,269
6,O'Higgins,6205,Navidad,1,2,30,45
6,O'Higgins,6205,Navidad,1,2,35,38
6,O'Higgins,6205,Navidad,2,2,35,283
6,O'Higgins,6205,Navidad,1,2,40,34
6,O'Higgins,6205,Navidad,2,2,40,263
6,O'Higgins,6205,Navidad,1,2,45,33
6,O'Higgins,6205,Navidad,2,2,45,182
6,O'Higgins,6205,Navidad,2,2,50,210
6,O'Higgins,6205,Navidad,1,2,50,31
6,O'Higgins,6205,Navidad,2,2,55,273
6,O'Higgins,6205,Navidad,1,2,55,46
6,O'Higgins,6205,Navidad,1,2,60,47
6,O'Higgins,6205,Navidad,2,2,60,294
6,O'Higgins,6205,Navidad,2,2,65,293
6,O'Higgins,6205,Navidad,1,2,65,41
6,O'Higgins,6205,Navidad,2,2,70,182
6,O'Higgins,6205,Navidad,1,2,70,28
6,O'Higgins,6205,Navidad,2,2,75,159
6,O'Higgins,6205,Navidad,1,2,75,28
6,O'Higgins,6205,Navidad,1,2,80,15
6,O'Higgins,6205,Navidad,2,2,80,120
6,O'Higgins,6205,Navidad,1,2,85,16
6,O'Higgins,6205,Navidad,2,2,85,101
6,O'Higgins,6206,Paredones,1,1,0,37
6,O'Higgins,6206,Paredones,2,1,0,103
6,O'Higgins,6206,Paredones,2,1,5,118
6,O'Higgins,6206,Paredones,1,1,5,75
6,O'Higgins,6206,Paredones,1,1,10,57
6,O'Higgins,6206,Paredones,2,1,10,152
6,O'Higgins,6206,Paredones,2,1,15,144
6,O'Higgins,6206,Paredones,1,1,15,38
6,O'Higgins,6206,Paredones,2,1,20,122
6,O'Higgins,6206,Paredones,1,1,20,53
6,O'Higgins,6206,Paredones,1,1,25,56
6,O'Higgins,6206,Paredones,2,1,25,135
6,O'Higgins,6206,Paredones,1,1,30,65
6,O'Higgins,6206,Paredones,2,1,30,163
6,O'Higgins,6206,Paredones,1,1,35,58
6,O'Higgins,6206,Paredones,2,1,35,144
6,O'Higgins,6206,Paredones,2,1,40,159
6,O'Higgins,6206,Paredones,1,1,40,63
6,O'Higgins,6206,Paredones,2,1,45,171
6,O'Higgins,6206,Paredones,1,1,45,40
6,O'Higgins,6206,Paredones,1,1,50,61
6,O'Higgins,6206,Paredones,2,1,50,220
6,O'Higgins,6206,Paredones,1,1,55,63
6,O'Higgins,6206,Paredones,2,1,55,245
6,O'Higgins,6206,Paredones,2,1,60,255
6,O'Higgins,6206,Paredones,1,1,60,64
6,O'Higgins,6206,Paredones,1,1,65,41
6,O'Higgins,6206,Paredones,2,1,65,222
6,O'Higgins,6206,Paredones,1,1,70,36
6,O'Higgins,6206,Paredones,2,1,70,157
6,O'Higgins,6206,Paredones,1,1,75,24
6,O'Higgins,6206,Paredones,2,1,75,110
6,O'Higgins,6206,Paredones,1,1,80,23
6,O'Higgins,6206,Paredones,2,1,80,88
6,O'Higgins,6206,Paredones,1,1,85,26
6,O'Higgins,6206,Paredones,2,1,85,79
6,O'Higgins,6206,Paredones,2,2,0,94
6,O'Higgins,6206,Paredones,1,2,0,47
6,O'Higgins,6206,Paredones,2,2,5,147
6,O'Higgins,6206,Paredones,1,2,5,55
6,O'Higgins,6206,Paredones,2,2,10,141
6,O'Higgins,6206,Paredones,1,2,10,55
6,O'Higgins,6206,Paredones,1,2,15,55
6,O'Higgins,6206,Paredones,2,2,15,108
6,O'Higgins,6206,Paredones,2,2,20,113
6,O'Higgins,6206,Paredones,1,2,20,57
6,O'Higgins,6206,Paredones,2,2,25,138
6,O'Higgins,6206,Paredones,1,2,25,61
6,O'Higgins,6206,Paredones,2,2,30,152
6,O'Higgins,6206,Paredones,1,2,30,75
6,O'Higgins,6206,Paredones,1,2,35,70
6,O'Higgins,6206,Paredones,2,2,35,153
6,O'Higgins,6206,Paredones,1,2,40,51
6,O'Higgins,6206,Paredones,2,2,40,137
6,O'Higgins,6206,Paredones,1,2,45,57
6,O'Higgins,6206,Paredones,2,2,45,165
6,O'Higgins,6206,Paredones,1,2,50,77
6,O'Higgins,6206,Paredones,2,2,50,230
6,O'Higgins,6206,Paredones,2,2,55,212
6,O'Higgins,6206,Paredones,1,2,55,60
6,O'Higgins,6206,Paredones,2,2,60,210
6,O'Higgins,6206,Paredones,1,2,60,63
6,O'Higgins,6206,Paredones,2,2,65,187
6,O'Higgins,6206,Paredones,1,2,65,56
6,O'Higgins,6206,Paredones,2,2,70,155
6,O'Higgins,6206,Paredones,1,2,70,42
6,O'Higgins,6206,Paredones,2,2,75,103
6,O'Higgins,6206,Paredones,1,2,75,31
6,O'Higgins,6206,Paredones,2,2,80,69
6,O'Higgins,6206,Paredones,1,2,80,19
6,O'Higgins,6206,Paredones,1,2,85,27
6,O'Higgins,6206,Paredones,2,2,85,89
6,O'Higgins,6301,San Fernando,1,1,0,1676
6,O'Higgins,6301,San Fernando,2,1,0,265
6,O'Higgins,6301,San Fernando,2,1,5,299
6,O'Higgins,6301,San Fernando,1,1,5,2192
6,O'Higgins,6301,San Fernando,2,1,10,325
6,O'Higgins,6301,San Fernando,1,1,10,2440
6,O'Higgins,6301,San Fernando,1,1,15,2259
6,O'Higgins,6301,San Fernando,2,1,15,324
6,O'Higgins,6301,San Fernando,2,1,20,282
6,O'Higgins,6301,San Fernando,1,1,20,1990
6,O'Higgins,6301,San Fernando,2,1,25,275
6,O'Higgins,6301,San Fernando,1,1,25,2237
6,O'Higgins,6301,San Fernando,2,1,30,322
6,O'Higgins,6301,San Fernando,1,1,30,2464
6,O'Higgins,6301,San Fernando,1,1,35,2401
6,O'Higgins,6301,San Fernando,2,1,35,332
6,O'Higgins,6301,San Fernando,1,1,40,2098
6,O'Higgins,6301,San Fernando,2,1,40,333
6,O'Higgins,6301,San Fernando,1,1,45,1853
6,O'Higgins,6301,San Fernando,2,1,45,336
6,O'Higgins,6301,San Fernando,2,1,50,330
6,O'Higgins,6301,San Fernando,1,1,50,1843
6,O'Higgins,6301,San Fernando,1,1,55,1957
6,O'Higgins,6301,San Fernando,2,1,55,405
6,O'Higgins,6301,San Fernando,2,1,60,384
6,O'Higgins,6301,San Fernando,1,1,60,1716
6,O'Higgins,6301,San Fernando,2,1,65,307
6,O'Higgins,6301,San Fernando,1,1,65,1457
6,O'Higgins,6301,San Fernando,2,1,70,213
6,O'Higgins,6301,San Fernando,1,1,70,1054
6,O'Higgins,6301,San Fernando,2,1,75,146
6,O'Higgins,6301,San Fernando,1,1,75,797
6,O'Higgins,6301,San Fernando,2,1,80,107
6,O'Higgins,6301,San Fernando,1,1,80,462
6,O'Higgins,6301,San Fernando,1,1,85,295
6,O'Higgins,6301,San Fernando,2,1,85,71
6,O'Higgins,6301,San Fernando,2,2,0,209
6,O'Higgins,6301,San Fernando,1,2,0,1594
6,O'Higgins,6301,San Fernando,1,2,5,2116
6,O'Higgins,6301,San Fernando,2,2,5,305
6,O'Higgins,6301,San Fernando,1,2,10,2407
6,O'Higgins,6301,San Fernando,2,2,10,331
6,O'Higgins,6301,San Fernando,2,2,15,301
6,O'Higgins,6301,San Fernando,1,2,15,2137
6,O'Higgins,6301,San Fernando,1,2,20,1860
6,O'Higgins,6301,San Fernando,2,2,20,222
6,O'Higgins,6301,San Fernando,1,2,25,2341
6,O'Higgins,6301,San Fernando,2,2,25,250
6,O'Higgins,6301,San Fernando,2,2,30,328
6,O'Higgins,6301,San Fernando,1,2,30,2662
6,O'Higgins,6301,San Fernando,2,2,35,361
6,O'Higgins,6301,San Fernando,1,2,35,2644
6,O'Higgins,6301,San Fernando,2,2,40,333
6,O'Higgins,6301,San Fernando,1,2,40,2341
6,O'Higgins,6301,San Fernando,2,2,45,345
6,O'Higgins,6301,San Fernando,1,2,45,2254
6,O'Higgins,6301,San Fernando,2,2,50,340
6,O'Higgins,6301,San Fernando,1,2,50,2131
6,O'Higgins,6301,San Fernando,2,2,55,383
6,O'Higgins,6301,San Fernando,1,2,55,2319
6,O'Higgins,6301,San Fernando,2,2,60,361
6,O'Higgins,6301,San Fernando,1,2,60,2196
6,O'Higgins,6301,San Fernando,2,2,65,262
6,O'Higgins,6301,San Fernando,1,2,65,1778
6,O'Higgins,6301,San Fernando,1,2,70,1362
6,O'Higgins,6301,San Fernando,2,2,70,203
6,O'Higgins,6301,San Fernando,2,2,75,140
6,O'Higgins,6301,San Fernando,1,2,75,1031
6,O'Higgins,6301,San Fernando,1,2,80,669
6,O'Higgins,6301,San Fernando,2,2,80,126
6,O'Higgins,6301,San Fernando,2,2,85,84
6,O'Higgins,6301,San Fernando,1,2,85,612
6,O'Higgins,6302,Chépica,2,1,0,142
6,O'Higgins,6302,Chépica,1,1,0,168
6,O'Higgins,6302,Chépica,2,1,5,218
6,O'Higgins,6302,Chépica,1,1,5,286
6,O'Higgins,6302,Chépica,1,1,10,284
6,O'Higgins,6302,Chépica,2,1,10,213
6,O'Higgins,6302,Chépica,2,1,15,190
6,O'Higgins,6302,Chépica,1,1,15,284
6,O'Higgins,6302,Chépica,1,1,20,287
6,O'Higgins,6302,Chépica,2,1,20,173
6,O'Higgins,6302,Chépica,2,1,25,175
6,O'Higgins,6302,Chépica,1,1,25,296
6,O'Higgins,6302,Chépica,1,1,30,291
6,O'Higgins,6302,Chépica,2,1,30,237
6,O'Higgins,6302,Chépica,1,1,35,316
6,O'Higgins,6302,Chépica,2,1,35,213
6,O'Higgins,6302,Chépica,2,1,40,216
6,O'Higgins,6302,Chépica,1,1,40,286
6,O'Higgins,6302,Chépica,2,1,45,213
6,O'Higgins,6302,Chépica,1,1,45,268
6,O'Higgins,6302,Chépica,1,1,50,260
6,O'Higgins,6302,Chépica,2,1,50,256
6,O'Higgins,6302,Chépica,2,1,55,281
6,O'Higgins,6302,Chépica,1,1,55,282
6,O'Higgins,6302,Chépica,1,1,60,262
6,O'Higgins,6302,Chépica,2,1,60,249
6,O'Higgins,6302,Chépica,1,1,65,224
6,O'Higgins,6302,Chépica,2,1,65,232
6,O'Higgins,6302,Chépica,1,1,70,191
6,O'Higgins,6302,Chépica,2,1,70,156
6,O'Higgins,6302,Chépica,1,1,75,144
6,O'Higgins,6302,Chépica,2,1,75,152
6,O'Higgins,6302,Chépica,2,1,80,73
6,O'Higgins,6302,Chépica,1,1,80,91
6,O'Higgins,6302,Chépica,1,1,85,76
6,O'Higgins,6302,Chépica,2,1,85,52
6,O'Higgins,6302,Chépica,2,2,0,142
6,O'Higgins,6302,Chépica,1,2,0,183
6,O'Higgins,6302,Chépica,2,2,5,172
6,O'Higgins,6302,Chépica,1,2,5,252
6,O'Higgins,6302,Chépica,2,2,10,191
6,O'Higgins,6302,Chépica,1,2,10,314
6,O'Higgins,6302,Chépica,2,2,15,189
6,O'Higgins,6302,Chépica,1,2,15,285
6,O'Higgins,6302,Chépica,2,2,20,149
6,O'Higgins,6302,Chépica,1,2,20,257
6,O'Higgins,6302,Chépica,2,2,25,207
6,O'Higgins,6302,Chépica,1,2,25,285
6,O'Higgins,6302,Chépica,1,2,30,325
6,O'Higgins,6302,Chépica,2,2,30,226
6,O'Higgins,6302,Chépica,1,2,35,332
6,O'Higgins,6302,Chépica,2,2,35,239
6,O'Higgins,6302,Chépica,1,2,40,320
6,O'Higgins,6302,Chépica,2,2,40,192
6,O'Higgins,6302,Chépica,1,2,45,289
6,O'Higgins,6302,Chépica,2,2,45,215
6,O'Higgins,6302,Chépica,1,2,50,304
6,O'Higgins,6302,Chépica,2,2,50,248
6,O'Higgins,6302,Chépica,2,2,55,243
6,O'Higgins,6302,Chépica,1,2,55,327
6,O'Higgins,6302,Chépica,1,2,60,308
6,O'Higgins,6302,Chépica,2,2,60,232
6,O'Higgins,6302,Chépica,1,2,65,254
6,O'Higgins,6302,Chépica,2,2,65,222
6,O'Higgins,6302,Chépica,2,2,70,175
6,O'Higgins,6302,Chépica,1,2,70,202
6,O'Higgins,6302,Chépica,1,2,75,167
6,O'Higgins,6302,Chépica,2,2,75,132
6,O'Higgins,6302,Chépica,2,2,80,82
6,O'Higgins,6302,Chépica,1,2,80,97
6,O'Higgins,6302,Chépica,1,2,85,108
6,O'Higgins,6302,Chépica,2,2,85,66
6,O'Higgins,6303,Chimbarongo,1,1,0,577
6,O'Higgins,6303,Chimbarongo,2,1,0,290
6,O'Higgins,6303,Chimbarongo,2,1,5,423
6,O'Higgins,6303,Chimbarongo,1,1,5,751
6,O'Higgins,6303,Chimbarongo,2,1,10,427
6,O'Higgins,6303,Chimbarongo,1,1,10,894
6,O'Higgins,6303,Chimbarongo,2,1,15,389
6,O'Higgins,6303,Chimbarongo,1,1,15,824
6,O'Higgins,6303,Chimbarongo,1,1,20,750
6,O'Higgins,6303,Chimbarongo,2,1,20,388
6,O'Higgins,6303,Chimbarongo,1,1,25,841
6,O'Higgins,6303,Chimbarongo,2,1,25,380
6,O'Higgins,6303,Chimbarongo,1,1,30,910
6,O'Higgins,6303,Chimbarongo,2,1,30,487
6,O'Higgins,6303,Chimbarongo,2,1,35,444
6,O'Higgins,6303,Chimbarongo,1,1,35,789
6,O'Higgins,6303,Chimbarongo,1,1,40,738
6,O'Higgins,6303,Chimbarongo,2,1,40,415
6,O'Higgins,6303,Chimbarongo,1,1,45,763
6,O'Higgins,6303,Chimbarongo,2,1,45,435
6,O'Higgins,6303,Chimbarongo,1,1,50,756
6,O'Higgins,6303,Chimbarongo,2,1,50,439
6,O'Higgins,6303,Chimbarongo,1,1,55,827
6,O'Higgins,6303,Chimbarongo,2,1,55,529
6,O'Higgins,6303,Chimbarongo,2,1,60,506
6,O'Higgins,6303,Chimbarongo,1,1,60,776
6,O'Higgins,6303,Chimbarongo,1,1,65,618
6,O'Higgins,6303,Chimbarongo,2,1,65,391
6,O'Higgins,6303,Chimbarongo,1,1,70,431
6,O'Higgins,6303,Chimbarongo,2,1,70,242
6,O'Higgins,6303,Chimbarongo,1,1,75,340
6,O'Higgins,6303,Chimbarongo,2,1,75,184
6,O'Higgins,6303,Chimbarongo,1,1,80,190
6,O'Higgins,6303,Chimbarongo,2,1,80,119
6,O'Higgins,6303,Chimbarongo,2,1,85,80
6,O'Higgins,6303,Chimbarongo,1,1,85,124
6,O'Higgins,6303,Chimbarongo,2,2,0,299
6,O'Higgins,6303,Chimbarongo,1,2,0,555
6,O'Higgins,6303,Chimbarongo,1,2,5,775
6,O'Higgins,6303,Chimbarongo,2,2,5,380
6,O'Higgins,6303,Chimbarongo,2,2,10,423
6,O'Higgins,6303,Chimbarongo,1,2,10,803
6,O'Higgins,6303,Chimbarongo,1,2,15,808
6,O'Higgins,6303,Chimbarongo,2,2,15,375
6,O'Higgins,6303,Chimbarongo,1,2,20,690
6,O'Higgins,6303,Chimbarongo,2,2,20,353
6,O'Higgins,6303,Chimbarongo,2,2,25,410
6,O'Higgins,6303,Chimbarongo,1,2,25,890
6,O'Higgins,6303,Chimbarongo,2,2,30,463
6,O'Higgins,6303,Chimbarongo,1,2,30,863
6,O'Higgins,6303,Chimbarongo,2,2,35,402
6,O'Higgins,6303,Chimbarongo,1,2,35,886
6,O'Higgins,6303,Chimbarongo,1,2,40,815
6,O'Higgins,6303,Chimbarongo,2,2,40,375
6,O'Higgins,6303,Chimbarongo,1,2,45,924
6,O'Higgins,6303,Chimbarongo,2,2,45,449
6,O'Higgins,6303,Chimbarongo,2,2,50,417
6,O'Higgins,6303,Chimbarongo,1,2,50,841
6,O'Higgins,6303,Chimbarongo,2,2,55,511
6,O'Higgins,6303,Chimbarongo,1,2,55,877
6,O'Higgins,6303,Chimbarongo,1,2,60,836
6,O'Higgins,6303,Chimbarongo,2,2,60,419
6,O'Higgins,6303,Chimbarongo,2,2,65,361
6,O'Higgins,6303,Chimbarongo,1,2,65,668
6,O'Higgins,6303,Chimbarongo,1,2,70,503
6,O'Higgins,6303,Chimbarongo,2,2,70,238
6,O'Higgins,6303,Chimbarongo,2,2,75,166
6,O'Higgins,6303,Chimbarongo,1,2,75,359
6,O'Higgins,6303,Chimbarongo,2,2,80,101
6,O'Higgins,6303,Chimbarongo,1,2,80,242
6,O'Higgins,6303,Chimbarongo,2,2,85,100
6,O'Higgins,6303,Chimbarongo,1,2,85,214
6,O'Higgins,6304,Lolol,1,1,0,59
6,O'Higgins,6304,Lolol,2,1,0,130
6,O'Higgins,6304,Lolol,1,1,5,51
6,O'Higgins,6304,Lolol,2,1,5,146
6,O'Higgins,6304,Lolol,1,1,10,89
6,O'Higgins,6304,Lolol,2,1,10,160
6,O'Higgins,6304,Lolol,2,1,15,157
6,O'Higgins,6304,Lolol,1,1,15,65
6,O'Higgins,6304,Lolol,1,1,20,61
6,O'Higgins,6304,Lolol,2,1,20,152
6,O'Higgins,6304,Lolol,2,1,25,172
6,O'Higgins,6304,Lolol,1,1,25,87
6,O'Higgins,6304,Lolol,1,1,30,92
6,O'Higgins,6304,Lolol,2,1,30,181
6,O'Higgins,6304,Lolol,2,1,35,171
6,O'Higgins,6304,Lolol,1,1,35,77
6,O'Higgins,6304,Lolol,2,1,40,176
6,O'Higgins,6304,Lolol,1,1,40,76
6,O'Higgins,6304,Lolol,2,1,45,171
6,O'Higgins,6304,Lolol,1,1,45,79
6,O'Higgins,6304,Lolol,2,1,50,225
6,O'Higgins,6304,Lolol,1,1,50,70
6,O'Higgins,6304,Lolol,1,1,55,87
6,O'Higgins,6304,Lolol,2,1,55,214
6,O'Higgins,6304,Lolol,2,1,60,185
6,O'Higgins,6304,Lolol,1,1,60,65
6,O'Higgins,6304,Lolol,1,1,65,53
6,O'Higgins,6304,Lolol,2,1,65,166
6,O'Higgins,6304,Lolol,1,1,70,54
6,O'Higgins,6304,Lolol,2,1,70,131
6,O'Higgins,6304,Lolol,1,1,75,47
6,O'Higgins,6304,Lolol,2,1,75,111
6,O'Higgins,6304,Lolol,1,1,80,30
6,O'Higgins,6304,Lolol,2,1,80,64
6,O'Higgins,6304,Lolol,2,1,85,53
6,O'Higgins,6304,Lolol,1,1,85,19
6,O'Higgins,6304,Lolol,1,2,0,54
6,O'Higgins,6304,Lolol,2,2,0,112
6,O'Higgins,6304,Lolol,2,2,5,136
6,O'Higgins,6304,Lolol,1,2,5,61
6,O'Higgins,6304,Lolol,2,2,10,164
6,O'Higgins,6304,Lolol,1,2,10,81
6,O'Higgins,6304,Lolol,2,2,15,145
6,O'Higgins,6304,Lolol,1,2,15,72
6,O'Higgins,6304,Lolol,1,2,20,63
6,O'Higgins,6304,Lolol,2,2,20,132
6,O'Higgins,6304,Lolol,2,2,25,150
6,O'Higgins,6304,Lolol,1,2,25,79
6,O'Higgins,6304,Lolol,1,2,30,74
6,O'Higgins,6304,Lolol,2,2,30,180
6,O'Higgins,6304,Lolol,1,2,35,85
6,O'Higgins,6304,Lolol,2,2,35,177
6,O'Higgins,6304,Lolol,1,2,40,78
6,O'Higgins,6304,Lolol,2,2,40,147
6,O'Higgins,6304,Lolol,1,2,45,89
6,O'Higgins,6304,Lolol,2,2,45,180
6,O'Higgins,6304,Lolol,2,2,50,198
6,O'Higgins,6304,Lolol,1,2,50,80
6,O'Higgins,6304,Lolol,1,2,55,96
6,O'Higgins,6304,Lolol,2,2,55,196
6,O'Higgins,6304,Lolol,2,2,60,170
6,O'Higgins,6304,Lolol,1,2,60,92
6,O'Higgins,6304,Lolol,1,2,65,77
6,O'Higgins,6304,Lolol,2,2,65,146
6,O'Higgins,6304,Lolol,2,2,70,144
6,O'Higgins,6304,Lolol,1,2,70,51
6,O'Higgins,6304,Lolol,1,2,75,47
6,O'Higgins,6304,Lolol,2,2,75,101
6,O'Higgins,6304,Lolol,2,2,80,58
6,O'Higgins,6304,Lolol,1,2,80,37
6,O'Higgins,6304,Lolol,1,2,85,43
6,O'Higgins,6304,Lolol,2,2,85,70
6,O'Higgins,6305,Nancagua,2,1,0,172
6,O'Higgins,6305,Nancagua,1,1,0,303
6,O'Higgins,6305,Nancagua,1,1,5,407
6,O'Higgins,6305,Nancagua,2,1,5,188
6,O'Higgins,6305,Nancagua,2,1,10,218
6,O'Higgins,6305,Nancagua,1,1,10,415
6,O'Higgins,6305,Nancagua,2,1,15,223
6,O'Higgins,6305,Nancagua,1,1,15,392
6,O'Higgins,6305,Nancagua,1,1,20,406
6,O'Higgins,6305,Nancagua,2,1,20,216
6,O'Higgins,6305,Nancagua,2,1,25,213
6,O'Higgins,6305,Nancagua,1,1,25,427
6,O'Higgins,6305,Nancagua,1,1,30,465
6,O'Higgins,6305,Nancagua,2,1,30,229
6,O'Higgins,6305,Nancagua,2,1,35,252
6,O'Higgins,6305,Nancagua,1,1,35,435
6,O'Higgins,6305,Nancagua,2,1,40,219
6,O'Higgins,6305,Nancagua,1,1,40,360
6,O'Higgins,6305,Nancagua,2,1,45,202
6,O'Higgins,6305,Nancagua,1,1,45,347
6,O'Higgins,6305,Nancagua,1,1,50,345
6,O'Higgins,6305,Nancagua,2,1,50,228
6,O'Higgins,6305,Nancagua,2,1,55,249
6,O'Higgins,6305,Nancagua,1,1,55,382
6,O'Higgins,6305,Nancagua,1,1,60,335
6,O'Higgins,6305,Nancagua,2,1,60,243
6,O'Higgins,6305,Nancagua,1,1,65,283
6,O'Higgins,6305,Nancagua,2,1,65,195
6,O'Higgins,6305,Nancagua,1,1,70,206
6,O'Higgins,6305,Nancagua,2,1,70,140
6,O'Higgins,6305,Nancagua,1,1,75,161
6,O'Higgins,6305,Nancagua,2,1,75,104
6,O'Higgins,6305,Nancagua,2,1,80,57
6,O'Higgins,6305,Nancagua,1,1,80,98
6,O'Higgins,6305,Nancagua,2,1,85,46
6,O'Higgins,6305,Nancagua,1,1,85,61
6,O'Higgins,6305,Nancagua,1,2,0,279
6,O'Higgins,6305,Nancagua,2,2,0,151
6,O'Higgins,6305,Nancagua,2,2,5,203
6,O'Higgins,6305,Nancagua,1,2,5,363
6,O'Higgins,6305,Nancagua,1,2,10,410
6,O'Higgins,6305,Nancagua,2,2,10,186
6,O'Higgins,6305,Nancagua,2,2,15,204
6,O'Higgins,6305,Nancagua,1,2,15,408
6,O'Higgins,6305,Nancagua,1,2,20,381
6,O'Higgins,6305,Nancagua,2,2,20,190
6,O'Higgins,6305,Nancagua,2,2,25,202
6,O'Higgins,6305,Nancagua,1,2,25,437
6,O'Higgins,6305,Nancagua,1,2,30,496
6,O'Higgins,6305,Nancagua,2,2,30,225
6,O'Higgins,6305,Nancagua,1,2,35,462
6,O'Higgins,6305,Nancagua,2,2,35,225
6,O'Higgins,6305,Nancagua,1,2,40,399
6,O'Higgins,6305,Nancagua,2,2,40,213
6,O'Higgins,6305,Nancagua,1,2,45,410
6,O'Higgins,6305,Nancagua,2,2,45,215
6,O'Higgins,6305,Nancagua,2,2,50,216
6,O'Higgins,6305,Nancagua,1,2,50,409
6,O'Higgins,6305,Nancagua,1,2,55,427
6,O'Higgins,6305,Nancagua,2,2,55,268
6,O'Higgins,6305,Nancagua,2,2,60,239
6,O'Higgins,6305,Nancagua,1,2,60,379
6,O'Higgins,6305,Nancagua,1,2,65,294
6,O'Higgins,6305,Nancagua,2,2,65,188
6,O'Higgins,6305,Nancagua,1,2,70,217
6,O'Higgins,6305,Nancagua,2,2,70,155
6,O'Higgins,6305,Nancagua,1,2,75,186
6,O'Higgins,6305,Nancagua,2,2,75,97
6,O'Higgins,6305,Nancagua,1,2,80,124
6,O'Higgins,6305,Nancagua,2,2,80,67
6,O'Higgins,6305,Nancagua,1,2,85,109
6,O'Higgins,6305,Nancagua,2,2,85,67
6,O'Higgins,6306,Palmilla,2,1,0,226
6,O'Higgins,6306,Palmilla,1,1,0,69
6,O'Higgins,6306,Palmilla,2,1,5,309
6,O'Higgins,6306,Palmilla,1,1,5,91
6,O'Higgins,6306,Palmilla,1,1,10,109
6,O'Higgins,6306,Palmilla,2,1,10,312
6,O'Higgins,6306,Palmilla,1,1,15,103
6,O'Higgins,6306,Palmilla,2,1,15,310
6,O'Higgins,6306,Palmilla,2,1,20,273
6,O'Higgins,6306,Palmilla,1,1,20,98
6,O'Higgins,6306,Palmilla,1,1,25,86
6,O'Higgins,6306,Palmilla,2,1,25,273
6,O'Higgins,6306,Palmilla,2,1,30,350
6,O'Higgins,6306,Palmilla,1,1,30,102
6,O'Higgins,6306,Palmilla,2,1,35,319
6,O'Higgins,6306,Palmilla,1,1,35,109
6,O'Higgins,6306,Palmilla,1,1,40,108
6,O'Higgins,6306,Palmilla,2,1,40,359
6,O'Higgins,6306,Palmilla,1,1,45,123
6,O'Higgins,6306,Palmilla,2,1,45,316
6,O'Higgins,6306,Palmilla,1,1,50,103
6,O'Higgins,6306,Palmilla,2,1,50,344
6,O'Higgins,6306,Palmilla,2,1,55,368
6,O'Higgins,6306,Palmilla,1,1,55,98
6,O'Higgins,6306,Palmilla,1,1,60,91
6,O'Higgins,6306,Palmilla,2,1,60,369
6,O'Higgins,6306,Palmilla,2,1,65,322
6,O'Higgins,6306,Palmilla,1,1,65,98
6,O'Higgins,6306,Palmilla,1,1,70,75
6,O'Higgins,6306,Palmilla,2,1,70,208
6,O'Higgins,6306,Palmilla,2,1,75,164
6,O'Higgins,6306,Palmilla,1,1,75,67
6,O'Higgins,6306,Palmilla,1,1,80,34
6,O'Higgins,6306,Palmilla,2,1,80,76
6,O'Higgins,6306,Palmilla,2,1,85,69
6,O'Higgins,6306,Palmilla,1,1,85,16
6,O'Higgins,6306,Palmilla,1,2,0,70
6,O'Higgins,6306,Palmilla,2,2,0,212
6,O'Higgins,6306,Palmilla,2,2,5,252
6,O'Higgins,6306,Palmilla,1,2,5,76
6,O'Higgins,6306,Palmilla,2,2,10,310
6,O'Higgins,6306,Palmilla,1,2,10,123
6,O'Higgins,6306,Palmilla,1,2,15,100
6,O'Higgins,6306,Palmilla,2,2,15,272
6,O'Higgins,6306,Palmilla,2,2,20,250
6,O'Higgins,6306,Palmilla,1,2,20,82
6,O'Higgins,6306,Palmilla,2,2,25,308
6,O'Higgins,6306,Palmilla,1,2,25,104
6,O'Higgins,6306,Palmilla,1,2,30,124
6,O'Higgins,6306,Palmilla,2,2,30,343
6,O'Higgins,6306,Palmilla,1,2,35,117
6,O'Higgins,6306,Palmilla,2,2,35,336
6,O'Higgins,6306,Palmilla,1,2,40,129
6,O'Higgins,6306,Palmilla,2,2,40,326
6,O'Higgins,6306,Palmilla,1,2,45,122
6,O'Higgins,6306,Palmilla,2,2,45,319
6,O'Higgins,6306,Palmilla,2,2,50,382
6,O'Higgins,6306,Palmilla,1,2,50,103
6,O'Higgins,6306,Palmilla,1,2,55,111
6,O'Higgins,6306,Palmilla,2,2,55,384
6,O'Higgins,6306,Palmilla,2,2,60,337
6,O'Higgins,6306,Palmilla,1,2,60,119
6,O'Higgins,6306,Palmilla,1,2,65,113
6,O'Higgins,6306,Palmilla,2,2,65,288
6,O'Higgins,6306,Palmilla,2,2,70,183
6,O'Higgins,6306,Palmilla,1,2,70,73
6,O'Higgins,6306,Palmilla,1,2,75,57
6,O'Higgins,6306,Palmilla,2,2,75,137
6,O'Higgins,6306,Palmilla,1,2,80,35
6,O'Higgins,6306,Palmilla,2,2,80,78
6,O'Higgins,6306,Palmilla,1,2,85,43
6,O'Higgins,6306,Palmilla,2,2,85,95
6,O'Higgins,6307,Peralillo,2,1,0,145
6,O'Higgins,6307,Peralillo,1,1,0,150
6,O'Higgins,6307,Peralillo,1,1,5,178
6,O'Higgins,6307,Peralillo,2,1,5,199
6,O'Higgins,6307,Peralillo,2,1,10,176
6,O'Higgins,6307,Peralillo,1,1,10,187
6,O'Higgins,6307,Peralillo,1,1,15,197
6,O'Higgins,6307,Peralillo,2,1,15,159
6,O'Higgins,6307,Peralillo,1,1,20,188
6,O'Higgins,6307,Peralillo,2,1,20,161
6,O'Higgins,6307,Peralillo,1,1,25,241
6,O'Higgins,6307,Peralillo,2,1,25,163
6,O'Higgins,6307,Peralillo,2,1,30,214
6,O'Higgins,6307,Peralillo,1,1,30,220
6,O'Higgins,6307,Peralillo,2,1,35,223
6,O'Higgins,6307,Peralillo,1,1,35,197
6,O'Higgins,6307,Peralillo,1,1,40,209
6,O'Higgins,6307,Peralillo,2,1,40,205
6,O'Higgins,6307,Peralillo,2,1,45,227
6,O'Higgins,6307,Peralillo,1,1,45,218
6,O'Higgins,6307,Peralillo,2,1,50,207
6,O'Higgins,6307,Peralillo,1,1,50,203
6,O'Higgins,6307,Peralillo,2,1,55,260
6,O'Higgins,6307,Peralillo,1,1,55,226
6,O'Higgins,6307,Peralillo,2,1,60,221
6,O'Higgins,6307,Peralillo,1,1,60,193
6,O'Higgins,6307,Peralillo,2,1,65,180
6,O'Higgins,6307,Peralillo,1,1,65,164
6,O'Higgins,6307,Peralillo,1,1,70,125
6,O'Higgins,6307,Peralillo,2,1,70,139
6,O'Higgins,6307,Peralillo,2,1,75,105
6,O'Higgins,6307,Peralillo,1,1,75,105
6,O'Higgins,6307,Peralillo,1,1,80,64
6,O'Higgins,6307,Peralillo,2,1,80,69
6,O'Higgins,6307,Peralillo,2,1,85,50
6,O'Higgins,6307,Peralillo,1,1,85,43
6,O'Higgins,6307,Peralillo,1,2,0,119
6,O'Higgins,6307,Peralillo,2,2,0,140
6,O'Higgins,6307,Peralillo,2,2,5,195
6,O'Higgins,6307,Peralillo,1,2,5,180
6,O'Higgins,6307,Peralillo,2,2,10,183
6,O'Higgins,6307,Peralillo,1,2,10,196
6,O'Higgins,6307,Peralillo,1,2,15,182
6,O'Higgins,6307,Peralillo,2,2,15,178
6,O'Higgins,6307,Peralillo,1,2,20,175
6,O'Higgins,6307,Peralillo,2,2,20,124
6,O'Higgins,6307,Peralillo,2,2,25,170
6,O'Higgins,6307,Peralillo,1,2,25,212
6,O'Higgins,6307,Peralillo,1,2,30,212
6,O'Higgins,6307,Peralillo,2,2,30,211
6,O'Higgins,6307,Peralillo,1,2,35,233
6,O'Higgins,6307,Peralillo,2,2,35,246
6,O'Higgins,6307,Peralillo,1,2,40,208
6,O'Higgins,6307,Peralillo,2,2,40,201
6,O'Higgins,6307,Peralillo,1,2,45,229
6,O'Higgins,6307,Peralillo,2,2,45,201
6,O'Higgins,6307,Peralillo,1,2,50,238
6,O'Higgins,6307,Peralillo,2,2,50,215
6,O'Higgins,6307,Peralillo,1,2,55,246
6,O'Higgins,6307,Peralillo,2,2,55,230
6,O'Higgins,6307,Peralillo,1,2,60,239
6,O'Higgins,6307,Peralillo,2,2,60,210
6,O'Higgins,6307,Peralillo,1,2,65,187
6,O'Higgins,6307,Peralillo,2,2,65,153
6,O'Higgins,6307,Peralillo,1,2,70,135
6,O'Higgins,6307,Peralillo,2,2,70,115
6,O'Higgins,6307,Peralillo,1,2,75,131
6,O'Higgins,6307,Peralillo,2,2,75,113
6,O'Higgins,6307,Peralillo,2,2,80,53
6,O'Higgins,6307,Peralillo,1,2,80,81
6,O'Higgins,6307,Peralillo,1,2,85,79
6,O'Higgins,6307,Peralillo,2,2,85,62
6,O'Higgins,6308,Placilla,2,1,0,176
6,O'Higgins,6308,Placilla,1,1,0,56
6,O'Higgins,6308,Placilla,1,1,5,74
6,O'Higgins,6308,Placilla,2,1,5,232
6,O'Higgins,6308,Placilla,2,1,10,233
6,O'Higgins,6308,Placilla,1,1,10,78
6,O'Higgins,6308,Placilla,1,1,15,70
6,O'Higgins,6308,Placilla,2,1,15,225
6,O'Higgins,6308,Placilla,2,1,20,240
6,O'Higgins,6308,Placilla,1,1,20,64
6,O'Higgins,6308,Placilla,2,1,25,253
6,O'Higgins,6308,Placilla,1,1,25,78
6,O'Higgins,6308,Placilla,2,1,30,258
6,O'Higgins,6308,Placilla,1,1,30,96
6,O'Higgins,6308,Placilla,2,1,35,251
6,O'Higgins,6308,Placilla,1,1,35,70
6,O'Higgins,6308,Placilla,2,1,40,220
6,O'Higgins,6308,Placilla,1,1,40,59
6,O'Higgins,6308,Placilla,2,1,45,251
6,O'Higgins,6308,Placilla,1,1,45,64
6,O'Higgins,6308,Placilla,1,1,50,51
6,O'Higgins,6308,Placilla,2,1,50,236
6,O'Higgins,6308,Placilla,2,1,55,244
6,O'Higgins,6308,Placilla,1,1,55,103
6,O'Higgins,6308,Placilla,2,1,60,241
6,O'Higgins,6308,Placilla,1,1,60,76
6,O'Higgins,6308,Placilla,2,1,65,193
6,O'Higgins,6308,Placilla,1,1,65,56
6,O'Higgins,6308,Placilla,1,1,70,65
6,O'Higgins,6308,Placilla,2,1,70,151
6,O'Higgins,6308,Placilla,2,1,75,107
6,O'Higgins,6308,Placilla,1,1,75,31
6,O'Higgins,6308,Placilla,1,1,80,17
6,O'Higgins,6308,Placilla,2,1,80,62
6,O'Higgins,6308,Placilla,2,1,85,42
6,O'Higgins,6308,Placilla,1,1,85,16
6,O'Higgins,6308,Placilla,2,2,0,165
6,O'Higgins,6308,Placilla,1,2,0,48
6,O'Higgins,6308,Placilla,2,2,5,230
6,O'Higgins,6308,Placilla,1,2,5,65
6,O'Higgins,6308,Placilla,2,2,10,230
6,O'Higgins,6308,Placilla,1,2,10,52
6,O'Higgins,6308,Placilla,2,2,15,208
6,O'Higgins,6308,Placilla,1,2,15,59
6,O'Higgins,6308,Placilla,1,2,20,56
6,O'Higgins,6308,Placilla,2,2,20,214
6,O'Higgins,6308,Placilla,2,2,25,230
6,O'Higgins,6308,Placilla,1,2,25,89
6,O'Higgins,6308,Placilla,1,2,30,81
6,O'Higgins,6308,Placilla,2,2,30,274
6,O'Higgins,6308,Placilla,2,2,35,246
6,O'Higgins,6308,Placilla,1,2,35,71
6,O'Higgins,6308,Placilla,1,2,40,62
6,O'Higgins,6308,Placilla,2,2,40,247
6,O'Higgins,6308,Placilla,1,2,45,79
6,O'Higgins,6308,Placilla,2,2,45,228
6,O'Higgins,6308,Placilla,2,2,50,233
6,O'Higgins,6308,Placilla,1,2,50,62
6,O'Higgins,6308,Placilla,2,2,55,243
6,O'Higgins,6308,Placilla,1,2,55,92
6,O'Higgins,6308,Placilla,2,2,60,241
6,O'Higgins,6308,Placilla,1,2,60,81
6,O'Higgins,6308,Placilla,2,2,65,201
6,O'Higgins,6308,Placilla,1,2,65,81
6,O'Higgins,6308,Placilla,2,2,70,148
6,O'Higgins,6308,Placilla,1,2,70,52
6,O'Higgins,6308,Placilla,2,2,75,107
6,O'Higgins,6308,Placilla,1,2,75,44
6,O'Higgins,6308,Placilla,2,2,80,68
6,O'Higgins,6308,Placilla,1,2,80,25
6,O'Higgins,6308,Placilla,2,2,85,59
6,O'Higgins,6308,Placilla,1,2,85,28
6,O'Higgins,6309,Pumanque,2,1,0,101
6,O'Higgins,6309,Pumanque,2,1,5,121
6,O'Higgins,6309,Pumanque,2,1,10,121
6,O'Higgins,6309,Pumanque,2,1,15,119
6,O'Higgins,6309,Pumanque,2,1,20,100
6,O'Higgins,6309,Pumanque,2,1,25,104
6,O'Higgins,6309,Pumanque,2,1,30,148
6,O'Higgins,6309,Pumanque,2,1,35,169
6,O'Higgins,6309,Pumanque,2,1,40,153
6,O'Higgins,6309,Pumanque,2,1,45,151
6,O'Higgins,6309,Pumanque,2,1,50,163
6,O'Higgins,6309,Pumanque,2,1,55,170
6,O'Higgins,6309,Pumanque,2,1,60,183
6,O'Higgins,6309,Pumanque,2,1,65,173
6,O'Higgins,6309,Pumanque,2,1,70,130
6,O'Higgins,6309,Pumanque,2,1,75,100
6,O'Higgins,6309,Pumanque,2,1,80,54
6,O'Higgins,6309,Pumanque,2,1,85,39
6,O'Higgins,6309,Pumanque,2,2,0,80
6,O'Higgins,6309,Pumanque,2,2,5,115
6,O'Higgins,6309,Pumanque,2,2,10,131
6,O'Higgins,6309,Pumanque,2,2,15,92
6,O'Higgins,6309,Pumanque,2,2,20,99
6,O'Higgins,6309,Pumanque,2,2,25,123
6,O'Higgins,6309,Pumanque,2,2,30,137
6,O'Higgins,6309,Pumanque,2,2,35,156
6,O'Higgins,6309,Pumanque,2,2,40,135
6,O'Higgins,6309,Pumanque,2,2,45,155
6,O'Higgins,6309,Pumanque,2,2,50,147
6,O'Higgins,6309,Pumanque,2,2,55,160
6,O'Higgins,6309,Pumanque,2,2,60,194
6,O'Higgins,6309,Pumanque,2,2,65,169
6,O'Higgins,6309,Pumanque,2,2,70,138
6,O'Higgins,6309,Pumanque,2,2,75,100
6,O'Higgins,6309,Pumanque,2,2,80,65
6,O'Higgins,6309,Pumanque,2,2,85,64
6,O'Higgins,6310,Santa Cruz,1,1,0,625
6,O'Higgins,6310,Santa Cruz,2,1,0,360
6,O'Higgins,6310,Santa Cruz,1,1,5,758
6,O'Higgins,6310,Santa Cruz,2,1,5,544
6,O'Higgins,6310,Santa Cruz,2,1,10,556
6,O'Higgins,6310,Santa Cruz,1,1,10,872
6,O'Higgins,6310,Santa Cruz,2,1,15,514
6,O'Higgins,6310,Santa Cruz,1,1,15,775
6,O'Higgins,6310,Santa Cruz,1,1,20,681
6,O'Higgins,6310,Santa Cruz,2,1,20,455
6,O'Higgins,6310,Santa Cruz,2,1,25,485
6,O'Higgins,6310,Santa Cruz,1,1,25,914
6,O'Higgins,6310,Santa Cruz,1,1,30,1050
6,O'Higgins,6310,Santa Cruz,2,1,30,519
6,O'Higgins,6310,Santa Cruz,1,1,35,967
6,O'Higgins,6310,Santa Cruz,2,1,35,583
6,O'Higgins,6310,Santa Cruz,1,1,40,800
6,O'Higgins,6310,Santa Cruz,2,1,40,585
6,O'Higgins,6310,Santa Cruz,1,1,45,698
6,O'Higgins,6310,Santa Cruz,2,1,45,545
6,O'Higgins,6310,Santa Cruz,2,1,50,617
6,O'Higgins,6310,Santa Cruz,1,1,50,658
6,O'Higgins,6310,Santa Cruz,1,1,55,697
6,O'Higgins,6310,Santa Cruz,2,1,55,640
6,O'Higgins,6310,Santa Cruz,2,1,60,605
6,O'Higgins,6310,Santa Cruz,1,1,60,620
6,O'Higgins,6310,Santa Cruz,1,1,65,529
6,O'Higgins,6310,Santa Cruz,2,1,65,505
6,O'Higgins,6310,Santa Cruz,1,1,70,378
6,O'Higgins,6310,Santa Cruz,2,1,70,353
6,O'Higgins,6310,Santa Cruz,1,1,75,268
6,O'Higgins,6310,Santa Cruz,2,1,75,258
6,O'Higgins,6310,Santa Cruz,2,1,80,167
6,O'Higgins,6310,Santa Cruz,1,1,80,179
6,O'Higgins,6310,Santa Cruz,1,1,85,144
6,O'Higgins,6310,Santa Cruz,2,1,85,133
6,O'Higgins,6310,Santa Cruz,1,2,0,596
6,O'Higgins,6310,Santa Cruz,2,2,0,375
6,O'Higgins,6310,Santa Cruz,2,2,5,528
6,O'Higgins,6310,Santa Cruz,1,2,5,747
6,O'Higgins,6310,Santa Cruz,1,2,10,823
6,O'Higgins,6310,Santa Cruz,2,2,10,517
6,O'Higgins,6310,Santa Cruz,2,2,15,485
6,O'Higgins,6310,Santa Cruz,1,2,15,715
6,O'Higgins,6310,Santa Cruz,1,2,20,687
6,O'Higgins,6310,Santa Cruz,2,2,20,408
6,O'Higgins,6310,Santa Cruz,2,2,25,527
6,O'Higgins,6310,Santa Cruz,1,2,25,886
6,O'Higgins,6310,Santa Cruz,1,2,30,1020
6,O'Higgins,6310,Santa Cruz,2,2,30,576
6,O'Higgins,6310,Santa Cruz,1,2,35,1071
6,O'Higgins,6310,Santa Cruz,2,2,35,634
6,O'Higgins,6310,Santa Cruz,1,2,40,884
6,O'Higgins,6310,Santa Cruz,2,2,40,578
6,O'Higgins,6310,Santa Cruz,1,2,45,855
6,O'Higgins,6310,Santa Cruz,2,2,45,527
6,O'Higgins,6310,Santa Cruz,2,2,50,630
6,O'Higgins,6310,Santa Cruz,1,2,50,803
6,O'Higgins,6310,Santa Cruz,1,2,55,812
6,O'Higgins,6310,Santa Cruz,2,2,55,673
6,O'Higgins,6310,Santa Cruz,1,2,60,775
6,O'Higgins,6310,Santa Cruz,2,2,60,515
6,O'Higgins,6310,Santa Cruz,1,2,65,662
6,O'Higgins,6310,Santa Cruz,2,2,65,456
6,O'Higgins,6310,Santa Cruz,2,2,70,357
6,O'Higgins,6310,Santa Cruz,1,2,70,488
6,O'Higgins,6310,Santa Cruz,1,2,75,400
6,O'Higgins,6310,Santa Cruz,2,2,75,257
6,O'Higgins,6310,Santa Cruz,2,2,80,190
6,O'Higgins,6310,Santa Cruz,1,2,80,246
6,O'Higgins,6310,Santa Cruz,1,2,85,286
6,O'Higgins,6310,Santa Cruz,2,2,85,183
7,Maule,7101,Talca,2,1,0,282
7,Maule,7101,Talca,1,1,0,5454
7,Maule,7101,Talca,2,1,5,455
7,Maule,7101,Talca,1,1,5,6862
7,Maule,7101,Talca,1,1,10,7200
7,Maule,7101,Talca,2,1,10,448
7,Maule,7101,Talca,1,1,15,7472
7,Maule,7101,Talca,2,1,15,480
7,Maule,7101,Talca,1,1,20,8601
7,Maule,7101,Talca,2,1,20,385
7,Maule,7101,Talca,1,1,25,8551
7,Maule,7101,Talca,2,1,25,334
7,Maule,7101,Talca,2,1,30,350
7,Maule,7101,Talca,1,1,30,9190
7,Maule,7101,Talca,2,1,35,355
7,Maule,7101,Talca,1,1,35,7862
7,Maule,7101,Talca,1,1,40,6636
7,Maule,7101,Talca,2,1,40,447
7,Maule,7101,Talca,1,1,45,6070
7,Maule,7101,Talca,2,1,45,422
7,Maule,7101,Talca,2,1,50,423
7,Maule,7101,Talca,1,1,50,5971
7,Maule,7101,Talca,2,1,55,464
7,Maule,7101,Talca,1,1,55,5813
7,Maule,7101,Talca,2,1,60,392
7,Maule,7101,Talca,1,1,60,5615
7,Maule,7101,Talca,1,1,65,4712
7,Maule,7101,Talca,2,1,65,338
7,Maule,7101,Talca,1,1,70,3689
7,Maule,7101,Talca,2,1,70,241
7,Maule,7101,Talca,2,1,75,181
7,Maule,7101,Talca,1,1,75,2498
7,Maule,7101,Talca,1,1,80,1529
7,Maule,7101,Talca,2,1,80,125
7,Maule,7101,Talca,2,1,85,88
7,Maule,7101,Talca,1,1,85,1061
7,Maule,7101,Talca,2,2,0,276
7,Maule,7101,Talca,1,2,0,5261
7,Maule,7101,Talca,2,2,5,409
7,Maule,7101,Talca,1,2,5,6535
7,Maule,7101,Talca,2,2,10,433
7,Maule,7101,Talca,1,2,10,6790
7,Maule,7101,Talca,1,2,15,7246
7,Maule,7101,Talca,2,2,15,409
7,Maule,7101,Talca,2,2,20,369
7,Maule,7101,Talca,1,2,20,8829
7,Maule,7101,Talca,2,2,25,346
7,Maule,7101,Talca,1,2,25,8648
7,Maule,7101,Talca,2,2,30,377
7,Maule,7101,Talca,1,2,30,9124
7,Maule,7101,Talca,1,2,35,8177
7,Maule,7101,Talca,2,2,35,385
7,Maule,7101,Talca,1,2,40,7243
7,Maule,7101,Talca,2,2,40,429
7,Maule,7101,Talca,1,2,45,7034
7,Maule,7101,Talca,2,2,45,473
7,Maule,7101,Talca,1,2,50,7141
7,Maule,7101,Talca,2,2,50,453
7,Maule,7101,Talca,2,2,55,432
7,Maule,7101,Talca,1,2,55,7342
7,Maule,7101,Talca,1,2,60,7009
7,Maule,7101,Talca,2,2,60,384
7,Maule,7101,Talca,2,2,65,290
7,Maule,7101,Talca,1,2,65,5852
7,Maule,7101,Talca,2,2,70,244
7,Maule,7101,Talca,1,2,70,4756
7,Maule,7101,Talca,2,2,75,171
7,Maule,7101,Talca,1,2,75,3478
7,Maule,7101,Talca,2,2,80,140
7,Maule,7101,Talca,1,2,80,2372
7,Maule,7101,Talca,1,2,85,2165
7,Maule,7101,Talca,2,2,85,113
7,Maule,7102,Constitución,1,1,0,1009
7,Maule,7102,Constitución,2,1,0,236
7,Maule,7102,Constitución,1,1,5,1337
7,Maule,7102,Constitución,2,1,5,300
7,Maule,7102,Constitución,2,1,10,329
7,Maule,7102,Constitución,1,1,10,1412
7,Maule,7102,Constitución,2,1,15,280
7,Maule,7102,Constitución,1,1,15,1279
7,Maule,7102,Constitución,1,1,20,1178
7,Maule,7102,Constitución,2,1,20,238
7,Maule,7102,Constitución,1,1,25,1313
7,Maule,7102,Constitución,2,1,25,230
7,Maule,7102,Constitución,1,1,30,1575
7,Maule,7102,Constitución,2,1,30,265
7,Maule,7102,Constitución,2,1,35,294
7,Maule,7102,Constitución,1,1,35,1352
7,Maule,7102,Constitución,2,1,40,332
7,Maule,7102,Constitución,1,1,40,1126
7,Maule,7102,Constitución,2,1,45,346
7,Maule,7102,Constitución,1,1,45,1179
7,Maule,7102,Constitución,2,1,50,307
7,Maule,7102,Constitución,1,1,50,1175
7,Maule,7102,Constitución,1,1,55,1143
7,Maule,7102,Constitución,2,1,55,355
7,Maule,7102,Constitución,2,1,60,298
7,Maule,7102,Constitución,1,1,60,1077
7,Maule,7102,Constitución,1,1,65,867
7,Maule,7102,Constitución,2,1,65,271
7,Maule,7102,Constitución,1,1,70,684
7,Maule,7102,Constitución,2,1,70,243
7,Maule,7102,Constitución,1,1,75,438
7,Maule,7102,Constitución,2,1,75,149
7,Maule,7102,Constitución,1,1,80,254
7,Maule,7102,Constitución,2,1,80,66
7,Maule,7102,Constitución,2,1,85,55
7,Maule,7102,Constitución,1,1,85,162
7,Maule,7102,Constitución,2,2,0,208
7,Maule,7102,Constitución,1,2,0,915
7,Maule,7102,Constitución,2,2,5,292
7,Maule,7102,Constitución,1,2,5,1305
7,Maule,7102,Constitución,2,2,10,318
7,Maule,7102,Constitución,1,2,10,1321
7,Maule,7102,Constitución,1,2,15,1208
7,Maule,7102,Constitución,2,2,15,285
7,Maule,7102,Constitución,1,2,20,1150
7,Maule,7102,Constitución,2,2,20,219
7,Maule,7102,Constitución,1,2,25,1398
7,Maule,7102,Constitución,2,2,25,234
7,Maule,7102,Constitución,1,2,30,1565
7,Maule,7102,Constitución,2,2,30,298
7,Maule,7102,Constitución,2,2,35,320
7,Maule,7102,Constitución,1,2,35,1422
7,Maule,7102,Constitución,1,2,40,1358
7,Maule,7102,Constitución,2,2,40,320
7,Maule,7102,Constitución,1,2,45,1254
7,Maule,7102,Constitución,2,2,45,333
7,Maule,7102,Constitución,2,2,50,329
7,Maule,7102,Constitución,1,2,50,1320
7,Maule,7102,Constitución,1,2,55,1336
7,Maule,7102,Constitución,2,2,55,286
7,Maule,7102,Constitución,2,2,60,281
7,Maule,7102,Constitución,1,2,60,1181
7,Maule,7102,Constitución,1,2,65,995
7,Maule,7102,Constitución,2,2,65,228
7,Maule,7102,Constitución,2,2,70,191
7,Maule,7102,Constitución,1,2,70,688
7,Maule,7102,Constitución,1,2,75,466
7,Maule,7102,Constitución,2,2,75,101
7,Maule,7102,Constitución,2,2,80,83
7,Maule,7102,Constitución,1,2,80,309
7,Maule,7102,Constitución,2,2,85,62
7,Maule,7102,Constitución,1,2,85,271
7,Maule,7103,Curepto,1,1,0,80
7,Maule,7103,Curepto,2,1,0,96
7,Maule,7103,Curepto,2,1,5,139
7,Maule,7103,Curepto,1,1,5,75
7,Maule,7103,Curepto,1,1,10,105
7,Maule,7103,Curepto,2,1,10,151
7,Maule,7103,Curepto,2,1,15,173
7,Maule,7103,Curepto,1,1,15,113
7,Maule,7103,Curepto,2,1,20,177
7,Maule,7103,Curepto,1,1,20,107
7,Maule,7103,Curepto,2,1,25,143
7,Maule,7103,Curepto,1,1,25,120
7,Maule,7103,Curepto,1,1,30,104
7,Maule,7103,Curepto,2,1,30,166
7,Maule,7103,Curepto,1,1,35,102
7,Maule,7103,Curepto,2,1,35,163
7,Maule,7103,Curepto,2,1,40,198
7,Maule,7103,Curepto,1,1,40,73
7,Maule,7103,Curepto,2,1,45,222
7,Maule,7103,Curepto,1,1,45,87
7,Maule,7103,Curepto,1,1,50,93
7,Maule,7103,Curepto,2,1,50,252
7,Maule,7103,Curepto,1,1,55,103
7,Maule,7103,Curepto,2,1,55,301
7,Maule,7103,Curepto,1,1,60,108
7,Maule,7103,Curepto,2,1,60,299
7,Maule,7103,Curepto,1,1,65,101
7,Maule,7103,Curepto,2,1,65,272
7,Maule,7103,Curepto,1,1,70,71
7,Maule,7103,Curepto,2,1,70,199
7,Maule,7103,Curepto,1,1,75,54
7,Maule,7103,Curepto,2,1,75,156
7,Maule,7103,Curepto,2,1,80,107
7,Maule,7103,Curepto,1,1,80,26
7,Maule,7103,Curepto,1,1,85,25
7,Maule,7103,Curepto,2,1,85,115
7,Maule,7103,Curepto,1,2,0,64
7,Maule,7103,Curepto,2,2,0,102
7,Maule,7103,Curepto,1,2,5,76
7,Maule,7103,Curepto,2,2,5,133
7,Maule,7103,Curepto,2,2,10,133
7,Maule,7103,Curepto,1,2,10,86
7,Maule,7103,Curepto,2,2,15,154
7,Maule,7103,Curepto,1,2,15,77
7,Maule,7103,Curepto,2,2,20,145
7,Maule,7103,Curepto,1,2,20,76
7,Maule,7103,Curepto,2,2,25,146
7,Maule,7103,Curepto,1,2,25,114
7,Maule,7103,Curepto,1,2,30,101
7,Maule,7103,Curepto,2,2,30,152
7,Maule,7103,Curepto,2,2,35,150
7,Maule,7103,Curepto,1,2,35,120
7,Maule,7103,Curepto,2,2,40,188
7,Maule,7103,Curepto,1,2,40,92
7,Maule,7103,Curepto,2,2,45,216
7,Maule,7103,Curepto,1,2,45,116
7,Maule,7103,Curepto,1,2,50,112
7,Maule,7103,Curepto,2,2,50,206
7,Maule,7103,Curepto,1,2,55,114
7,Maule,7103,Curepto,2,2,55,249
7,Maule,7103,Curepto,1,2,60,111
7,Maule,7103,Curepto,2,2,60,255
7,Maule,7103,Curepto,1,2,65,95
7,Maule,7103,Curepto,2,2,65,234
7,Maule,7103,Curepto,1,2,70,82
7,Maule,7103,Curepto,2,2,70,192
7,Maule,7103,Curepto,1,2,75,64
7,Maule,7103,Curepto,2,2,75,138
7,Maule,7103,Curepto,2,2,80,121
7,Maule,7103,Curepto,1,2,80,52
7,Maule,7103,Curepto,2,2,85,123
7,Maule,7103,Curepto,1,2,85,54
7,Maule,7104,Empedrado,1,1,0,81
7,Maule,7104,Empedrado,2,1,0,28
7,Maule,7104,Empedrado,2,1,5,42
7,Maule,7104,Empedrado,1,1,5,93
7,Maule,7104,Empedrado,1,1,10,102
7,Maule,7104,Empedrado,2,1,10,35
7,Maule,7104,Empedrado,1,1,15,90
7,Maule,7104,Empedrado,2,1,15,53
7,Maule,7104,Empedrado,2,1,20,34
7,Maule,7104,Empedrado,1,1,20,95
7,Maule,7104,Empedrado,2,1,25,42
7,Maule,7104,Empedrado,1,1,25,85
7,Maule,7104,Empedrado,2,1,30,41
7,Maule,7104,Empedrado,1,1,30,112
7,Maule,7104,Empedrado,2,1,35,45
7,Maule,7104,Empedrado,1,1,35,72
7,Maule,7104,Empedrado,2,1,40,47
7,Maule,7104,Empedrado,1,1,40,95
7,Maule,7104,Empedrado,2,1,45,48
7,Maule,7104,Empedrado,1,1,45,88
7,Maule,7104,Empedrado,1,1,50,90
7,Maule,7104,Empedrado,2,1,50,52
7,Maule,7104,Empedrado,1,1,55,70
7,Maule,7104,Empedrado,2,1,55,44
7,Maule,7104,Empedrado,1,1,60,78
7,Maule,7104,Empedrado,2,1,60,57
7,Maule,7104,Empedrado,2,1,65,35
7,Maule,7104,Empedrado,1,1,65,72
7,Maule,7104,Empedrado,1,1,70,53
7,Maule,7104,Empedrado,2,1,70,35
7,Maule,7104,Empedrado,2,1,75,31
7,Maule,7104,Empedrado,1,1,75,36
7,Maule,7104,Empedrado,1,1,80,16
7,Maule,7104,Empedrado,2,1,80,12
7,Maule,7104,Empedrado,2,1,85,18
7,Maule,7104,Empedrado,1,1,85,19
7,Maule,7104,Empedrado,1,2,0,71
7,Maule,7104,Empedrado,2,2,0,25
7,Maule,7104,Empedrado,2,2,5,28
7,Maule,7104,Empedrado,1,2,5,68
7,Maule,7104,Empedrado,2,2,10,45
7,Maule,7104,Empedrado,1,2,10,87
7,Maule,7104,Empedrado,1,2,15,87
7,Maule,7104,Empedrado,2,2,15,33
7,Maule,7104,Empedrado,2,2,20,32
7,Maule,7104,Empedrado,1,2,20,88
7,Maule,7104,Empedrado,2,2,25,33
7,Maule,7104,Empedrado,1,2,25,108
7,Maule,7104,Empedrado,2,2,30,40
7,Maule,7104,Empedrado,1,2,30,100
7,Maule,7104,Empedrado,1,2,35,105
7,Maule,7104,Empedrado,2,2,35,43
7,Maule,7104,Empedrado,2,2,40,46
7,Maule,7104,Empedrado,1,2,40,90
7,Maule,7104,Empedrado,2,2,45,42
7,Maule,7104,Empedrado,1,2,45,93
7,Maule,7104,Empedrado,1,2,50,94
7,Maule,7104,Empedrado,2,2,50,43
7,Maule,7104,Empedrado,2,2,55,47
7,Maule,7104,Empedrado,1,2,55,83
7,Maule,7104,Empedrado,1,2,60,68
7,Maule,7104,Empedrado,2,2,60,38
7,Maule,7104,Empedrado,2,2,65,31
7,Maule,7104,Empedrado,1,2,65,60
7,Maule,7104,Empedrado,2,2,70,19
7,Maule,7104,Empedrado,1,2,70,52
7,Maule,7104,Empedrado,2,2,75,29
7,Maule,7104,Empedrado,1,2,75,37
7,Maule,7104,Empedrado,2,2,80,12
7,Maule,7104,Empedrado,1,2,80,24
7,Maule,7104,Empedrado,1,2,85,28
7,Maule,7104,Empedrado,2,2,85,15
7,Maule,7105,Maule,1,1,0,1483
7,Maule,7105,Maule,2,1,0,351
7,Maule,7105,Maule,2,1,5,414
7,Maule,7105,Maule,1,1,5,2005
7,Maule,7105,Maule,2,1,10,486
7,Maule,7105,Maule,1,1,10,2185
7,Maule,7105,Maule,2,1,15,486
7,Maule,7105,Maule,1,1,15,2020
7,Maule,7105,Maule,2,1,20,442
7,Maule,7105,Maule,1,1,20,1623
7,Maule,7105,Maule,1,1,25,1571
7,Maule,7105,Maule,2,1,25,398
7,Maule,7105,Maule,2,1,30,443
7,Maule,7105,Maule,1,1,30,2034
7,Maule,7105,Maule,1,1,35,1962
7,Maule,7105,Maule,2,1,35,405
7,Maule,7105,Maule,2,1,40,457
7,Maule,7105,Maule,1,1,40,1805
7,Maule,7105,Maule,2,1,45,465
7,Maule,7105,Maule,1,1,45,1489
7,Maule,7105,Maule,1,1,50,1278
7,Maule,7105,Maule,2,1,50,463
7,Maule,7105,Maule,1,1,55,1067
7,Maule,7105,Maule,2,1,55,504
7,Maule,7105,Maule,1,1,60,853
7,Maule,7105,Maule,2,1,60,415
7,Maule,7105,Maule,2,1,65,347
7,Maule,7105,Maule,1,1,65,566
7,Maule,7105,Maule,1,1,70,394
7,Maule,7105,Maule,2,1,70,257
7,Maule,7105,Maule,1,1,75,247
7,Maule,7105,Maule,2,1,75,210
7,Maule,7105,Maule,2,1,80,97
7,Maule,7105,Maule,1,1,80,155
7,Maule,7105,Maule,1,1,85,61
7,Maule,7105,Maule,2,1,85,67
7,Maule,7105,Maule,2,2,0,286
7,Maule,7105,Maule,1,2,0,1466
7,Maule,7105,Maule,1,2,5,2033
7,Maule,7105,Maule,2,2,5,476
7,Maule,7105,Maule,1,2,10,2012
7,Maule,7105,Maule,2,2,10,477
7,Maule,7105,Maule,1,2,15,1905
7,Maule,7105,Maule,2,2,15,413
7,Maule,7105,Maule,2,2,20,433
7,Maule,7105,Maule,1,2,20,1654
7,Maule,7105,Maule,2,2,25,389
7,Maule,7105,Maule,1,2,25,1685
7,Maule,7105,Maule,1,2,30,2315
7,Maule,7105,Maule,2,2,30,443
7,Maule,7105,Maule,2,2,35,472
7,Maule,7105,Maule,1,2,35,2375
7,Maule,7105,Maule,2,2,40,483
7,Maule,7105,Maule,1,2,40,2227
7,Maule,7105,Maule,1,2,45,1767
7,Maule,7105,Maule,2,2,45,443
7,Maule,7105,Maule,1,2,50,1482
7,Maule,7105,Maule,2,2,50,472
7,Maule,7105,Maule,2,2,55,444
7,Maule,7105,Maule,1,2,55,1311
7,Maule,7105,Maule,1,2,60,979
7,Maule,7105,Maule,2,2,60,423
7,Maule,7105,Maule,1,2,65,727
7,Maule,7105,Maule,2,2,65,325
7,Maule,7105,Maule,2,2,70,244
7,Maule,7105,Maule,1,2,70,428
7,Maule,7105,Maule,1,2,75,316
7,Maule,7105,Maule,2,2,75,158
7,Maule,7105,Maule,1,2,80,171
7,Maule,7105,Maule,2,2,80,93
7,Maule,7105,Maule,2,2,85,103
7,Maule,7105,Maule,1,2,85,146
7,Maule,7106,Pelarco,1,1,0,64
7,Maule,7106,Pelarco,2,1,0,180
7,Maule,7106,Pelarco,2,1,5,220
7,Maule,7106,Pelarco,1,1,5,83
7,Maule,7106,Pelarco,1,1,10,91
7,Maule,7106,Pelarco,2,1,10,223
7,Maule,7106,Pelarco,1,1,15,101
7,Maule,7106,Pelarco,2,1,15,200
7,Maule,7106,Pelarco,1,1,20,74
7,Maule,7106,Pelarco,2,1,20,182
7,Maule,7106,Pelarco,1,1,25,76
7,Maule,7106,Pelarco,2,1,25,171
7,Maule,7106,Pelarco,2,1,30,223
7,Maule,7106,Pelarco,1,1,30,86
7,Maule,7106,Pelarco,2,1,35,239
7,Maule,7106,Pelarco,1,1,35,68
7,Maule,7106,Pelarco,2,1,40,199
7,Maule,7106,Pelarco,1,1,40,70
7,Maule,7106,Pelarco,2,1,45,223
7,Maule,7106,Pelarco,1,1,45,65
7,Maule,7106,Pelarco,1,1,50,75
7,Maule,7106,Pelarco,2,1,50,226
7,Maule,7106,Pelarco,1,1,55,65
7,Maule,7106,Pelarco,2,1,55,289
7,Maule,7106,Pelarco,1,1,60,61
7,Maule,7106,Pelarco,2,1,60,262
7,Maule,7106,Pelarco,2,1,65,195
7,Maule,7106,Pelarco,1,1,65,67
7,Maule,7106,Pelarco,2,1,70,164
7,Maule,7106,Pelarco,1,1,70,51
7,Maule,7106,Pelarco,2,1,75,106
7,Maule,7106,Pelarco,1,1,75,39
7,Maule,7106,Pelarco,1,1,80,17
7,Maule,7106,Pelarco,2,1,80,70
7,Maule,7106,Pelarco,2,1,85,52
7,Maule,7106,Pelarco,1,1,85,15
7,Maule,7106,Pelarco,1,2,0,46
7,Maule,7106,Pelarco,2,2,0,161
7,Maule,7106,Pelarco,1,2,5,76
7,Maule,7106,Pelarco,2,2,5,206
7,Maule,7106,Pelarco,2,2,10,207
7,Maule,7106,Pelarco,1,2,10,92
7,Maule,7106,Pelarco,2,2,15,204
7,Maule,7106,Pelarco,1,2,15,82
7,Maule,7106,Pelarco,1,2,20,63
7,Maule,7106,Pelarco,2,2,20,185
7,Maule,7106,Pelarco,2,2,25,216
7,Maule,7106,Pelarco,1,2,25,80
7,Maule,7106,Pelarco,1,2,30,96
7,Maule,7106,Pelarco,2,2,30,240
7,Maule,7106,Pelarco,2,2,35,230
7,Maule,7106,Pelarco,1,2,35,96
7,Maule,7106,Pelarco,1,2,40,67
7,Maule,7106,Pelarco,2,2,40,196
7,Maule,7106,Pelarco,1,2,45,85
7,Maule,7106,Pelarco,2,2,45,225
7,Maule,7106,Pelarco,2,2,50,233
7,Maule,7106,Pelarco,1,2,50,86
7,Maule,7106,Pelarco,1,2,55,83
7,Maule,7106,Pelarco,2,2,55,246
7,Maule,7106,Pelarco,2,2,60,238
7,Maule,7106,Pelarco,1,2,60,70
7,Maule,7106,Pelarco,2,2,65,188
7,Maule,7106,Pelarco,1,2,65,70
7,Maule,7106,Pelarco,1,2,70,62
7,Maule,7106,Pelarco,2,2,70,141
7,Maule,7106,Pelarco,2,2,75,130
7,Maule,7106,Pelarco,1,2,75,26
7,Maule,7106,Pelarco,2,2,80,74
7,Maule,7106,Pelarco,1,2,80,38
7,Maule,7106,Pelarco,2,2,85,63
7,Maule,7106,Pelarco,1,2,85,36
7,Maule,7107,Pencahue,1,1,0,87
7,Maule,7107,Pencahue,2,1,0,141
7,Maule,7107,Pencahue,1,1,5,89
7,Maule,7107,Pencahue,2,1,5,140
7,Maule,7107,Pencahue,1,1,10,88
7,Maule,7107,Pencahue,2,1,10,185
7,Maule,7107,Pencahue,2,1,15,200
7,Maule,7107,Pencahue,1,1,15,104
7,Maule,7107,Pencahue,1,1,20,110
7,Maule,7107,Pencahue,2,1,20,179
7,Maule,7107,Pencahue,2,1,25,178
7,Maule,7107,Pencahue,1,1,25,107
7,Maule,7107,Pencahue,1,1,30,96
7,Maule,7107,Pencahue,2,1,30,183
7,Maule,7107,Pencahue,2,1,35,164
7,Maule,7107,Pencahue,1,1,35,89
7,Maule,7107,Pencahue,2,1,40,204
7,Maule,7107,Pencahue,1,1,40,110
7,Maule,7107,Pencahue,2,1,45,230
7,Maule,7107,Pencahue,1,1,45,80
7,Maule,7107,Pencahue,2,1,50,247
7,Maule,7107,Pencahue,1,1,50,87
7,Maule,7107,Pencahue,1,1,55,82
7,Maule,7107,Pencahue,2,1,55,286
7,Maule,7107,Pencahue,2,1,60,255
7,Maule,7107,Pencahue,1,1,60,92
7,Maule,7107,Pencahue,1,1,65,63
7,Maule,7107,Pencahue,2,1,65,221
7,Maule,7107,Pencahue,1,1,70,42
7,Maule,7107,Pencahue,2,1,70,188
7,Maule,7107,Pencahue,1,1,75,28
7,Maule,7107,Pencahue,2,1,75,127
7,Maule,7107,Pencahue,1,1,80,14
7,Maule,7107,Pencahue,2,1,80,81
7,Maule,7107,Pencahue,2,1,85,48
7,Maule,7107,Pencahue,1,1,85,16
7,Maule,7107,Pencahue,1,2,0,82
7,Maule,7107,Pencahue,2,2,0,113
7,Maule,7107,Pencahue,1,2,5,106
7,Maule,7107,Pencahue,2,2,5,155
7,Maule,7107,Pencahue,2,2,10,144
7,Maule,7107,Pencahue,1,2,10,116
7,Maule,7107,Pencahue,2,2,15,186
7,Maule,7107,Pencahue,1,2,15,96
7,Maule,7107,Pencahue,2,2,20,171
7,Maule,7107,Pencahue,1,2,20,132
7,Maule,7107,Pencahue,2,2,25,168
7,Maule,7107,Pencahue,1,2,25,111
7,Maule,7107,Pencahue,1,2,30,116
7,Maule,7107,Pencahue,2,2,30,185
7,Maule,7107,Pencahue,2,2,35,180
7,Maule,7107,Pencahue,1,2,35,103
7,Maule,7107,Pencahue,2,2,40,201
7,Maule,7107,Pencahue,1,2,40,107
7,Maule,7107,Pencahue,2,2,45,208
7,Maule,7107,Pencahue,1,2,45,93
7,Maule,7107,Pencahue,1,2,50,107
7,Maule,7107,Pencahue,2,2,50,238
7,Maule,7107,Pencahue,1,2,55,100
7,Maule,7107,Pencahue,2,2,55,235
7,Maule,7107,Pencahue,2,2,60,229
7,Maule,7107,Pencahue,1,2,60,77
7,Maule,7107,Pencahue,1,2,65,51
7,Maule,7107,Pencahue,2,2,65,185
7,Maule,7107,Pencahue,2,2,70,176
7,Maule,7107,Pencahue,1,2,70,44
7,Maule,7107,Pencahue,1,2,75,31
7,Maule,7107,Pencahue,2,2,75,100
7,Maule,7107,Pencahue,1,2,80,19
7,Maule,7107,Pencahue,2,2,80,67
7,Maule,7107,Pencahue,2,2,85,82
7,Maule,7107,Pencahue,1,2,85,26
7,Maule,7108,Río Claro,1,1,0,80
7,Maule,7108,Río Claro,2,1,0,239
7,Maule,7108,Río Claro,2,1,5,356
7,Maule,7108,Río Claro,1,1,5,103
7,Maule,7108,Río Claro,2,1,10,349
7,Maule,7108,Río Claro,1,1,10,130
7,Maule,7108,Río Claro,1,1,15,133
7,Maule,7108,Río Claro,2,1,15,315
7,Maule,7108,Río Claro,2,1,20,260
7,Maule,7108,Río Claro,1,1,20,121
7,Maule,7108,Río Claro,1,1,25,103
7,Maule,7108,Río Claro,2,1,25,333
7,Maule,7108,Río Claro,2,1,30,319
7,Maule,7108,Río Claro,1,1,30,125
7,Maule,7108,Río Claro,1,1,35,99
7,Maule,7108,Río Claro,2,1,35,368
7,Maule,7108,Río Claro,2,1,40,316
7,Maule,7108,Río Claro,1,1,40,113
7,Maule,7108,Río Claro,2,1,45,364
7,Maule,7108,Río Claro,1,1,45,114
7,Maule,7108,Río Claro,1,1,50,114
7,Maule,7108,Río Claro,2,1,50,386
7,Maule,7108,Río Claro,1,1,55,122
7,Maule,7108,Río Claro,2,1,55,406
7,Maule,7108,Río Claro,1,1,60,123
7,Maule,7108,Río Claro,2,1,60,416
7,Maule,7108,Río Claro,2,1,65,359
7,Maule,7108,Río Claro,1,1,65,89
7,Maule,7108,Río Claro,2,1,70,264
7,Maule,7108,Río Claro,1,1,70,86
7,Maule,7108,Río Claro,2,1,75,191
7,Maule,7108,Río Claro,1,1,75,61
7,Maule,7108,Río Claro,2,1,80,117
7,Maule,7108,Río Claro,1,1,80,23
7,Maule,7108,Río Claro,1,1,85,28
7,Maule,7108,Río Claro,2,1,85,70
7,Maule,7108,Río Claro,1,2,0,83
7,Maule,7108,Río Claro,2,2,0,248
7,Maule,7108,Río Claro,2,2,5,304
7,Maule,7108,Río Claro,1,2,5,103
7,Maule,7108,Río Claro,2,2,10,320
7,Maule,7108,Río Claro,1,2,10,123
7,Maule,7108,Río Claro,2,2,15,299
7,Maule,7108,Río Claro,1,2,15,120
7,Maule,7108,Río Claro,1,2,20,120
7,Maule,7108,Río Claro,2,2,20,277
7,Maule,7108,Río Claro,2,2,25,319
7,Maule,7108,Río Claro,1,2,25,138
7,Maule,7108,Río Claro,1,2,30,137
7,Maule,7108,Río Claro,2,2,30,362
7,Maule,7108,Río Claro,1,2,35,109
7,Maule,7108,Río Claro,2,2,35,345
7,Maule,7108,Río Claro,1,2,40,112
7,Maule,7108,Río Claro,2,2,40,307
7,Maule,7108,Río Claro,1,2,45,139
7,Maule,7108,Río Claro,2,2,45,352
7,Maule,7108,Río Claro,2,2,50,374
7,Maule,7108,Río Claro,1,2,50,129
7,Maule,7108,Río Claro,1,2,55,134
7,Maule,7108,Río Claro,2,2,55,442
7,Maule,7108,Río Claro,1,2,60,144
7,Maule,7108,Río Claro,2,2,60,354
7,Maule,7108,Río Claro,1,2,65,98
7,Maule,7108,Río Claro,2,2,65,311
7,Maule,7108,Río Claro,2,2,70,238
7,Maule,7108,Río Claro,1,2,70,61
7,Maule,7108,Río Claro,1,2,75,52
7,Maule,7108,Río Claro,2,2,75,149
7,Maule,7108,Río Claro,2,2,80,118
7,Maule,7108,Río Claro,1,2,80,41
7,Maule,7108,Río Claro,1,2,85,34
7,Maule,7108,Río Claro,2,2,85,85
7,Maule,7109,San Clemente,1,1,0,762
7,Maule,7109,San Clemente,2,1,0,473
7,Maule,7109,San Clemente,2,1,5,583
7,Maule,7109,San Clemente,1,1,5,946
7,Maule,7109,San Clemente,2,1,10,664
7,Maule,7109,San Clemente,1,1,10,1050
7,Maule,7109,San Clemente,2,1,15,663
7,Maule,7109,San Clemente,1,1,15,979
7,Maule,7109,San Clemente,1,1,20,884
7,Maule,7109,San Clemente,2,1,20,609
7,Maule,7109,San Clemente,1,1,25,991
7,Maule,7109,San Clemente,2,1,25,601
7,Maule,7109,San Clemente,2,1,30,638
7,Maule,7109,San Clemente,1,1,30,1034
7,Maule,7109,San Clemente,1,1,35,852
7,Maule,7109,San Clemente,2,1,35,620
7,Maule,7109,San Clemente,1,1,40,747
7,Maule,7109,San Clemente,2,1,40,592
7,Maule,7109,San Clemente,1,1,45,716
7,Maule,7109,San Clemente,2,1,45,718
7,Maule,7109,San Clemente,2,1,50,817
7,Maule,7109,San Clemente,1,1,50,754
7,Maule,7109,San Clemente,1,1,55,706
7,Maule,7109,San Clemente,2,1,55,870
7,Maule,7109,San Clemente,2,1,60,881
7,Maule,7109,San Clemente,1,1,60,638
7,Maule,7109,San Clemente,2,1,65,720
7,Maule,7109,San Clemente,1,1,65,527
7,Maule,7109,San Clemente,1,1,70,372
7,Maule,7109,San Clemente,2,1,70,615
7,Maule,7109,San Clemente,2,1,75,426
7,Maule,7109,San Clemente,1,1,75,292
7,Maule,7109,San Clemente,2,1,80,251
7,Maule,7109,San Clemente,1,1,80,169
7,Maule,7109,San Clemente,1,1,85,94
7,Maule,7109,San Clemente,2,1,85,170
7,Maule,7109,San Clemente,2,2,0,497
7,Maule,7109,San Clemente,1,2,0,786
7,Maule,7109,San Clemente,2,2,5,590
7,Maule,7109,San Clemente,1,2,5,861
7,Maule,7109,San Clemente,2,2,10,624
7,Maule,7109,San Clemente,1,2,10,1042
7,Maule,7109,San Clemente,1,2,15,985
7,Maule,7109,San Clemente,2,2,15,600
7,Maule,7109,San Clemente,2,2,20,592
7,Maule,7109,San Clemente,1,2,20,919
7,Maule,7109,San Clemente,1,2,25,998
7,Maule,7109,San Clemente,2,2,25,560
7,Maule,7109,San Clemente,2,2,30,696
7,Maule,7109,San Clemente,1,2,30,1162
7,Maule,7109,San Clemente,1,2,35,1026
7,Maule,7109,San Clemente,2,2,35,641
7,Maule,7109,San Clemente,1,2,40,873
7,Maule,7109,San Clemente,2,2,40,589
7,Maule,7109,San Clemente,1,2,45,868
7,Maule,7109,San Clemente,2,2,45,631
7,Maule,7109,San Clemente,1,2,50,876
7,Maule,7109,San Clemente,2,2,50,767
7,Maule,7109,San Clemente,2,2,55,829
7,Maule,7109,San Clemente,1,2,55,865
7,Maule,7109,San Clemente,1,2,60,727
7,Maule,7109,San Clemente,2,2,60,732
7,Maule,7109,San Clemente,2,2,65,665
7,Maule,7109,San Clemente,1,2,65,565
7,Maule,7109,San Clemente,2,2,70,534
7,Maule,7109,San Clemente,1,2,70,428
7,Maule,7109,San Clemente,2,2,75,331
7,Maule,7109,San Clemente,1,2,75,313
7,Maule,7109,San Clemente,2,2,80,232
7,Maule,7109,San Clemente,1,2,80,197
7,Maule,7109,San Clemente,1,2,85,176
7,Maule,7109,San Clemente,2,2,85,179
7,Maule,7110,San Rafael,1,1,0,153
7,Maule,7110,San Rafael,2,1,0,128
7,Maule,7110,San Rafael,1,1,5,257
7,Maule,7110,San Rafael,2,1,5,150
7,Maule,7110,San Rafael,2,1,10,165
7,Maule,7110,San Rafael,1,1,10,233
7,Maule,7110,San Rafael,2,1,15,176
7,Maule,7110,San Rafael,1,1,15,248
7,Maule,7110,San Rafael,1,1,20,203
7,Maule,7110,San Rafael,2,1,20,164
7,Maule,7110,San Rafael,1,1,25,227
7,Maule,7110,San Rafael,2,1,25,140
7,Maule,7110,San Rafael,2,1,30,165
7,Maule,7110,San Rafael,1,1,30,214
7,Maule,7110,San Rafael,2,1,35,147
7,Maule,7110,San Rafael,1,1,35,180
7,Maule,7110,San Rafael,2,1,40,138
7,Maule,7110,San Rafael,1,1,40,185
7,Maule,7110,San Rafael,2,1,45,166
7,Maule,7110,San Rafael,1,1,45,157
7,Maule,7110,San Rafael,1,1,50,186
7,Maule,7110,San Rafael,2,1,50,202
7,Maule,7110,San Rafael,1,1,55,157
7,Maule,7110,San Rafael,2,1,55,199
7,Maule,7110,San Rafael,2,1,60,211
7,Maule,7110,San Rafael,1,1,60,145
7,Maule,7110,San Rafael,2,1,65,191
7,Maule,7110,San Rafael,1,1,65,112
7,Maule,7110,San Rafael,2,1,70,149
7,Maule,7110,San Rafael,1,1,70,83
7,Maule,7110,San Rafael,2,1,75,94
7,Maule,7110,San Rafael,1,1,75,68
7,Maule,7110,San Rafael,2,1,80,58
7,Maule,7110,San Rafael,1,1,80,39
7,Maule,7110,San Rafael,2,1,85,37
7,Maule,7110,San Rafael,1,1,85,25
7,Maule,7110,San Rafael,1,2,0,154
7,Maule,7110,San Rafael,2,2,0,110
7,Maule,7110,San Rafael,2,2,5,152
7,Maule,7110,San Rafael,1,2,5,217
7,Maule,7110,San Rafael,2,2,10,170
7,Maule,7110,San Rafael,1,2,10,240
7,Maule,7110,San Rafael,2,2,15,154
7,Maule,7110,San Rafael,1,2,15,225
7,Maule,7110,San Rafael,1,2,20,202
7,Maule,7110,San Rafael,2,2,20,144
7,Maule,7110,San Rafael,2,2,25,157
7,Maule,7110,San Rafael,1,2,25,230
7,Maule,7110,San Rafael,1,2,30,239
7,Maule,7110,San Rafael,2,2,30,157
7,Maule,7110,San Rafael,1,2,35,234
7,Maule,7110,San Rafael,2,2,35,160
7,Maule,7110,San Rafael,2,2,40,164
7,Maule,7110,San Rafael,1,2,40,186
7,Maule,7110,San Rafael,1,2,45,169
7,Maule,7110,San Rafael,2,2,45,181
7,Maule,7110,San Rafael,1,2,50,206
7,Maule,7110,San Rafael,2,2,50,191
7,Maule,7110,San Rafael,1,2,55,191
7,Maule,7110,San Rafael,2,2,55,202
7,Maule,7110,San Rafael,2,2,60,183
7,Maule,7110,San Rafael,1,2,60,168
7,Maule,7110,San Rafael,1,2,65,129
7,Maule,7110,San Rafael,2,2,65,167
7,Maule,7110,San Rafael,1,2,70,116
7,Maule,7110,San Rafael,2,2,70,135
7,Maule,7110,San Rafael,1,2,75,71
7,Maule,7110,San Rafael,2,2,75,83
7,Maule,7110,San Rafael,2,2,80,67
7,Maule,7110,San Rafael,1,2,80,49
7,Maule,7110,San Rafael,1,2,85,33
7,Maule,7110,San Rafael,2,2,85,42
7,Maule,7201,Cauquenes,2,1,0,175
7,Maule,7201,Cauquenes,1,1,0,832
7,Maule,7201,Cauquenes,2,1,5,215
7,Maule,7201,Cauquenes,1,1,5,1088
7,Maule,7201,Cauquenes,2,1,10,258
7,Maule,7201,Cauquenes,1,1,10,1163
7,Maule,7201,Cauquenes,2,1,15,243
7,Maule,7201,Cauquenes,1,1,15,1129
7,Maule,7201,Cauquenes,2,1,20,227
7,Maule,7201,Cauquenes,1,1,20,910
7,Maule,7201,Cauquenes,2,1,25,324
7,Maule,7201,Cauquenes,1,1,25,994
7,Maule,7201,Cauquenes,2,1,30,336
7,Maule,7201,Cauquenes,1,1,30,1076
7,Maule,7201,Cauquenes,1,1,35,972
7,Maule,7201,Cauquenes,2,1,35,316
7,Maule,7201,Cauquenes,1,1,40,966
7,Maule,7201,Cauquenes,2,1,40,333
7,Maule,7201,Cauquenes,1,1,45,958
7,Maule,7201,Cauquenes,2,1,45,343
7,Maule,7201,Cauquenes,2,1,50,388
7,Maule,7201,Cauquenes,1,1,50,864
7,Maule,7201,Cauquenes,2,1,55,384
7,Maule,7201,Cauquenes,1,1,55,967
7,Maule,7201,Cauquenes,2,1,60,426
7,Maule,7201,Cauquenes,1,1,60,901
7,Maule,7201,Cauquenes,2,1,65,389
7,Maule,7201,Cauquenes,1,1,65,766
7,Maule,7201,Cauquenes,2,1,70,267
7,Maule,7201,Cauquenes,1,1,70,602
7,Maule,7201,Cauquenes,2,1,75,192
7,Maule,7201,Cauquenes,1,1,75,420
7,Maule,7201,Cauquenes,2,1,80,162
7,Maule,7201,Cauquenes,1,1,80,295
7,Maule,7201,Cauquenes,1,1,85,302
7,Maule,7201,Cauquenes,2,1,85,112
7,Maule,7201,Cauquenes,2,2,0,157
7,Maule,7201,Cauquenes,1,2,0,855
7,Maule,7201,Cauquenes,2,2,5,207
7,Maule,7201,Cauquenes,1,2,5,1123
7,Maule,7201,Cauquenes,2,2,10,242
7,Maule,7201,Cauquenes,1,2,10,1225
7,Maule,7201,Cauquenes,1,2,15,1076
7,Maule,7201,Cauquenes,2,2,15,198
7,Maule,7201,Cauquenes,2,2,20,184
7,Maule,7201,Cauquenes,1,2,20,964
7,Maule,7201,Cauquenes,2,2,25,202
7,Maule,7201,Cauquenes,1,2,25,1164
7,Maule,7201,Cauquenes,2,2,30,210
7,Maule,7201,Cauquenes,1,2,30,1310
7,Maule,7201,Cauquenes,2,2,35,243
7,Maule,7201,Cauquenes,1,2,35,1230
7,Maule,7201,Cauquenes,1,2,40,1168
7,Maule,7201,Cauquenes,2,2,40,265
7,Maule,7201,Cauquenes,1,2,45,1146
7,Maule,7201,Cauquenes,2,2,45,270
7,Maule,7201,Cauquenes,2,2,50,339
7,Maule,7201,Cauquenes,1,2,50,1166
7,Maule,7201,Cauquenes,2,2,55,350
7,Maule,7201,Cauquenes,1,2,55,1165
7,Maule,7201,Cauquenes,2,2,60,385
7,Maule,7201,Cauquenes,1,2,60,1157
7,Maule,7201,Cauquenes,2,2,65,328
7,Maule,7201,Cauquenes,1,2,65,960
7,Maule,7201,Cauquenes,2,2,70,247
7,Maule,7201,Cauquenes,1,2,70,811
7,Maule,7201,Cauquenes,2,2,75,211
7,Maule,7201,Cauquenes,1,2,75,630
7,Maule,7201,Cauquenes,2,2,80,140
7,Maule,7201,Cauquenes,1,2,80,463
7,Maule,7201,Cauquenes,2,2,85,126
7,Maule,7201,Cauquenes,1,2,85,586
7,Maule,7202,Chanco,2,1,0,113
7,Maule,7202,Chanco,1,1,0,82
7,Maule,7202,Chanco,2,1,5,176
7,Maule,7202,Chanco,1,1,5,114
7,Maule,7202,Chanco,2,1,10,184
7,Maule,7202,Chanco,1,1,10,132
7,Maule,7202,Chanco,1,1,15,104
7,Maule,7202,Chanco,2,1,15,171
7,Maule,7202,Chanco,1,1,20,115
7,Maule,7202,Chanco,2,1,20,162
7,Maule,7202,Chanco,2,1,25,147
7,Maule,7202,Chanco,1,1,25,91
7,Maule,7202,Chanco,1,1,30,133
7,Maule,7202,Chanco,2,1,30,171
7,Maule,7202,Chanco,1,1,35,118
7,Maule,7202,Chanco,2,1,35,179
7,Maule,7202,Chanco,1,1,40,101
7,Maule,7202,Chanco,2,1,40,201
7,Maule,7202,Chanco,1,1,45,100
7,Maule,7202,Chanco,2,1,45,174
7,Maule,7202,Chanco,2,1,50,228
7,Maule,7202,Chanco,1,1,50,113
7,Maule,7202,Chanco,2,1,55,205
7,Maule,7202,Chanco,1,1,55,149
7,Maule,7202,Chanco,2,1,60,215
7,Maule,7202,Chanco,1,1,60,163
7,Maule,7202,Chanco,1,1,65,109
7,Maule,7202,Chanco,2,1,65,172
7,Maule,7202,Chanco,2,1,70,124
7,Maule,7202,Chanco,1,1,70,82
7,Maule,7202,Chanco,1,1,75,57
7,Maule,7202,Chanco,2,1,75,117
7,Maule,7202,Chanco,1,1,80,46
7,Maule,7202,Chanco,2,1,80,67
7,Maule,7202,Chanco,1,1,85,21
7,Maule,7202,Chanco,2,1,85,62
7,Maule,7202,Chanco,1,2,0,85
7,Maule,7202,Chanco,2,2,0,100
7,Maule,7202,Chanco,1,2,5,126
7,Maule,7202,Chanco,2,2,5,179
7,Maule,7202,Chanco,2,2,10,158
7,Maule,7202,Chanco,1,2,10,120
7,Maule,7202,Chanco,2,2,15,158
7,Maule,7202,Chanco,1,2,15,134
7,Maule,7202,Chanco,1,2,20,106
7,Maule,7202,Chanco,2,2,20,142
7,Maule,7202,Chanco,2,2,25,138
7,Maule,7202,Chanco,1,2,25,127
7,Maule,7202,Chanco,1,2,30,132
7,Maule,7202,Chanco,2,2,30,195
7,Maule,7202,Chanco,2,2,35,173
7,Maule,7202,Chanco,1,2,35,136
7,Maule,7202,Chanco,2,2,40,180
7,Maule,7202,Chanco,1,2,40,127
7,Maule,7202,Chanco,2,2,45,187
7,Maule,7202,Chanco,1,2,45,125
7,Maule,7202,Chanco,1,2,50,150
7,Maule,7202,Chanco,2,2,50,179
7,Maule,7202,Chanco,1,2,55,159
7,Maule,7202,Chanco,2,2,55,190
7,Maule,7202,Chanco,1,2,60,144
7,Maule,7202,Chanco,2,2,60,208
7,Maule,7202,Chanco,1,2,65,112
7,Maule,7202,Chanco,2,2,65,143
7,Maule,7202,Chanco,2,2,70,118
7,Maule,7202,Chanco,1,2,70,98
7,Maule,7202,Chanco,1,2,75,67
7,Maule,7202,Chanco,2,2,75,85
7,Maule,7202,Chanco,2,2,80,89
7,Maule,7202,Chanco,1,2,80,63
7,Maule,7202,Chanco,2,2,85,63
7,Maule,7202,Chanco,1,2,85,52
7,Maule,7203,Pelluhue,1,1,0,92
7,Maule,7203,Pelluhue,2,1,0,120
7,Maule,7203,Pelluhue,2,1,5,138
7,Maule,7203,Pelluhue,1,1,5,114
7,Maule,7203,Pelluhue,1,1,10,142
7,Maule,7203,Pelluhue,2,1,10,146
7,Maule,7203,Pelluhue,2,1,15,114
7,Maule,7203,Pelluhue,1,1,15,117
7,Maule,7203,Pelluhue,2,1,20,109
7,Maule,7203,Pelluhue,1,1,20,99
7,Maule,7203,Pelluhue,2,1,25,101
7,Maule,7203,Pelluhue,1,1,25,124
7,Maule,7203,Pelluhue,1,1,30,133
7,Maule,7203,Pelluhue,2,1,30,138
7,Maule,7203,Pelluhue,2,1,35,164
7,Maule,7203,Pelluhue,1,1,35,146
7,Maule,7203,Pelluhue,1,1,40,109
7,Maule,7203,Pelluhue,2,1,40,169
7,Maule,7203,Pelluhue,1,1,45,103
7,Maule,7203,Pelluhue,2,1,45,161
7,Maule,7203,Pelluhue,1,1,50,131
7,Maule,7203,Pelluhue,2,1,50,157
7,Maule,7203,Pelluhue,1,1,55,128
7,Maule,7203,Pelluhue,2,1,55,132
7,Maule,7203,Pelluhue,1,1,60,112
7,Maule,7203,Pelluhue,2,1,60,159
7,Maule,7203,Pelluhue,1,1,65,117
7,Maule,7203,Pelluhue,2,1,65,134
7,Maule,7203,Pelluhue,1,1,70,95
7,Maule,7203,Pelluhue,2,1,70,120
7,Maule,7203,Pelluhue,1,1,75,66
7,Maule,7203,Pelluhue,2,1,75,84
7,Maule,7203,Pelluhue,2,1,80,61
7,Maule,7203,Pelluhue,1,1,80,44
7,Maule,7203,Pelluhue,2,1,85,39
7,Maule,7203,Pelluhue,1,1,85,40
7,Maule,7203,Pelluhue,2,2,0,113
7,Maule,7203,Pelluhue,1,2,0,86
7,Maule,7203,Pelluhue,2,2,5,136
7,Maule,7203,Pelluhue,1,2,5,134
7,Maule,7203,Pelluhue,2,2,10,144
7,Maule,7203,Pelluhue,1,2,10,132
7,Maule,7203,Pelluhue,1,2,15,105
7,Maule,7203,Pelluhue,2,2,15,124
7,Maule,7203,Pelluhue,1,2,20,90
7,Maule,7203,Pelluhue,2,2,20,103
7,Maule,7203,Pelluhue,1,2,25,128
7,Maule,7203,Pelluhue,2,2,25,129
7,Maule,7203,Pelluhue,2,2,30,167
7,Maule,7203,Pelluhue,1,2,30,152
7,Maule,7203,Pelluhue,1,2,35,141
7,Maule,7203,Pelluhue,2,2,35,176
7,Maule,7203,Pelluhue,1,2,40,149
7,Maule,7203,Pelluhue,2,2,40,170
7,Maule,7203,Pelluhue,1,2,45,125
7,Maule,7203,Pelluhue,2,2,45,131
7,Maule,7203,Pelluhue,2,2,50,138
7,Maule,7203,Pelluhue,1,2,50,137
7,Maule,7203,Pelluhue,2,2,55,147
7,Maule,7203,Pelluhue,1,2,55,154
7,Maule,7203,Pelluhue,1,2,60,141
7,Maule,7203,Pelluhue,2,2,60,151
7,Maule,7203,Pelluhue,2,2,65,133
7,Maule,7203,Pelluhue,1,2,65,141
7,Maule,7203,Pelluhue,2,2,70,116
7,Maule,7203,Pelluhue,1,2,70,121
7,Maule,7203,Pelluhue,2,2,75,69
7,Maule,7203,Pelluhue,1,2,75,94
7,Maule,7203,Pelluhue,1,2,80,70
7,Maule,7203,Pelluhue,2,2,80,68
7,Maule,7203,Pelluhue,1,2,85,48
7,Maule,7203,Pelluhue,2,2,85,57
7,Maule,7301,Curicó,1,1,0,3470
7,Maule,7301,Curicó,2,1,0,457
7,Maule,7301,Curicó,1,1,5,4630
7,Maule,7301,Curicó,2,1,5,630
7,Maule,7301,Curicó,1,1,10,4973
7,Maule,7301,Curicó,2,1,10,696
7,Maule,7301,Curicó,2,1,15,616
7,Maule,7301,Curicó,1,1,15,4752
7,Maule,7301,Curicó,1,1,20,4538
7,Maule,7301,Curicó,2,1,20,494
7,Maule,7301,Curicó,1,1,25,5123
7,Maule,7301,Curicó,2,1,25,595
7,Maule,7301,Curicó,2,1,30,631
7,Maule,7301,Curicó,1,1,30,5711
7,Maule,7301,Curicó,2,1,35,663
7,Maule,7301,Curicó,1,1,35,5413
7,Maule,7301,Curicó,2,1,40,633
7,Maule,7301,Curicó,1,1,40,4672
7,Maule,7301,Curicó,2,1,45,672
7,Maule,7301,Curicó,1,1,45,4275
7,Maule,7301,Curicó,2,1,50,703
7,Maule,7301,Curicó,1,1,50,4074
7,Maule,7301,Curicó,1,1,55,3897
7,Maule,7301,Curicó,2,1,55,785
7,Maule,7301,Curicó,2,1,60,763
7,Maule,7301,Curicó,1,1,60,3648
7,Maule,7301,Curicó,2,1,65,615
7,Maule,7301,Curicó,1,1,65,2896
7,Maule,7301,Curicó,1,1,70,2137
7,Maule,7301,Curicó,2,1,70,449
7,Maule,7301,Curicó,2,1,75,299
7,Maule,7301,Curicó,1,1,75,1423
7,Maule,7301,Curicó,2,1,80,203
7,Maule,7301,Curicó,1,1,80,874
7,Maule,7301,Curicó,2,1,85,120
7,Maule,7301,Curicó,1,1,85,575
7,Maule,7301,Curicó,2,2,0,472
7,Maule,7301,Curicó,1,2,0,3537
7,Maule,7301,Curicó,2,2,5,604
7,Maule,7301,Curicó,1,2,5,4569
7,Maule,7301,Curicó,1,2,10,4862
7,Maule,7301,Curicó,2,2,10,680
7,Maule,7301,Curicó,1,2,15,4465
7,Maule,7301,Curicó,2,2,15,574
7,Maule,7301,Curicó,2,2,20,474
7,Maule,7301,Curicó,1,2,20,4207
7,Maule,7301,Curicó,2,2,25,534
7,Maule,7301,Curicó,1,2,25,5056
7,Maule,7301,Curicó,2,2,30,654
7,Maule,7301,Curicó,1,2,30,6040
7,Maule,7301,Curicó,1,2,35,5820
7,Maule,7301,Curicó,2,2,35,664
7,Maule,7301,Curicó,1,2,40,5168
7,Maule,7301,Curicó,2,2,40,650
7,Maule,7301,Curicó,1,2,45,4776
7,Maule,7301,Curicó,2,2,45,655
7,Maule,7301,Curicó,1,2,50,4680
7,Maule,7301,Curicó,2,2,50,696
7,Maule,7301,Curicó,2,2,55,756
7,Maule,7301,Curicó,1,2,55,4789
7,Maule,7301,Curicó,2,2,60,684
7,Maule,7301,Curicó,1,2,60,4493
7,Maule,7301,Curicó,2,2,65,553
7,Maule,7301,Curicó,1,2,65,3601
7,Maule,7301,Curicó,2,2,70,449
7,Maule,7301,Curicó,1,2,70,2684
7,Maule,7301,Curicó,2,2,75,260
7,Maule,7301,Curicó,1,2,75,1978
7,Maule,7301,Curicó,2,2,80,170
7,Maule,7301,Curicó,1,2,80,1278
7,Maule,7301,Curicó,1,2,85,1175
7,Maule,7301,Curicó,2,2,85,156
7,Maule,7302,Hualañé,1,1,0,118
7,Maule,7302,Hualañé,2,1,0,127
7,Maule,7302,Hualañé,1,1,5,150
7,Maule,7302,Hualañé,2,1,5,163
7,Maule,7302,Hualañé,1,1,10,163
7,Maule,7302,Hualañé,2,1,10,181
7,Maule,7302,Hualañé,2,1,15,177
7,Maule,7302,Hualañé,1,1,15,146
7,Maule,7302,Hualañé,2,1,20,155
7,Maule,7302,Hualañé,1,1,20,156
7,Maule,7302,Hualañé,1,1,25,160
7,Maule,7302,Hualañé,2,1,25,129
7,Maule,7302,Hualañé,2,1,30,192
7,Maule,7302,Hualañé,1,1,30,180
7,Maule,7302,Hualañé,2,1,35,182
7,Maule,7302,Hualañé,1,1,35,145
7,Maule,7302,Hualañé,2,1,40,154
7,Maule,7302,Hualañé,1,1,40,140
7,Maule,7302,Hualañé,2,1,45,189
7,Maule,7302,Hualañé,1,1,45,153
7,Maule,7302,Hualañé,1,1,50,162
7,Maule,7302,Hualañé,2,1,50,243
7,Maule,7302,Hualañé,1,1,55,144
7,Maule,7302,Hualañé,2,1,55,231
7,Maule,7302,Hualañé,1,1,60,161
7,Maule,7302,Hualañé,2,1,60,225
7,Maule,7302,Hualañé,2,1,65,219
7,Maule,7302,Hualañé,1,1,65,142
7,Maule,7302,Hualañé,1,1,70,102
7,Maule,7302,Hualañé,2,1,70,185
7,Maule,7302,Hualañé,2,1,75,126
7,Maule,7302,Hualañé,1,1,75,83
7,Maule,7302,Hualañé,2,1,80,74
7,Maule,7302,Hualañé,1,1,80,46
7,Maule,7302,Hualañé,2,1,85,52
7,Maule,7302,Hualañé,1,1,85,37
7,Maule,7302,Hualañé,2,2,0,115
7,Maule,7302,Hualañé,1,2,0,85
7,Maule,7302,Hualañé,2,2,5,155
7,Maule,7302,Hualañé,1,2,5,151
7,Maule,7302,Hualañé,1,2,10,144
7,Maule,7302,Hualañé,2,2,10,151
7,Maule,7302,Hualañé,2,2,15,151
7,Maule,7302,Hualañé,1,2,15,125
7,Maule,7302,Hualañé,1,2,20,128
7,Maule,7302,Hualañé,2,2,20,174
7,Maule,7302,Hualañé,1,2,25,160
7,Maule,7302,Hualañé,2,2,25,155
7,Maule,7302,Hualañé,2,2,30,182
7,Maule,7302,Hualañé,1,2,30,183
7,Maule,7302,Hualañé,2,2,35,164
7,Maule,7302,Hualañé,1,2,35,174
7,Maule,7302,Hualañé,2,2,40,157
7,Maule,7302,Hualañé,1,2,40,165
7,Maule,7302,Hualañé,2,2,45,200
7,Maule,7302,Hualañé,1,2,45,164
7,Maule,7302,Hualañé,2,2,50,210
7,Maule,7302,Hualañé,1,2,50,183
7,Maule,7302,Hualañé,2,2,55,239
7,Maule,7302,Hualañé,1,2,55,180
7,Maule,7302,Hualañé,2,2,60,234
7,Maule,7302,Hualañé,1,2,60,163
7,Maule,7302,Hualañé,2,2,65,203
7,Maule,7302,Hualañé,1,2,65,156
7,Maule,7302,Hualañé,1,2,70,126
7,Maule,7302,Hualañé,2,2,70,150
7,Maule,7302,Hualañé,2,2,75,116
7,Maule,7302,Hualañé,1,2,75,88
7,Maule,7302,Hualañé,1,2,80,46
7,Maule,7302,Hualañé,2,2,80,71
7,Maule,7302,Hualañé,2,2,85,80
7,Maule,7302,Hualañé,1,2,85,55
7,Maule,7303,Licantén,1,1,0,94
7,Maule,7303,Licantén,2,1,0,41
7,Maule,7303,Licantén,1,1,5,116
7,Maule,7303,Licantén,2,1,5,64
7,Maule,7303,Licantén,1,1,10,133
7,Maule,7303,Licantén,2,1,10,70
7,Maule,7303,Licantén,2,1,15,67
7,Maule,7303,Licantén,1,1,15,142
7,Maule,7303,Licantén,1,1,20,134
7,Maule,7303,Licantén,2,1,20,57
7,Maule,7303,Licantén,1,1,25,114
7,Maule,7303,Licantén,2,1,25,98
7,Maule,7303,Licantén,2,1,30,82
7,Maule,7303,Licantén,1,1,30,134
7,Maule,7303,Licantén,2,1,35,63
7,Maule,7303,Licantén,1,1,35,134
7,Maule,7303,Licantén,2,1,40,77
7,Maule,7303,Licantén,1,1,40,145
7,Maule,7303,Licantén,2,1,45,80
7,Maule,7303,Licantén,1,1,45,149
7,Maule,7303,Licantén,1,1,50,135
7,Maule,7303,Licantén,2,1,50,85
7,Maule,7303,Licantén,1,1,55,157
7,Maule,7303,Licantén,2,1,55,116
7,Maule,7303,Licantén,1,1,60,133
7,Maule,7303,Licantén,2,1,60,117
7,Maule,7303,Licantén,2,1,65,84
7,Maule,7303,Licantén,1,1,65,145
7,Maule,7303,Licantén,1,1,70,102
7,Maule,7303,Licantén,2,1,70,51
7,Maule,7303,Licantén,2,1,75,58
7,Maule,7303,Licantén,1,1,75,79
7,Maule,7303,Licantén,1,1,80,37
7,Maule,7303,Licantén,2,1,80,31
7,Maule,7303,Licantén,2,1,85,22
7,Maule,7303,Licantén,1,1,85,26
7,Maule,7303,Licantén,2,2,0,68
7,Maule,7303,Licantén,1,2,0,97
7,Maule,7303,Licantén,2,2,5,69
7,Maule,7303,Licantén,1,2,5,124
7,Maule,7303,Licantén,1,2,10,162
7,Maule,7303,Licantén,2,2,10,57
7,Maule,7303,Licantén,2,2,15,51
7,Maule,7303,Licantén,1,2,15,122
7,Maule,7303,Licantén,2,2,20,50
7,Maule,7303,Licantén,1,2,20,126
7,Maule,7303,Licantén,2,2,25,72
7,Maule,7303,Licantén,1,2,25,137
7,Maule,7303,Licantén,1,2,30,158
7,Maule,7303,Licantén,2,2,30,98
7,Maule,7303,Licantén,1,2,35,161
7,Maule,7303,Licantén,2,2,35,77
7,Maule,7303,Licantén,2,2,40,62
7,Maule,7303,Licantén,1,2,40,171
7,Maule,7303,Licantén,2,2,45,64
7,Maule,7303,Licantén,1,2,45,160
7,Maule,7303,Licantén,1,2,50,154
7,Maule,7303,Licantén,2,2,50,98
7,Maule,7303,Licantén,2,2,55,114
7,Maule,7303,Licantén,1,2,55,143
7,Maule,7303,Licantén,1,2,60,175
7,Maule,7303,Licantén,2,2,60,95
7,Maule,7303,Licantén,1,2,65,141
7,Maule,7303,Licantén,2,2,65,82
7,Maule,7303,Licantén,1,2,70,111
7,Maule,7303,Licantén,2,2,70,50
7,Maule,7303,Licantén,1,2,75,65
7,Maule,7303,Licantén,2,2,75,46
7,Maule,7303,Licantén,2,2,80,32
7,Maule,7303,Licantén,1,2,80,45
7,Maule,7303,Licantén,1,2,85,51
7,Maule,7303,Licantén,2,2,85,32
7,Maule,7304,Molina,2,1,0,248
7,Maule,7304,Molina,1,1,0,924
7,Maule,7304,Molina,1,1,5,1339
7,Maule,7304,Molina,2,1,5,325
7,Maule,7304,Molina,1,1,10,1365
7,Maule,7304,Molina,2,1,10,372
7,Maule,7304,Molina,2,1,15,320
7,Maule,7304,Molina,1,1,15,1384
7,Maule,7304,Molina,2,1,20,300
7,Maule,7304,Molina,1,1,20,1278
7,Maule,7304,Molina,1,1,25,1339
7,Maule,7304,Molina,2,1,25,339
7,Maule,7304,Molina,2,1,30,365
7,Maule,7304,Molina,1,1,30,1372
7,Maule,7304,Molina,1,1,35,1331
7,Maule,7304,Molina,2,1,35,336
7,Maule,7304,Molina,2,1,40,341
7,Maule,7304,Molina,1,1,40,1202
7,Maule,7304,Molina,2,1,45,374
7,Maule,7304,Molina,1,1,45,1161
7,Maule,7304,Molina,1,1,50,1029
7,Maule,7304,Molina,2,1,50,383
7,Maule,7304,Molina,2,1,55,427
7,Maule,7304,Molina,1,1,55,1077
7,Maule,7304,Molina,2,1,60,416
7,Maule,7304,Molina,1,1,60,1036
7,Maule,7304,Molina,2,1,65,383
7,Maule,7304,Molina,1,1,65,934
7,Maule,7304,Molina,1,1,70,638
7,Maule,7304,Molina,2,1,70,257
7,Maule,7304,Molina,2,1,75,201
7,Maule,7304,Molina,1,1,75,454
7,Maule,7304,Molina,2,1,80,117
7,Maule,7304,Molina,1,1,80,262
7,Maule,7304,Molina,1,1,85,194
7,Maule,7304,Molina,2,1,85,83
7,Maule,7304,Molina,2,2,0,209
7,Maule,7304,Molina,1,2,0,856
7,Maule,7304,Molina,1,2,5,1217
7,Maule,7304,Molina,2,2,5,341
7,Maule,7304,Molina,1,2,10,1298
7,Maule,7304,Molina,2,2,10,319
7,Maule,7304,Molina,2,2,15,308
7,Maule,7304,Molina,1,2,15,1303
7,Maule,7304,Molina,2,2,20,288
7,Maule,7304,Molina,1,2,20,1211
7,Maule,7304,Molina,1,2,25,1378
7,Maule,7304,Molina,2,2,25,316
7,Maule,7304,Molina,1,2,30,1461
7,Maule,7304,Molina,2,2,30,367
7,Maule,7304,Molina,2,2,35,331
7,Maule,7304,Molina,1,2,35,1411
7,Maule,7304,Molina,1,2,40,1384
7,Maule,7304,Molina,2,2,40,374
7,Maule,7304,Molina,1,2,45,1333
7,Maule,7304,Molina,2,2,45,356
7,Maule,7304,Molina,2,2,50,349
7,Maule,7304,Molina,1,2,50,1190
7,Maule,7304,Molina,2,2,55,424
7,Maule,7304,Molina,1,2,55,1346
7,Maule,7304,Molina,1,2,60,1246
7,Maule,7304,Molina,2,2,60,363
7,Maule,7304,Molina,1,2,65,1038
7,Maule,7304,Molina,2,2,65,322
7,Maule,7304,Molina,1,2,70,843
7,Maule,7304,Molina,2,2,70,249
7,Maule,7304,Molina,1,2,75,550
7,Maule,7304,Molina,2,2,75,186
7,Maule,7304,Molina,1,2,80,364
7,Maule,7304,Molina,2,2,80,108
7,Maule,7304,Molina,2,2,85,85
7,Maule,7304,Molina,1,2,85,319
7,Maule,7305,Rauco,2,1,0,120
7,Maule,7305,Rauco,1,1,0,129
7,Maule,7305,Rauco,1,1,5,189
7,Maule,7305,Rauco,2,1,5,156
7,Maule,7305,Rauco,2,1,10,179
7,Maule,7305,Rauco,1,1,10,213
7,Maule,7305,Rauco,1,1,15,230
7,Maule,7305,Rauco,2,1,15,177
7,Maule,7305,Rauco,1,1,20,183
7,Maule,7305,Rauco,2,1,20,160
7,Maule,7305,Rauco,2,1,25,180
7,Maule,7305,Rauco,1,1,25,188
7,Maule,7305,Rauco,2,1,30,174
7,Maule,7305,Rauco,1,1,30,171
7,Maule,7305,Rauco,2,1,35,171
7,Maule,7305,Rauco,1,1,35,174
7,Maule,7305,Rauco,2,1,40,201
7,Maule,7305,Rauco,1,1,40,164
7,Maule,7305,Rauco,2,1,45,221
7,Maule,7305,Rauco,1,1,45,153
7,Maule,7305,Rauco,2,1,50,223
7,Maule,7305,Rauco,1,1,50,163
7,Maule,7305,Rauco,2,1,55,244
7,Maule,7305,Rauco,1,1,55,155
7,Maule,7305,Rauco,1,1,60,138
7,Maule,7305,Rauco,2,1,60,228
7,Maule,7305,Rauco,2,1,65,209
7,Maule,7305,Rauco,1,1,65,109
7,Maule,7305,Rauco,1,1,70,88
7,Maule,7305,Rauco,2,1,70,159
7,Maule,7305,Rauco,2,1,75,120
7,Maule,7305,Rauco,1,1,75,68
7,Maule,7305,Rauco,2,1,80,66
7,Maule,7305,Rauco,1,1,80,34
7,Maule,7305,Rauco,2,1,85,55
7,Maule,7305,Rauco,1,1,85,21
7,Maule,7305,Rauco,1,2,0,110
7,Maule,7305,Rauco,2,2,0,145
7,Maule,7305,Rauco,1,2,5,149
7,Maule,7305,Rauco,2,2,5,173
7,Maule,7305,Rauco,1,2,10,182
7,Maule,7305,Rauco,2,2,10,159
7,Maule,7305,Rauco,2,2,15,159
7,Maule,7305,Rauco,1,2,15,192
7,Maule,7305,Rauco,1,2,20,152
7,Maule,7305,Rauco,2,2,20,175
7,Maule,7305,Rauco,1,2,25,182
7,Maule,7305,Rauco,2,2,25,166
7,Maule,7305,Rauco,2,2,30,192
7,Maule,7305,Rauco,1,2,30,180
7,Maule,7305,Rauco,2,2,35,180
7,Maule,7305,Rauco,1,2,35,187
7,Maule,7305,Rauco,2,2,40,197
7,Maule,7305,Rauco,1,2,40,198
7,Maule,7305,Rauco,2,2,45,205
7,Maule,7305,Rauco,1,2,45,202
7,Maule,7305,Rauco,1,2,50,193
7,Maule,7305,Rauco,2,2,50,219
7,Maule,7305,Rauco,1,2,55,181
7,Maule,7305,Rauco,2,2,55,220
7,Maule,7305,Rauco,1,2,60,171
7,Maule,7305,Rauco,2,2,60,227
7,Maule,7305,Rauco,2,2,65,183
7,Maule,7305,Rauco,1,2,65,125
7,Maule,7305,Rauco,1,2,70,91
7,Maule,7305,Rauco,2,2,70,140
7,Maule,7305,Rauco,2,2,75,113
7,Maule,7305,Rauco,1,2,75,79
7,Maule,7305,Rauco,1,2,80,49
7,Maule,7305,Rauco,2,2,80,68
7,Maule,7305,Rauco,2,2,85,71
7,Maule,7305,Rauco,1,2,85,38
7,Maule,7306,Romeral,2,1,0,201
7,Maule,7306,Romeral,1,1,0,230
7,Maule,7306,Romeral,2,1,5,266
7,Maule,7306,Romeral,1,1,5,277
7,Maule,7306,Romeral,2,1,10,262
7,Maule,7306,Romeral,1,1,10,323
7,Maule,7306,Romeral,1,1,15,314
7,Maule,7306,Romeral,2,1,15,247
7,Maule,7306,Romeral,1,1,20,280
7,Maule,7306,Romeral,2,1,20,275
7,Maule,7306,Romeral,1,1,25,294
7,Maule,7306,Romeral,2,1,25,261
7,Maule,7306,Romeral,2,1,30,294
7,Maule,7306,Romeral,1,1,30,350
7,Maule,7306,Romeral,2,1,35,290
7,Maule,7306,Romeral,1,1,35,321
7,Maule,7306,Romeral,1,1,40,262
7,Maule,7306,Romeral,2,1,40,281
7,Maule,7306,Romeral,1,1,45,233
7,Maule,7306,Romeral,2,1,45,314
7,Maule,7306,Romeral,2,1,50,379
7,Maule,7306,Romeral,1,1,50,223
7,Maule,7306,Romeral,2,1,55,350
7,Maule,7306,Romeral,1,1,55,251
7,Maule,7306,Romeral,1,1,60,214
7,Maule,7306,Romeral,2,1,60,323
7,Maule,7306,Romeral,2,1,65,243
7,Maule,7306,Romeral,1,1,65,148
7,Maule,7306,Romeral,2,1,70,196
7,Maule,7306,Romeral,1,1,70,116
7,Maule,7306,Romeral,2,1,75,137
7,Maule,7306,Romeral,1,1,75,74
7,Maule,7306,Romeral,1,1,80,40
7,Maule,7306,Romeral,2,1,80,81
7,Maule,7306,Romeral,2,1,85,55
7,Maule,7306,Romeral,1,1,85,43
7,Maule,7306,Romeral,1,2,0,234
7,Maule,7306,Romeral,2,2,0,191
7,Maule,7306,Romeral,2,2,5,295
7,Maule,7306,Romeral,1,2,5,296
7,Maule,7306,Romeral,2,2,10,266
7,Maule,7306,Romeral,1,2,10,326
7,Maule,7306,Romeral,2,2,15,266
7,Maule,7306,Romeral,1,2,15,293
7,Maule,7306,Romeral,2,2,20,227
7,Maule,7306,Romeral,1,2,20,268
7,Maule,7306,Romeral,1,2,25,286
7,Maule,7306,Romeral,2,2,25,258
7,Maule,7306,Romeral,1,2,30,405
7,Maule,7306,Romeral,2,2,30,322
7,Maule,7306,Romeral,1,2,35,323
7,Maule,7306,Romeral,2,2,35,308
7,Maule,7306,Romeral,1,2,40,335
7,Maule,7306,Romeral,2,2,40,285
7,Maule,7306,Romeral,1,2,45,283
7,Maule,7306,Romeral,2,2,45,322
7,Maule,7306,Romeral,2,2,50,275
7,Maule,7306,Romeral,1,2,50,264
7,Maule,7306,Romeral,1,2,55,282
7,Maule,7306,Romeral,2,2,55,329
7,Maule,7306,Romeral,2,2,60,326
7,Maule,7306,Romeral,1,2,60,248
7,Maule,7306,Romeral,1,2,65,205
7,Maule,7306,Romeral,2,2,65,227
7,Maule,7306,Romeral,2,2,70,181
7,Maule,7306,Romeral,1,2,70,153
7,Maule,7306,Romeral,1,2,75,106
7,Maule,7306,Romeral,2,2,75,133
7,Maule,7306,Romeral,2,2,80,93
7,Maule,7306,Romeral,1,2,80,42
7,Maule,7306,Romeral,1,2,85,57
7,Maule,7306,Romeral,2,2,85,75
7,Maule,7307,Sagrada Familia,2,1,0,259
7,Maule,7307,Sagrada Familia,1,1,0,242
7,Maule,7307,Sagrada Familia,2,1,5,273
7,Maule,7307,Sagrada Familia,1,1,5,277
7,Maule,7307,Sagrada Familia,2,1,10,315
7,Maule,7307,Sagrada Familia,1,1,10,291
7,Maule,7307,Sagrada Familia,1,1,15,337
7,Maule,7307,Sagrada Familia,2,1,15,313
7,Maule,7307,Sagrada Familia,1,1,20,311
7,Maule,7307,Sagrada Familia,2,1,20,303
7,Maule,7307,Sagrada Familia,1,1,25,274
7,Maule,7307,Sagrada Familia,2,1,25,311
7,Maule,7307,Sagrada Familia,2,1,30,357
7,Maule,7307,Sagrada Familia,1,1,30,325
7,Maule,7307,Sagrada Familia,2,1,35,378
7,Maule,7307,Sagrada Familia,1,1,35,328
7,Maule,7307,Sagrada Familia,1,1,40,256
7,Maule,7307,Sagrada Familia,2,1,40,365
7,Maule,7307,Sagrada Familia,1,1,45,269
7,Maule,7307,Sagrada Familia,2,1,45,330
7,Maule,7307,Sagrada Familia,2,1,50,374
7,Maule,7307,Sagrada Familia,1,1,50,269
7,Maule,7307,Sagrada Familia,2,1,55,422
7,Maule,7307,Sagrada Familia,1,1,55,310
7,Maule,7307,Sagrada Familia,1,1,60,317
7,Maule,7307,Sagrada Familia,2,1,60,372
7,Maule,7307,Sagrada Familia,2,1,65,320
7,Maule,7307,Sagrada Familia,1,1,65,236
7,Maule,7307,Sagrada Familia,2,1,70,233
7,Maule,7307,Sagrada Familia,1,1,70,183
7,Maule,7307,Sagrada Familia,2,1,75,187
7,Maule,7307,Sagrada Familia,1,1,75,135
7,Maule,7307,Sagrada Familia,1,1,80,69
7,Maule,7307,Sagrada Familia,2,1,80,88
7,Maule,7307,Sagrada Familia,2,1,85,65
7,Maule,7307,Sagrada Familia,1,1,85,57
7,Maule,7307,Sagrada Familia,1,2,0,188
7,Maule,7307,Sagrada Familia,2,2,0,242
7,Maule,7307,Sagrada Familia,2,2,5,323
7,Maule,7307,Sagrada Familia,1,2,5,260
7,Maule,7307,Sagrada Familia,1,2,10,275
7,Maule,7307,Sagrada Familia,2,2,10,313
7,Maule,7307,Sagrada Familia,2,2,15,296
7,Maule,7307,Sagrada Familia,1,2,15,279
7,Maule,7307,Sagrada Familia,1,2,20,250
7,Maule,7307,Sagrada Familia,2,2,20,325
7,Maule,7307,Sagrada Familia,2,2,25,324
7,Maule,7307,Sagrada Familia,1,2,25,319
7,Maule,7307,Sagrada Familia,1,2,30,298
7,Maule,7307,Sagrada Familia,2,2,30,412
7,Maule,7307,Sagrada Familia,1,2,35,331
7,Maule,7307,Sagrada Familia,2,2,35,341
7,Maule,7307,Sagrada Familia,1,2,40,334
7,Maule,7307,Sagrada Familia,2,2,40,323
7,Maule,7307,Sagrada Familia,1,2,45,291
7,Maule,7307,Sagrada Familia,2,2,45,369
7,Maule,7307,Sagrada Familia,2,2,50,379
7,Maule,7307,Sagrada Familia,1,2,50,267
7,Maule,7307,Sagrada Familia,1,2,55,350
7,Maule,7307,Sagrada Familia,2,2,55,383
7,Maule,7307,Sagrada Familia,2,2,60,359
7,Maule,7307,Sagrada Familia,1,2,60,309
7,Maule,7307,Sagrada Familia,2,2,65,258
7,Maule,7307,Sagrada Familia,1,2,65,267
7,Maule,7307,Sagrada Familia,2,2,70,219
7,Maule,7307,Sagrada Familia,1,2,70,196
7,Maule,7307,Sagrada Familia,2,2,75,135
7,Maule,7307,Sagrada Familia,1,2,75,110
7,Maule,7307,Sagrada Familia,1,2,80,99
7,Maule,7307,Sagrada Familia,2,2,80,96
7,Maule,7307,Sagrada Familia,1,2,85,77
7,Maule,7307,Sagrada Familia,2,2,85,79
7,Maule,7308,Teno,2,1,0,458
7,Maule,7308,Teno,1,1,0,210
7,Maule,7308,Teno,2,1,5,630
7,Maule,7308,Teno,1,1,5,320
7,Maule,7308,Teno,1,1,10,342
7,Maule,7308,Teno,2,1,10,664
7,Maule,7308,Teno,2,1,15,629
7,Maule,7308,Teno,1,1,15,371
7,Maule,7308,Teno,2,1,20,622
7,Maule,7308,Teno,1,1,20,319
7,Maule,7308,Teno,2,1,25,664
7,Maule,7308,Teno,1,1,25,314
7,Maule,7308,Teno,1,1,30,347
7,Maule,7308,Teno,2,1,30,732
7,Maule,7308,Teno,1,1,35,314
7,Maule,7308,Teno,2,1,35,654
7,Maule,7308,Teno,1,1,40,267
7,Maule,7308,Teno,2,1,40,649
7,Maule,7308,Teno,1,1,45,250
7,Maule,7308,Teno,2,1,45,634
7,Maule,7308,Teno,1,1,50,281
7,Maule,7308,Teno,2,1,50,729
7,Maule,7308,Teno,2,1,55,861
7,Maule,7308,Teno,1,1,55,297
7,Maule,7308,Teno,1,1,60,271
7,Maule,7308,Teno,2,1,60,752
7,Maule,7308,Teno,1,1,65,201
7,Maule,7308,Teno,2,1,65,650
7,Maule,7308,Teno,1,1,70,161
7,Maule,7308,Teno,2,1,70,478
7,Maule,7308,Teno,1,1,75,115
7,Maule,7308,Teno,2,1,75,334
7,Maule,7308,Teno,2,1,80,211
7,Maule,7308,Teno,1,1,80,59
7,Maule,7308,Teno,1,1,85,48
7,Maule,7308,Teno,2,1,85,144
7,Maule,7308,Teno,2,2,0,446
7,Maule,7308,Teno,1,2,0,232
7,Maule,7308,Teno,1,2,5,324
7,Maule,7308,Teno,2,2,5,606
7,Maule,7308,Teno,1,2,10,302
7,Maule,7308,Teno,2,2,10,618
7,Maule,7308,Teno,1,2,15,352
7,Maule,7308,Teno,2,2,15,574
7,Maule,7308,Teno,1,2,20,325
7,Maule,7308,Teno,2,2,20,576
7,Maule,7308,Teno,2,2,25,668
7,Maule,7308,Teno,1,2,25,338
7,Maule,7308,Teno,2,2,30,709
7,Maule,7308,Teno,1,2,30,358
7,Maule,7308,Teno,2,2,35,687
7,Maule,7308,Teno,1,2,35,369
7,Maule,7308,Teno,2,2,40,632
7,Maule,7308,Teno,1,2,40,350
7,Maule,7308,Teno,2,2,45,694
7,Maule,7308,Teno,1,2,45,327
7,Maule,7308,Teno,2,2,50,735
7,Maule,7308,Teno,1,2,50,330
7,Maule,7308,Teno,2,2,55,785
7,Maule,7308,Teno,1,2,55,332
7,Maule,7308,Teno,1,2,60,326
7,Maule,7308,Teno,2,2,60,722
7,Maule,7308,Teno,2,2,65,593
7,Maule,7308,Teno,1,2,65,243
7,Maule,7308,Teno,2,2,70,441
7,Maule,7308,Teno,1,2,70,152
7,Maule,7308,Teno,2,2,75,301
7,Maule,7308,Teno,1,2,75,126
7,Maule,7308,Teno,1,2,80,93
7,Maule,7308,Teno,2,2,80,221
7,Maule,7308,Teno,2,2,85,172
7,Maule,7308,Teno,1,2,85,72
7,Maule,7309,Vichuquén,1,1,0,21
7,Maule,7309,Vichuquén,2,1,0,74
7,Maule,7309,Vichuquén,2,1,5,97
7,Maule,7309,Vichuquén,1,1,5,38
7,Maule,7309,Vichuquén,1,1,10,38
7,Maule,7309,Vichuquén,2,1,10,99
7,Maule,7309,Vichuquén,2,1,15,85
7,Maule,7309,Vichuquén,1,1,15,29
7,Maule,7309,Vichuquén,2,1,20,80
7,Maule,7309,Vichuquén,1,1,20,24
7,Maule,7309,Vichuquén,1,1,25,36
7,Maule,7309,Vichuquén,2,1,25,105
7,Maule,7309,Vichuquén,1,1,30,41
7,Maule,7309,Vichuquén,2,1,30,137
7,Maule,7309,Vichuquén,1,1,35,38
7,Maule,7309,Vichuquén,2,1,35,115
7,Maule,7309,Vichuquén,2,1,40,117
7,Maule,7309,Vichuquén,1,1,40,34
7,Maule,7309,Vichuquén,2,1,45,149
7,Maule,7309,Vichuquén,1,1,45,33
7,Maule,7309,Vichuquén,2,1,50,133
7,Maule,7309,Vichuquén,1,1,50,40
7,Maule,7309,Vichuquén,1,1,55,44
7,Maule,7309,Vichuquén,2,1,55,150
7,Maule,7309,Vichuquén,1,1,60,36
7,Maule,7309,Vichuquén,2,1,60,136
7,Maule,7309,Vichuquén,1,1,65,25
7,Maule,7309,Vichuquén,2,1,65,138
7,Maule,7309,Vichuquén,2,1,70,112
7,Maule,7309,Vichuquén,1,1,70,21
7,Maule,7309,Vichuquén,1,1,75,21
7,Maule,7309,Vichuquén,2,1,75,75
7,Maule,7309,Vichuquén,2,1,80,49
7,Maule,7309,Vichuquén,1,1,80,11
7,Maule,7309,Vichuquén,1,1,85,7
7,Maule,7309,Vichuquén,2,1,85,38
7,Maule,7309,Vichuquén,1,2,0,20
7,Maule,7309,Vichuquén,2,2,0,69
7,Maule,7309,Vichuquén,2,2,5,84
7,Maule,7309,Vichuquén,1,2,5,24
7,Maule,7309,Vichuquén,2,2,10,98
7,Maule,7309,Vichuquén,1,2,10,34
7,Maule,7309,Vichuquén,2,2,15,104
7,Maule,7309,Vichuquén,1,2,15,26
7,Maule,7309,Vichuquén,1,2,20,31
7,Maule,7309,Vichuquén,2,2,20,77
7,Maule,7309,Vichuquén,2,2,25,103
7,Maule,7309,Vichuquén,1,2,25,34
7,Maule,7309,Vichuquén,1,2,30,37
7,Maule,7309,Vichuquén,2,2,30,126
7,Maule,7309,Vichuquén,1,2,35,40
7,Maule,7309,Vichuquén,2,2,35,107
7,Maule,7309,Vichuquén,1,2,40,23
7,Maule,7309,Vichuquén,2,2,40,97
7,Maule,7309,Vichuquén,1,2,45,36
7,Maule,7309,Vichuquén,2,2,45,126
7,Maule,7309,Vichuquén,2,2,50,142
7,Maule,7309,Vichuquén,1,2,50,39
7,Maule,7309,Vichuquén,1,2,55,41
7,Maule,7309,Vichuquén,2,2,55,135
7,Maule,7309,Vichuquén,1,2,60,38
7,Maule,7309,Vichuquén,2,2,60,140
7,Maule,7309,Vichuquén,1,2,65,26
7,Maule,7309,Vichuquén,2,2,65,117
7,Maule,7309,Vichuquén,2,2,70,92
7,Maule,7309,Vichuquén,1,2,70,25
7,Maule,7309,Vichuquén,1,2,75,20
7,Maule,7309,Vichuquén,2,2,75,65
7,Maule,7309,Vichuquén,2,2,80,46
7,Maule,7309,Vichuquén,1,2,80,14
7,Maule,7309,Vichuquén,1,2,85,10
7,Maule,7309,Vichuquén,2,2,85,44
7,Maule,7401,Linares,2,1,0,485
7,Maule,7401,Linares,1,1,0,1757
7,Maule,7401,Linares,2,1,5,639
7,Maule,7401,Linares,1,1,5,2567
7,Maule,7401,Linares,1,1,10,2860
7,Maule,7401,Linares,2,1,10,746
7,Maule,7401,Linares,1,1,15,2546
7,Maule,7401,Linares,2,1,15,634
7,Maule,7401,Linares,1,1,20,2254
7,Maule,7401,Linares,2,1,20,551
7,Maule,7401,Linares,1,1,25,2583
7,Maule,7401,Linares,2,1,25,567
7,Maule,7401,Linares,2,1,30,619
7,Maule,7401,Linares,1,1,30,2962
7,Maule,7401,Linares,2,1,35,628
7,Maule,7401,Linares,1,1,35,2728
7,Maule,7401,Linares,1,1,40,2410
7,Maule,7401,Linares,2,1,40,636
7,Maule,7401,Linares,1,1,45,2051
7,Maule,7401,Linares,2,1,45,690
7,Maule,7401,Linares,2,1,50,747
7,Maule,7401,Linares,1,1,50,2066
7,Maule,7401,Linares,2,1,55,806
7,Maule,7401,Linares,1,1,55,2123
7,Maule,7401,Linares,1,1,60,2092
7,Maule,7401,Linares,2,1,60,836
7,Maule,7401,Linares,2,1,65,710
7,Maule,7401,Linares,1,1,65,1614
7,Maule,7401,Linares,2,1,70,519
7,Maule,7401,Linares,1,1,70,1266
7,Maule,7401,Linares,2,1,75,327
7,Maule,7401,Linares,1,1,75,896
7,Maule,7401,Linares,1,1,80,499
7,Maule,7401,Linares,2,1,80,180
7,Maule,7401,Linares,2,1,85,137
7,Maule,7401,Linares,1,1,85,427
7,Maule,7401,Linares,2,2,0,432
7,Maule,7401,Linares,1,2,0,1785
7,Maule,7401,Linares,2,2,5,577
7,Maule,7401,Linares,1,2,5,2487
7,Maule,7401,Linares,2,2,10,620
7,Maule,7401,Linares,1,2,10,2766
7,Maule,7401,Linares,1,2,15,2442
7,Maule,7401,Linares,2,2,15,583
7,Maule,7401,Linares,1,2,20,2178
7,Maule,7401,Linares,2,2,20,539
7,Maule,7401,Linares,1,2,25,2648
7,Maule,7401,Linares,2,2,25,557
7,Maule,7401,Linares,1,2,30,3001
7,Maule,7401,Linares,2,2,30,692
7,Maule,7401,Linares,1,2,35,3002
7,Maule,7401,Linares,2,2,35,636
7,Maule,7401,Linares,1,2,40,2898
7,Maule,7401,Linares,2,2,40,679
7,Maule,7401,Linares,1,2,45,2577
7,Maule,7401,Linares,2,2,45,662
7,Maule,7401,Linares,2,2,50,730
7,Maule,7401,Linares,1,2,50,2512
7,Maule,7401,Linares,2,2,55,830
7,Maule,7401,Linares,1,2,55,2714
7,Maule,7401,Linares,1,2,60,2627
7,Maule,7401,Linares,2,2,60,785
7,Maule,7401,Linares,1,2,65,2296
7,Maule,7401,Linares,2,2,65,640
7,Maule,7401,Linares,1,2,70,1708
7,Maule,7401,Linares,2,2,70,436
7,Maule,7401,Linares,1,2,75,1229
7,Maule,7401,Linares,2,2,75,285
7,Maule,7401,Linares,1,2,80,892
7,Maule,7401,Linares,2,2,80,182
7,Maule,7401,Linares,1,2,85,781
7,Maule,7401,Linares,2,2,85,178
7,Maule,7402,Colbún,1,1,0,233
7,Maule,7402,Colbún,2,1,0,322
7,Maule,7402,Colbún,2,1,5,434
7,Maule,7402,Colbún,1,1,5,346
7,Maule,7402,Colbún,1,1,10,431
7,Maule,7402,Colbún,2,1,10,419
7,Maule,7402,Colbún,2,1,15,409
7,Maule,7402,Colbún,1,1,15,351
7,Maule,7402,Colbún,2,1,20,372
7,Maule,7402,Colbún,1,1,20,306
7,Maule,7402,Colbún,1,1,25,298
7,Maule,7402,Colbún,2,1,25,393
7,Maule,7402,Colbún,2,1,30,437
7,Maule,7402,Colbún,1,1,30,329
7,Maule,7402,Colbún,1,1,35,291
7,Maule,7402,Colbún,2,1,35,435
7,Maule,7402,Colbún,2,1,40,404
7,Maule,7402,Colbún,1,1,40,262
7,Maule,7402,Colbún,2,1,45,415
7,Maule,7402,Colbún,1,1,45,230
7,Maule,7402,Colbún,1,1,50,245
7,Maule,7402,Colbún,2,1,50,439
7,Maule,7402,Colbún,1,1,55,242
7,Maule,7402,Colbún,2,1,55,514
7,Maule,7402,Colbún,1,1,60,237
7,Maule,7402,Colbún,2,1,60,485
7,Maule,7402,Colbún,2,1,65,436
7,Maule,7402,Colbún,1,1,65,190
7,Maule,7402,Colbún,1,1,70,160
7,Maule,7402,Colbún,2,1,70,361
7,Maule,7402,Colbún,2,1,75,251
7,Maule,7402,Colbún,1,1,75,90
7,Maule,7402,Colbún,1,1,80,59
7,Maule,7402,Colbún,2,1,80,133
7,Maule,7402,Colbún,2,1,85,84
7,Maule,7402,Colbún,1,1,85,44
7,Maule,7402,Colbún,1,2,0,216
7,Maule,7402,Colbún,2,2,0,308
7,Maule,7402,Colbún,2,2,5,346
7,Maule,7402,Colbún,1,2,5,333
7,Maule,7402,Colbún,2,2,10,395
7,Maule,7402,Colbún,1,2,10,366
7,Maule,7402,Colbún,2,2,15,388
7,Maule,7402,Colbún,1,2,15,380
7,Maule,7402,Colbún,1,2,20,316
7,Maule,7402,Colbún,2,2,20,387
7,Maule,7402,Colbún,2,2,25,413
7,Maule,7402,Colbún,1,2,25,308
7,Maule,7402,Colbún,1,2,30,347
7,Maule,7402,Colbún,2,2,30,448
7,Maule,7402,Colbún,1,2,35,380
7,Maule,7402,Colbún,2,2,35,446
7,Maule,7402,Colbún,1,2,40,357
7,Maule,7402,Colbún,2,2,40,414
7,Maule,7402,Colbún,1,2,45,275
7,Maule,7402,Colbún,2,2,45,409
7,Maule,7402,Colbún,2,2,50,476
7,Maule,7402,Colbún,1,2,50,334
7,Maule,7402,Colbún,1,2,55,297
7,Maule,7402,Colbún,2,2,55,488
7,Maule,7402,Colbún,1,2,60,277
7,Maule,7402,Colbún,2,2,60,484
7,Maule,7402,Colbún,1,2,65,220
7,Maule,7402,Colbún,2,2,65,453
7,Maule,7402,Colbún,2,2,70,336
7,Maule,7402,Colbún,1,2,70,181
7,Maule,7402,Colbún,1,2,75,130
7,Maule,7402,Colbún,2,2,75,214
7,Maule,7402,Colbún,2,2,80,161
7,Maule,7402,Colbún,1,2,80,77
7,Maule,7402,Colbún,1,2,85,71
7,Maule,7402,Colbún,2,2,85,119
7,Maule,7403,Longaví,1,1,0,252
7,Maule,7403,Longaví,2,1,0,557
7,Maule,7403,Longaví,2,1,5,769
7,Maule,7403,Longaví,1,1,5,315
7,Maule,7403,Longaví,2,1,10,752
7,Maule,7403,Longaví,1,1,10,336
7,Maule,7403,Longaví,1,1,15,291
7,Maule,7403,Longaví,2,1,15,776
7,Maule,7403,Longaví,1,1,20,266
7,Maule,7403,Longaví,2,1,20,628
7,Maule,7403,Longaví,1,1,25,315
7,Maule,7403,Longaví,2,1,25,684
7,Maule,7403,Longaví,1,1,30,320
7,Maule,7403,Longaví,2,1,30,775
7,Maule,7403,Longaví,1,1,35,341
7,Maule,7403,Longaví,2,1,35,756
7,Maule,7403,Longaví,1,1,40,275
7,Maule,7403,Longaví,2,1,40,772
7,Maule,7403,Longaví,1,1,45,250
7,Maule,7403,Longaví,2,1,45,790
7,Maule,7403,Longaví,2,1,50,844
7,Maule,7403,Longaví,1,1,50,232
7,Maule,7403,Longaví,1,1,55,281
7,Maule,7403,Longaví,2,1,55,987
7,Maule,7403,Longaví,2,1,60,921
7,Maule,7403,Longaví,1,1,60,285
7,Maule,7403,Longaví,1,1,65,243
7,Maule,7403,Longaví,2,1,65,800
7,Maule,7403,Longaví,2,1,70,562
7,Maule,7403,Longaví,1,1,70,160
7,Maule,7403,Longaví,1,1,75,119
7,Maule,7403,Longaví,2,1,75,422
7,Maule,7403,Longaví,1,1,80,75
7,Maule,7403,Longaví,2,1,80,239
7,Maule,7403,Longaví,1,1,85,46
7,Maule,7403,Longaví,2,1,85,162
7,Maule,7403,Longaví,1,2,0,229
7,Maule,7403,Longaví,2,2,0,565
7,Maule,7403,Longaví,1,2,5,304
7,Maule,7403,Longaví,2,2,5,673
7,Maule,7403,Longaví,2,2,10,740
7,Maule,7403,Longaví,1,2,10,344
7,Maule,7403,Longaví,2,2,15,687
7,Maule,7403,Longaví,1,2,15,309
7,Maule,7403,Longaví,1,2,20,295
7,Maule,7403,Longaví,2,2,20,658
7,Maule,7403,Longaví,2,2,25,702
7,Maule,7403,Longaví,1,2,25,329
7,Maule,7403,Longaví,1,2,30,327
7,Maule,7403,Longaví,2,2,30,857
7,Maule,7403,Longaví,2,2,35,798
7,Maule,7403,Longaví,1,2,35,361
7,Maule,7403,Longaví,2,2,40,765
7,Maule,7403,Longaví,1,2,40,306
7,Maule,7403,Longaví,1,2,45,289
7,Maule,7403,Longaví,2,2,45,801
7,Maule,7403,Longaví,2,2,50,863
7,Maule,7403,Longaví,1,2,50,322
7,Maule,7403,Longaví,1,2,55,325
7,Maule,7403,Longaví,2,2,55,956
7,Maule,7403,Longaví,2,2,60,912
7,Maule,7403,Longaví,1,2,60,331
7,Maule,7403,Longaví,1,2,65,269
7,Maule,7403,Longaví,2,2,65,622
7,Maule,7403,Longaví,1,2,70,198
7,Maule,7403,Longaví,2,2,70,490
7,Maule,7403,Longaví,1,2,75,145
7,Maule,7403,Longaví,2,2,75,372
7,Maule,7403,Longaví,1,2,80,96
7,Maule,7403,Longaví,2,2,80,233
7,Maule,7403,Longaví,2,2,85,165
7,Maule,7403,Longaví,1,2,85,63
7,Maule,7404,Parral,2,1,0,237
7,Maule,7404,Parral,1,1,0,837
7,Maule,7404,Parral,1,1,5,1049
7,Maule,7404,Parral,2,1,5,383
7,Maule,7404,Parral,2,1,10,430
7,Maule,7404,Parral,1,1,10,1257
7,Maule,7404,Parral,1,1,15,1034
7,Maule,7404,Parral,2,1,15,392
7,Maule,7404,Parral,2,1,20,286
7,Maule,7404,Parral,1,1,20,911
7,Maule,7404,Parral,2,1,25,331
7,Maule,7404,Parral,1,1,25,1067
7,Maule,7404,Parral,2,1,30,345
7,Maule,7404,Parral,1,1,30,1197
7,Maule,7404,Parral,2,1,35,404
7,Maule,7404,Parral,1,1,35,1089
7,Maule,7404,Parral,2,1,40,417
7,Maule,7404,Parral,1,1,40,949
7,Maule,7404,Parral,2,1,45,442
7,Maule,7404,Parral,1,1,45,885
7,Maule,7404,Parral,1,1,50,974
7,Maule,7404,Parral,2,1,50,492
7,Maule,7404,Parral,2,1,55,522
7,Maule,7404,Parral,1,1,55,932
7,Maule,7404,Parral,1,1,60,824
7,Maule,7404,Parral,2,1,60,563
7,Maule,7404,Parral,2,1,65,506
7,Maule,7404,Parral,1,1,65,708
7,Maule,7404,Parral,1,1,70,586
7,Maule,7404,Parral,2,1,70,401
7,Maule,7404,Parral,2,1,75,247
7,Maule,7404,Parral,1,1,75,417
7,Maule,7404,Parral,2,1,80,170
7,Maule,7404,Parral,1,1,80,254
7,Maule,7404,Parral,2,1,85,109
7,Maule,7404,Parral,1,1,85,201
7,Maule,7404,Parral,2,2,0,252
7,Maule,7404,Parral,1,2,0,789
7,Maule,7404,Parral,1,2,5,1083
7,Maule,7404,Parral,2,2,5,373
7,Maule,7404,Parral,1,2,10,1177
7,Maule,7404,Parral,2,2,10,383
7,Maule,7404,Parral,2,2,15,361
7,Maule,7404,Parral,1,2,15,1072
7,Maule,7404,Parral,1,2,20,890
7,Maule,7404,Parral,2,2,20,264
7,Maule,7404,Parral,1,2,25,1175
7,Maule,7404,Parral,2,2,25,301
7,Maule,7404,Parral,2,2,30,369
7,Maule,7404,Parral,1,2,30,1313
7,Maule,7404,Parral,2,2,35,446
7,Maule,7404,Parral,1,2,35,1234
7,Maule,7404,Parral,1,2,40,1145
7,Maule,7404,Parral,2,2,40,386
7,Maule,7404,Parral,1,2,45,1019
7,Maule,7404,Parral,2,2,45,412
7,Maule,7404,Parral,1,2,50,1181
7,Maule,7404,Parral,2,2,50,512
7,Maule,7404,Parral,2,2,55,473
7,Maule,7404,Parral,1,2,55,1189
7,Maule,7404,Parral,1,2,60,1021
7,Maule,7404,Parral,2,2,60,506
7,Maule,7404,Parral,2,2,65,417
7,Maule,7404,Parral,1,2,65,926
7,Maule,7404,Parral,1,2,70,662
7,Maule,7404,Parral,2,2,70,338
7,Maule,7404,Parral,1,2,75,507
7,Maule,7404,Parral,2,2,75,221
7,Maule,7404,Parral,2,2,80,151
7,Maule,7404,Parral,1,2,80,405
7,Maule,7404,Parral,2,2,85,163
7,Maule,7404,Parral,1,2,85,359
7,Maule,7405,Retiro,1,1,0,187
7,Maule,7405,Retiro,2,1,0,313
7,Maule,7405,Retiro,1,1,5,260
7,Maule,7405,Retiro,2,1,5,443
7,Maule,7405,Retiro,1,1,10,310
7,Maule,7405,Retiro,2,1,10,462
7,Maule,7405,Retiro,2,1,15,443
7,Maule,7405,Retiro,1,1,15,259
7,Maule,7405,Retiro,2,1,20,418
7,Maule,7405,Retiro,1,1,20,224
7,Maule,7405,Retiro,1,1,25,215
7,Maule,7405,Retiro,2,1,25,413
7,Maule,7405,Retiro,2,1,30,445
7,Maule,7405,Retiro,1,1,30,253
7,Maule,7405,Retiro,2,1,35,441
7,Maule,7405,Retiro,1,1,35,225
7,Maule,7405,Retiro,2,1,40,436
7,Maule,7405,Retiro,1,1,40,195
7,Maule,7405,Retiro,2,1,45,508
7,Maule,7405,Retiro,1,1,45,185
7,Maule,7405,Retiro,2,1,50,610
7,Maule,7405,Retiro,1,1,50,200
7,Maule,7405,Retiro,1,1,55,260
7,Maule,7405,Retiro,2,1,55,650
7,Maule,7405,Retiro,2,1,60,619
7,Maule,7405,Retiro,1,1,60,189
7,Maule,7405,Retiro,2,1,65,512
7,Maule,7405,Retiro,1,1,65,163
7,Maule,7405,Retiro,1,1,70,131
7,Maule,7405,Retiro,2,1,70,409
7,Maule,7405,Retiro,2,1,75,262
7,Maule,7405,Retiro,1,1,75,103
7,Maule,7405,Retiro,1,1,80,65
7,Maule,7405,Retiro,2,1,80,140
7,Maule,7405,Retiro,2,1,85,99
7,Maule,7405,Retiro,1,1,85,35
7,Maule,7405,Retiro,1,2,0,207
7,Maule,7405,Retiro,2,2,0,320
7,Maule,7405,Retiro,2,2,5,424
7,Maule,7405,Retiro,1,2,5,257
7,Maule,7405,Retiro,2,2,10,426
7,Maule,7405,Retiro,1,2,10,285
7,Maule,7405,Retiro,1,2,15,254
7,Maule,7405,Retiro,2,2,15,415
7,Maule,7405,Retiro,2,2,20,374
7,Maule,7405,Retiro,1,2,20,224
7,Maule,7405,Retiro,1,2,25,254
7,Maule,7405,Retiro,2,2,25,424
7,Maule,7405,Retiro,2,2,30,488
7,Maule,7405,Retiro,1,2,30,295
7,Maule,7405,Retiro,1,2,35,276
7,Maule,7405,Retiro,2,2,35,465
7,Maule,7405,Retiro,2,2,40,463
7,Maule,7405,Retiro,1,2,40,222
7,Maule,7405,Retiro,2,2,45,506
7,Maule,7405,Retiro,1,2,45,247
7,Maule,7405,Retiro,1,2,50,273
7,Maule,7405,Retiro,2,2,50,555
7,Maule,7405,Retiro,1,2,55,253
7,Maule,7405,Retiro,2,2,55,632
7,Maule,7405,Retiro,1,2,60,241
7,Maule,7405,Retiro,2,2,60,546
7,Maule,7405,Retiro,2,2,65,480
7,Maule,7405,Retiro,1,2,65,174
7,Maule,7405,Retiro,2,2,70,353
7,Maule,7405,Retiro,1,2,70,150
7,Maule,7405,Retiro,2,2,75,230
7,Maule,7405,Retiro,1,2,75,103
7,Maule,7405,Retiro,2,2,80,162
7,Maule,7405,Retiro,1,2,80,72
7,Maule,7405,Retiro,1,2,85,48
7,Maule,7405,Retiro,2,2,85,130
7,Maule,7406,San Javier,1,1,0,998
7,Maule,7406,San Javier,2,1,0,274
7,Maule,7406,San Javier,1,1,5,1300
7,Maule,7406,San Javier,2,1,5,339
7,Maule,7406,San Javier,1,1,10,1435
7,Maule,7406,San Javier,2,1,10,391
7,Maule,7406,San Javier,2,1,15,449
7,Maule,7406,San Javier,1,1,15,1299
7,Maule,7406,San Javier,1,1,20,1215
7,Maule,7406,San Javier,2,1,20,372
7,Maule,7406,San Javier,2,1,25,390
7,Maule,7406,San Javier,1,1,25,1254
7,Maule,7406,San Javier,1,1,30,1362
7,Maule,7406,San Javier,2,1,30,410
7,Maule,7406,San Javier,1,1,35,1178
7,Maule,7406,San Javier,2,1,35,349
7,Maule,7406,San Javier,2,1,40,394
7,Maule,7406,San Javier,1,1,40,984
7,Maule,7406,San Javier,2,1,45,412
7,Maule,7406,San Javier,1,1,45,936
7,Maule,7406,San Javier,2,1,50,523
7,Maule,7406,San Javier,1,1,50,994
7,Maule,7406,San Javier,1,1,55,946
7,Maule,7406,San Javier,2,1,55,577
7,Maule,7406,San Javier,2,1,60,537
7,Maule,7406,San Javier,1,1,60,870
7,Maule,7406,San Javier,1,1,65,657
7,Maule,7406,San Javier,2,1,65,493
7,Maule,7406,San Javier,1,1,70,581
7,Maule,7406,San Javier,2,1,70,418
7,Maule,7406,San Javier,1,1,75,388
7,Maule,7406,San Javier,2,1,75,313
7,Maule,7406,San Javier,2,1,80,191
7,Maule,7406,San Javier,1,1,80,227
7,Maule,7406,San Javier,1,1,85,162
7,Maule,7406,San Javier,2,1,85,114
7,Maule,7406,San Javier,1,2,0,935
7,Maule,7406,San Javier,2,2,0,287
7,Maule,7406,San Javier,2,2,5,359
7,Maule,7406,San Javier,1,2,5,1309
7,Maule,7406,San Javier,1,2,10,1428
7,Maule,7406,San Javier,2,2,10,414
7,Maule,7406,San Javier,1,2,15,1287
7,Maule,7406,San Javier,2,2,15,391
7,Maule,7406,San Javier,2,2,20,342
7,Maule,7406,San Javier,1,2,20,1182
7,Maule,7406,San Javier,1,2,25,1337
7,Maule,7406,San Javier,2,2,25,378
7,Maule,7406,San Javier,1,2,30,1603
7,Maule,7406,San Javier,2,2,30,397
7,Maule,7406,San Javier,2,2,35,362
7,Maule,7406,San Javier,1,2,35,1483
7,Maule,7406,San Javier,2,2,40,394
7,Maule,7406,San Javier,1,2,40,1284
7,Maule,7406,San Javier,2,2,45,392
7,Maule,7406,San Javier,1,2,45,1139
7,Maule,7406,San Javier,2,2,50,515
7,Maule,7406,San Javier,1,2,50,1198
7,Maule,7406,San Javier,1,2,55,1190
7,Maule,7406,San Javier,2,2,55,553
7,Maule,7406,San Javier,2,2,60,564
7,Maule,7406,San Javier,1,2,60,1051
7,Maule,7406,San Javier,1,2,65,859
7,Maule,7406,San Javier,2,2,65,423
7,Maule,7406,San Javier,1,2,70,655
7,Maule,7406,San Javier,2,2,70,342
7,Maule,7406,San Javier,1,2,75,499
7,Maule,7406,San Javier,2,2,75,268
7,Maule,7406,San Javier,1,2,80,355
7,Maule,7406,San Javier,2,2,80,179
7,Maule,7406,San Javier,2,2,85,168
7,Maule,7406,San Javier,1,2,85,305
7,Maule,7407,Villa Alegre,1,1,0,267
7,Maule,7407,Villa Alegre,2,1,0,162
7,Maule,7407,Villa Alegre,2,1,5,212
7,Maule,7407,Villa Alegre,1,1,5,363
7,Maule,7407,Villa Alegre,1,1,10,407
7,Maule,7407,Villa Alegre,2,1,10,250
7,Maule,7407,Villa Alegre,1,1,15,343
7,Maule,7407,Villa Alegre,2,1,15,218
7,Maule,7407,Villa Alegre,2,1,20,190
7,Maule,7407,Villa Alegre,1,1,20,327
7,Maule,7407,Villa Alegre,2,1,25,209
7,Maule,7407,Villa Alegre,1,1,25,317
7,Maule,7407,Villa Alegre,1,1,30,343
7,Maule,7407,Villa Alegre,2,1,30,212
7,Maule,7407,Villa Alegre,2,1,35,201
7,Maule,7407,Villa Alegre,1,1,35,334
7,Maule,7407,Villa Alegre,1,1,40,286
7,Maule,7407,Villa Alegre,2,1,40,208
7,Maule,7407,Villa Alegre,1,1,45,287
7,Maule,7407,Villa Alegre,2,1,45,232
7,Maule,7407,Villa Alegre,1,1,50,321
7,Maule,7407,Villa Alegre,2,1,50,262
7,Maule,7407,Villa Alegre,1,1,55,304
7,Maule,7407,Villa Alegre,2,1,55,316
7,Maule,7407,Villa Alegre,1,1,60,273
7,Maule,7407,Villa Alegre,2,1,60,292
7,Maule,7407,Villa Alegre,1,1,65,259
7,Maule,7407,Villa Alegre,2,1,65,227
7,Maule,7407,Villa Alegre,1,1,70,191
7,Maule,7407,Villa Alegre,2,1,70,207
7,Maule,7407,Villa Alegre,1,1,75,146
7,Maule,7407,Villa Alegre,2,1,75,154
7,Maule,7407,Villa Alegre,1,1,80,82
7,Maule,7407,Villa Alegre,2,1,80,90
7,Maule,7407,Villa Alegre,2,1,85,60
7,Maule,7407,Villa Alegre,1,1,85,64
7,Maule,7407,Villa Alegre,2,2,0,161
7,Maule,7407,Villa Alegre,1,2,0,261
7,Maule,7407,Villa Alegre,1,2,5,336
7,Maule,7407,Villa Alegre,2,2,5,215
7,Maule,7407,Villa Alegre,1,2,10,383
7,Maule,7407,Villa Alegre,2,2,10,220
7,Maule,7407,Villa Alegre,2,2,15,223
7,Maule,7407,Villa Alegre,1,2,15,346
7,Maule,7407,Villa Alegre,2,2,20,221
7,Maule,7407,Villa Alegre,1,2,20,329
7,Maule,7407,Villa Alegre,1,2,25,381
7,Maule,7407,Villa Alegre,2,2,25,198
7,Maule,7407,Villa Alegre,2,2,30,256
7,Maule,7407,Villa Alegre,1,2,30,403
7,Maule,7407,Villa Alegre,1,2,35,378
7,Maule,7407,Villa Alegre,2,2,35,223
7,Maule,7407,Villa Alegre,2,2,40,205
7,Maule,7407,Villa Alegre,1,2,40,400
7,Maule,7407,Villa Alegre,2,2,45,214
7,Maule,7407,Villa Alegre,1,2,45,327
7,Maule,7407,Villa Alegre,1,2,50,346
7,Maule,7407,Villa Alegre,2,2,50,273
7,Maule,7407,Villa Alegre,2,2,55,325
7,Maule,7407,Villa Alegre,1,2,55,350
7,Maule,7407,Villa Alegre,2,2,60,278
7,Maule,7407,Villa Alegre,1,2,60,325
7,Maule,7407,Villa Alegre,2,2,65,231
7,Maule,7407,Villa Alegre,1,2,65,300
7,Maule,7407,Villa Alegre,1,2,70,241
7,Maule,7407,Villa Alegre,2,2,70,206
7,Maule,7407,Villa Alegre,2,2,75,134
7,Maule,7407,Villa Alegre,1,2,75,176
7,Maule,7407,Villa Alegre,2,2,80,95
7,Maule,7407,Villa Alegre,1,2,80,145
7,Maule,7407,Villa Alegre,1,2,85,109
7,Maule,7407,Villa Alegre,2,2,85,89
7,Maule,7408,Yerbas Buenas,2,1,0,339
7,Maule,7408,Yerbas Buenas,1,1,0,169
7,Maule,7408,Yerbas Buenas,2,1,5,430
7,Maule,7408,Yerbas Buenas,1,1,5,213
7,Maule,7408,Yerbas Buenas,2,1,10,501
7,Maule,7408,Yerbas Buenas,1,1,10,215
7,Maule,7408,Yerbas Buenas,1,1,15,242
7,Maule,7408,Yerbas Buenas,2,1,15,455
7,Maule,7408,Yerbas Buenas,2,1,20,400
7,Maule,7408,Yerbas Buenas,1,1,20,207
7,Maule,7408,Yerbas Buenas,1,1,25,212
7,Maule,7408,Yerbas Buenas,2,1,25,432
7,Maule,7408,Yerbas Buenas,2,1,30,474
7,Maule,7408,Yerbas Buenas,1,1,30,205
7,Maule,7408,Yerbas Buenas,1,1,35,223
7,Maule,7408,Yerbas Buenas,2,1,35,430
7,Maule,7408,Yerbas Buenas,1,1,40,165
7,Maule,7408,Yerbas Buenas,2,1,40,441
7,Maule,7408,Yerbas Buenas,1,1,45,174
7,Maule,7408,Yerbas Buenas,2,1,45,425
7,Maule,7408,Yerbas Buenas,1,1,50,191
7,Maule,7408,Yerbas Buenas,2,1,50,458
7,Maule,7408,Yerbas Buenas,2,1,55,506
7,Maule,7408,Yerbas Buenas,1,1,55,229
7,Maule,7408,Yerbas Buenas,1,1,60,195
7,Maule,7408,Yerbas Buenas,2,1,60,494
7,Maule,7408,Yerbas Buenas,2,1,65,406
7,Maule,7408,Yerbas Buenas,1,1,65,165
7,Maule,7408,Yerbas Buenas,2,1,70,303
7,Maule,7408,Yerbas Buenas,1,1,70,116
7,Maule,7408,Yerbas Buenas,2,1,75,209
7,Maule,7408,Yerbas Buenas,1,1,75,91
7,Maule,7408,Yerbas Buenas,2,1,80,128
7,Maule,7408,Yerbas Buenas,1,1,80,61
7,Maule,7408,Yerbas Buenas,1,1,85,39
7,Maule,7408,Yerbas Buenas,2,1,85,64
7,Maule,7408,Yerbas Buenas,2,2,0,309
7,Maule,7408,Yerbas Buenas,1,2,0,134
7,Maule,7408,Yerbas Buenas,2,2,5,438
7,Maule,7408,Yerbas Buenas,1,2,5,219
7,Maule,7408,Yerbas Buenas,1,2,10,231
7,Maule,7408,Yerbas Buenas,2,2,10,456
7,Maule,7408,Yerbas Buenas,1,2,15,219
7,Maule,7408,Yerbas Buenas,2,2,15,415
7,Maule,7408,Yerbas Buenas,2,2,20,386
7,Maule,7408,Yerbas Buenas,1,2,20,194
7,Maule,7408,Yerbas Buenas,2,2,25,426
7,Maule,7408,Yerbas Buenas,1,2,25,228
7,Maule,7408,Yerbas Buenas,2,2,30,459
7,Maule,7408,Yerbas Buenas,1,2,30,241
7,Maule,7408,Yerbas Buenas,2,2,35,458
7,Maule,7408,Yerbas Buenas,1,2,35,206
7,Maule,7408,Yerbas Buenas,1,2,40,209
7,Maule,7408,Yerbas Buenas,2,2,40,463
7,Maule,7408,Yerbas Buenas,1,2,45,204
7,Maule,7408,Yerbas Buenas,2,2,45,430
7,Maule,7408,Yerbas Buenas,2,2,50,491
7,Maule,7408,Yerbas Buenas,1,2,50,224
7,Maule,7408,Yerbas Buenas,2,2,55,529
7,Maule,7408,Yerbas Buenas,1,2,55,242
7,Maule,7408,Yerbas Buenas,1,2,60,212
7,Maule,7408,Yerbas Buenas,2,2,60,455
7,Maule,7408,Yerbas Buenas,1,2,65,166
7,Maule,7408,Yerbas Buenas,2,2,65,366
7,Maule,7408,Yerbas Buenas,1,2,70,139
7,Maule,7408,Yerbas Buenas,2,2,70,272
7,Maule,7408,Yerbas Buenas,2,2,75,199
7,Maule,7408,Yerbas Buenas,1,2,75,102
7,Maule,7408,Yerbas Buenas,1,2,80,57
7,Maule,7408,Yerbas Buenas,2,2,80,114
7,Maule,7408,Yerbas Buenas,1,2,85,47
7,Maule,7408,Yerbas Buenas,2,2,85,88
8,Biobío,8101,Concepción,2,1,0,155
8,Biobío,8101,Concepción,1,1,0,4143
8,Biobío,8101,Concepción,2,1,5,197
8,Biobío,8101,Concepción,1,1,5,5440
8,Biobío,8101,Concepción,1,1,10,6052
8,Biobío,8101,Concepción,2,1,10,198
8,Biobío,8101,Concepción,1,1,15,7590
8,Biobío,8101,Concepción,2,1,15,180
8,Biobío,8101,Concepción,2,1,20,160
8,Biobío,8101,Concepción,1,1,20,10812
8,Biobío,8101,Concepción,2,1,25,159
8,Biobío,8101,Concepción,1,1,25,10397
8,Biobío,8101,Concepción,2,1,30,181
8,Biobío,8101,Concepción,1,1,30,10758
8,Biobío,8101,Concepción,1,1,35,8643
8,Biobío,8101,Concepción,2,1,35,221
8,Biobío,8101,Concepción,1,1,40,7251
8,Biobío,8101,Concepción,2,1,40,221
8,Biobío,8101,Concepción,1,1,45,5895
8,Biobío,8101,Concepción,2,1,45,154
8,Biobío,8101,Concepción,1,1,50,6156
8,Biobío,8101,Concepción,2,1,50,188
8,Biobío,8101,Concepción,2,1,55,162
8,Biobío,8101,Concepción,1,1,55,5977
8,Biobío,8101,Concepción,2,1,60,171
8,Biobío,8101,Concepción,1,1,60,5630
8,Biobío,8101,Concepción,2,1,65,131
8,Biobío,8101,Concepción,1,1,65,4595
8,Biobío,8101,Concepción,2,1,70,105
8,Biobío,8101,Concepción,1,1,70,3550
8,Biobío,8101,Concepción,2,1,75,61
8,Biobío,8101,Concepción,1,1,75,2516
8,Biobío,8101,Concepción,2,1,80,31
8,Biobío,8101,Concepción,1,1,80,1606
8,Biobío,8101,Concepción,1,1,85,1280
8,Biobío,8101,Concepción,2,1,85,19
8,Biobío,8101,Concepción,2,2,0,158
8,Biobío,8101,Concepción,1,2,0,4058
8,Biobío,8101,Concepción,2,2,5,181
8,Biobío,8101,Concepción,1,2,5,5180
8,Biobío,8101,Concepción,1,2,10,5898
8,Biobío,8101,Concepción,2,2,10,202
8,Biobío,8101,Concepción,1,2,15,7316
8,Biobío,8101,Concepción,2,2,15,139
8,Biobío,8101,Concepción,2,2,20,175
8,Biobío,8101,Concepción,1,2,20,10981
8,Biobío,8101,Concepción,1,2,25,9785
8,Biobío,8101,Concepción,2,2,25,172
8,Biobío,8101,Concepción,2,2,30,213
8,Biobío,8101,Concepción,1,2,30,9939
8,Biobío,8101,Concepción,1,2,35,8353
8,Biobío,8101,Concepción,2,2,35,217
8,Biobío,8101,Concepción,2,2,40,230
8,Biobío,8101,Concepción,1,2,40,7365
8,Biobío,8101,Concepción,1,2,45,6792
8,Biobío,8101,Concepción,2,2,45,174
8,Biobío,8101,Concepción,1,2,50,7033
8,Biobío,8101,Concepción,2,2,50,182
8,Biobío,8101,Concepción,2,2,55,181
8,Biobío,8101,Concepción,1,2,55,7087
8,Biobío,8101,Concepción,1,2,60,7021
8,Biobío,8101,Concepción,2,2,60,179
8,Biobío,8101,Concepción,2,2,65,121
8,Biobío,8101,Concepción,1,2,65,5915
8,Biobío,8101,Concepción,1,2,70,4787
8,Biobío,8101,Concepción,2,2,70,74
8,Biobío,8101,Concepción,2,2,75,57
8,Biobío,8101,Concepción,1,2,75,3717
8,Biobío,8101,Concepción,1,2,80,2690
8,Biobío,8101,Concepción,2,2,80,51
8,Biobío,8101,Concepción,1,2,85,2732
8,Biobío,8101,Concepción,2,2,85,35
8,Biobío,8102,Coronel,1,1,0,3212
8,Biobío,8102,Coronel,2,1,0,102
8,Biobío,8102,Coronel,1,1,5,4209
8,Biobío,8102,Coronel,2,1,5,158
8,Biobío,8102,Coronel,2,1,10,123
8,Biobío,8102,Coronel,1,1,10,4723
8,Biobío,8102,Coronel,2,1,15,137
8,Biobío,8102,Coronel,1,1,15,4396
8,Biobío,8102,Coronel,1,1,20,4140
8,Biobío,8102,Coronel,2,1,20,115
8,Biobío,8102,Coronel,2,1,25,94
8,Biobío,8102,Coronel,1,1,25,3986
8,Biobío,8102,Coronel,1,1,30,4466
8,Biobío,8102,Coronel,2,1,30,124
8,Biobío,8102,Coronel,2,1,35,131
8,Biobío,8102,Coronel,1,1,35,4135
8,Biobío,8102,Coronel,1,1,40,3650
8,Biobío,8102,Coronel,2,1,40,150
8,Biobío,8102,Coronel,1,1,45,3165
8,Biobío,8102,Coronel,2,1,45,114
8,Biobío,8102,Coronel,1,1,50,3451
8,Biobío,8102,Coronel,2,1,50,157
8,Biobío,8102,Coronel,1,1,55,3719
8,Biobío,8102,Coronel,2,1,55,150
8,Biobío,8102,Coronel,2,1,60,134
8,Biobío,8102,Coronel,1,1,60,3416
8,Biobío,8102,Coronel,1,1,65,2698
8,Biobío,8102,Coronel,2,1,65,101
8,Biobío,8102,Coronel,2,1,70,78
8,Biobío,8102,Coronel,1,1,70,1741
8,Biobío,8102,Coronel,1,1,75,1117
8,Biobío,8102,Coronel,2,1,75,55
8,Biobío,8102,Coronel,2,1,80,30
8,Biobío,8102,Coronel,1,1,80,622
8,Biobío,8102,Coronel,2,1,85,27
8,Biobío,8102,Coronel,1,1,85,448
8,Biobío,8102,Coronel,1,2,0,3104
8,Biobío,8102,Coronel,2,2,0,105
8,Biobío,8102,Coronel,2,2,5,151
8,Biobío,8102,Coronel,1,2,5,4145
8,Biobío,8102,Coronel,2,2,10,128
8,Biobío,8102,Coronel,1,2,10,4581
8,Biobío,8102,Coronel,1,2,15,4213
8,Biobío,8102,Coronel,2,2,15,151
8,Biobío,8102,Coronel,2,2,20,119
8,Biobío,8102,Coronel,1,2,20,4161
8,Biobío,8102,Coronel,2,2,25,92
8,Biobío,8102,Coronel,1,2,25,4012
8,Biobío,8102,Coronel,2,2,30,124
8,Biobío,8102,Coronel,1,2,30,4893
8,Biobío,8102,Coronel,1,2,35,4613
8,Biobío,8102,Coronel,2,2,35,139
8,Biobío,8102,Coronel,1,2,40,4276
8,Biobío,8102,Coronel,2,2,40,144
8,Biobío,8102,Coronel,1,2,45,3658
8,Biobío,8102,Coronel,2,2,45,129
8,Biobío,8102,Coronel,1,2,50,4100
8,Biobío,8102,Coronel,2,2,50,146
8,Biobío,8102,Coronel,1,2,55,4241
8,Biobío,8102,Coronel,2,2,55,152
8,Biobío,8102,Coronel,1,2,60,3916
8,Biobío,8102,Coronel,2,2,60,110
8,Biobío,8102,Coronel,2,2,65,112
8,Biobío,8102,Coronel,1,2,65,2887
8,Biobío,8102,Coronel,2,2,70,70
8,Biobío,8102,Coronel,1,2,70,2135
8,Biobío,8102,Coronel,2,2,75,59
8,Biobío,8102,Coronel,1,2,75,1473
8,Biobío,8102,Coronel,2,2,80,35
8,Biobío,8102,Coronel,1,2,80,1067
8,Biobío,8102,Coronel,1,2,85,887
8,Biobío,8102,Coronel,2,2,85,46
8,Biobío,8103,Chiguayante,1,1,0,1893
8,Biobío,8103,Chiguayante,2,1,0,1
8,Biobío,8103,Chiguayante,1,1,5,2509
8,Biobío,8103,Chiguayante,2,1,5,3
8,Biobío,8103,Chiguayante,1,1,10,2940
8,Biobío,8103,Chiguayante,1,1,15,2960
8,Biobío,8103,Chiguayante,1,1,20,2997
8,Biobío,8103,Chiguayante,2,1,20,1
8,Biobío,8103,Chiguayante,2,1,25,2
8,Biobío,8103,Chiguayante,1,1,25,3055
8,Biobío,8103,Chiguayante,2,1,30,1
8,Biobío,8103,Chiguayante,1,1,30,3255
8,Biobío,8103,Chiguayante,1,1,35,2646
8,Biobío,8103,Chiguayante,2,1,35,1
8,Biobío,8103,Chiguayante,2,1,40,4
8,Biobío,8103,Chiguayante,1,1,40,2500
8,Biobío,8103,Chiguayante,2,1,45,3
8,Biobío,8103,Chiguayante,1,1,45,2317
8,Biobío,8103,Chiguayante,2,1,50,2
8,Biobío,8103,Chiguayante,1,1,50,2659
8,Biobío,8103,Chiguayante,1,1,55,2692
8,Biobío,8103,Chiguayante,2,1,55,2
8,Biobío,8103,Chiguayante,1,1,60,2509
8,Biobío,8103,Chiguayante,1,1,65,2008
8,Biobío,8103,Chiguayante,2,1,65,3
8,Biobío,8103,Chiguayante,1,1,70,1486
8,Biobío,8103,Chiguayante,1,1,75,1016
8,Biobío,8103,Chiguayante,2,1,75,1
8,Biobío,8103,Chiguayante,1,1,80,590
8,Biobío,8103,Chiguayante,1,1,85,408
8,Biobío,8103,Chiguayante,2,2,0,1
8,Biobío,8103,Chiguayante,1,2,0,1763
8,Biobío,8103,Chiguayante,1,2,5,2405
8,Biobío,8103,Chiguayante,1,2,10,2736
8,Biobío,8103,Chiguayante,2,2,15,1
8,Biobío,8103,Chiguayante,1,2,15,2701
8,Biobío,8103,Chiguayante,1,2,20,3105
8,Biobío,8103,Chiguayante,2,2,20,2
8,Biobío,8103,Chiguayante,2,2,25,2
8,Biobío,8103,Chiguayante,1,2,25,3028
8,Biobío,8103,Chiguayante,1,2,30,3314
8,Biobío,8103,Chiguayante,2,2,30,2
8,Biobío,8103,Chiguayante,1,2,35,3004
8,Biobío,8103,Chiguayante,2,2,35,1
8,Biobío,8103,Chiguayante,1,2,40,3000
8,Biobío,8103,Chiguayante,2,2,40,1
8,Biobío,8103,Chiguayante,2,2,45,1
8,Biobío,8103,Chiguayante,1,2,45,2786
8,Biobío,8103,Chiguayante,2,2,50,3
8,Biobío,8103,Chiguayante,1,2,50,3290
8,Biobío,8103,Chiguayante,1,2,55,3435
8,Biobío,8103,Chiguayante,1,2,60,3122
8,Biobío,8103,Chiguayante,1,2,65,2395
8,Biobío,8103,Chiguayante,2,2,65,1
8,Biobío,8103,Chiguayante,2,2,70,1
8,Biobío,8103,Chiguayante,1,2,70,1924
8,Biobío,8103,Chiguayante,1,2,75,1471
8,Biobío,8103,Chiguayante,2,2,80,1
8,Biobío,8103,Chiguayante,1,2,80,1004
8,Biobío,8103,Chiguayante,1,2,85,858
8,Biobío,8104,Florida,1,1,0,89
8,Biobío,8104,Florida,2,1,0,195
8,Biobío,8104,Florida,1,1,5,139
8,Biobío,8104,Florida,2,1,5,231
8,Biobío,8104,Florida,2,1,10,231
8,Biobío,8104,Florida,1,1,10,161
8,Biobío,8104,Florida,2,1,15,212
8,Biobío,8104,Florida,1,1,15,156
8,Biobío,8104,Florida,1,1,20,140
8,Biobío,8104,Florida,2,1,20,228
8,Biobío,8104,Florida,1,1,25,128
8,Biobío,8104,Florida,2,1,25,200
8,Biobío,8104,Florida,1,1,30,149
8,Biobío,8104,Florida,2,1,30,267
8,Biobío,8104,Florida,2,1,35,296
8,Biobío,8104,Florida,1,1,35,148
8,Biobío,8104,Florida,1,1,40,121
8,Biobío,8104,Florida,2,1,40,288
8,Biobío,8104,Florida,1,1,45,92
8,Biobío,8104,Florida,2,1,45,267
8,Biobío,8104,Florida,2,1,50,381
8,Biobío,8104,Florida,1,1,50,150
8,Biobío,8104,Florida,1,1,55,133
8,Biobío,8104,Florida,2,1,55,364
8,Biobío,8104,Florida,2,1,60,345
8,Biobío,8104,Florida,1,1,60,134
8,Biobío,8104,Florida,1,1,65,85
8,Biobío,8104,Florida,2,1,65,329
8,Biobío,8104,Florida,1,1,70,78
8,Biobío,8104,Florida,2,1,70,249
8,Biobío,8104,Florida,1,1,75,61
8,Biobío,8104,Florida,2,1,75,175
8,Biobío,8104,Florida,2,1,80,99
8,Biobío,8104,Florida,1,1,80,37
8,Biobío,8104,Florida,2,1,85,72
8,Biobío,8104,Florida,1,1,85,25
8,Biobío,8104,Florida,2,2,0,172
8,Biobío,8104,Florida,1,2,0,96
8,Biobío,8104,Florida,1,2,5,109
8,Biobío,8104,Florida,2,2,5,236
8,Biobío,8104,Florida,1,2,10,118
8,Biobío,8104,Florida,2,2,10,275
8,Biobío,8104,Florida,1,2,15,139
8,Biobío,8104,Florida,2,2,15,240
8,Biobío,8104,Florida,2,2,20,195
8,Biobío,8104,Florida,1,2,20,130
8,Biobío,8104,Florida,1,2,25,133
8,Biobío,8104,Florida,2,2,25,226
8,Biobío,8104,Florida,2,2,30,278
8,Biobío,8104,Florida,1,2,30,151
8,Biobío,8104,Florida,2,2,35,308
8,Biobío,8104,Florida,1,2,35,174
8,Biobío,8104,Florida,2,2,40,286
8,Biobío,8104,Florida,1,2,40,131
8,Biobío,8104,Florida,2,2,45,256
8,Biobío,8104,Florida,1,2,45,120
8,Biobío,8104,Florida,2,2,50,317
8,Biobío,8104,Florida,1,2,50,122
8,Biobío,8104,Florida,2,2,55,318
8,Biobío,8104,Florida,1,2,55,187
8,Biobío,8104,Florida,2,2,60,337
8,Biobío,8104,Florida,1,2,60,166
8,Biobío,8104,Florida,2,2,65,274
8,Biobío,8104,Florida,1,2,65,129
8,Biobío,8104,Florida,1,2,70,94
8,Biobío,8104,Florida,2,2,70,220
8,Biobío,8104,Florida,2,2,75,145
8,Biobío,8104,Florida,1,2,75,92
8,Biobío,8104,Florida,1,2,80,55
8,Biobío,8104,Florida,2,2,80,110
8,Biobío,8104,Florida,2,2,85,115
8,Biobío,8104,Florida,1,2,85,49
8,Biobío,8105,Hualqui,1,1,0,530
8,Biobío,8105,Hualqui,2,1,0,98
8,Biobío,8105,Hualqui,1,1,5,704
8,Biobío,8105,Hualqui,2,1,5,138
8,Biobío,8105,Hualqui,2,1,10,170
8,Biobío,8105,Hualqui,1,1,10,885
8,Biobío,8105,Hualqui,2,1,15,141
8,Biobío,8105,Hualqui,1,1,15,800
8,Biobío,8105,Hualqui,1,1,20,773
8,Biobío,8105,Hualqui,2,1,20,109
8,Biobío,8105,Hualqui,2,1,25,114
8,Biobío,8105,Hualqui,1,1,25,716
8,Biobío,8105,Hualqui,2,1,30,143
8,Biobío,8105,Hualqui,1,1,30,796
8,Biobío,8105,Hualqui,2,1,35,146
8,Biobío,8105,Hualqui,1,1,35,676
8,Biobío,8105,Hualqui,1,1,40,677
8,Biobío,8105,Hualqui,2,1,40,140
8,Biobío,8105,Hualqui,1,1,45,531
8,Biobío,8105,Hualqui,2,1,45,140
8,Biobío,8105,Hualqui,2,1,50,156
8,Biobío,8105,Hualqui,1,1,50,598
8,Biobío,8105,Hualqui,1,1,55,625
8,Biobío,8105,Hualqui,2,1,55,211
8,Biobío,8105,Hualqui,2,1,60,188
8,Biobío,8105,Hualqui,1,1,60,557
8,Biobío,8105,Hualqui,1,1,65,424
8,Biobío,8105,Hualqui,2,1,65,177
8,Biobío,8105,Hualqui,1,1,70,302
8,Biobío,8105,Hualqui,2,1,70,123
8,Biobío,8105,Hualqui,2,1,75,97
8,Biobío,8105,Hualqui,1,1,75,191
8,Biobío,8105,Hualqui,2,1,80,54
8,Biobío,8105,Hualqui,1,1,80,128
8,Biobío,8105,Hualqui,2,1,85,37
8,Biobío,8105,Hualqui,1,1,85,93
8,Biobío,8105,Hualqui,2,2,0,101
8,Biobío,8105,Hualqui,1,2,0,539
8,Biobío,8105,Hualqui,1,2,5,655
8,Biobío,8105,Hualqui,2,2,5,124
8,Biobío,8105,Hualqui,1,2,10,816
8,Biobío,8105,Hualqui,2,2,10,129
8,Biobío,8105,Hualqui,2,2,15,97
8,Biobío,8105,Hualqui,1,2,15,771
8,Biobío,8105,Hualqui,1,2,20,818
8,Biobío,8105,Hualqui,2,2,20,102
8,Biobío,8105,Hualqui,1,2,25,728
8,Biobío,8105,Hualqui,2,2,25,114
8,Biobío,8105,Hualqui,2,2,30,157
8,Biobío,8105,Hualqui,1,2,30,847
8,Biobío,8105,Hualqui,1,2,35,766
8,Biobío,8105,Hualqui,2,2,35,142
8,Biobío,8105,Hualqui,2,2,40,141
8,Biobío,8105,Hualqui,1,2,40,804
8,Biobío,8105,Hualqui,2,2,45,107
8,Biobío,8105,Hualqui,1,2,45,681
8,Biobío,8105,Hualqui,2,2,50,174
8,Biobío,8105,Hualqui,1,2,50,778
8,Biobío,8105,Hualqui,1,2,55,766
8,Biobío,8105,Hualqui,2,2,55,186
8,Biobío,8105,Hualqui,2,2,60,190
8,Biobío,8105,Hualqui,1,2,60,670
8,Biobío,8105,Hualqui,2,2,65,149
8,Biobío,8105,Hualqui,1,2,65,517
8,Biobío,8105,Hualqui,1,2,70,366
8,Biobío,8105,Hualqui,2,2,70,124
8,Biobío,8105,Hualqui,2,2,75,90
8,Biobío,8105,Hualqui,1,2,75,255
8,Biobío,8105,Hualqui,2,2,80,62
8,Biobío,8105,Hualqui,1,2,80,214
8,Biobío,8105,Hualqui,2,2,85,60
8,Biobío,8105,Hualqui,1,2,85,167
8,Biobío,8106,Lota,2,1,0,3
8,Biobío,8106,Lota,1,1,0,882
8,Biobío,8106,Lota,1,1,5,1109
8,Biobío,8106,Lota,2,1,5,4
8,Biobío,8106,Lota,2,1,10,5
8,Biobío,8106,Lota,1,1,10,1297
8,Biobío,8106,Lota,1,1,15,1382
8,Biobío,8106,Lota,2,1,15,2
8,Biobío,8106,Lota,1,1,20,1347
8,Biobío,8106,Lota,2,1,20,4
8,Biobío,8106,Lota,2,1,25,2
8,Biobío,8106,Lota,1,1,25,1376
8,Biobío,8106,Lota,2,1,30,7
8,Biobío,8106,Lota,1,1,30,1315
8,Biobío,8106,Lota,1,1,35,1108
8,Biobío,8106,Lota,2,1,35,5
8,Biobío,8106,Lota,1,1,40,1022
8,Biobío,8106,Lota,2,1,40,4
8,Biobío,8106,Lota,1,1,45,1081
8,Biobío,8106,Lota,2,1,45,6
8,Biobío,8106,Lota,2,1,50,8
8,Biobío,8106,Lota,1,1,50,1393
8,Biobío,8106,Lota,2,1,55,5
8,Biobío,8106,Lota,1,1,55,1493
8,Biobío,8106,Lota,2,1,60,9
8,Biobío,8106,Lota,1,1,60,1442
8,Biobío,8106,Lota,1,1,65,1099
8,Biobío,8106,Lota,2,1,65,7
8,Biobío,8106,Lota,2,1,70,7
8,Biobío,8106,Lota,1,1,70,838
8,Biobío,8106,Lota,2,1,75,7
8,Biobío,8106,Lota,1,1,75,536
8,Biobío,8106,Lota,1,1,80,345
8,Biobío,8106,Lota,1,1,85,191
8,Biobío,8106,Lota,2,1,85,1
8,Biobío,8106,Lota,2,2,0,7
8,Biobío,8106,Lota,1,2,0,868
8,Biobío,8106,Lota,2,2,5,2
8,Biobío,8106,Lota,1,2,5,1132
8,Biobío,8106,Lota,1,2,10,1295
8,Biobío,8106,Lota,2,2,10,8
8,Biobío,8106,Lota,1,2,15,1241
8,Biobío,8106,Lota,2,2,15,5
8,Biobío,8106,Lota,2,2,20,4
8,Biobío,8106,Lota,1,2,20,1372
8,Biobío,8106,Lota,1,2,25,1385
8,Biobío,8106,Lota,2,2,25,4
8,Biobío,8106,Lota,2,2,30,7
8,Biobío,8106,Lota,1,2,30,1314
8,Biobío,8106,Lota,1,2,35,1080
8,Biobío,8106,Lota,2,2,35,7
8,Biobío,8106,Lota,1,2,40,1068
8,Biobío,8106,Lota,2,2,40,5
8,Biobío,8106,Lota,2,2,45,3
8,Biobío,8106,Lota,1,2,45,1175
8,Biobío,8106,Lota,1,2,50,1533
8,Biobío,8106,Lota,2,2,50,8
8,Biobío,8106,Lota,2,2,55,6
8,Biobío,8106,Lota,1,2,55,1691
8,Biobío,8106,Lota,1,2,60,1553
8,Biobío,8106,Lota,2,2,60,3
8,Biobío,8106,Lota,2,2,65,7
8,Biobío,8106,Lota,1,2,65,1298
8,Biobío,8106,Lota,2,2,70,5
8,Biobío,8106,Lota,1,2,70,998
8,Biobío,8106,Lota,2,2,75,3
8,Biobío,8106,Lota,1,2,75,670
8,Biobío,8106,Lota,2,2,80,2
8,Biobío,8106,Lota,1,2,80,469
8,Biobío,8106,Lota,1,2,85,410
8,Biobío,8107,Penco,2,1,0,20
8,Biobío,8107,Penco,1,1,0,1094
8,Biobío,8107,Penco,2,1,5,21
8,Biobío,8107,Penco,1,1,5,1473
8,Biobío,8107,Penco,1,1,10,1704
8,Biobío,8107,Penco,2,1,10,29
8,Biobío,8107,Penco,1,1,15,1656
8,Biobío,8107,Penco,2,1,15,40
8,Biobío,8107,Penco,2,1,20,19
8,Biobío,8107,Penco,1,1,20,1656
8,Biobío,8107,Penco,2,1,25,21
8,Biobío,8107,Penco,1,1,25,1657
8,Biobío,8107,Penco,1,1,30,1814
8,Biobío,8107,Penco,2,1,30,19
8,Biobío,8107,Penco,1,1,35,1596
8,Biobío,8107,Penco,2,1,35,37
8,Biobío,8107,Penco,1,1,40,1417
8,Biobío,8107,Penco,2,1,40,20
8,Biobío,8107,Penco,1,1,45,1333
8,Biobío,8107,Penco,2,1,45,35
8,Biobío,8107,Penco,2,1,50,21
8,Biobío,8107,Penco,1,1,50,1413
8,Biobío,8107,Penco,2,1,55,36
8,Biobío,8107,Penco,1,1,55,1534
8,Biobío,8107,Penco,2,1,60,18
8,Biobío,8107,Penco,1,1,60,1442
8,Biobío,8107,Penco,1,1,65,1173
8,Biobío,8107,Penco,2,1,65,19
8,Biobío,8107,Penco,2,1,70,15
8,Biobío,8107,Penco,1,1,70,844
8,Biobío,8107,Penco,1,1,75,585
8,Biobío,8107,Penco,2,1,75,19
8,Biobío,8107,Penco,1,1,80,362
8,Biobío,8107,Penco,2,1,80,4
8,Biobío,8107,Penco,1,1,85,220
8,Biobío,8107,Penco,2,1,85,4
8,Biobío,8107,Penco,2,2,0,20
8,Biobío,8107,Penco,1,2,0,1054
8,Biobío,8107,Penco,2,2,5,24
8,Biobío,8107,Penco,1,2,5,1443
8,Biobío,8107,Penco,1,2,10,1620
8,Biobío,8107,Penco,2,2,10,23
8,Biobío,8107,Penco,2,2,15,22
8,Biobío,8107,Penco,1,2,15,1513
8,Biobío,8107,Penco,1,2,20,1667
8,Biobío,8107,Penco,2,2,20,30
8,Biobío,8107,Penco,2,2,25,22
8,Biobío,8107,Penco,1,2,25,1693
8,Biobío,8107,Penco,2,2,30,25
8,Biobío,8107,Penco,1,2,30,1888
8,Biobío,8107,Penco,2,2,35,25
8,Biobío,8107,Penco,1,2,35,1825
8,Biobío,8107,Penco,1,2,40,1599
8,Biobío,8107,Penco,2,2,40,26
8,Biobío,8107,Penco,1,2,45,1557
8,Biobío,8107,Penco,2,2,45,25
8,Biobío,8107,Penco,1,2,50,1640
8,Biobío,8107,Penco,2,2,50,27
8,Biobío,8107,Penco,2,2,55,23
8,Biobío,8107,Penco,1,2,55,1786
8,Biobío,8107,Penco,1,2,60,1689
8,Biobío,8107,Penco,2,2,60,24
8,Biobío,8107,Penco,2,2,65,12
8,Biobío,8107,Penco,1,2,65,1331
8,Biobío,8107,Penco,1,2,70,1094
8,Biobío,8107,Penco,2,2,70,9
8,Biobío,8107,Penco,2,2,75,13
8,Biobío,8107,Penco,1,2,75,801
8,Biobío,8107,Penco,2,2,80,5
8,Biobío,8107,Penco,1,2,80,566
8,Biobío,8107,Penco,2,2,85,3
8,Biobío,8107,Penco,1,2,85,477
8,Biobío,8108,San Pedro de la Paz,1,1,0,4029
8,Biobío,8108,San Pedro de la Paz,2,1,0,3
8,Biobío,8108,San Pedro de la Paz,2,1,5,2
8,Biobío,8108,San Pedro de la Paz,1,1,5,5563
8,Biobío,8108,San Pedro de la Paz,1,1,10,5988
8,Biobío,8108,San Pedro de la Paz,2,1,10,5
8,Biobío,8108,San Pedro de la Paz,2,1,15,3
8,Biobío,8108,San Pedro de la Paz,1,1,15,5537
8,Biobío,8108,San Pedro de la Paz,1,1,20,5379
8,Biobío,8108,San Pedro de la Paz,2,1,20,1
8,Biobío,8108,San Pedro de la Paz,2,1,25,4
8,Biobío,8108,San Pedro de la Paz,1,1,25,5296
8,Biobío,8108,San Pedro de la Paz,2,1,30,2
8,Biobío,8108,San Pedro de la Paz,1,1,30,5880
8,Biobío,8108,San Pedro de la Paz,2,1,35,7
8,Biobío,8108,San Pedro de la Paz,1,1,35,5610
8,Biobío,8108,San Pedro de la Paz,1,1,40,5465
8,Biobío,8108,San Pedro de la Paz,2,1,40,5
8,Biobío,8108,San Pedro de la Paz,1,1,45,4906
8,Biobío,8108,San Pedro de la Paz,2,1,45,1
8,Biobío,8108,San Pedro de la Paz,1,1,50,4628
8,Biobío,8108,San Pedro de la Paz,2,1,50,2
8,Biobío,8108,San Pedro de la Paz,1,1,55,3935
8,Biobío,8108,San Pedro de la Paz,2,1,55,5
8,Biobío,8108,San Pedro de la Paz,1,1,60,3222
8,Biobío,8108,San Pedro de la Paz,2,1,60,5
8,Biobío,8108,San Pedro de la Paz,2,1,65,6
8,Biobío,8108,San Pedro de la Paz,1,1,65,2436
8,Biobío,8108,San Pedro de la Paz,1,1,70,1828
8,Biobío,8108,San Pedro de la Paz,2,1,70,2
8,Biobío,8108,San Pedro de la Paz,2,1,75,2
8,Biobío,8108,San Pedro de la Paz,1,1,75,1284
8,Biobío,8108,San Pedro de la Paz,1,1,80,743
8,Biobío,8108,San Pedro de la Paz,1,1,85,478
8,Biobío,8108,San Pedro de la Paz,2,2,0,7
8,Biobío,8108,San Pedro de la Paz,1,2,0,3809
8,Biobío,8108,San Pedro de la Paz,1,2,5,5124
8,Biobío,8108,San Pedro de la Paz,2,2,5,2
8,Biobío,8108,San Pedro de la Paz,2,2,10,5
8,Biobío,8108,San Pedro de la Paz,1,2,10,5807
8,Biobío,8108,San Pedro de la Paz,2,2,15,1
8,Biobío,8108,San Pedro de la Paz,1,2,15,5379
8,Biobío,8108,San Pedro de la Paz,2,2,20,2
8,Biobío,8108,San Pedro de la Paz,1,2,20,5133
8,Biobío,8108,San Pedro de la Paz,2,2,25,2
8,Biobío,8108,San Pedro de la Paz,1,2,25,5480
8,Biobío,8108,San Pedro de la Paz,1,2,30,6468
8,Biobío,8108,San Pedro de la Paz,2,2,30,2
8,Biobío,8108,San Pedro de la Paz,2,2,35,2
8,Biobío,8108,San Pedro de la Paz,1,2,35,6372
8,Biobío,8108,San Pedro de la Paz,2,2,40,7
8,Biobío,8108,San Pedro de la Paz,1,2,40,6085
8,Biobío,8108,San Pedro de la Paz,2,2,45,8
8,Biobío,8108,San Pedro de la Paz,1,2,45,5728
8,Biobío,8108,San Pedro de la Paz,1,2,50,5173
8,Biobío,8108,San Pedro de la Paz,2,2,50,5
8,Biobío,8108,San Pedro de la Paz,2,2,55,5
8,Biobío,8108,San Pedro de la Paz,1,2,55,4530
8,Biobío,8108,San Pedro de la Paz,1,2,60,3970
8,Biobío,8108,San Pedro de la Paz,2,2,60,9
8,Biobío,8108,San Pedro de la Paz,1,2,65,3189
8,Biobío,8108,San Pedro de la Paz,2,2,65,4
8,Biobío,8108,San Pedro de la Paz,2,2,70,1
8,Biobío,8108,San Pedro de la Paz,1,2,70,2507
8,Biobío,8108,San Pedro de la Paz,1,2,75,1728
8,Biobío,8108,San Pedro de la Paz,2,2,75,4
8,Biobío,8108,San Pedro de la Paz,2,2,80,1
8,Biobío,8108,San Pedro de la Paz,1,2,80,1132
8,Biobío,8108,San Pedro de la Paz,2,2,85,3
8,Biobío,8108,San Pedro de la Paz,1,2,85,1046
8,Biobío,8109,Santa Juana,2,1,0,78
8,Biobío,8109,Santa Juana,1,1,0,259
8,Biobío,8109,Santa Juana,1,1,5,378
8,Biobío,8109,Santa Juana,2,1,5,102
8,Biobío,8109,Santa Juana,2,1,10,126
8,Biobío,8109,Santa Juana,1,1,10,429
8,Biobío,8109,Santa Juana,1,1,15,361
8,Biobío,8109,Santa Juana,2,1,15,107
8,Biobío,8109,Santa Juana,2,1,20,114
8,Biobío,8109,Santa Juana,1,1,20,366
8,Biobío,8109,Santa Juana,1,1,25,348
8,Biobío,8109,Santa Juana,2,1,25,115
8,Biobío,8109,Santa Juana,2,1,30,125
8,Biobío,8109,Santa Juana,1,1,30,329
8,Biobío,8109,Santa Juana,2,1,35,133
8,Biobío,8109,Santa Juana,1,1,35,321
8,Biobío,8109,Santa Juana,2,1,40,146
8,Biobío,8109,Santa Juana,1,1,40,275
8,Biobío,8109,Santa Juana,2,1,45,163
8,Biobío,8109,Santa Juana,1,1,45,247
8,Biobío,8109,Santa Juana,1,1,50,274
8,Biobío,8109,Santa Juana,2,1,50,213
8,Biobío,8109,Santa Juana,2,1,55,263
8,Biobío,8109,Santa Juana,1,1,55,282
8,Biobío,8109,Santa Juana,2,1,60,246
8,Biobío,8109,Santa Juana,1,1,60,227
8,Biobío,8109,Santa Juana,2,1,65,210
8,Biobío,8109,Santa Juana,1,1,65,194
8,Biobío,8109,Santa Juana,1,1,70,146
8,Biobío,8109,Santa Juana,2,1,70,159
8,Biobío,8109,Santa Juana,2,1,75,115
8,Biobío,8109,Santa Juana,1,1,75,99
8,Biobío,8109,Santa Juana,1,1,80,61
8,Biobío,8109,Santa Juana,2,1,80,87
8,Biobío,8109,Santa Juana,2,1,85,55
8,Biobío,8109,Santa Juana,1,1,85,50
8,Biobío,8109,Santa Juana,1,2,0,249
8,Biobío,8109,Santa Juana,2,2,0,77
8,Biobío,8109,Santa Juana,2,2,5,102
8,Biobío,8109,Santa Juana,1,2,5,375
8,Biobío,8109,Santa Juana,2,2,10,103
8,Biobío,8109,Santa Juana,1,2,10,425
8,Biobío,8109,Santa Juana,2,2,15,105
8,Biobío,8109,Santa Juana,1,2,15,396
8,Biobío,8109,Santa Juana,1,2,20,324
8,Biobío,8109,Santa Juana,2,2,20,96
8,Biobío,8109,Santa Juana,2,2,25,96
8,Biobío,8109,Santa Juana,1,2,25,437
8,Biobío,8109,Santa Juana,1,2,30,433
8,Biobío,8109,Santa Juana,2,2,30,133
8,Biobío,8109,Santa Juana,2,2,35,105
8,Biobío,8109,Santa Juana,1,2,35,393
8,Biobío,8109,Santa Juana,1,2,40,364
8,Biobío,8109,Santa Juana,2,2,40,122
8,Biobío,8109,Santa Juana,1,2,45,313
8,Biobío,8109,Santa Juana,2,2,45,150
8,Biobío,8109,Santa Juana,2,2,50,187
8,Biobío,8109,Santa Juana,1,2,50,348
8,Biobío,8109,Santa Juana,1,2,55,328
8,Biobío,8109,Santa Juana,2,2,55,223
8,Biobío,8109,Santa Juana,2,2,60,224
8,Biobío,8109,Santa Juana,1,2,60,318
8,Biobío,8109,Santa Juana,1,2,65,214
8,Biobío,8109,Santa Juana,2,2,65,192
8,Biobío,8109,Santa Juana,1,2,70,186
8,Biobío,8109,Santa Juana,2,2,70,135
8,Biobío,8109,Santa Juana,1,2,75,139
8,Biobío,8109,Santa Juana,2,2,75,114
8,Biobío,8109,Santa Juana,2,2,80,79
8,Biobío,8109,Santa Juana,1,2,80,92
8,Biobío,8109,Santa Juana,2,2,85,72
8,Biobío,8109,Santa Juana,1,2,85,95
8,Biobío,8110,Talcahuano,2,1,0,25
8,Biobío,8110,Talcahuano,1,1,0,3241
8,Biobío,8110,Talcahuano,2,1,5,32
8,Biobío,8110,Talcahuano,1,1,5,4246
8,Biobío,8110,Talcahuano,2,1,10,19
8,Biobío,8110,Talcahuano,1,1,10,4791
8,Biobío,8110,Talcahuano,1,1,15,4894
8,Biobío,8110,Talcahuano,2,1,15,390
8,Biobío,8110,Talcahuano,1,1,20,5156
8,Biobío,8110,Talcahuano,2,1,20,214
8,Biobío,8110,Talcahuano,2,1,25,16
8,Biobío,8110,Talcahuano,1,1,25,5097
8,Biobío,8110,Talcahuano,2,1,30,31
8,Biobío,8110,Talcahuano,1,1,30,5547
8,Biobío,8110,Talcahuano,1,1,35,4952
8,Biobío,8110,Talcahuano,2,1,35,23
8,Biobío,8110,Talcahuano,1,1,40,4687
8,Biobío,8110,Talcahuano,2,1,40,27
8,Biobío,8110,Talcahuano,1,1,45,3984
8,Biobío,8110,Talcahuano,2,1,45,13
8,Biobío,8110,Talcahuano,2,1,50,6
8,Biobío,8110,Talcahuano,1,1,50,4201
8,Biobío,8110,Talcahuano,2,1,55,8
8,Biobío,8110,Talcahuano,1,1,55,4376
8,Biobío,8110,Talcahuano,2,1,60,7
8,Biobío,8110,Talcahuano,1,1,60,4525
8,Biobío,8110,Talcahuano,2,1,65,7
8,Biobío,8110,Talcahuano,1,1,65,3752
8,Biobío,8110,Talcahuano,2,1,70,6
8,Biobío,8110,Talcahuano,1,1,70,2764
8,Biobío,8110,Talcahuano,2,1,75,1
8,Biobío,8110,Talcahuano,1,1,75,1765
8,Biobío,8110,Talcahuano,1,1,80,1005
8,Biobío,8110,Talcahuano,1,1,85,740
8,Biobío,8110,Talcahuano,2,2,0,16
8,Biobío,8110,Talcahuano,1,2,0,3155
8,Biobío,8110,Talcahuano,1,2,5,4042
8,Biobío,8110,Talcahuano,2,2,5,23
8,Biobío,8110,Talcahuano,2,2,10,24
8,Biobío,8110,Talcahuano,1,2,10,4595
8,Biobío,8110,Talcahuano,1,2,15,4534
8,Biobío,8110,Talcahuano,2,2,15,213
8,Biobío,8110,Talcahuano,2,2,20,132
8,Biobío,8110,Talcahuano,1,2,20,5131
8,Biobío,8110,Talcahuano,1,2,25,4897
8,Biobío,8110,Talcahuano,2,2,25,25
8,Biobío,8110,Talcahuano,2,2,30,31
8,Biobío,8110,Talcahuano,1,2,30,5611
8,Biobío,8110,Talcahuano,2,2,35,18
8,Biobío,8110,Talcahuano,1,2,35,5298
8,Biobío,8110,Talcahuano,2,2,40,17
8,Biobío,8110,Talcahuano,1,2,40,4971
8,Biobío,8110,Talcahuano,2,2,45,10
8,Biobío,8110,Talcahuano,1,2,45,4613
8,Biobío,8110,Talcahuano,1,2,50,4863
8,Biobío,8110,Talcahuano,2,2,50,4
8,Biobío,8110,Talcahuano,2,2,55,4
8,Biobío,8110,Talcahuano,1,2,55,5297
8,Biobío,8110,Talcahuano,2,2,60,7
8,Biobío,8110,Talcahuano,1,2,60,5378
8,Biobío,8110,Talcahuano,2,2,65,2
8,Biobío,8110,Talcahuano,1,2,65,4639
8,Biobío,8110,Talcahuano,1,2,70,3448
8,Biobío,8110,Talcahuano,2,2,70,1
8,Biobío,8110,Talcahuano,2,2,75,3
8,Biobío,8110,Talcahuano,1,2,75,2411
8,Biobío,8110,Talcahuano,2,2,80,1
8,Biobío,8110,Talcahuano,1,2,80,1670
8,Biobío,8110,Talcahuano,2,2,85,1
8,Biobío,8110,Talcahuano,1,2,85,1689
8,Biobío,8111,Tomé,1,1,0,1070
8,Biobío,8111,Tomé,2,1,0,133
8,Biobío,8111,Tomé,2,1,5,161
8,Biobío,8111,Tomé,1,1,5,1503
8,Biobío,8111,Tomé,2,1,10,206
8,Biobío,8111,Tomé,1,1,10,1660
8,Biobío,8111,Tomé,2,1,15,188
8,Biobío,8111,Tomé,1,1,15,1658
8,Biobío,8111,Tomé,2,1,20,160
8,Biobío,8111,Tomé,1,1,20,1682
8,Biobío,8111,Tomé,2,1,25,150
8,Biobío,8111,Tomé,1,1,25,1680
8,Biobío,8111,Tomé,1,1,30,1735
8,Biobío,8111,Tomé,2,1,30,190
8,Biobío,8111,Tomé,1,1,35,1618
8,Biobío,8111,Tomé,2,1,35,203
8,Biobío,8111,Tomé,1,1,40,1464
8,Biobío,8111,Tomé,2,1,40,185
8,Biobío,8111,Tomé,1,1,45,1416
8,Biobío,8111,Tomé,2,1,45,204
8,Biobío,8111,Tomé,1,1,50,1589
8,Biobío,8111,Tomé,2,1,50,258
8,Biobío,8111,Tomé,1,1,55,1560
8,Biobío,8111,Tomé,2,1,55,248
8,Biobío,8111,Tomé,1,1,60,1585
8,Biobío,8111,Tomé,2,1,60,221
8,Biobío,8111,Tomé,1,1,65,1268
8,Biobío,8111,Tomé,2,1,65,199
8,Biobío,8111,Tomé,2,1,70,186
8,Biobío,8111,Tomé,1,1,70,905
8,Biobío,8111,Tomé,1,1,75,706
8,Biobío,8111,Tomé,2,1,75,98
8,Biobío,8111,Tomé,2,1,80,80
8,Biobío,8111,Tomé,1,1,80,441
8,Biobío,8111,Tomé,1,1,85,302
8,Biobío,8111,Tomé,2,1,85,52
8,Biobío,8111,Tomé,2,2,0,121
8,Biobío,8111,Tomé,1,2,0,993
8,Biobío,8111,Tomé,2,2,5,177
8,Biobío,8111,Tomé,1,2,5,1425
8,Biobío,8111,Tomé,1,2,10,1624
8,Biobío,8111,Tomé,2,2,10,184
8,Biobío,8111,Tomé,1,2,15,1530
8,Biobío,8111,Tomé,2,2,15,174
8,Biobío,8111,Tomé,2,2,20,145
8,Biobío,8111,Tomé,1,2,20,1605
8,Biobío,8111,Tomé,2,2,25,172
8,Biobío,8111,Tomé,1,2,25,1625
8,Biobío,8111,Tomé,2,2,30,214
8,Biobío,8111,Tomé,1,2,30,1929
8,Biobío,8111,Tomé,1,2,35,1798
8,Biobío,8111,Tomé,2,2,35,204
8,Biobío,8111,Tomé,2,2,40,214
8,Biobío,8111,Tomé,1,2,40,1753
8,Biobío,8111,Tomé,2,2,45,176
8,Biobío,8111,Tomé,1,2,45,1680
8,Biobío,8111,Tomé,1,2,50,1889
8,Biobío,8111,Tomé,2,2,50,203
8,Biobío,8111,Tomé,2,2,55,235
8,Biobío,8111,Tomé,1,2,55,1921
8,Biobío,8111,Tomé,1,2,60,1879
8,Biobío,8111,Tomé,2,2,60,236
8,Biobío,8111,Tomé,2,2,65,207
8,Biobío,8111,Tomé,1,2,65,1543
8,Biobío,8111,Tomé,1,2,70,1302
8,Biobío,8111,Tomé,2,2,70,141
8,Biobío,8111,Tomé,2,2,75,89
8,Biobío,8111,Tomé,1,2,75,992
8,Biobío,8111,Tomé,2,2,80,94
8,Biobío,8111,Tomé,1,2,80,761
8,Biobío,8111,Tomé,1,2,85,647
8,Biobío,8111,Tomé,2,2,85,61
8,Biobío,8112,Hualpén,1,1,0,1680
8,Biobío,8112,Hualpén,2,1,0,16
8,Biobío,8112,Hualpén,2,1,5,43
8,Biobío,8112,Hualpén,1,1,5,2413
8,Biobío,8112,Hualpén,1,1,10,2877
8,Biobío,8112,Hualpén,2,1,10,34
8,Biobío,8112,Hualpén,2,1,15,22
8,Biobío,8112,Hualpén,1,1,15,2839
8,Biobío,8112,Hualpén,1,1,20,3130
8,Biobío,8112,Hualpén,2,1,20,15
8,Biobío,8112,Hualpén,1,1,25,3194
8,Biobío,8112,Hualpén,2,1,25,35
8,Biobío,8112,Hualpén,1,1,30,3293
8,Biobío,8112,Hualpén,2,1,30,33
8,Biobío,8112,Hualpén,1,1,35,2820
8,Biobío,8112,Hualpén,2,1,35,28
8,Biobío,8112,Hualpén,2,1,40,18
8,Biobío,8112,Hualpén,1,1,40,2620
8,Biobío,8112,Hualpén,2,1,45,15
8,Biobío,8112,Hualpén,1,1,45,2399
8,Biobío,8112,Hualpén,1,1,50,2685
8,Biobío,8112,Hualpén,2,1,50,25
8,Biobío,8112,Hualpén,1,1,55,2916
8,Biobío,8112,Hualpén,2,1,55,34
8,Biobío,8112,Hualpén,1,1,60,2663
8,Biobío,8112,Hualpén,2,1,60,23
8,Biobío,8112,Hualpén,1,1,65,1895
8,Biobío,8112,Hualpén,2,1,65,16
8,Biobío,8112,Hualpén,1,1,70,1457
8,Biobío,8112,Hualpén,2,1,70,20
8,Biobío,8112,Hualpén,1,1,75,1017
8,Biobío,8112,Hualpén,2,1,75,10
8,Biobío,8112,Hualpén,2,1,80,8
8,Biobío,8112,Hualpén,1,1,80,732
8,Biobío,8112,Hualpén,1,1,85,496
8,Biobío,8112,Hualpén,1,2,0,1627
8,Biobío,8112,Hualpén,2,2,0,29
8,Biobío,8112,Hualpén,1,2,5,2430
8,Biobío,8112,Hualpén,2,2,5,29
8,Biobío,8112,Hualpén,2,2,10,24
8,Biobío,8112,Hualpén,1,2,10,2708
8,Biobío,8112,Hualpén,1,2,15,2730
8,Biobío,8112,Hualpén,2,2,15,28
8,Biobío,8112,Hualpén,1,2,20,3093
8,Biobío,8112,Hualpén,2,2,20,18
8,Biobío,8112,Hualpén,2,2,25,30
8,Biobío,8112,Hualpén,1,2,25,3115
8,Biobío,8112,Hualpén,1,2,30,3427
8,Biobío,8112,Hualpén,2,2,30,31
8,Biobío,8112,Hualpén,2,2,35,27
8,Biobío,8112,Hualpén,1,2,35,3018
8,Biobío,8112,Hualpén,1,2,40,2849
8,Biobío,8112,Hualpén,2,2,40,25
8,Biobío,8112,Hualpén,1,2,45,2861
8,Biobío,8112,Hualpén,2,2,45,20
8,Biobío,8112,Hualpén,2,2,50,27
8,Biobío,8112,Hualpén,1,2,50,3249
8,Biobío,8112,Hualpén,2,2,55,23
8,Biobío,8112,Hualpén,1,2,55,3310
8,Biobío,8112,Hualpén,1,2,60,3126
8,Biobío,8112,Hualpén,2,2,60,24
8,Biobío,8112,Hualpén,1,2,65,2540
8,Biobío,8112,Hualpén,2,2,65,19
8,Biobío,8112,Hualpén,1,2,70,1882
8,Biobío,8112,Hualpén,2,2,70,13
8,Biobío,8112,Hualpén,1,2,75,1603
8,Biobío,8112,Hualpén,2,2,75,7
8,Biobío,8112,Hualpén,1,2,80,1172
8,Biobío,8112,Hualpén,2,2,80,5
8,Biobío,8112,Hualpén,2,2,85,5
8,Biobío,8112,Hualpén,1,2,85,1086
8,Biobío,8201,Lebu,1,1,0,534
8,Biobío,8201,Lebu,2,1,0,69
8,Biobío,8201,Lebu,1,1,5,746
8,Biobío,8201,Lebu,2,1,5,107
8,Biobío,8201,Lebu,1,1,10,906
8,Biobío,8201,Lebu,2,1,10,82
8,Biobío,8201,Lebu,1,1,15,797
8,Biobío,8201,Lebu,2,1,15,74
8,Biobío,8201,Lebu,2,1,20,63
8,Biobío,8201,Lebu,1,1,20,798
8,Biobío,8201,Lebu,1,1,25,740
8,Biobío,8201,Lebu,2,1,25,45
8,Biobío,8201,Lebu,1,1,30,833
8,Biobío,8201,Lebu,2,1,30,91
8,Biobío,8201,Lebu,2,1,35,78
8,Biobío,8201,Lebu,1,1,35,749
8,Biobío,8201,Lebu,2,1,40,119
8,Biobío,8201,Lebu,1,1,40,707
8,Biobío,8201,Lebu,2,1,45,91
8,Biobío,8201,Lebu,1,1,45,713
8,Biobío,8201,Lebu,1,1,50,731
8,Biobío,8201,Lebu,2,1,50,108
8,Biobío,8201,Lebu,1,1,55,705
8,Biobío,8201,Lebu,2,1,55,95
8,Biobío,8201,Lebu,1,1,60,571
8,Biobío,8201,Lebu,2,1,60,91
8,Biobío,8201,Lebu,1,1,65,524
8,Biobío,8201,Lebu,2,1,65,77
8,Biobío,8201,Lebu,2,1,70,54
8,Biobío,8201,Lebu,1,1,70,388
8,Biobío,8201,Lebu,1,1,75,256
8,Biobío,8201,Lebu,2,1,75,44
8,Biobío,8201,Lebu,1,1,80,182
8,Biobío,8201,Lebu,2,1,80,28
8,Biobío,8201,Lebu,2,1,85,14
8,Biobío,8201,Lebu,1,1,85,123
8,Biobío,8201,Lebu,1,2,0,510
8,Biobío,8201,Lebu,2,2,0,65
8,Biobío,8201,Lebu,2,2,5,68
8,Biobío,8201,Lebu,1,2,5,716
8,Biobío,8201,Lebu,1,2,10,871
8,Biobío,8201,Lebu,2,2,10,65
8,Biobío,8201,Lebu,2,2,15,58
8,Biobío,8201,Lebu,1,2,15,752
8,Biobío,8201,Lebu,1,2,20,787
8,Biobío,8201,Lebu,2,2,20,52
8,Biobío,8201,Lebu,1,2,25,760
8,Biobío,8201,Lebu,2,2,25,88
8,Biobío,8201,Lebu,1,2,30,920
8,Biobío,8201,Lebu,2,2,30,84
8,Biobío,8201,Lebu,2,2,35,103
8,Biobío,8201,Lebu,1,2,35,812
8,Biobío,8201,Lebu,2,2,40,80
8,Biobío,8201,Lebu,1,2,40,808
8,Biobío,8201,Lebu,2,2,45,70
8,Biobío,8201,Lebu,1,2,45,770
8,Biobío,8201,Lebu,2,2,50,74
8,Biobío,8201,Lebu,1,2,50,842
8,Biobío,8201,Lebu,1,2,55,775
8,Biobío,8201,Lebu,2,2,55,90
8,Biobío,8201,Lebu,1,2,60,692
8,Biobío,8201,Lebu,2,2,60,76
8,Biobío,8201,Lebu,1,2,65,606
8,Biobío,8201,Lebu,2,2,65,65
8,Biobío,8201,Lebu,1,2,70,458
8,Biobío,8201,Lebu,2,2,70,63
8,Biobío,8201,Lebu,1,2,75,299
8,Biobío,8201,Lebu,2,2,75,23
8,Biobío,8201,Lebu,2,2,80,21
8,Biobío,8201,Lebu,1,2,80,204
8,Biobío,8201,Lebu,1,2,85,171
8,Biobío,8201,Lebu,2,2,85,15
8,Biobío,8202,Arauco,2,1,0,279
8,Biobío,8202,Arauco,1,1,0,653
8,Biobío,8202,Arauco,1,1,5,880
8,Biobío,8202,Arauco,2,1,5,284
8,Biobío,8202,Arauco,2,1,10,333
8,Biobío,8202,Arauco,1,1,10,1069
8,Biobío,8202,Arauco,2,1,15,349
8,Biobío,8202,Arauco,1,1,15,964
8,Biobío,8202,Arauco,1,1,20,907
8,Biobío,8202,Arauco,2,1,20,342
8,Biobío,8202,Arauco,2,1,25,278
8,Biobío,8202,Arauco,1,1,25,886
8,Biobío,8202,Arauco,1,1,30,973
8,Biobío,8202,Arauco,2,1,30,343
8,Biobío,8202,Arauco,2,1,35,324
8,Biobío,8202,Arauco,1,1,35,948
8,Biobío,8202,Arauco,2,1,40,330
8,Biobío,8202,Arauco,1,1,40,873
8,Biobío,8202,Arauco,2,1,45,294
8,Biobío,8202,Arauco,1,1,45,812
8,Biobío,8202,Arauco,1,1,50,864
8,Biobío,8202,Arauco,2,1,50,366
8,Biobío,8202,Arauco,2,1,55,352
8,Biobío,8202,Arauco,1,1,55,879
8,Biobío,8202,Arauco,2,1,60,354
8,Biobío,8202,Arauco,1,1,60,733
8,Biobío,8202,Arauco,1,1,65,596
8,Biobío,8202,Arauco,2,1,65,284
8,Biobío,8202,Arauco,1,1,70,418
8,Biobío,8202,Arauco,2,1,70,194
8,Biobío,8202,Arauco,1,1,75,289
8,Biobío,8202,Arauco,2,1,75,159
8,Biobío,8202,Arauco,1,1,80,221
8,Biobío,8202,Arauco,2,1,80,94
8,Biobío,8202,Arauco,2,1,85,60
8,Biobío,8202,Arauco,1,1,85,144
8,Biobío,8202,Arauco,1,2,0,608
8,Biobío,8202,Arauco,2,2,0,226
8,Biobío,8202,Arauco,2,2,5,288
8,Biobío,8202,Arauco,1,2,5,869
8,Biobío,8202,Arauco,2,2,10,366
8,Biobío,8202,Arauco,1,2,10,982
8,Biobío,8202,Arauco,2,2,15,304
8,Biobío,8202,Arauco,1,2,15,914
8,Biobío,8202,Arauco,1,2,20,820
8,Biobío,8202,Arauco,2,2,20,296
8,Biobío,8202,Arauco,1,2,25,975
8,Biobío,8202,Arauco,2,2,25,297
8,Biobío,8202,Arauco,2,2,30,340
8,Biobío,8202,Arauco,1,2,30,1049
8,Biobío,8202,Arauco,1,2,35,1043
8,Biobío,8202,Arauco,2,2,35,335
8,Biobío,8202,Arauco,1,2,40,1045
8,Biobío,8202,Arauco,2,2,40,299
8,Biobío,8202,Arauco,1,2,45,919
8,Biobío,8202,Arauco,2,2,45,335
8,Biobío,8202,Arauco,2,2,50,360
8,Biobío,8202,Arauco,1,2,50,977
8,Biobío,8202,Arauco,1,2,55,979
8,Biobío,8202,Arauco,2,2,55,351
8,Biobío,8202,Arauco,2,2,60,297
8,Biobío,8202,Arauco,1,2,60,879
8,Biobío,8202,Arauco,2,2,65,276
8,Biobío,8202,Arauco,1,2,65,656
8,Biobío,8202,Arauco,1,2,70,521
8,Biobío,8202,Arauco,2,2,70,213
8,Biobío,8202,Arauco,2,2,75,123
8,Biobío,8202,Arauco,1,2,75,379
8,Biobío,8202,Arauco,2,2,80,80
8,Biobío,8202,Arauco,1,2,80,251
8,Biobío,8202,Arauco,1,2,85,276
8,Biobío,8202,Arauco,2,2,85,107
8,Biobío,8203,Cañete,2,1,0,458
8,Biobío,8203,Cañete,1,1,0,400
8,Biobío,8203,Cañete,2,1,5,629
8,Biobío,8203,Cañete,1,1,5,566
8,Biobío,8203,Cañete,2,1,10,653
8,Biobío,8203,Cañete,1,1,10,722
8,Biobío,8203,Cañete,1,1,15,607
8,Biobío,8203,Cañete,2,1,15,594
8,Biobío,8203,Cañete,1,1,20,497
8,Biobío,8203,Cañete,2,1,20,455
8,Biobío,8203,Cañete,1,1,25,543
8,Biobío,8203,Cañete,2,1,25,507
8,Biobío,8203,Cañete,2,1,30,620
8,Biobío,8203,Cañete,1,1,30,600
8,Biobío,8203,Cañete,2,1,35,601
8,Biobío,8203,Cañete,1,1,35,503
8,Biobío,8203,Cañete,2,1,40,582
8,Biobío,8203,Cañete,1,1,40,498
8,Biobío,8203,Cañete,2,1,45,558
8,Biobío,8203,Cañete,1,1,45,495
8,Biobío,8203,Cañete,2,1,50,594
8,Biobío,8203,Cañete,1,1,50,491
8,Biobío,8203,Cañete,1,1,55,472
8,Biobío,8203,Cañete,2,1,55,574
8,Biobío,8203,Cañete,1,1,60,448
8,Biobío,8203,Cañete,2,1,60,513
8,Biobío,8203,Cañete,2,1,65,455
8,Biobío,8203,Cañete,1,1,65,391
8,Biobío,8203,Cañete,2,1,70,349
8,Biobío,8203,Cañete,1,1,70,305
8,Biobío,8203,Cañete,2,1,75,235
8,Biobío,8203,Cañete,1,1,75,195
8,Biobío,8203,Cañete,1,1,80,131
8,Biobío,8203,Cañete,2,1,80,162
8,Biobío,8203,Cañete,2,1,85,110
8,Biobío,8203,Cañete,1,1,85,89
8,Biobío,8203,Cañete,2,2,0,512
8,Biobío,8203,Cañete,1,2,0,370
8,Biobío,8203,Cañete,2,2,5,597
8,Biobío,8203,Cañete,1,2,5,575
8,Biobío,8203,Cañete,1,2,10,671
8,Biobío,8203,Cañete,2,2,10,648
8,Biobío,8203,Cañete,1,2,15,602
8,Biobío,8203,Cañete,2,2,15,556
8,Biobío,8203,Cañete,2,2,20,452
8,Biobío,8203,Cañete,1,2,20,547
8,Biobío,8203,Cañete,2,2,25,570
8,Biobío,8203,Cañete,1,2,25,583
8,Biobío,8203,Cañete,2,2,30,648
8,Biobío,8203,Cañete,1,2,30,724
8,Biobío,8203,Cañete,1,2,35,613
8,Biobío,8203,Cañete,2,2,35,643
8,Biobío,8203,Cañete,1,2,40,648
8,Biobío,8203,Cañete,2,2,40,641
8,Biobío,8203,Cañete,1,2,45,639
8,Biobío,8203,Cañete,2,2,45,604
8,Biobío,8203,Cañete,1,2,50,635
8,Biobío,8203,Cañete,2,2,50,595
8,Biobío,8203,Cañete,2,2,55,589
8,Biobío,8203,Cañete,1,2,55,599
8,Biobío,8203,Cañete,2,2,60,484
8,Biobío,8203,Cañete,1,2,60,541
8,Biobío,8203,Cañete,2,2,65,423
8,Biobío,8203,Cañete,1,2,65,451
8,Biobío,8203,Cañete,2,2,70,290
8,Biobío,8203,Cañete,1,2,70,376
8,Biobío,8203,Cañete,2,2,75,242
8,Biobío,8203,Cañete,1,2,75,295
8,Biobío,8203,Cañete,2,2,80,164
8,Biobío,8203,Cañete,1,2,80,176
8,Biobío,8203,Cañete,1,2,85,192
8,Biobío,8203,Cañete,2,2,85,143
8,Biobío,8204,Contulmo,1,1,0,54
8,Biobío,8204,Contulmo,2,1,0,88
8,Biobío,8204,Contulmo,2,1,5,97
8,Biobío,8204,Contulmo,1,1,5,72
8,Biobío,8204,Contulmo,1,1,10,82
8,Biobío,8204,Contulmo,2,1,10,126
8,Biobío,8204,Contulmo,2,1,15,125
8,Biobío,8204,Contulmo,1,1,15,79
8,Biobío,8204,Contulmo,1,1,20,78
8,Biobío,8204,Contulmo,2,1,20,108
8,Biobío,8204,Contulmo,1,1,25,60
8,Biobío,8204,Contulmo,2,1,25,100
8,Biobío,8204,Contulmo,1,1,30,80
8,Biobío,8204,Contulmo,2,1,30,127
8,Biobío,8204,Contulmo,2,1,35,94
8,Biobío,8204,Contulmo,1,1,35,76
8,Biobío,8204,Contulmo,2,1,40,114
8,Biobío,8204,Contulmo,1,1,40,65
8,Biobío,8204,Contulmo,2,1,45,113
8,Biobío,8204,Contulmo,1,1,45,64
8,Biobío,8204,Contulmo,2,1,50,124
8,Biobío,8204,Contulmo,1,1,50,82
8,Biobío,8204,Contulmo,1,1,55,57
8,Biobío,8204,Contulmo,2,1,55,139
8,Biobío,8204,Contulmo,2,1,60,149
8,Biobío,8204,Contulmo,1,1,60,70
8,Biobío,8204,Contulmo,1,1,65,55
8,Biobío,8204,Contulmo,2,1,65,102
8,Biobío,8204,Contulmo,2,1,70,91
8,Biobío,8204,Contulmo,1,1,70,45
8,Biobío,8204,Contulmo,1,1,75,31
8,Biobío,8204,Contulmo,2,1,75,61
8,Biobío,8204,Contulmo,1,1,80,24
8,Biobío,8204,Contulmo,2,1,80,40
8,Biobío,8204,Contulmo,2,1,85,41
8,Biobío,8204,Contulmo,1,1,85,12
8,Biobío,8204,Contulmo,1,2,0,43
8,Biobío,8204,Contulmo,2,2,0,64
8,Biobío,8204,Contulmo,2,2,5,110
8,Biobío,8204,Contulmo,1,2,5,75
8,Biobío,8204,Contulmo,2,2,10,95
8,Biobío,8204,Contulmo,1,2,10,78
8,Biobío,8204,Contulmo,2,2,15,98
8,Biobío,8204,Contulmo,1,2,15,92
8,Biobío,8204,Contulmo,1,2,20,68
8,Biobío,8204,Contulmo,2,2,20,93
8,Biobío,8204,Contulmo,1,2,25,81
8,Biobío,8204,Contulmo,2,2,25,99
8,Biobío,8204,Contulmo,1,2,30,102
8,Biobío,8204,Contulmo,2,2,30,113
8,Biobío,8204,Contulmo,2,2,35,117
8,Biobío,8204,Contulmo,1,2,35,81
8,Biobío,8204,Contulmo,1,2,40,90
8,Biobío,8204,Contulmo,2,2,40,110
8,Biobío,8204,Contulmo,1,2,45,89
8,Biobío,8204,Contulmo,2,2,45,120
8,Biobío,8204,Contulmo,2,2,50,134
8,Biobío,8204,Contulmo,1,2,50,88
8,Biobío,8204,Contulmo,1,2,55,86
8,Biobío,8204,Contulmo,2,2,55,114
8,Biobío,8204,Contulmo,2,2,60,113
8,Biobío,8204,Contulmo,1,2,60,76
8,Biobío,8204,Contulmo,1,2,65,80
8,Biobío,8204,Contulmo,2,2,65,108
8,Biobío,8204,Contulmo,1,2,70,56
8,Biobío,8204,Contulmo,2,2,70,68
8,Biobío,8204,Contulmo,1,2,75,33
8,Biobío,8204,Contulmo,2,2,75,58
8,Biobío,8204,Contulmo,2,2,80,45
8,Biobío,8204,Contulmo,1,2,80,34
8,Biobío,8204,Contulmo,2,2,85,42
8,Biobío,8204,Contulmo,1,2,85,27
8,Biobío,8205,Curanilahue,1,1,0,770
8,Biobío,8205,Curanilahue,2,1,0,64
8,Biobío,8205,Curanilahue,2,1,5,80
8,Biobío,8205,Curanilahue,1,1,5,960
8,Biobío,8205,Curanilahue,1,1,10,1066
8,Biobío,8205,Curanilahue,2,1,10,96
8,Biobío,8205,Curanilahue,2,1,15,88
8,Biobío,8205,Curanilahue,1,1,15,931
8,Biobío,8205,Curanilahue,1,1,20,917
8,Biobío,8205,Curanilahue,2,1,20,74
8,Biobío,8205,Curanilahue,2,1,25,75
8,Biobío,8205,Curanilahue,1,1,25,943
8,Biobío,8205,Curanilahue,2,1,30,93
8,Biobío,8205,Curanilahue,1,1,30,937
8,Biobío,8205,Curanilahue,1,1,35,902
8,Biobío,8205,Curanilahue,2,1,35,86
8,Biobío,8205,Curanilahue,2,1,40,91
8,Biobío,8205,Curanilahue,1,1,40,826
8,Biobío,8205,Curanilahue,2,1,45,78
8,Biobío,8205,Curanilahue,1,1,45,885
8,Biobío,8205,Curanilahue,1,1,50,898
8,Biobío,8205,Curanilahue,2,1,50,87
8,Biobío,8205,Curanilahue,1,1,55,870
8,Biobío,8205,Curanilahue,2,1,55,108
8,Biobío,8205,Curanilahue,1,1,60,923
8,Biobío,8205,Curanilahue,2,1,60,82
8,Biobío,8205,Curanilahue,2,1,65,73
8,Biobío,8205,Curanilahue,1,1,65,742
8,Biobío,8205,Curanilahue,1,1,70,563
8,Biobío,8205,Curanilahue,2,1,70,52
8,Biobío,8205,Curanilahue,2,1,75,38
8,Biobío,8205,Curanilahue,1,1,75,337
8,Biobío,8205,Curanilahue,2,1,80,25
8,Biobío,8205,Curanilahue,1,1,80,195
8,Biobío,8205,Curanilahue,1,1,85,158
8,Biobío,8205,Curanilahue,2,1,85,14
8,Biobío,8205,Curanilahue,1,2,0,689
8,Biobío,8205,Curanilahue,2,2,0,64
8,Biobío,8205,Curanilahue,2,2,5,70
8,Biobío,8205,Curanilahue,1,2,5,896
8,Biobío,8205,Curanilahue,2,2,10,80
8,Biobío,8205,Curanilahue,1,2,10,1030
8,Biobío,8205,Curanilahue,2,2,15,59
8,Biobío,8205,Curanilahue,1,2,15,916
8,Biobío,8205,Curanilahue,2,2,20,55
8,Biobío,8205,Curanilahue,1,2,20,926
8,Biobío,8205,Curanilahue,2,2,25,83
8,Biobío,8205,Curanilahue,1,2,25,1004
8,Biobío,8205,Curanilahue,2,2,30,94
8,Biobío,8205,Curanilahue,1,2,30,1067
8,Biobío,8205,Curanilahue,1,2,35,1013
8,Biobío,8205,Curanilahue,2,2,35,81
8,Biobío,8205,Curanilahue,1,2,40,1012
8,Biobío,8205,Curanilahue,2,2,40,77
8,Biobío,8205,Curanilahue,1,2,45,993
8,Biobío,8205,Curanilahue,2,2,45,73
8,Biobío,8205,Curanilahue,2,2,50,94
8,Biobío,8205,Curanilahue,1,2,50,1011
8,Biobío,8205,Curanilahue,1,2,55,1026
8,Biobío,8205,Curanilahue,2,2,55,83
8,Biobío,8205,Curanilahue,1,2,60,935
8,Biobío,8205,Curanilahue,2,2,60,70
8,Biobío,8205,Curanilahue,2,2,65,60
8,Biobío,8205,Curanilahue,1,2,65,795
8,Biobío,8205,Curanilahue,1,2,70,601
8,Biobío,8205,Curanilahue,2,2,70,58
8,Biobío,8205,Curanilahue,2,2,75,35
8,Biobío,8205,Curanilahue,1,2,75,388
8,Biobío,8205,Curanilahue,2,2,80,28
8,Biobío,8205,Curanilahue,1,2,80,254
8,Biobío,8205,Curanilahue,1,2,85,251
8,Biobío,8205,Curanilahue,2,2,85,21
8,Biobío,8206,Los Álamos,1,1,0,443
8,Biobío,8206,Los Álamos,2,1,0,93
8,Biobío,8206,Los Álamos,1,1,5,613
8,Biobío,8206,Los Álamos,2,1,5,124
8,Biobío,8206,Los Álamos,1,1,10,777
8,Biobío,8206,Los Álamos,2,1,10,126
8,Biobío,8206,Los Álamos,2,1,15,114
8,Biobío,8206,Los Álamos,1,1,15,724
8,Biobío,8206,Los Álamos,2,1,20,97
8,Biobío,8206,Los Álamos,1,1,20,582
8,Biobío,8206,Los Álamos,2,1,25,120
8,Biobío,8206,Los Álamos,1,1,25,522
8,Biobío,8206,Los Álamos,1,1,30,615
8,Biobío,8206,Los Álamos,2,1,30,163
8,Biobío,8206,Los Álamos,2,1,35,133
8,Biobío,8206,Los Álamos,1,1,35,564
8,Biobío,8206,Los Álamos,2,1,40,127
8,Biobío,8206,Los Álamos,1,1,40,546
8,Biobío,8206,Los Álamos,2,1,45,149
8,Biobío,8206,Los Álamos,1,1,45,569
8,Biobío,8206,Los Álamos,1,1,50,553
8,Biobío,8206,Los Álamos,2,1,50,138
8,Biobío,8206,Los Álamos,1,1,55,509
8,Biobío,8206,Los Álamos,2,1,55,141
8,Biobío,8206,Los Álamos,1,1,60,507
8,Biobío,8206,Los Álamos,2,1,60,142
8,Biobío,8206,Los Álamos,1,1,65,383
8,Biobío,8206,Los Álamos,2,1,65,93
8,Biobío,8206,Los Álamos,2,1,70,81
8,Biobío,8206,Los Álamos,1,1,70,311
8,Biobío,8206,Los Álamos,1,1,75,211
8,Biobío,8206,Los Álamos,2,1,75,45
8,Biobío,8206,Los Álamos,1,1,80,120
8,Biobío,8206,Los Álamos,2,1,80,20
8,Biobío,8206,Los Álamos,2,1,85,15
8,Biobío,8206,Los Álamos,1,1,85,111
8,Biobío,8206,Los Álamos,1,2,0,477
8,Biobío,8206,Los Álamos,2,2,0,98
8,Biobío,8206,Los Álamos,2,2,5,133
8,Biobío,8206,Los Álamos,1,2,5,624
8,Biobío,8206,Los Álamos,2,2,10,128
8,Biobío,8206,Los Álamos,1,2,10,786
8,Biobío,8206,Los Álamos,1,2,15,646
8,Biobío,8206,Los Álamos,2,2,15,104
8,Biobío,8206,Los Álamos,1,2,20,539
8,Biobío,8206,Los Álamos,2,2,20,110
8,Biobío,8206,Los Álamos,2,2,25,106
8,Biobío,8206,Los Álamos,1,2,25,653
8,Biobío,8206,Los Álamos,1,2,30,726
8,Biobío,8206,Los Álamos,2,2,30,142
8,Biobío,8206,Los Álamos,1,2,35,702
8,Biobío,8206,Los Álamos,2,2,35,112
8,Biobío,8206,Los Álamos,1,2,40,675
8,Biobío,8206,Los Álamos,2,2,40,136
8,Biobío,8206,Los Álamos,1,2,45,585
8,Biobío,8206,Los Álamos,2,2,45,116
8,Biobío,8206,Los Álamos,1,2,50,646
8,Biobío,8206,Los Álamos,2,2,50,157
8,Biobío,8206,Los Álamos,1,2,55,614
8,Biobío,8206,Los Álamos,2,2,55,134
8,Biobío,8206,Los Álamos,1,2,60,569
8,Biobío,8206,Los Álamos,2,2,60,100
8,Biobío,8206,Los Álamos,1,2,65,444
8,Biobío,8206,Los Álamos,2,2,65,88
8,Biobío,8206,Los Álamos,2,2,70,74
8,Biobío,8206,Los Álamos,1,2,70,352
8,Biobío,8206,Los Álamos,1,2,75,239
8,Biobío,8206,Los Álamos,2,2,75,44
8,Biobío,8206,Los Álamos,2,2,80,25
8,Biobío,8206,Los Álamos,1,2,80,130
8,Biobío,8206,Los Álamos,1,2,85,129
8,Biobío,8206,Los Álamos,2,2,85,26
8,Biobío,8207,Tirúa,1,1,0,68
8,Biobío,8207,Tirúa,2,1,0,235
8,Biobío,8207,Tirúa,2,1,5,278
8,Biobío,8207,Tirúa,1,1,5,88
8,Biobío,8207,Tirúa,1,1,10,86
8,Biobío,8207,Tirúa,2,1,10,326
8,Biobío,8207,Tirúa,2,1,15,289
8,Biobío,8207,Tirúa,1,1,15,84
8,Biobío,8207,Tirúa,1,1,20,79
8,Biobío,8207,Tirúa,2,1,20,271
8,Biobío,8207,Tirúa,1,1,25,87
8,Biobío,8207,Tirúa,2,1,25,266
8,Biobío,8207,Tirúa,2,1,30,241
8,Biobío,8207,Tirúa,1,1,30,90
8,Biobío,8207,Tirúa,2,1,35,241
8,Biobío,8207,Tirúa,1,1,35,90
8,Biobío,8207,Tirúa,2,1,40,275
8,Biobío,8207,Tirúa,1,1,40,88
8,Biobío,8207,Tirúa,2,1,45,256
8,Biobío,8207,Tirúa,1,1,45,68
8,Biobío,8207,Tirúa,1,1,50,71
8,Biobío,8207,Tirúa,2,1,50,262
8,Biobío,8207,Tirúa,1,1,55,64
8,Biobío,8207,Tirúa,2,1,55,240
8,Biobío,8207,Tirúa,2,1,60,224
8,Biobío,8207,Tirúa,1,1,60,41
8,Biobío,8207,Tirúa,1,1,65,53
8,Biobío,8207,Tirúa,2,1,65,161
8,Biobío,8207,Tirúa,1,1,70,23
8,Biobío,8207,Tirúa,2,1,70,142
8,Biobío,8207,Tirúa,2,1,75,85
8,Biobío,8207,Tirúa,1,1,75,18
8,Biobío,8207,Tirúa,1,1,80,10
8,Biobío,8207,Tirúa,2,1,80,58
8,Biobío,8207,Tirúa,2,1,85,50
8,Biobío,8207,Tirúa,1,1,85,15
8,Biobío,8207,Tirúa,1,2,0,64
8,Biobío,8207,Tirúa,2,2,0,212
8,Biobío,8207,Tirúa,2,2,5,272
8,Biobío,8207,Tirúa,1,2,5,102
8,Biobío,8207,Tirúa,2,2,10,321
8,Biobío,8207,Tirúa,1,2,10,81
8,Biobío,8207,Tirúa,2,2,15,322
8,Biobío,8207,Tirúa,1,2,15,86
8,Biobío,8207,Tirúa,2,2,20,275
8,Biobío,8207,Tirúa,1,2,20,87
8,Biobío,8207,Tirúa,2,2,25,270
8,Biobío,8207,Tirúa,1,2,25,116
8,Biobío,8207,Tirúa,2,2,30,298
8,Biobío,8207,Tirúa,1,2,30,116
8,Biobío,8207,Tirúa,1,2,35,102
8,Biobío,8207,Tirúa,2,2,35,263
8,Biobío,8207,Tirúa,1,2,40,96
8,Biobío,8207,Tirúa,2,2,40,285
8,Biobío,8207,Tirúa,1,2,45,70
8,Biobío,8207,Tirúa,2,2,45,259
8,Biobío,8207,Tirúa,1,2,50,76
8,Biobío,8207,Tirúa,2,2,50,240
8,Biobío,8207,Tirúa,1,2,55,73
8,Biobío,8207,Tirúa,2,2,55,223
8,Biobío,8207,Tirúa,1,2,60,70
8,Biobío,8207,Tirúa,2,2,60,178
8,Biobío,8207,Tirúa,1,2,65,49
8,Biobío,8207,Tirúa,2,2,65,168
8,Biobío,8207,Tirúa,2,2,70,123
8,Biobío,8207,Tirúa,1,2,70,42
8,Biobío,8207,Tirúa,2,2,75,83
8,Biobío,8207,Tirúa,1,2,75,20
8,Biobío,8207,Tirúa,2,2,80,57
8,Biobío,8207,Tirúa,1,2,80,20
8,Biobío,8207,Tirúa,1,2,85,11
8,Biobío,8207,Tirúa,2,2,85,55
8,Biobío,8301,Los Ángeles,2,1,0,1575
8,Biobío,8301,Los Ángeles,1,1,0,4182
8,Biobío,8301,Los Ángeles,1,1,5,5433
8,Biobío,8301,Los Ángeles,2,1,5,2062
8,Biobío,8301,Los Ángeles,2,1,10,2226
8,Biobío,8301,Los Ángeles,1,1,10,5923
8,Biobío,8301,Los Ángeles,1,1,15,5770
8,Biobío,8301,Los Ángeles,2,1,15,2110
8,Biobío,8301,Los Ángeles,2,1,20,1747
8,Biobío,8301,Los Ángeles,1,1,20,5042
8,Biobío,8301,Los Ángeles,1,1,25,5696
8,Biobío,8301,Los Ángeles,2,1,25,1837
8,Biobío,8301,Los Ángeles,1,1,30,6222
8,Biobío,8301,Los Ángeles,2,1,30,2111
8,Biobío,8301,Los Ángeles,1,1,35,5580
8,Biobío,8301,Los Ángeles,2,1,35,1986
8,Biobío,8301,Los Ángeles,2,1,40,2010
8,Biobío,8301,Los Ángeles,1,1,40,4929
8,Biobío,8301,Los Ángeles,2,1,45,1983
8,Biobío,8301,Los Ángeles,1,1,45,4474
8,Biobío,8301,Los Ángeles,2,1,50,2463
8,Biobío,8301,Los Ángeles,1,1,50,4525
8,Biobío,8301,Los Ángeles,2,1,55,2358
8,Biobío,8301,Los Ángeles,1,1,55,4285
8,Biobío,8301,Los Ángeles,2,1,60,2227
8,Biobío,8301,Los Ángeles,1,1,60,3626
8,Biobío,8301,Los Ángeles,2,1,65,1811
8,Biobío,8301,Los Ángeles,1,1,65,2862
8,Biobío,8301,Los Ángeles,2,1,70,1304
8,Biobío,8301,Los Ángeles,1,1,70,2091
8,Biobío,8301,Los Ángeles,2,1,75,959
8,Biobío,8301,Los Ángeles,1,1,75,1434
8,Biobío,8301,Los Ángeles,1,1,80,941
8,Biobío,8301,Los Ángeles,2,1,80,592
8,Biobío,8301,Los Ángeles,1,1,85,664
8,Biobío,8301,Los Ángeles,2,1,85,396
8,Biobío,8301,Los Ángeles,1,2,0,3991
8,Biobío,8301,Los Ángeles,2,2,0,1526
8,Biobío,8301,Los Ángeles,1,2,5,5296
8,Biobío,8301,Los Ángeles,2,2,5,1969
8,Biobío,8301,Los Ángeles,2,2,10,2146
8,Biobío,8301,Los Ángeles,1,2,10,5584
8,Biobío,8301,Los Ángeles,2,2,15,1903
8,Biobío,8301,Los Ángeles,1,2,15,5499
8,Biobío,8301,Los Ángeles,2,2,20,1774
8,Biobío,8301,Los Ángeles,1,2,20,5054
8,Biobío,8301,Los Ángeles,1,2,25,6031
8,Biobío,8301,Los Ángeles,2,2,25,1877
8,Biobío,8301,Los Ángeles,2,2,30,2185
8,Biobío,8301,Los Ángeles,1,2,30,7012
8,Biobío,8301,Los Ángeles,2,2,35,2083
8,Biobío,8301,Los Ángeles,1,2,35,6194
8,Biobío,8301,Los Ángeles,2,2,40,2030
8,Biobío,8301,Los Ángeles,1,2,40,5941
8,Biobío,8301,Los Ángeles,2,2,45,2045
8,Biobío,8301,Los Ángeles,1,2,45,5458
8,Biobío,8301,Los Ángeles,1,2,50,5589
8,Biobío,8301,Los Ángeles,2,2,50,2415
8,Biobío,8301,Los Ángeles,1,2,55,5012
8,Biobío,8301,Los Ángeles,2,2,55,2320
8,Biobío,8301,Los Ángeles,1,2,60,4440
8,Biobío,8301,Los Ángeles,2,2,60,2219
8,Biobío,8301,Los Ángeles,2,2,65,1648
8,Biobío,8301,Los Ángeles,1,2,65,3588
8,Biobío,8301,Los Ángeles,1,2,70,2793
8,Biobío,8301,Los Ángeles,2,2,70,1234
8,Biobío,8301,Los Ángeles,2,2,75,939
8,Biobío,8301,Los Ángeles,1,2,75,2098
8,Biobío,8301,Los Ángeles,1,2,80,1508
8,Biobío,8301,Los Ángeles,2,2,80,586
8,Biobío,8301,Los Ángeles,2,2,85,583
8,Biobío,8301,Los Ángeles,1,2,85,1435
8,Biobío,8302,Antuco,1,1,0,39
8,Biobío,8302,Antuco,2,1,0,44
8,Biobío,8302,Antuco,1,1,5,69
8,Biobío,8302,Antuco,2,1,5,73
8,Biobío,8302,Antuco,2,1,10,68
8,Biobío,8302,Antuco,1,1,10,55
8,Biobío,8302,Antuco,1,1,15,65
8,Biobío,8302,Antuco,2,1,15,75
8,Biobío,8302,Antuco,2,1,20,57
8,Biobío,8302,Antuco,1,1,20,64
8,Biobío,8302,Antuco,2,1,25,55
8,Biobío,8302,Antuco,1,1,25,83
8,Biobío,8302,Antuco,1,1,30,61
8,Biobío,8302,Antuco,2,1,30,74
8,Biobío,8302,Antuco,1,1,35,53
8,Biobío,8302,Antuco,2,1,35,61
8,Biobío,8302,Antuco,1,1,40,52
8,Biobío,8302,Antuco,2,1,40,93
8,Biobío,8302,Antuco,1,1,45,49
8,Biobío,8302,Antuco,2,1,45,77
8,Biobío,8302,Antuco,1,1,50,74
8,Biobío,8302,Antuco,2,1,50,73
8,Biobío,8302,Antuco,1,1,55,68
8,Biobío,8302,Antuco,2,1,55,92
8,Biobío,8302,Antuco,1,1,60,68
8,Biobío,8302,Antuco,2,1,60,94
8,Biobío,8302,Antuco,1,1,65,57
8,Biobío,8302,Antuco,2,1,65,77
8,Biobío,8302,Antuco,2,1,70,45
8,Biobío,8302,Antuco,1,1,70,42
8,Biobío,8302,Antuco,1,1,75,31
8,Biobío,8302,Antuco,2,1,75,37
8,Biobío,8302,Antuco,2,1,80,37
8,Biobío,8302,Antuco,1,1,80,24
8,Biobío,8302,Antuco,1,1,85,18
8,Biobío,8302,Antuco,2,1,85,21
8,Biobío,8302,Antuco,2,2,0,42
8,Biobío,8302,Antuco,1,2,0,39
8,Biobío,8302,Antuco,1,2,5,57
8,Biobío,8302,Antuco,2,2,5,59
8,Biobío,8302,Antuco,2,2,10,56
8,Biobío,8302,Antuco,1,2,10,60
8,Biobío,8302,Antuco,1,2,15,83
8,Biobío,8302,Antuco,2,2,15,61
8,Biobío,8302,Antuco,2,2,20,50
8,Biobío,8302,Antuco,1,2,20,81
8,Biobío,8302,Antuco,1,2,25,65
8,Biobío,8302,Antuco,2,2,25,61
8,Biobío,8302,Antuco,2,2,30,73
8,Biobío,8302,Antuco,1,2,30,78
8,Biobío,8302,Antuco,1,2,35,56
8,Biobío,8302,Antuco,2,2,35,80
8,Biobío,8302,Antuco,2,2,40,67
8,Biobío,8302,Antuco,1,2,40,85
8,Biobío,8302,Antuco,1,2,45,54
8,Biobío,8302,Antuco,2,2,45,70
8,Biobío,8302,Antuco,1,2,50,76
8,Biobío,8302,Antuco,2,2,50,81
8,Biobío,8302,Antuco,2,2,55,81
8,Biobío,8302,Antuco,1,2,55,81
8,Biobío,8302,Antuco,1,2,60,85
8,Biobío,8302,Antuco,2,2,60,88
8,Biobío,8302,Antuco,2,2,65,80
8,Biobío,8302,Antuco,1,2,65,72
8,Biobío,8302,Antuco,1,2,70,50
8,Biobío,8302,Antuco,2,2,70,53
8,Biobío,8302,Antuco,2,2,75,45
8,Biobío,8302,Antuco,1,2,75,42
8,Biobío,8302,Antuco,2,2,80,37
8,Biobío,8302,Antuco,1,2,80,35
8,Biobío,8302,Antuco,2,2,85,25
8,Biobío,8302,Antuco,1,2,85,40
8,Biobío,8303,Cabrero,2,1,0,234
8,Biobío,8303,Cabrero,1,1,0,513
8,Biobío,8303,Cabrero,2,1,5,295
8,Biobío,8303,Cabrero,1,1,5,714
8,Biobío,8303,Cabrero,1,1,10,780
8,Biobío,8303,Cabrero,2,1,10,328
8,Biobío,8303,Cabrero,1,1,15,795
8,Biobío,8303,Cabrero,2,1,15,254
8,Biobío,8303,Cabrero,2,1,20,213
8,Biobío,8303,Cabrero,1,1,20,774
8,Biobío,8303,Cabrero,1,1,25,756
8,Biobío,8303,Cabrero,2,1,25,249
8,Biobío,8303,Cabrero,2,1,30,351
8,Biobío,8303,Cabrero,1,1,30,758
8,Biobío,8303,Cabrero,1,1,35,664
8,Biobío,8303,Cabrero,2,1,35,303
8,Biobío,8303,Cabrero,1,1,40,603
8,Biobío,8303,Cabrero,2,1,40,312
8,Biobío,8303,Cabrero,1,1,45,621
8,Biobío,8303,Cabrero,2,1,45,287
8,Biobío,8303,Cabrero,2,1,50,373
8,Biobío,8303,Cabrero,1,1,50,723
8,Biobío,8303,Cabrero,2,1,55,388
8,Biobío,8303,Cabrero,1,1,55,749
8,Biobío,8303,Cabrero,1,1,60,608
8,Biobío,8303,Cabrero,2,1,60,406
8,Biobío,8303,Cabrero,2,1,65,294
8,Biobío,8303,Cabrero,1,1,65,451
8,Biobío,8303,Cabrero,1,1,70,329
8,Biobío,8303,Cabrero,2,1,70,273
8,Biobío,8303,Cabrero,2,1,75,187
8,Biobío,8303,Cabrero,1,1,75,249
8,Biobío,8303,Cabrero,1,1,80,153
8,Biobío,8303,Cabrero,2,1,80,95
8,Biobío,8303,Cabrero,1,1,85,111
8,Biobío,8303,Cabrero,2,1,85,71
8,Biobío,8303,Cabrero,1,2,0,525
8,Biobío,8303,Cabrero,2,2,0,239
8,Biobío,8303,Cabrero,2,2,5,258
8,Biobío,8303,Cabrero,1,2,5,662
8,Biobío,8303,Cabrero,1,2,10,699
8,Biobío,8303,Cabrero,2,2,10,280
8,Biobío,8303,Cabrero,2,2,15,253
8,Biobío,8303,Cabrero,1,2,15,753
8,Biobío,8303,Cabrero,1,2,20,801
8,Biobío,8303,Cabrero,2,2,20,236
8,Biobío,8303,Cabrero,2,2,25,265
8,Biobío,8303,Cabrero,1,2,25,781
8,Biobío,8303,Cabrero,1,2,30,865
8,Biobío,8303,Cabrero,2,2,30,354
8,Biobío,8303,Cabrero,1,2,35,808
8,Biobío,8303,Cabrero,2,2,35,290
8,Biobío,8303,Cabrero,1,2,40,790
8,Biobío,8303,Cabrero,2,2,40,312
8,Biobío,8303,Cabrero,1,2,45,770
8,Biobío,8303,Cabrero,2,2,45,274
8,Biobío,8303,Cabrero,2,2,50,348
8,Biobío,8303,Cabrero,1,2,50,854
8,Biobío,8303,Cabrero,1,2,55,798
8,Biobío,8303,Cabrero,2,2,55,358
8,Biobío,8303,Cabrero,2,2,60,357
8,Biobío,8303,Cabrero,1,2,60,649
8,Biobío,8303,Cabrero,1,2,65,464
8,Biobío,8303,Cabrero,2,2,65,292
8,Biobío,8303,Cabrero,1,2,70,381
8,Biobío,8303,Cabrero,2,2,70,225
8,Biobío,8303,Cabrero,1,2,75,296
8,Biobío,8303,Cabrero,2,2,75,164
8,Biobío,8303,Cabrero,1,2,80,206
8,Biobío,8303,Cabrero,2,2,80,106
8,Biobío,8303,Cabrero,1,2,85,199
8,Biobío,8303,Cabrero,2,2,85,80
8,Biobío,8304,Laja,2,1,0,231
8,Biobío,8304,Laja,1,1,0,330
8,Biobío,8304,Laja,1,1,5,474
8,Biobío,8304,Laja,2,1,5,253
8,Biobío,8304,Laja,1,1,10,567
8,Biobío,8304,Laja,2,1,10,300
8,Biobío,8304,Laja,1,1,15,534
8,Biobío,8304,Laja,2,1,15,257
8,Biobío,8304,Laja,2,1,20,237
8,Biobío,8304,Laja,1,1,20,547
8,Biobío,8304,Laja,1,1,25,544
8,Biobío,8304,Laja,2,1,25,229
8,Biobío,8304,Laja,2,1,30,281
8,Biobío,8304,Laja,1,1,30,511
8,Biobío,8304,Laja,2,1,35,248
8,Biobío,8304,Laja,1,1,35,400
8,Biobío,8304,Laja,2,1,40,285
8,Biobío,8304,Laja,1,1,40,396
8,Biobío,8304,Laja,2,1,45,250
8,Biobío,8304,Laja,1,1,45,415
8,Biobío,8304,Laja,2,1,50,254
8,Biobío,8304,Laja,1,1,50,474
8,Biobío,8304,Laja,2,1,55,307
8,Biobío,8304,Laja,1,1,55,540
8,Biobío,8304,Laja,1,1,60,479
8,Biobío,8304,Laja,2,1,60,278
8,Biobío,8304,Laja,2,1,65,251
8,Biobío,8304,Laja,1,1,65,343
8,Biobío,8304,Laja,2,1,70,219
8,Biobío,8304,Laja,1,1,70,267
8,Biobío,8304,Laja,2,1,75,141
8,Biobío,8304,Laja,1,1,75,224
8,Biobío,8304,Laja,1,1,80,156
8,Biobío,8304,Laja,2,1,80,87
8,Biobío,8304,Laja,2,1,85,60
8,Biobío,8304,Laja,1,1,85,82
8,Biobío,8304,Laja,1,2,0,332
8,Biobío,8304,Laja,2,2,0,216
8,Biobío,8304,Laja,1,2,5,475
8,Biobío,8304,Laja,2,2,5,265
8,Biobío,8304,Laja,1,2,10,533
8,Biobío,8304,Laja,2,2,10,264
8,Biobío,8304,Laja,2,2,15,278
8,Biobío,8304,Laja,1,2,15,542
8,Biobío,8304,Laja,1,2,20,524
8,Biobío,8304,Laja,2,2,20,243
8,Biobío,8304,Laja,1,2,25,521
8,Biobío,8304,Laja,2,2,25,253
8,Biobío,8304,Laja,1,2,30,576
8,Biobío,8304,Laja,2,2,30,277
8,Biobío,8304,Laja,2,2,35,282
8,Biobío,8304,Laja,1,2,35,477
8,Biobío,8304,Laja,2,2,40,282
8,Biobío,8304,Laja,1,2,40,514
8,Biobío,8304,Laja,2,2,45,251
8,Biobío,8304,Laja,1,2,45,511
8,Biobío,8304,Laja,2,2,50,278
8,Biobío,8304,Laja,1,2,50,560
8,Biobío,8304,Laja,1,2,55,600
8,Biobío,8304,Laja,2,2,55,265
8,Biobío,8304,Laja,2,2,60,292
8,Biobío,8304,Laja,1,2,60,528
8,Biobío,8304,Laja,1,2,65,417
8,Biobío,8304,Laja,2,2,65,233
8,Biobío,8304,Laja,1,2,70,371
8,Biobío,8304,Laja,2,2,70,178
8,Biobío,8304,Laja,1,2,75,284
8,Biobío,8304,Laja,2,2,75,136
8,Biobío,8304,Laja,2,2,80,85
8,Biobío,8304,Laja,1,2,80,185
8,Biobío,8304,Laja,2,2,85,77
8,Biobío,8304,Laja,1,2,85,150
8,Biobío,8305,Mulchén,1,1,0,543
8,Biobío,8305,Mulchén,2,1,0,148
8,Biobío,8305,Mulchén,1,1,5,706
8,Biobío,8305,Mulchén,2,1,5,182
8,Biobío,8305,Mulchén,2,1,10,212
8,Biobío,8305,Mulchén,1,1,10,855
8,Biobío,8305,Mulchén,2,1,15,186
8,Biobío,8305,Mulchén,1,1,15,808
8,Biobío,8305,Mulchén,1,1,20,793
8,Biobío,8305,Mulchén,2,1,20,166
8,Biobío,8305,Mulchén,2,1,25,171
8,Biobío,8305,Mulchén,1,1,25,779
8,Biobío,8305,Mulchén,1,1,30,796
8,Biobío,8305,Mulchén,2,1,30,203
8,Biobío,8305,Mulchén,2,1,35,190
8,Biobío,8305,Mulchén,1,1,35,692
8,Biobío,8305,Mulchén,2,1,40,233
8,Biobío,8305,Mulchén,1,1,40,649
8,Biobío,8305,Mulchén,2,1,45,198
8,Biobío,8305,Mulchén,1,1,45,603
8,Biobío,8305,Mulchén,2,1,50,243
8,Biobío,8305,Mulchén,1,1,50,668
8,Biobío,8305,Mulchén,1,1,55,742
8,Biobío,8305,Mulchén,2,1,55,281
8,Biobío,8305,Mulchén,2,1,60,251
8,Biobío,8305,Mulchén,1,1,60,614
8,Biobío,8305,Mulchén,1,1,65,501
8,Biobío,8305,Mulchén,2,1,65,220
8,Biobío,8305,Mulchén,2,1,70,175
8,Biobío,8305,Mulchén,1,1,70,372
8,Biobío,8305,Mulchén,1,1,75,304
8,Biobío,8305,Mulchén,2,1,75,144
8,Biobío,8305,Mulchén,2,1,80,69
8,Biobío,8305,Mulchén,1,1,80,181
8,Biobío,8305,Mulchén,2,1,85,62
8,Biobío,8305,Mulchén,1,1,85,153
8,Biobío,8305,Mulchén,1,2,0,514
8,Biobío,8305,Mulchén,2,2,0,155
8,Biobío,8305,Mulchén,1,2,5,685
8,Biobío,8305,Mulchén,2,2,5,175
8,Biobío,8305,Mulchén,1,2,10,868
8,Biobío,8305,Mulchén,2,2,10,208
8,Biobío,8305,Mulchén,2,2,15,179
8,Biobío,8305,Mulchén,1,2,15,844
8,Biobío,8305,Mulchén,2,2,20,143
8,Biobío,8305,Mulchén,1,2,20,750
8,Biobío,8305,Mulchén,2,2,25,180
8,Biobío,8305,Mulchén,1,2,25,842
8,Biobío,8305,Mulchén,1,2,30,813
8,Biobío,8305,Mulchén,2,2,30,228
8,Biobío,8305,Mulchén,2,2,35,209
8,Biobío,8305,Mulchén,1,2,35,820
8,Biobío,8305,Mulchén,1,2,40,780
8,Biobío,8305,Mulchén,2,2,40,185
8,Biobío,8305,Mulchén,1,2,45,703
8,Biobío,8305,Mulchén,2,2,45,199
8,Biobío,8305,Mulchén,1,2,50,783
8,Biobío,8305,Mulchén,2,2,50,220
8,Biobío,8305,Mulchén,1,2,55,797
8,Biobío,8305,Mulchén,2,2,55,224
8,Biobío,8305,Mulchén,1,2,60,685
8,Biobío,8305,Mulchén,2,2,60,208
8,Biobío,8305,Mulchén,1,2,65,572
8,Biobío,8305,Mulchén,2,2,65,189
8,Biobío,8305,Mulchén,1,2,70,483
8,Biobío,8305,Mulchén,2,2,70,153
8,Biobío,8305,Mulchén,1,2,75,379
8,Biobío,8305,Mulchén,2,2,75,102
8,Biobío,8305,Mulchén,1,2,80,239
8,Biobío,8305,Mulchén,2,2,80,73
8,Biobío,8305,Mulchén,2,2,85,74
8,Biobío,8305,Mulchén,1,2,85,282
8,Biobío,8306,Nacimiento,1,1,0,628
8,Biobío,8306,Nacimiento,2,1,0,49
8,Biobío,8306,Nacimiento,1,1,5,766
8,Biobío,8306,Nacimiento,2,1,5,73
8,Biobío,8306,Nacimiento,2,1,10,68
8,Biobío,8306,Nacimiento,1,1,10,852
8,Biobío,8306,Nacimiento,2,1,15,100
8,Biobío,8306,Nacimiento,1,1,15,866
8,Biobío,8306,Nacimiento,1,1,20,764
8,Biobío,8306,Nacimiento,2,1,20,66
8,Biobío,8306,Nacimiento,2,1,25,79
8,Biobío,8306,Nacimiento,1,1,25,806
8,Biobío,8306,Nacimiento,1,1,30,828
8,Biobío,8306,Nacimiento,2,1,30,73
8,Biobío,8306,Nacimiento,2,1,35,89
8,Biobío,8306,Nacimiento,1,1,35,674
8,Biobío,8306,Nacimiento,2,1,40,118
8,Biobío,8306,Nacimiento,1,1,40,660
8,Biobío,8306,Nacimiento,2,1,45,118
8,Biobío,8306,Nacimiento,1,1,45,587
8,Biobío,8306,Nacimiento,2,1,50,168
8,Biobío,8306,Nacimiento,1,1,50,664
8,Biobío,8306,Nacimiento,1,1,55,732
8,Biobío,8306,Nacimiento,2,1,55,175
8,Biobío,8306,Nacimiento,2,1,60,176
8,Biobío,8306,Nacimiento,1,1,60,658
8,Biobío,8306,Nacimiento,1,1,65,513
8,Biobío,8306,Nacimiento,2,1,65,192
8,Biobío,8306,Nacimiento,2,1,70,148
8,Biobío,8306,Nacimiento,1,1,70,342
8,Biobío,8306,Nacimiento,1,1,75,237
8,Biobío,8306,Nacimiento,2,1,75,113
8,Biobío,8306,Nacimiento,2,1,80,70
8,Biobío,8306,Nacimiento,1,1,80,169
8,Biobío,8306,Nacimiento,2,1,85,48
8,Biobío,8306,Nacimiento,1,1,85,121
8,Biobío,8306,Nacimiento,1,2,0,599
8,Biobío,8306,Nacimiento,2,2,0,63
8,Biobío,8306,Nacimiento,1,2,5,748
8,Biobío,8306,Nacimiento,2,2,5,71
8,Biobío,8306,Nacimiento,1,2,10,866
8,Biobío,8306,Nacimiento,2,2,10,84
8,Biobío,8306,Nacimiento,2,2,15,64
8,Biobío,8306,Nacimiento,1,2,15,778
8,Biobío,8306,Nacimiento,1,2,20,762
8,Biobío,8306,Nacimiento,2,2,20,64
8,Biobío,8306,Nacimiento,1,2,25,775
8,Biobío,8306,Nacimiento,2,2,25,57
8,Biobío,8306,Nacimiento,2,2,30,74
8,Biobío,8306,Nacimiento,1,2,30,921
8,Biobío,8306,Nacimiento,2,2,35,83
8,Biobío,8306,Nacimiento,1,2,35,768
8,Biobío,8306,Nacimiento,2,2,40,77
8,Biobío,8306,Nacimiento,1,2,40,803
8,Biobío,8306,Nacimiento,2,2,45,112
8,Biobío,8306,Nacimiento,1,2,45,790
8,Biobío,8306,Nacimiento,2,2,50,129
8,Biobío,8306,Nacimiento,1,2,50,813
8,Biobío,8306,Nacimiento,2,2,55,117
8,Biobío,8306,Nacimiento,1,2,55,797
8,Biobío,8306,Nacimiento,2,2,60,163
8,Biobío,8306,Nacimiento,1,2,60,716
8,Biobío,8306,Nacimiento,2,2,65,155
8,Biobío,8306,Nacimiento,1,2,65,523
8,Biobío,8306,Nacimiento,1,2,70,407
8,Biobío,8306,Nacimiento,2,2,70,106
8,Biobío,8306,Nacimiento,2,2,75,90
8,Biobío,8306,Nacimiento,1,2,75,289
8,Biobío,8306,Nacimiento,2,2,80,59
8,Biobío,8306,Nacimiento,1,2,80,179
8,Biobío,8306,Nacimiento,1,2,85,193
8,Biobío,8306,Nacimiento,2,2,85,55
8,Biobío,8307,Negrete,1,1,0,130
8,Biobío,8307,Negrete,2,1,0,124
8,Biobío,8307,Negrete,1,1,5,191
8,Biobío,8307,Negrete,2,1,5,140
8,Biobío,8307,Negrete,1,1,10,205
8,Biobío,8307,Negrete,2,1,10,185
8,Biobío,8307,Negrete,1,1,15,209
8,Biobío,8307,Negrete,2,1,15,178
8,Biobío,8307,Negrete,1,1,20,170
8,Biobío,8307,Negrete,2,1,20,164
8,Biobío,8307,Negrete,1,1,25,179
8,Biobío,8307,Negrete,2,1,25,136
8,Biobío,8307,Negrete,1,1,30,198
8,Biobío,8307,Negrete,2,1,30,202
8,Biobío,8307,Negrete,1,1,35,162
8,Biobío,8307,Negrete,2,1,35,157
8,Biobío,8307,Negrete,1,1,40,169
8,Biobío,8307,Negrete,2,1,40,157
8,Biobío,8307,Negrete,1,1,45,160
8,Biobío,8307,Negrete,2,1,45,138
8,Biobío,8307,Negrete,2,1,50,197
8,Biobío,8307,Negrete,1,1,50,175
8,Biobío,8307,Negrete,1,1,55,200
8,Biobío,8307,Negrete,2,1,55,191
8,Biobío,8307,Negrete,1,1,60,183
8,Biobío,8307,Negrete,2,1,60,173
8,Biobío,8307,Negrete,1,1,65,134
8,Biobío,8307,Negrete,2,1,65,170
8,Biobío,8307,Negrete,1,1,70,106
8,Biobío,8307,Negrete,2,1,70,91
8,Biobío,8307,Negrete,2,1,75,70
8,Biobío,8307,Negrete,1,1,75,72
8,Biobío,8307,Negrete,2,1,80,47
8,Biobío,8307,Negrete,1,1,80,54
8,Biobío,8307,Negrete,1,1,85,32
8,Biobío,8307,Negrete,2,1,85,24
8,Biobío,8307,Negrete,1,2,0,144
8,Biobío,8307,Negrete,2,2,0,138
8,Biobío,8307,Negrete,1,2,5,186
8,Biobío,8307,Negrete,2,2,5,172
8,Biobío,8307,Negrete,2,2,10,163
8,Biobío,8307,Negrete,1,2,10,191
8,Biobío,8307,Negrete,1,2,15,195
8,Biobío,8307,Negrete,2,2,15,156
8,Biobío,8307,Negrete,2,2,20,129
8,Biobío,8307,Negrete,1,2,20,182
8,Biobío,8307,Negrete,1,2,25,191
8,Biobío,8307,Negrete,2,2,25,151
8,Biobío,8307,Negrete,1,2,30,236
8,Biobío,8307,Negrete,2,2,30,201
8,Biobío,8307,Negrete,2,2,35,161
8,Biobío,8307,Negrete,1,2,35,195
8,Biobío,8307,Negrete,1,2,40,208
8,Biobío,8307,Negrete,2,2,40,148
8,Biobío,8307,Negrete,1,2,45,167
8,Biobío,8307,Negrete,2,2,45,163
8,Biobío,8307,Negrete,2,2,50,192
8,Biobío,8307,Negrete,1,2,50,222
8,Biobío,8307,Negrete,1,2,55,193
8,Biobío,8307,Negrete,2,2,55,170
8,Biobío,8307,Negrete,2,2,60,162
8,Biobío,8307,Negrete,1,2,60,186
8,Biobío,8307,Negrete,1,2,65,153
8,Biobío,8307,Negrete,2,2,65,130
8,Biobío,8307,Negrete,2,2,70,87
8,Biobío,8307,Negrete,1,2,70,102
8,Biobío,8307,Negrete,1,2,75,91
8,Biobío,8307,Negrete,2,2,75,68
8,Biobío,8307,Negrete,1,2,80,66
8,Biobío,8307,Negrete,2,2,80,45
8,Biobío,8307,Negrete,2,2,85,46
8,Biobío,8307,Negrete,1,2,85,60
8,Biobío,8308,Quilaco,2,1,0,37
8,Biobío,8308,Quilaco,1,1,0,57
8,Biobío,8308,Quilaco,2,1,5,60
8,Biobío,8308,Quilaco,1,1,5,64
8,Biobío,8308,Quilaco,1,1,10,74
8,Biobío,8308,Quilaco,2,1,10,68
8,Biobío,8308,Quilaco,2,1,15,69
8,Biobío,8308,Quilaco,1,1,15,71
8,Biobío,8308,Quilaco,1,1,20,59
8,Biobío,8308,Quilaco,2,1,20,56
8,Biobío,8308,Quilaco,2,1,25,54
8,Biobío,8308,Quilaco,1,1,25,73
8,Biobío,8308,Quilaco,2,1,30,64
8,Biobío,8308,Quilaco,1,1,30,68
8,Biobío,8308,Quilaco,2,1,35,72
8,Biobío,8308,Quilaco,1,1,35,58
8,Biobío,8308,Quilaco,1,1,40,57
8,Biobío,8308,Quilaco,2,1,40,75
8,Biobío,8308,Quilaco,1,1,45,52
8,Biobío,8308,Quilaco,2,1,45,64
8,Biobío,8308,Quilaco,1,1,50,65
8,Biobío,8308,Quilaco,2,1,50,95
8,Biobío,8308,Quilaco,2,1,55,100
8,Biobío,8308,Quilaco,1,1,55,57
8,Biobío,8308,Quilaco,1,1,60,52
8,Biobío,8308,Quilaco,2,1,60,112
8,Biobío,8308,Quilaco,2,1,65,106
8,Biobío,8308,Quilaco,1,1,65,43
8,Biobío,8308,Quilaco,1,1,70,32
8,Biobío,8308,Quilaco,2,1,70,91
8,Biobío,8308,Quilaco,2,1,75,57
8,Biobío,8308,Quilaco,1,1,75,37
8,Biobío,8308,Quilaco,2,1,80,36
8,Biobío,8308,Quilaco,1,1,80,24
8,Biobío,8308,Quilaco,2,1,85,30
8,Biobío,8308,Quilaco,1,1,85,21
8,Biobío,8308,Quilaco,1,2,0,47
8,Biobío,8308,Quilaco,2,2,0,49
8,Biobío,8308,Quilaco,1,2,5,71
8,Biobío,8308,Quilaco,2,2,5,64
8,Biobío,8308,Quilaco,2,2,10,75
8,Biobío,8308,Quilaco,1,2,10,73
8,Biobío,8308,Quilaco,2,2,15,62
8,Biobío,8308,Quilaco,1,2,15,51
8,Biobío,8308,Quilaco,2,2,20,43
8,Biobío,8308,Quilaco,1,2,20,52
8,Biobío,8308,Quilaco,1,2,25,83
8,Biobío,8308,Quilaco,2,2,25,59
8,Biobío,8308,Quilaco,2,2,30,68
8,Biobío,8308,Quilaco,1,2,30,78
8,Biobío,8308,Quilaco,2,2,35,68
8,Biobío,8308,Quilaco,1,2,35,70
8,Biobío,8308,Quilaco,1,2,40,57
8,Biobío,8308,Quilaco,2,2,40,61
8,Biobío,8308,Quilaco,2,2,45,52
8,Biobío,8308,Quilaco,1,2,45,71
8,Biobío,8308,Quilaco,2,2,50,103
8,Biobío,8308,Quilaco,1,2,50,63
8,Biobío,8308,Quilaco,1,2,55,68
8,Biobío,8308,Quilaco,2,2,55,102
8,Biobío,8308,Quilaco,2,2,60,96
8,Biobío,8308,Quilaco,1,2,60,50
8,Biobío,8308,Quilaco,2,2,65,95
8,Biobío,8308,Quilaco,1,2,65,53
8,Biobío,8308,Quilaco,1,2,70,44
8,Biobío,8308,Quilaco,2,2,70,67
8,Biobío,8308,Quilaco,2,2,75,55
8,Biobío,8308,Quilaco,1,2,75,39
8,Biobío,8308,Quilaco,2,2,80,38
8,Biobío,8308,Quilaco,1,2,80,39
8,Biobío,8308,Quilaco,2,2,85,39
8,Biobío,8308,Quilaco,1,2,85,25
8,Biobío,8309,Quilleco,2,1,0,107
8,Biobío,8309,Quilleco,1,1,0,132
8,Biobío,8309,Quilleco,2,1,5,94
8,Biobío,8309,Quilleco,1,1,5,157
8,Biobío,8309,Quilleco,1,1,10,182
8,Biobío,8309,Quilleco,2,1,10,148
8,Biobío,8309,Quilleco,1,1,15,185
8,Biobío,8309,Quilleco,2,1,15,124
8,Biobío,8309,Quilleco,2,1,20,94
8,Biobío,8309,Quilleco,1,1,20,189
8,Biobío,8309,Quilleco,1,1,25,176
8,Biobío,8309,Quilleco,2,1,25,99
8,Biobío,8309,Quilleco,2,1,30,125
8,Biobío,8309,Quilleco,1,1,30,191
8,Biobío,8309,Quilleco,1,1,35,131
8,Biobío,8309,Quilleco,2,1,35,113
8,Biobío,8309,Quilleco,2,1,40,119
8,Biobío,8309,Quilleco,1,1,40,144
8,Biobío,8309,Quilleco,2,1,45,128
8,Biobío,8309,Quilleco,1,1,45,151
8,Biobío,8309,Quilleco,1,1,50,214
8,Biobío,8309,Quilleco,2,1,50,168
8,Biobío,8309,Quilleco,2,1,55,161
8,Biobío,8309,Quilleco,1,1,55,201
8,Biobío,8309,Quilleco,1,1,60,140
8,Biobío,8309,Quilleco,2,1,60,156
8,Biobío,8309,Quilleco,2,1,65,163
8,Biobío,8309,Quilleco,1,1,65,129
8,Biobío,8309,Quilleco,1,1,70,114
8,Biobío,8309,Quilleco,2,1,70,125
8,Biobío,8309,Quilleco,2,1,75,90
8,Biobío,8309,Quilleco,1,1,75,113
8,Biobío,8309,Quilleco,1,1,80,76
8,Biobío,8309,Quilleco,2,1,80,68
8,Biobío,8309,Quilleco,1,1,85,69
8,Biobío,8309,Quilleco,2,1,85,50
8,Biobío,8309,Quilleco,2,2,0,73
8,Biobío,8309,Quilleco,1,2,0,147
8,Biobío,8309,Quilleco,1,2,5,155
8,Biobío,8309,Quilleco,2,2,5,103
8,Biobío,8309,Quilleco,2,2,10,117
8,Biobío,8309,Quilleco,1,2,10,158
8,Biobío,8309,Quilleco,1,2,15,191
8,Biobío,8309,Quilleco,2,2,15,130
8,Biobío,8309,Quilleco,2,2,20,102
8,Biobío,8309,Quilleco,1,2,20,159
8,Biobío,8309,Quilleco,2,2,25,97
8,Biobío,8309,Quilleco,1,2,25,172
8,Biobío,8309,Quilleco,2,2,30,132
8,Biobío,8309,Quilleco,1,2,30,214
8,Biobío,8309,Quilleco,1,2,35,168
8,Biobío,8309,Quilleco,2,2,35,127
8,Biobío,8309,Quilleco,1,2,40,161
8,Biobío,8309,Quilleco,2,2,40,96
8,Biobío,8309,Quilleco,1,2,45,169
8,Biobío,8309,Quilleco,2,2,45,119
8,Biobío,8309,Quilleco,2,2,50,168
8,Biobío,8309,Quilleco,1,2,50,244
8,Biobío,8309,Quilleco,2,2,55,157
8,Biobío,8309,Quilleco,1,2,55,193
8,Biobío,8309,Quilleco,1,2,60,169
8,Biobío,8309,Quilleco,2,2,60,167
8,Biobío,8309,Quilleco,2,2,65,138
8,Biobío,8309,Quilleco,1,2,65,154
8,Biobío,8309,Quilleco,1,2,70,154
8,Biobío,8309,Quilleco,2,2,70,98
8,Biobío,8309,Quilleco,2,2,75,85
8,Biobío,8309,Quilleco,1,2,75,104
8,Biobío,8309,Quilleco,2,2,80,54
8,Biobío,8309,Quilleco,1,2,80,79
8,Biobío,8309,Quilleco,1,2,85,71
8,Biobío,8309,Quilleco,2,2,85,49
8,Biobío,8310,San Rosendo,2,1,0,12
8,Biobío,8310,San Rosendo,1,1,0,47
8,Biobío,8310,San Rosendo,2,1,5,23
8,Biobío,8310,San Rosendo,1,1,5,85
8,Biobío,8310,San Rosendo,1,1,10,92
8,Biobío,8310,San Rosendo,2,1,10,19
8,Biobío,8310,San Rosendo,1,1,15,136
8,Biobío,8310,San Rosendo,2,1,15,11
8,Biobío,8310,San Rosendo,1,1,20,93
8,Biobío,8310,San Rosendo,2,1,20,15
8,Biobío,8310,San Rosendo,2,1,25,8
8,Biobío,8310,San Rosendo,1,1,25,100
8,Biobío,8310,San Rosendo,1,1,30,90
8,Biobío,8310,San Rosendo,2,1,30,22
8,Biobío,8310,San Rosendo,2,1,35,20
8,Biobío,8310,San Rosendo,1,1,35,96
8,Biobío,8310,San Rosendo,1,1,40,58
8,Biobío,8310,San Rosendo,2,1,40,10
8,Biobío,8310,San Rosendo,1,1,45,73
8,Biobío,8310,San Rosendo,2,1,45,26
8,Biobío,8310,San Rosendo,2,1,50,24
8,Biobío,8310,San Rosendo,1,1,50,85
8,Biobío,8310,San Rosendo,2,1,55,38
8,Biobío,8310,San Rosendo,1,1,55,91
8,Biobío,8310,San Rosendo,1,1,60,109
8,Biobío,8310,San Rosendo,2,1,60,45
8,Biobío,8310,San Rosendo,1,1,65,80
8,Biobío,8310,San Rosendo,2,1,65,23
8,Biobío,8310,San Rosendo,2,1,70,24
8,Biobío,8310,San Rosendo,1,1,70,67
8,Biobío,8310,San Rosendo,1,1,75,43
8,Biobío,8310,San Rosendo,2,1,75,16
8,Biobío,8310,San Rosendo,1,1,80,31
8,Biobío,8310,San Rosendo,2,1,80,12
8,Biobío,8310,San Rosendo,2,1,85,8
8,Biobío,8310,San Rosendo,1,1,85,21
8,Biobío,8310,San Rosendo,1,2,0,60
8,Biobío,8310,San Rosendo,2,2,0,12
8,Biobío,8310,San Rosendo,1,2,5,80
8,Biobío,8310,San Rosendo,2,2,5,12
8,Biobío,8310,San Rosendo,2,2,10,21
8,Biobío,8310,San Rosendo,1,2,10,84
8,Biobío,8310,San Rosendo,1,2,15,92
8,Biobío,8310,San Rosendo,2,2,15,11
8,Biobío,8310,San Rosendo,2,2,20,12
8,Biobío,8310,San Rosendo,1,2,20,80
8,Biobío,8310,San Rosendo,1,2,25,102
8,Biobío,8310,San Rosendo,2,2,25,15
8,Biobío,8310,San Rosendo,2,2,30,20
8,Biobío,8310,San Rosendo,1,2,30,103
8,Biobío,8310,San Rosendo,2,2,35,17
8,Biobío,8310,San Rosendo,1,2,35,92
8,Biobío,8310,San Rosendo,1,2,40,85
8,Biobío,8310,San Rosendo,2,2,40,17
8,Biobío,8310,San Rosendo,1,2,45,100
8,Biobío,8310,San Rosendo,2,2,45,19
8,Biobío,8310,San Rosendo,2,2,50,20
8,Biobío,8310,San Rosendo,1,2,50,103
8,Biobío,8310,San Rosendo,1,2,55,110
8,Biobío,8310,San Rosendo,2,2,55,29
8,Biobío,8310,San Rosendo,2,2,60,32
8,Biobío,8310,San Rosendo,1,2,60,127
8,Biobío,8310,San Rosendo,2,2,65,21
8,Biobío,8310,San Rosendo,1,2,65,85
8,Biobío,8310,San Rosendo,2,2,70,15
8,Biobío,8310,San Rosendo,1,2,70,65
8,Biobío,8310,San Rosendo,2,2,75,20
8,Biobío,8310,San Rosendo,1,2,75,68
8,Biobío,8310,San Rosendo,2,2,80,8
8,Biobío,8310,San Rosendo,1,2,80,39
8,Biobío,8310,San Rosendo,2,2,85,11
8,Biobío,8310,San Rosendo,1,2,85,35
8,Biobío,8311,Santa Bárbara,1,1,0,196
8,Biobío,8311,Santa Bárbara,2,1,0,143
8,Biobío,8311,Santa Bárbara,2,1,5,192
8,Biobío,8311,Santa Bárbara,1,1,5,247
8,Biobío,8311,Santa Bárbara,1,1,10,288
8,Biobío,8311,Santa Bárbara,2,1,10,210
8,Biobío,8311,Santa Bárbara,2,1,15,180
8,Biobío,8311,Santa Bárbara,1,1,15,292
8,Biobío,8311,Santa Bárbara,1,1,20,254
8,Biobío,8311,Santa Bárbara,2,1,20,179
8,Biobío,8311,Santa Bárbara,1,1,25,293
8,Biobío,8311,Santa Bárbara,2,1,25,179
8,Biobío,8311,Santa Bárbara,1,1,30,273
8,Biobío,8311,Santa Bárbara,2,1,30,196
8,Biobío,8311,Santa Bárbara,1,1,35,254
8,Biobío,8311,Santa Bárbara,2,1,35,201
8,Biobío,8311,Santa Bárbara,1,1,40,202
8,Biobío,8311,Santa Bárbara,2,1,40,207
8,Biobío,8311,Santa Bárbara,1,1,45,187
8,Biobío,8311,Santa Bárbara,2,1,45,213
8,Biobío,8311,Santa Bárbara,2,1,50,212
8,Biobío,8311,Santa Bárbara,1,1,50,195
8,Biobío,8311,Santa Bárbara,1,1,55,212
8,Biobío,8311,Santa Bárbara,2,1,55,271
8,Biobío,8311,Santa Bárbara,2,1,60,240
8,Biobío,8311,Santa Bárbara,1,1,60,176
8,Biobío,8311,Santa Bárbara,1,1,65,156
8,Biobío,8311,Santa Bárbara,2,1,65,226
8,Biobío,8311,Santa Bárbara,2,1,70,180
8,Biobío,8311,Santa Bárbara,1,1,70,128
8,Biobío,8311,Santa Bárbara,1,1,75,90
8,Biobío,8311,Santa Bárbara,2,1,75,115
8,Biobío,8311,Santa Bárbara,2,1,80,79
8,Biobío,8311,Santa Bárbara,1,1,80,68
8,Biobío,8311,Santa Bárbara,1,1,85,53
8,Biobío,8311,Santa Bárbara,2,1,85,60
8,Biobío,8311,Santa Bárbara,1,2,0,197
8,Biobío,8311,Santa Bárbara,2,2,0,133
8,Biobío,8311,Santa Bárbara,2,2,5,188
8,Biobío,8311,Santa Bárbara,1,2,5,238
8,Biobío,8311,Santa Bárbara,2,2,10,176
8,Biobío,8311,Santa Bárbara,1,2,10,266
8,Biobío,8311,Santa Bárbara,2,2,15,202
8,Biobío,8311,Santa Bárbara,1,2,15,267
8,Biobío,8311,Santa Bárbara,1,2,20,282
8,Biobío,8311,Santa Bárbara,2,2,20,183
8,Biobío,8311,Santa Bárbara,2,2,25,190
8,Biobío,8311,Santa Bárbara,1,2,25,323
8,Biobío,8311,Santa Bárbara,1,2,30,317
8,Biobío,8311,Santa Bárbara,2,2,30,197
8,Biobío,8311,Santa Bárbara,1,2,35,303
8,Biobío,8311,Santa Bárbara,2,2,35,193
8,Biobío,8311,Santa Bárbara,1,2,40,270
8,Biobío,8311,Santa Bárbara,2,2,40,203
8,Biobío,8311,Santa Bárbara,1,2,45,236
8,Biobío,8311,Santa Bárbara,2,2,45,202
8,Biobío,8311,Santa Bárbara,2,2,50,223
8,Biobío,8311,Santa Bárbara,1,2,50,257
8,Biobío,8311,Santa Bárbara,1,2,55,272
8,Biobío,8311,Santa Bárbara,2,2,55,221
8,Biobío,8311,Santa Bárbara,1,2,60,218
8,Biobío,8311,Santa Bárbara,2,2,60,227
8,Biobío,8311,Santa Bárbara,1,2,65,198
8,Biobío,8311,Santa Bárbara,2,2,65,184
8,Biobío,8311,Santa Bárbara,2,2,70,149
8,Biobío,8311,Santa Bárbara,1,2,70,162
8,Biobío,8311,Santa Bárbara,1,2,75,142
8,Biobío,8311,Santa Bárbara,2,2,75,107
8,Biobío,8311,Santa Bárbara,2,2,80,66
8,Biobío,8311,Santa Bárbara,1,2,80,90
8,Biobío,8311,Santa Bárbara,1,2,85,71
8,Biobío,8311,Santa Bárbara,2,2,85,75
8,Biobío,8312,Tucapel,1,1,0,276
8,Biobío,8312,Tucapel,2,1,0,45
8,Biobío,8312,Tucapel,2,1,5,65
8,Biobío,8312,Tucapel,1,1,5,402
8,Biobío,8312,Tucapel,2,1,10,66
8,Biobío,8312,Tucapel,1,1,10,460
8,Biobío,8312,Tucapel,2,1,15,49
8,Biobío,8312,Tucapel,1,1,15,510
8,Biobío,8312,Tucapel,1,1,20,384
8,Biobío,8312,Tucapel,2,1,20,57
8,Biobío,8312,Tucapel,1,1,25,418
8,Biobío,8312,Tucapel,2,1,25,51
8,Biobío,8312,Tucapel,2,1,30,59
8,Biobío,8312,Tucapel,1,1,30,438
8,Biobío,8312,Tucapel,1,1,35,414
8,Biobío,8312,Tucapel,2,1,35,63
8,Biobío,8312,Tucapel,1,1,40,414
8,Biobío,8312,Tucapel,2,1,40,84
8,Biobío,8312,Tucapel,1,1,45,330
8,Biobío,8312,Tucapel,2,1,45,90
8,Biobío,8312,Tucapel,1,1,50,375
8,Biobío,8312,Tucapel,2,1,50,110
8,Biobío,8312,Tucapel,1,1,55,412
8,Biobío,8312,Tucapel,2,1,55,106
8,Biobío,8312,Tucapel,2,1,60,123
8,Biobío,8312,Tucapel,1,1,60,407
8,Biobío,8312,Tucapel,2,1,65,115
8,Biobío,8312,Tucapel,1,1,65,322
8,Biobío,8312,Tucapel,2,1,70,93
8,Biobío,8312,Tucapel,1,1,70,268
8,Biobío,8312,Tucapel,2,1,75,70
8,Biobío,8312,Tucapel,1,1,75,190
8,Biobío,8312,Tucapel,2,1,80,39
8,Biobío,8312,Tucapel,1,1,80,128
8,Biobío,8312,Tucapel,1,1,85,95
8,Biobío,8312,Tucapel,2,1,85,40
8,Biobío,8312,Tucapel,2,2,0,58
8,Biobío,8312,Tucapel,1,2,0,311
8,Biobío,8312,Tucapel,1,2,5,409
8,Biobío,8312,Tucapel,2,2,5,63
8,Biobío,8312,Tucapel,2,2,10,64
8,Biobío,8312,Tucapel,1,2,10,445
8,Biobío,8312,Tucapel,1,2,15,456
8,Biobío,8312,Tucapel,2,2,15,60
8,Biobío,8312,Tucapel,1,2,20,382
8,Biobío,8312,Tucapel,2,2,20,51
8,Biobío,8312,Tucapel,1,2,25,448
8,Biobío,8312,Tucapel,2,2,25,60
8,Biobío,8312,Tucapel,2,2,30,69
8,Biobío,8312,Tucapel,1,2,30,524
8,Biobío,8312,Tucapel,1,2,35,473
8,Biobío,8312,Tucapel,2,2,35,69
8,Biobío,8312,Tucapel,1,2,40,453
8,Biobío,8312,Tucapel,2,2,40,72
8,Biobío,8312,Tucapel,1,2,45,395
8,Biobío,8312,Tucapel,2,2,45,71
8,Biobío,8312,Tucapel,1,2,50,478
8,Biobío,8312,Tucapel,2,2,50,91
8,Biobío,8312,Tucapel,2,2,55,102
8,Biobío,8312,Tucapel,1,2,55,495
8,Biobío,8312,Tucapel,1,2,60,390
8,Biobío,8312,Tucapel,2,2,60,91
8,Biobío,8312,Tucapel,2,2,65,105
8,Biobío,8312,Tucapel,1,2,65,384
8,Biobío,8312,Tucapel,1,2,70,310
8,Biobío,8312,Tucapel,2,2,70,93
8,Biobío,8312,Tucapel,2,2,75,65
8,Biobío,8312,Tucapel,1,2,75,241
8,Biobío,8312,Tucapel,1,2,80,154
8,Biobío,8312,Tucapel,2,2,80,52
8,Biobío,8312,Tucapel,1,2,85,139
8,Biobío,8312,Tucapel,2,2,85,38
8,Biobío,8313,Yumbel,2,1,0,200
8,Biobío,8313,Yumbel,1,1,0,318
8,Biobío,8313,Yumbel,2,1,5,232
8,Biobío,8313,Yumbel,1,1,5,411
8,Biobío,8313,Yumbel,1,1,10,450
8,Biobío,8313,Yumbel,2,1,10,288
8,Biobío,8313,Yumbel,1,1,15,438
8,Biobío,8313,Yumbel,2,1,15,284
8,Biobío,8313,Yumbel,2,1,20,235
8,Biobío,8313,Yumbel,1,1,20,397
8,Biobío,8313,Yumbel,1,1,25,408
8,Biobío,8313,Yumbel,2,1,25,213
8,Biobío,8313,Yumbel,2,1,30,267
8,Biobío,8313,Yumbel,1,1,30,419
8,Biobío,8313,Yumbel,1,1,35,398
8,Biobío,8313,Yumbel,2,1,35,268
8,Biobío,8313,Yumbel,2,1,40,327
8,Biobío,8313,Yumbel,1,1,40,424
8,Biobío,8313,Yumbel,2,1,45,333
8,Biobío,8313,Yumbel,1,1,45,392
8,Biobío,8313,Yumbel,1,1,50,415
8,Biobío,8313,Yumbel,2,1,50,394
8,Biobío,8313,Yumbel,2,1,55,463
8,Biobío,8313,Yumbel,1,1,55,373
8,Biobío,8313,Yumbel,1,1,60,366
8,Biobío,8313,Yumbel,2,1,60,458
8,Biobío,8313,Yumbel,2,1,65,450
8,Biobío,8313,Yumbel,1,1,65,316
8,Biobío,8313,Yumbel,2,1,70,315
8,Biobío,8313,Yumbel,1,1,70,232
8,Biobío,8313,Yumbel,2,1,75,209
8,Biobío,8313,Yumbel,1,1,75,165
8,Biobío,8313,Yumbel,1,1,80,133
8,Biobío,8313,Yumbel,2,1,80,163
8,Biobío,8313,Yumbel,1,1,85,93
8,Biobío,8313,Yumbel,2,1,85,112
8,Biobío,8313,Yumbel,1,2,0,299
8,Biobío,8313,Yumbel,2,2,0,168
8,Biobío,8313,Yumbel,1,2,5,378
8,Biobío,8313,Yumbel,2,2,5,241
8,Biobío,8313,Yumbel,2,2,10,262
8,Biobío,8313,Yumbel,1,2,10,459
8,Biobío,8313,Yumbel,2,2,15,246
8,Biobío,8313,Yumbel,1,2,15,395
8,Biobío,8313,Yumbel,1,2,20,406
8,Biobío,8313,Yumbel,2,2,20,219
8,Biobío,8313,Yumbel,2,2,25,218
8,Biobío,8313,Yumbel,1,2,25,425
8,Biobío,8313,Yumbel,1,2,30,491
8,Biobío,8313,Yumbel,2,2,30,266
8,Biobío,8313,Yumbel,2,2,35,315
8,Biobío,8313,Yumbel,1,2,35,462
8,Biobío,8313,Yumbel,2,2,40,283
8,Biobío,8313,Yumbel,1,2,40,501
8,Biobío,8313,Yumbel,2,2,45,285
8,Biobío,8313,Yumbel,1,2,45,435
8,Biobío,8313,Yumbel,1,2,50,477
8,Biobío,8313,Yumbel,2,2,50,388
8,Biobío,8313,Yumbel,1,2,55,507
8,Biobío,8313,Yumbel,2,2,55,456
8,Biobío,8313,Yumbel,1,2,60,406
8,Biobío,8313,Yumbel,2,2,60,412
8,Biobío,8313,Yumbel,1,2,65,375
8,Biobío,8313,Yumbel,2,2,65,368
8,Biobío,8313,Yumbel,2,2,70,286
8,Biobío,8313,Yumbel,1,2,70,291
8,Biobío,8313,Yumbel,1,2,75,225
8,Biobío,8313,Yumbel,2,2,75,226
8,Biobío,8313,Yumbel,2,2,80,147
8,Biobío,8313,Yumbel,1,2,80,189
8,Biobío,8313,Yumbel,2,2,85,148
8,Biobío,8313,Yumbel,1,2,85,156
8,Biobío,8314,Alto Biobío,2,1,0,172
8,Biobío,8314,Alto Biobío,2,1,5,263
8,Biobío,8314,Alto Biobío,2,1,10,258
8,Biobío,8314,Alto Biobío,2,1,15,258
8,Biobío,8314,Alto Biobío,2,1,20,214
8,Biobío,8314,Alto Biobío,2,1,25,209
8,Biobío,8314,Alto Biobío,2,1,30,241
8,Biobío,8314,Alto Biobío,2,1,35,204
8,Biobío,8314,Alto Biobío,2,1,40,248
8,Biobío,8314,Alto Biobío,2,1,45,179
8,Biobío,8314,Alto Biobío,2,1,50,170
8,Biobío,8314,Alto Biobío,2,1,55,150
8,Biobío,8314,Alto Biobío,2,1,60,147
8,Biobío,8314,Alto Biobío,2,1,65,111
8,Biobío,8314,Alto Biobío,2,1,70,65
8,Biobío,8314,Alto Biobío,2,1,75,52
8,Biobío,8314,Alto Biobío,2,1,80,35
8,Biobío,8314,Alto Biobío,2,1,85,29
8,Biobío,8314,Alto Biobío,2,2,0,194
8,Biobío,8314,Alto Biobío,2,2,5,238
8,Biobío,8314,Alto Biobío,2,2,10,297
8,Biobío,8314,Alto Biobío,2,2,15,275
8,Biobío,8314,Alto Biobío,2,2,20,229
8,Biobío,8314,Alto Biobío,2,2,25,229
8,Biobío,8314,Alto Biobío,2,2,30,255
8,Biobío,8314,Alto Biobío,2,2,35,230
8,Biobío,8314,Alto Biobío,2,2,40,190
8,Biobío,8314,Alto Biobío,2,2,45,167
8,Biobío,8314,Alto Biobío,2,2,50,182
8,Biobío,8314,Alto Biobío,2,2,55,151
8,Biobío,8314,Alto Biobío,2,2,60,115
8,Biobío,8314,Alto Biobío,2,2,65,95
8,Biobío,8314,Alto Biobío,2,2,70,67
8,Biobío,8314,Alto Biobío,2,2,75,45
8,Biobío,8314,Alto Biobío,2,2,80,31
8,Biobío,8314,Alto Biobío,2,2,85,21
9,La Araucanía,9101,Temuco,2,1,0,594
9,La Araucanía,9101,Temuco,1,1,0,6309
9,La Araucanía,9101,Temuco,1,1,5,8300
9,La Araucanía,9101,Temuco,2,1,5,775
9,La Araucanía,9101,Temuco,1,1,10,9102
9,La Araucanía,9101,Temuco,2,1,10,857
9,La Araucanía,9101,Temuco,2,1,15,874
9,La Araucanía,9101,Temuco,1,1,15,9241
9,La Araucanía,9101,Temuco,1,1,20,10533
9,La Araucanía,9101,Temuco,2,1,20,772
9,La Araucanía,9101,Temuco,1,1,25,10970
9,La Araucanía,9101,Temuco,2,1,25,762
9,La Araucanía,9101,Temuco,2,1,30,772
9,La Araucanía,9101,Temuco,1,1,30,11624
9,La Araucanía,9101,Temuco,2,1,35,694
9,La Araucanía,9101,Temuco,1,1,35,9769
9,La Araucanía,9101,Temuco,2,1,40,742
9,La Araucanía,9101,Temuco,1,1,40,8481
9,La Araucanía,9101,Temuco,2,1,45,725
9,La Araucanía,9101,Temuco,1,1,45,7441
9,La Araucanía,9101,Temuco,1,1,50,7717
9,La Araucanía,9101,Temuco,2,1,50,769
9,La Araucanía,9101,Temuco,1,1,55,6936
9,La Araucanía,9101,Temuco,2,1,55,705
9,La Araucanía,9101,Temuco,1,1,60,6319
9,La Araucanía,9101,Temuco,2,1,60,643
9,La Araucanía,9101,Temuco,2,1,65,523
9,La Araucanía,9101,Temuco,1,1,65,4996
9,La Araucanía,9101,Temuco,1,1,70,3660
9,La Araucanía,9101,Temuco,2,1,70,406
9,La Araucanía,9101,Temuco,2,1,75,243
9,La Araucanía,9101,Temuco,1,1,75,2632
9,La Araucanía,9101,Temuco,1,1,80,1679
9,La Araucanía,9101,Temuco,2,1,80,143
9,La Araucanía,9101,Temuco,2,1,85,143
9,La Araucanía,9101,Temuco,1,1,85,1312
9,La Araucanía,9101,Temuco,1,2,0,6062
9,La Araucanía,9101,Temuco,2,2,0,586
9,La Araucanía,9101,Temuco,2,2,5,754
9,La Araucanía,9101,Temuco,1,2,5,7926
9,La Araucanía,9101,Temuco,2,2,10,805
9,La Araucanía,9101,Temuco,1,2,10,8776
9,La Araucanía,9101,Temuco,2,2,15,802
9,La Araucanía,9101,Temuco,1,2,15,9089
9,La Araucanía,9101,Temuco,1,2,20,11069
9,La Araucanía,9101,Temuco,2,2,20,762
9,La Araucanía,9101,Temuco,1,2,25,11157
9,La Araucanía,9101,Temuco,2,2,25,751
9,La Araucanía,9101,Temuco,1,2,30,12081
9,La Araucanía,9101,Temuco,2,2,30,822
9,La Araucanía,9101,Temuco,1,2,35,10739
9,La Araucanía,9101,Temuco,2,2,35,735
9,La Araucanía,9101,Temuco,1,2,40,9696
9,La Araucanía,9101,Temuco,2,2,40,728
9,La Araucanía,9101,Temuco,1,2,45,9044
9,La Araucanía,9101,Temuco,2,2,45,789
9,La Araucanía,9101,Temuco,1,2,50,9459
9,La Araucanía,9101,Temuco,2,2,50,780
9,La Araucanía,9101,Temuco,1,2,55,8609
9,La Araucanía,9101,Temuco,2,2,55,701
9,La Araucanía,9101,Temuco,2,2,60,593
9,La Araucanía,9101,Temuco,1,2,60,7935
9,La Araucanía,9101,Temuco,1,2,65,6604
9,La Araucanía,9101,Temuco,2,2,65,478
9,La Araucanía,9101,Temuco,1,2,70,5145
9,La Araucanía,9101,Temuco,2,2,70,331
9,La Araucanía,9101,Temuco,1,2,75,4050
9,La Araucanía,9101,Temuco,2,2,75,253
9,La Araucanía,9101,Temuco,1,2,80,2897
9,La Araucanía,9101,Temuco,2,2,80,190
9,La Araucanía,9101,Temuco,1,2,85,2962
9,La Araucanía,9101,Temuco,2,2,85,195
9,La Araucanía,9102,Carahue,2,1,0,261
9,La Araucanía,9102,Carahue,1,1,0,299
9,La Araucanía,9102,Carahue,1,1,5,467
9,La Araucanía,9102,Carahue,2,1,5,379
9,La Araucanía,9102,Carahue,1,1,10,484
9,La Araucanía,9102,Carahue,2,1,10,419
9,La Araucanía,9102,Carahue,2,1,15,448
9,La Araucanía,9102,Carahue,1,1,15,494
9,La Araucanía,9102,Carahue,2,1,20,371
9,La Araucanía,9102,Carahue,1,1,20,416
9,La Araucanía,9102,Carahue,1,1,25,396
9,La Araucanía,9102,Carahue,2,1,25,280
9,La Araucanía,9102,Carahue,2,1,30,345
9,La Araucanía,9102,Carahue,1,1,30,381
9,La Araucanía,9102,Carahue,1,1,35,404
9,La Araucanía,9102,Carahue,2,1,35,354
9,La Araucanía,9102,Carahue,1,1,40,341
9,La Araucanía,9102,Carahue,2,1,40,403
9,La Araucanía,9102,Carahue,1,1,45,318
9,La Araucanía,9102,Carahue,2,1,45,430
9,La Araucanía,9102,Carahue,2,1,50,469
9,La Araucanía,9102,Carahue,1,1,50,341
9,La Araucanía,9102,Carahue,2,1,55,493
9,La Araucanía,9102,Carahue,1,1,55,330
9,La Araucanía,9102,Carahue,2,1,60,496
9,La Araucanía,9102,Carahue,1,1,60,303
9,La Araucanía,9102,Carahue,2,1,65,413
9,La Araucanía,9102,Carahue,1,1,65,238
9,La Araucanía,9102,Carahue,1,1,70,177
9,La Araucanía,9102,Carahue,2,1,70,362
9,La Araucanía,9102,Carahue,2,1,75,293
9,La Araucanía,9102,Carahue,1,1,75,128
9,La Araucanía,9102,Carahue,1,1,80,81
9,La Araucanía,9102,Carahue,2,1,80,185
9,La Araucanía,9102,Carahue,1,1,85,92
9,La Araucanía,9102,Carahue,2,1,85,117
9,La Araucanía,9102,Carahue,2,2,0,255
9,La Araucanía,9102,Carahue,1,2,0,311
9,La Araucanía,9102,Carahue,2,2,5,355
9,La Araucanía,9102,Carahue,1,2,5,450
9,La Araucanía,9102,Carahue,2,2,10,396
9,La Araucanía,9102,Carahue,1,2,10,497
9,La Araucanía,9102,Carahue,1,2,15,478
9,La Araucanía,9102,Carahue,2,2,15,395
9,La Araucanía,9102,Carahue,2,2,20,311
9,La Araucanía,9102,Carahue,1,2,20,439
9,La Araucanía,9102,Carahue,1,2,25,438
9,La Araucanía,9102,Carahue,2,2,25,303
9,La Araucanía,9102,Carahue,1,2,30,522
9,La Araucanía,9102,Carahue,2,2,30,358
9,La Araucanía,9102,Carahue,1,2,35,497
9,La Araucanía,9102,Carahue,2,2,35,352
9,La Araucanía,9102,Carahue,2,2,40,372
9,La Araucanía,9102,Carahue,1,2,40,496
9,La Araucanía,9102,Carahue,2,2,45,368
9,La Araucanía,9102,Carahue,1,2,45,373
9,La Araucanía,9102,Carahue,1,2,50,396
9,La Araucanía,9102,Carahue,2,2,50,443
9,La Araucanía,9102,Carahue,2,2,55,428
9,La Araucanía,9102,Carahue,1,2,55,387
9,La Araucanía,9102,Carahue,1,2,60,352
9,La Araucanía,9102,Carahue,2,2,60,412
9,La Araucanía,9102,Carahue,2,2,65,375
9,La Araucanía,9102,Carahue,1,2,65,344
9,La Araucanía,9102,Carahue,1,2,70,231
9,La Araucanía,9102,Carahue,2,2,70,339
9,La Araucanía,9102,Carahue,1,2,75,199
9,La Araucanía,9102,Carahue,2,2,75,223
9,La Araucanía,9102,Carahue,2,2,80,166
9,La Araucanía,9102,Carahue,1,2,80,147
9,La Araucanía,9102,Carahue,2,2,85,177
9,La Araucanía,9102,Carahue,1,2,85,164
9,La Araucanía,9103,Cunco,1,1,0,196
9,La Araucanía,9103,Cunco,2,1,0,202
9,La Araucanía,9103,Cunco,2,1,5,251
9,La Araucanía,9103,Cunco,1,1,5,322
9,La Araucanía,9103,Cunco,1,1,10,379
9,La Araucanía,9103,Cunco,2,1,10,270
9,La Araucanía,9103,Cunco,2,1,15,292
9,La Araucanía,9103,Cunco,1,1,15,342
9,La Araucanía,9103,Cunco,2,1,20,246
9,La Araucanía,9103,Cunco,1,1,20,300
9,La Araucanía,9103,Cunco,2,1,25,229
9,La Araucanía,9103,Cunco,1,1,25,314
9,La Araucanía,9103,Cunco,2,1,30,259
9,La Araucanía,9103,Cunco,1,1,30,323
9,La Araucanía,9103,Cunco,1,1,35,245
9,La Araucanía,9103,Cunco,2,1,35,278
9,La Araucanía,9103,Cunco,2,1,40,290
9,La Araucanía,9103,Cunco,1,1,40,269
9,La Araucanía,9103,Cunco,2,1,45,332
9,La Araucanía,9103,Cunco,1,1,45,230
9,La Araucanía,9103,Cunco,1,1,50,258
9,La Araucanía,9103,Cunco,2,1,50,393
9,La Araucanía,9103,Cunco,1,1,55,268
9,La Araucanía,9103,Cunco,2,1,55,431
9,La Araucanía,9103,Cunco,1,1,60,246
9,La Araucanía,9103,Cunco,2,1,60,408
9,La Araucanía,9103,Cunco,2,1,65,391
9,La Araucanía,9103,Cunco,1,1,65,208
9,La Araucanía,9103,Cunco,1,1,70,158
9,La Araucanía,9103,Cunco,2,1,70,278
9,La Araucanía,9103,Cunco,2,1,75,230
9,La Araucanía,9103,Cunco,1,1,75,113
9,La Araucanía,9103,Cunco,2,1,80,160
9,La Araucanía,9103,Cunco,1,1,80,87
9,La Araucanía,9103,Cunco,1,1,85,70
9,La Araucanía,9103,Cunco,2,1,85,100
9,La Araucanía,9103,Cunco,1,2,0,213
9,La Araucanía,9103,Cunco,2,2,0,174
9,La Araucanía,9103,Cunco,2,2,5,269
9,La Araucanía,9103,Cunco,1,2,5,348
9,La Araucanía,9103,Cunco,2,2,10,283
9,La Araucanía,9103,Cunco,1,2,10,353
9,La Araucanía,9103,Cunco,1,2,15,382
9,La Araucanía,9103,Cunco,2,2,15,242
9,La Araucanía,9103,Cunco,2,2,20,227
9,La Araucanía,9103,Cunco,1,2,20,304
9,La Araucanía,9103,Cunco,2,2,25,239
9,La Araucanía,9103,Cunco,1,2,25,321
9,La Araucanía,9103,Cunco,1,2,30,384
9,La Araucanía,9103,Cunco,2,2,30,281
9,La Araucanía,9103,Cunco,1,2,35,334
9,La Araucanía,9103,Cunco,2,2,35,258
9,La Araucanía,9103,Cunco,1,2,40,314
9,La Araucanía,9103,Cunco,2,2,40,265
9,La Araucanía,9103,Cunco,1,2,45,290
9,La Araucanía,9103,Cunco,2,2,45,305
9,La Araucanía,9103,Cunco,2,2,50,345
9,La Araucanía,9103,Cunco,1,2,50,317
9,La Araucanía,9103,Cunco,1,2,55,308
9,La Araucanía,9103,Cunco,2,2,55,357
9,La Araucanía,9103,Cunco,2,2,60,379
9,La Araucanía,9103,Cunco,1,2,60,262
9,La Araucanía,9103,Cunco,1,2,65,272
9,La Araucanía,9103,Cunco,2,2,65,360
9,La Araucanía,9103,Cunco,2,2,70,303
9,La Araucanía,9103,Cunco,1,2,70,204
9,La Araucanía,9103,Cunco,1,2,75,160
9,La Araucanía,9103,Cunco,2,2,75,232
9,La Araucanía,9103,Cunco,2,2,80,148
9,La Araucanía,9103,Cunco,1,2,80,100
9,La Araucanía,9103,Cunco,1,2,85,111
9,La Araucanía,9103,Cunco,2,2,85,165
9,La Araucanía,9104,Curarrehue,1,1,0,60
9,La Araucanía,9104,Curarrehue,2,1,0,150
9,La Araucanía,9104,Curarrehue,1,1,5,63
9,La Araucanía,9104,Curarrehue,2,1,5,206
9,La Araucanía,9104,Curarrehue,1,1,10,84
9,La Araucanía,9104,Curarrehue,2,1,10,229
9,La Araucanía,9104,Curarrehue,2,1,15,196
9,La Araucanía,9104,Curarrehue,1,1,15,61
9,La Araucanía,9104,Curarrehue,1,1,20,67
9,La Araucanía,9104,Curarrehue,2,1,20,165
9,La Araucanía,9104,Curarrehue,1,1,25,71
9,La Araucanía,9104,Curarrehue,2,1,25,182
9,La Araucanía,9104,Curarrehue,2,1,30,199
9,La Araucanía,9104,Curarrehue,1,1,30,66
9,La Araucanía,9104,Curarrehue,2,1,35,210
9,La Araucanía,9104,Curarrehue,1,1,35,69
9,La Araucanía,9104,Curarrehue,2,1,40,213
9,La Araucanía,9104,Curarrehue,1,1,40,54
9,La Araucanía,9104,Curarrehue,2,1,45,212
9,La Araucanía,9104,Curarrehue,1,1,45,54
9,La Araucanía,9104,Curarrehue,1,1,50,47
9,La Araucanía,9104,Curarrehue,2,1,50,215
9,La Araucanía,9104,Curarrehue,1,1,55,53
9,La Araucanía,9104,Curarrehue,2,1,55,203
9,La Araucanía,9104,Curarrehue,2,1,60,167
9,La Araucanía,9104,Curarrehue,1,1,60,48
9,La Araucanía,9104,Curarrehue,2,1,65,143
9,La Araucanía,9104,Curarrehue,1,1,65,28
9,La Araucanía,9104,Curarrehue,1,1,70,29
9,La Araucanía,9104,Curarrehue,2,1,70,124
9,La Araucanía,9104,Curarrehue,2,1,75,77
9,La Araucanía,9104,Curarrehue,1,1,75,18
9,La Araucanía,9104,Curarrehue,2,1,80,50
9,La Araucanía,9104,Curarrehue,1,1,80,11
9,La Araucanía,9104,Curarrehue,2,1,85,59
9,La Araucanía,9104,Curarrehue,1,1,85,18
9,La Araucanía,9104,Curarrehue,1,2,0,59
9,La Araucanía,9104,Curarrehue,2,2,0,131
9,La Araucanía,9104,Curarrehue,1,2,5,78
9,La Araucanía,9104,Curarrehue,2,2,5,189
9,La Araucanía,9104,Curarrehue,1,2,10,75
9,La Araucanía,9104,Curarrehue,2,2,10,219
9,La Araucanía,9104,Curarrehue,2,2,15,166
9,La Araucanía,9104,Curarrehue,1,2,15,70
9,La Araucanía,9104,Curarrehue,1,2,20,62
9,La Araucanía,9104,Curarrehue,2,2,20,160
9,La Araucanía,9104,Curarrehue,2,2,25,181
9,La Araucanía,9104,Curarrehue,1,2,25,72
9,La Araucanía,9104,Curarrehue,1,2,30,80
9,La Araucanía,9104,Curarrehue,2,2,30,205
9,La Araucanía,9104,Curarrehue,2,2,35,210
9,La Araucanía,9104,Curarrehue,1,2,35,88
9,La Araucanía,9104,Curarrehue,1,2,40,59
9,La Araucanía,9104,Curarrehue,2,2,40,190
9,La Araucanía,9104,Curarrehue,1,2,45,59
9,La Araucanía,9104,Curarrehue,2,2,45,174
9,La Araucanía,9104,Curarrehue,2,2,50,200
9,La Araucanía,9104,Curarrehue,1,2,50,68
9,La Araucanía,9104,Curarrehue,1,2,55,54
9,La Araucanía,9104,Curarrehue,2,2,55,192
9,La Araucanía,9104,Curarrehue,2,2,60,162
9,La Araucanía,9104,Curarrehue,1,2,60,60
9,La Araucanía,9104,Curarrehue,1,2,65,39
9,La Araucanía,9104,Curarrehue,2,2,65,129
9,La Araucanía,9104,Curarrehue,2,2,70,125
9,La Araucanía,9104,Curarrehue,1,2,70,31
9,La Araucanía,9104,Curarrehue,1,2,75,25
9,La Araucanía,9104,Curarrehue,2,2,75,69
9,La Araucanía,9104,Curarrehue,2,2,80,56
9,La Araucanía,9104,Curarrehue,1,2,80,16
9,La Araucanía,9104,Curarrehue,2,2,85,62
9,La Araucanía,9104,Curarrehue,1,2,85,17
9,La Araucanía,9105,Freire,1,1,0,151
9,La Araucanía,9105,Freire,2,1,0,460
9,La Araucanía,9105,Freire,1,1,5,167
9,La Araucanía,9105,Freire,2,1,5,601
9,La Araucanía,9105,Freire,1,1,10,232
9,La Araucanía,9105,Freire,2,1,10,661
9,La Araucanía,9105,Freire,1,1,15,220
9,La Araucanía,9105,Freire,2,1,15,652
9,La Araucanía,9105,Freire,2,1,20,633
9,La Araucanía,9105,Freire,1,1,20,218
9,La Araucanía,9105,Freire,1,1,25,209
9,La Araucanía,9105,Freire,2,1,25,596
9,La Araucanía,9105,Freire,2,1,30,633
9,La Araucanía,9105,Freire,1,1,30,211
9,La Araucanía,9105,Freire,2,1,35,624
9,La Araucanía,9105,Freire,1,1,35,163
9,La Araucanía,9105,Freire,2,1,40,586
9,La Araucanía,9105,Freire,1,1,40,151
9,La Araucanía,9105,Freire,2,1,45,650
9,La Araucanía,9105,Freire,1,1,45,163
9,La Araucanía,9105,Freire,1,1,50,176
9,La Araucanía,9105,Freire,2,1,50,746
9,La Araucanía,9105,Freire,2,1,55,787
9,La Araucanía,9105,Freire,1,1,55,191
9,La Araucanía,9105,Freire,2,1,60,724
9,La Araucanía,9105,Freire,1,1,60,180
9,La Araucanía,9105,Freire,2,1,65,639
9,La Araucanía,9105,Freire,1,1,65,156
9,La Araucanía,9105,Freire,1,1,70,106
9,La Araucanía,9105,Freire,2,1,70,465
9,La Araucanía,9105,Freire,2,1,75,346
9,La Araucanía,9105,Freire,1,1,75,67
9,La Araucanía,9105,Freire,1,1,80,42
9,La Araucanía,9105,Freire,2,1,80,233
9,La Araucanía,9105,Freire,2,1,85,161
9,La Araucanía,9105,Freire,1,1,85,29
9,La Araucanía,9105,Freire,2,2,0,427
9,La Araucanía,9105,Freire,1,2,0,132
9,La Araucanía,9105,Freire,2,2,5,586
9,La Araucanía,9105,Freire,1,2,5,165
9,La Araucanía,9105,Freire,2,2,10,598
9,La Araucanía,9105,Freire,1,2,10,197
9,La Araucanía,9105,Freire,1,2,15,203
9,La Araucanía,9105,Freire,2,2,15,677
9,La Araucanía,9105,Freire,2,2,20,588
9,La Araucanía,9105,Freire,1,2,20,200
9,La Araucanía,9105,Freire,2,2,25,624
9,La Araucanía,9105,Freire,1,2,25,215
9,La Araucanía,9105,Freire,2,2,30,637
9,La Araucanía,9105,Freire,1,2,30,246
9,La Araucanía,9105,Freire,1,2,35,191
9,La Araucanía,9105,Freire,2,2,35,601
9,La Araucanía,9105,Freire,2,2,40,644
9,La Araucanía,9105,Freire,1,2,40,182
9,La Araucanía,9105,Freire,2,2,45,629
9,La Araucanía,9105,Freire,1,2,45,199
9,La Araucanía,9105,Freire,2,2,50,745
9,La Araucanía,9105,Freire,1,2,50,257
9,La Araucanía,9105,Freire,2,2,55,722
9,La Araucanía,9105,Freire,1,2,55,223
9,La Araucanía,9105,Freire,2,2,60,701
9,La Araucanía,9105,Freire,1,2,60,210
9,La Araucanía,9105,Freire,2,2,65,595
9,La Araucanía,9105,Freire,1,2,65,153
9,La Araucanía,9105,Freire,1,2,70,123
9,La Araucanía,9105,Freire,2,2,70,444
9,La Araucanía,9105,Freire,2,2,75,355
9,La Araucanía,9105,Freire,1,2,75,100
9,La Araucanía,9105,Freire,2,2,80,216
9,La Araucanía,9105,Freire,1,2,80,72
9,La Araucanía,9105,Freire,1,2,85,67
9,La Araucanía,9105,Freire,2,2,85,211
9,La Araucanía,9106,Galvarino,2,1,0,213
9,La Araucanía,9106,Galvarino,1,1,0,105
9,La Araucanía,9106,Galvarino,1,1,5,159
9,La Araucanía,9106,Galvarino,2,1,5,286
9,La Araucanía,9106,Galvarino,1,1,10,163
9,La Araucanía,9106,Galvarino,2,1,10,320
9,La Araucanía,9106,Galvarino,1,1,15,161
9,La Araucanía,9106,Galvarino,2,1,15,318
9,La Araucanía,9106,Galvarino,2,1,20,254
9,La Araucanía,9106,Galvarino,1,1,20,132
9,La Araucanía,9106,Galvarino,1,1,25,132
9,La Araucanía,9106,Galvarino,2,1,25,266
9,La Araucanía,9106,Galvarino,2,1,30,248
9,La Araucanía,9106,Galvarino,1,1,30,155
9,La Araucanía,9106,Galvarino,2,1,35,228
9,La Araucanía,9106,Galvarino,1,1,35,147
9,La Araucanía,9106,Galvarino,2,1,40,279
9,La Araucanía,9106,Galvarino,1,1,40,120
9,La Araucanía,9106,Galvarino,2,1,45,286
9,La Araucanía,9106,Galvarino,1,1,45,101
9,La Araucanía,9106,Galvarino,1,1,50,122
9,La Araucanía,9106,Galvarino,2,1,50,319
9,La Araucanía,9106,Galvarino,2,1,55,293
9,La Araucanía,9106,Galvarino,1,1,55,106
9,La Araucanía,9106,Galvarino,2,1,60,310
9,La Araucanía,9106,Galvarino,1,1,60,125
9,La Araucanía,9106,Galvarino,2,1,65,253
9,La Araucanía,9106,Galvarino,1,1,65,99
9,La Araucanía,9106,Galvarino,1,1,70,63
9,La Araucanía,9106,Galvarino,2,1,70,189
9,La Araucanía,9106,Galvarino,2,1,75,141
9,La Araucanía,9106,Galvarino,1,1,75,35
9,La Araucanía,9106,Galvarino,1,1,80,27
9,La Araucanía,9106,Galvarino,2,1,80,97
9,La Araucanía,9106,Galvarino,2,1,85,85
9,La Araucanía,9106,Galvarino,1,1,85,23
9,La Araucanía,9106,Galvarino,2,2,0,217
9,La Araucanía,9106,Galvarino,1,2,0,101
9,La Araucanía,9106,Galvarino,1,2,5,140
9,La Araucanía,9106,Galvarino,2,2,5,279
9,La Araucanía,9106,Galvarino,1,2,10,181
9,La Araucanía,9106,Galvarino,2,2,10,288
9,La Araucanía,9106,Galvarino,1,2,15,141
9,La Araucanía,9106,Galvarino,2,2,15,289
9,La Araucanía,9106,Galvarino,2,2,20,259
9,La Araucanía,9106,Galvarino,1,2,20,157
9,La Araucanía,9106,Galvarino,2,2,25,235
9,La Araucanía,9106,Galvarino,1,2,25,148
9,La Araucanía,9106,Galvarino,1,2,30,185
9,La Araucanía,9106,Galvarino,2,2,30,265
9,La Araucanía,9106,Galvarino,2,2,35,228
9,La Araucanía,9106,Galvarino,1,2,35,168
9,La Araucanía,9106,Galvarino,1,2,40,157
9,La Araucanía,9106,Galvarino,2,2,40,237
9,La Araucanía,9106,Galvarino,1,2,45,120
9,La Araucanía,9106,Galvarino,2,2,45,268
9,La Araucanía,9106,Galvarino,2,2,50,282
9,La Araucanía,9106,Galvarino,1,2,50,126
9,La Araucanía,9106,Galvarino,2,2,55,278
9,La Araucanía,9106,Galvarino,1,2,55,139
9,La Araucanía,9106,Galvarino,2,2,60,268
9,La Araucanía,9106,Galvarino,1,2,60,152
9,La Araucanía,9106,Galvarino,1,2,65,107
9,La Araucanía,9106,Galvarino,2,2,65,210
9,La Araucanía,9106,Galvarino,1,2,70,64
9,La Araucanía,9106,Galvarino,2,2,70,150
9,La Araucanía,9106,Galvarino,1,2,75,59
9,La Araucanía,9106,Galvarino,2,2,75,136
9,La Araucanía,9106,Galvarino,1,2,80,49
9,La Araucanía,9106,Galvarino,2,2,80,100
9,La Araucanía,9106,Galvarino,2,2,85,112
9,La Araucanía,9106,Galvarino,1,2,85,55
9,La Araucanía,9107,Gorbea,1,1,0,191
9,La Araucanía,9107,Gorbea,2,1,0,110
9,La Araucanía,9107,Gorbea,2,1,5,121
9,La Araucanía,9107,Gorbea,1,1,5,260
9,La Araucanía,9107,Gorbea,1,1,10,336
9,La Araucanía,9107,Gorbea,2,1,10,145
9,La Araucanía,9107,Gorbea,1,1,15,302
9,La Araucanía,9107,Gorbea,2,1,15,148
9,La Araucanía,9107,Gorbea,2,1,20,109
9,La Araucanía,9107,Gorbea,1,1,20,297
9,La Araucanía,9107,Gorbea,1,1,25,312
9,La Araucanía,9107,Gorbea,2,1,25,108
9,La Araucanía,9107,Gorbea,2,1,30,134
9,La Araucanía,9107,Gorbea,1,1,30,303
9,La Araucanía,9107,Gorbea,2,1,35,139
9,La Araucanía,9107,Gorbea,1,1,35,249
9,La Araucanía,9107,Gorbea,2,1,40,149
9,La Araucanía,9107,Gorbea,1,1,40,231
9,La Araucanía,9107,Gorbea,2,1,45,145
9,La Araucanía,9107,Gorbea,1,1,45,242
9,La Araucanía,9107,Gorbea,1,1,50,262
9,La Araucanía,9107,Gorbea,2,1,50,194
9,La Araucanía,9107,Gorbea,1,1,55,285
9,La Araucanía,9107,Gorbea,2,1,55,189
9,La Araucanía,9107,Gorbea,1,1,60,314
9,La Araucanía,9107,Gorbea,2,1,60,199
9,La Araucanía,9107,Gorbea,2,1,65,181
9,La Araucanía,9107,Gorbea,1,1,65,224
9,La Araucanía,9107,Gorbea,1,1,70,189
9,La Araucanía,9107,Gorbea,2,1,70,152
9,La Araucanía,9107,Gorbea,2,1,75,127
9,La Araucanía,9107,Gorbea,1,1,75,151
9,La Araucanía,9107,Gorbea,1,1,80,102
9,La Araucanía,9107,Gorbea,2,1,80,53
9,La Araucanía,9107,Gorbea,2,1,85,54
9,La Araucanía,9107,Gorbea,1,1,85,71
9,La Araucanía,9107,Gorbea,1,2,0,199
9,La Araucanía,9107,Gorbea,2,2,0,86
9,La Araucanía,9107,Gorbea,2,2,5,119
9,La Araucanía,9107,Gorbea,1,2,5,272
9,La Araucanía,9107,Gorbea,1,2,10,300
9,La Araucanía,9107,Gorbea,2,2,10,137
9,La Araucanía,9107,Gorbea,2,2,15,117
9,La Araucanía,9107,Gorbea,1,2,15,312
9,La Araucanía,9107,Gorbea,1,2,20,275
9,La Araucanía,9107,Gorbea,2,2,20,121
9,La Araucanía,9107,Gorbea,1,2,25,328
9,La Araucanía,9107,Gorbea,2,2,25,112
9,La Araucanía,9107,Gorbea,1,2,30,372
9,La Araucanía,9107,Gorbea,2,2,30,143
9,La Araucanía,9107,Gorbea,1,2,35,313
9,La Araucanía,9107,Gorbea,2,2,35,131
9,La Araucanía,9107,Gorbea,1,2,40,297
9,La Araucanía,9107,Gorbea,2,2,40,147
9,La Araucanía,9107,Gorbea,1,2,45,276
9,La Araucanía,9107,Gorbea,2,2,45,138
9,La Araucanía,9107,Gorbea,2,2,50,169
9,La Araucanía,9107,Gorbea,1,2,50,351
9,La Araucanía,9107,Gorbea,1,2,55,360
9,La Araucanía,9107,Gorbea,2,2,55,199
9,La Araucanía,9107,Gorbea,2,2,60,172
9,La Araucanía,9107,Gorbea,1,2,60,317
9,La Araucanía,9107,Gorbea,1,2,65,285
9,La Araucanía,9107,Gorbea,2,2,65,173
9,La Araucanía,9107,Gorbea,2,2,70,142
9,La Araucanía,9107,Gorbea,1,2,70,223
9,La Araucanía,9107,Gorbea,1,2,75,198
9,La Araucanía,9107,Gorbea,2,2,75,117
9,La Araucanía,9107,Gorbea,1,2,80,160
9,La Araucanía,9107,Gorbea,2,2,80,87
9,La Araucanía,9107,Gorbea,1,2,85,150
9,La Araucanía,9107,Gorbea,2,2,85,72
9,La Araucanía,9108,Lautaro,2,1,0,333
9,La Araucanía,9108,Lautaro,1,1,0,771
9,La Araucanía,9108,Lautaro,2,1,5,412
9,La Araucanía,9108,Lautaro,1,1,5,1093
9,La Araucanía,9108,Lautaro,2,1,10,483
9,La Araucanía,9108,Lautaro,1,1,10,1065
9,La Araucanía,9108,Lautaro,1,1,15,1041
9,La Araucanía,9108,Lautaro,2,1,15,496
9,La Araucanía,9108,Lautaro,2,1,20,379
9,La Araucanía,9108,Lautaro,1,1,20,1044
9,La Araucanía,9108,Lautaro,2,1,25,374
9,La Araucanía,9108,Lautaro,1,1,25,1044
9,La Araucanía,9108,Lautaro,1,1,30,1103
9,La Araucanía,9108,Lautaro,2,1,30,414
9,La Araucanía,9108,Lautaro,1,1,35,948
9,La Araucanía,9108,Lautaro,2,1,35,428
9,La Araucanía,9108,Lautaro,1,1,40,852
9,La Araucanía,9108,Lautaro,2,1,40,400
9,La Araucanía,9108,Lautaro,1,1,45,783
9,La Araucanía,9108,Lautaro,2,1,45,469
9,La Araucanía,9108,Lautaro,2,1,50,516
9,La Araucanía,9108,Lautaro,1,1,50,866
9,La Araucanía,9108,Lautaro,2,1,55,465
9,La Araucanía,9108,Lautaro,1,1,55,736
9,La Araucanía,9108,Lautaro,1,1,60,657
9,La Araucanía,9108,Lautaro,2,1,60,446
9,La Araucanía,9108,Lautaro,1,1,65,534
9,La Araucanía,9108,Lautaro,2,1,65,355
9,La Araucanía,9108,Lautaro,2,1,70,258
9,La Araucanía,9108,Lautaro,1,1,70,378
9,La Araucanía,9108,Lautaro,1,1,75,315
9,La Araucanía,9108,Lautaro,2,1,75,224
9,La Araucanía,9108,Lautaro,2,1,80,132
9,La Araucanía,9108,Lautaro,1,1,80,154
9,La Araucanía,9108,Lautaro,1,1,85,134
9,La Araucanía,9108,Lautaro,2,1,85,95
9,La Araucanía,9108,Lautaro,2,2,0,320
9,La Araucanía,9108,Lautaro,1,2,0,735
9,La Araucanía,9108,Lautaro,2,2,5,463
9,La Araucanía,9108,Lautaro,1,2,5,991
9,La Araucanía,9108,Lautaro,2,2,10,442
9,La Araucanía,9108,Lautaro,1,2,10,1123
9,La Araucanía,9108,Lautaro,2,2,15,409
9,La Araucanía,9108,Lautaro,1,2,15,1070
9,La Araucanía,9108,Lautaro,2,2,20,373
9,La Araucanía,9108,Lautaro,1,2,20,1096
9,La Araucanía,9108,Lautaro,2,2,25,363
9,La Araucanía,9108,Lautaro,1,2,25,1151
9,La Araucanía,9108,Lautaro,2,2,30,431
9,La Araucanía,9108,Lautaro,1,2,30,1237
9,La Araucanía,9108,Lautaro,2,2,35,399
9,La Araucanía,9108,Lautaro,1,2,35,1089
9,La Araucanía,9108,Lautaro,2,2,40,402
9,La Araucanía,9108,Lautaro,1,2,40,1024
9,La Araucanía,9108,Lautaro,2,2,45,436
9,La Araucanía,9108,Lautaro,1,2,45,995
9,La Araucanía,9108,Lautaro,1,2,50,1054
9,La Araucanía,9108,Lautaro,2,2,50,474
9,La Araucanía,9108,Lautaro,1,2,55,893
9,La Araucanía,9108,Lautaro,2,2,55,407
9,La Araucanía,9108,Lautaro,2,2,60,400
9,La Araucanía,9108,Lautaro,1,2,60,792
9,La Araucanía,9108,Lautaro,2,2,65,343
9,La Araucanía,9108,Lautaro,1,2,65,687
9,La Araucanía,9108,Lautaro,1,2,70,495
9,La Araucanía,9108,Lautaro,2,2,70,241
9,La Araucanía,9108,Lautaro,2,2,75,181
9,La Araucanía,9108,Lautaro,1,2,75,409
9,La Araucanía,9108,Lautaro,2,2,80,127
9,La Araucanía,9108,Lautaro,1,2,80,283
9,La Araucanía,9108,Lautaro,2,2,85,121
9,La Araucanía,9108,Lautaro,1,2,85,283
9,La Araucanía,9109,Loncoche,2,1,0,191
9,La Araucanía,9109,Loncoche,1,1,0,352
9,La Araucanía,9109,Loncoche,1,1,5,524
9,La Araucanía,9109,Loncoche,2,1,5,278
9,La Araucanía,9109,Loncoche,1,1,10,625
9,La Araucanía,9109,Loncoche,2,1,10,294
9,La Araucanía,9109,Loncoche,2,1,15,262
9,La Araucanía,9109,Loncoche,1,1,15,577
9,La Araucanía,9109,Loncoche,1,1,20,530
9,La Araucanía,9109,Loncoche,2,1,20,218
9,La Araucanía,9109,Loncoche,2,1,25,218
9,La Araucanía,9109,Loncoche,1,1,25,524
9,La Araucanía,9109,Loncoche,1,1,30,533
9,La Araucanía,9109,Loncoche,2,1,30,254
9,La Araucanía,9109,Loncoche,1,1,35,458
9,La Araucanía,9109,Loncoche,2,1,35,282
9,La Araucanía,9109,Loncoche,2,1,40,289
9,La Araucanía,9109,Loncoche,1,1,40,483
9,La Araucanía,9109,Loncoche,2,1,45,270
9,La Araucanía,9109,Loncoche,1,1,45,404
9,La Araucanía,9109,Loncoche,2,1,50,340
9,La Araucanía,9109,Loncoche,1,1,50,489
9,La Araucanía,9109,Loncoche,2,1,55,378
9,La Araucanía,9109,Loncoche,1,1,55,470
9,La Araucanía,9109,Loncoche,1,1,60,467
9,La Araucanía,9109,Loncoche,2,1,60,363
9,La Araucanía,9109,Loncoche,1,1,65,396
9,La Araucanía,9109,Loncoche,2,1,65,368
9,La Araucanía,9109,Loncoche,2,1,70,273
9,La Araucanía,9109,Loncoche,1,1,70,285
9,La Araucanía,9109,Loncoche,1,1,75,201
9,La Araucanía,9109,Loncoche,2,1,75,170
9,La Araucanía,9109,Loncoche,2,1,80,114
9,La Araucanía,9109,Loncoche,1,1,80,128
9,La Araucanía,9109,Loncoche,1,1,85,102
9,La Araucanía,9109,Loncoche,2,1,85,91
9,La Araucanía,9109,Loncoche,2,2,0,185
9,La Araucanía,9109,Loncoche,1,2,0,381
9,La Araucanía,9109,Loncoche,1,2,5,482
9,La Araucanía,9109,Loncoche,2,2,5,248
9,La Araucanía,9109,Loncoche,1,2,10,592
9,La Araucanía,9109,Loncoche,2,2,10,264
9,La Araucanía,9109,Loncoche,1,2,15,595
9,La Araucanía,9109,Loncoche,2,2,15,269
9,La Araucanía,9109,Loncoche,2,2,20,189
9,La Araucanía,9109,Loncoche,1,2,20,526
9,La Araucanía,9109,Loncoche,2,2,25,194
9,La Araucanía,9109,Loncoche,1,2,25,524
9,La Araucanía,9109,Loncoche,2,2,30,277
9,La Araucanía,9109,Loncoche,1,2,30,568
9,La Araucanía,9109,Loncoche,1,2,35,560
9,La Araucanía,9109,Loncoche,2,2,35,271
9,La Araucanía,9109,Loncoche,1,2,40,594
9,La Araucanía,9109,Loncoche,2,2,40,314
9,La Araucanía,9109,Loncoche,2,2,45,292
9,La Araucanía,9109,Loncoche,1,2,45,499
9,La Araucanía,9109,Loncoche,1,2,50,527
9,La Araucanía,9109,Loncoche,2,2,50,296
9,La Araucanía,9109,Loncoche,2,2,55,364
9,La Araucanía,9109,Loncoche,1,2,55,584
9,La Araucanía,9109,Loncoche,2,2,60,384
9,La Araucanía,9109,Loncoche,1,2,60,555
9,La Araucanía,9109,Loncoche,1,2,65,428
9,La Araucanía,9109,Loncoche,2,2,65,329
9,La Araucanía,9109,Loncoche,2,2,70,237
9,La Araucanía,9109,Loncoche,1,2,70,366
9,La Araucanía,9109,Loncoche,1,2,75,263
9,La Araucanía,9109,Loncoche,2,2,75,177
9,La Araucanía,9109,Loncoche,1,2,80,199
9,La Araucanía,9109,Loncoche,2,2,80,108
9,La Araucanía,9109,Loncoche,2,2,85,123
9,La Araucanía,9109,Loncoche,1,2,85,193
9,La Araucanía,9110,Melipeuco,2,1,0,101
9,La Araucanía,9110,Melipeuco,1,1,0,68
9,La Araucanía,9110,Melipeuco,1,1,5,95
9,La Araucanía,9110,Melipeuco,2,1,5,134
9,La Araucanía,9110,Melipeuco,1,1,10,101
9,La Araucanía,9110,Melipeuco,2,1,10,134
9,La Araucanía,9110,Melipeuco,2,1,15,105
9,La Araucanía,9110,Melipeuco,1,1,15,99
9,La Araucanía,9110,Melipeuco,2,1,20,95
9,La Araucanía,9110,Melipeuco,1,1,20,86
9,La Araucanía,9110,Melipeuco,1,1,25,89
9,La Araucanía,9110,Melipeuco,2,1,25,117
9,La Araucanía,9110,Melipeuco,2,1,30,123
9,La Araucanía,9110,Melipeuco,1,1,30,82
9,La Araucanía,9110,Melipeuco,2,1,35,149
9,La Araucanía,9110,Melipeuco,1,1,35,79
9,La Araucanía,9110,Melipeuco,2,1,40,124
9,La Araucanía,9110,Melipeuco,1,1,40,80
9,La Araucanía,9110,Melipeuco,2,1,45,123
9,La Araucanía,9110,Melipeuco,1,1,45,70
9,La Araucanía,9110,Melipeuco,1,1,50,81
9,La Araucanía,9110,Melipeuco,2,1,50,144
9,La Araucanía,9110,Melipeuco,2,1,55,143
9,La Araucanía,9110,Melipeuco,1,1,55,75
9,La Araucanía,9110,Melipeuco,2,1,60,162
9,La Araucanía,9110,Melipeuco,1,1,60,67
9,La Araucanía,9110,Melipeuco,2,1,65,128
9,La Araucanía,9110,Melipeuco,1,1,65,62
9,La Araucanía,9110,Melipeuco,1,1,70,47
9,La Araucanía,9110,Melipeuco,2,1,70,101
9,La Araucanía,9110,Melipeuco,2,1,75,86
9,La Araucanía,9110,Melipeuco,1,1,75,46
9,La Araucanía,9110,Melipeuco,2,1,80,54
9,La Araucanía,9110,Melipeuco,1,1,80,29
9,La Araucanía,9110,Melipeuco,2,1,85,47
9,La Araucanía,9110,Melipeuco,1,1,85,16
9,La Araucanía,9110,Melipeuco,2,2,0,93
9,La Araucanía,9110,Melipeuco,1,2,0,72
9,La Araucanía,9110,Melipeuco,1,2,5,90
9,La Araucanía,9110,Melipeuco,2,2,5,114
9,La Araucanía,9110,Melipeuco,1,2,10,99
9,La Araucanía,9110,Melipeuco,2,2,10,107
9,La Araucanía,9110,Melipeuco,1,2,15,96
9,La Araucanía,9110,Melipeuco,2,2,15,124
9,La Araucanía,9110,Melipeuco,2,2,20,90
9,La Araucanía,9110,Melipeuco,1,2,20,80
9,La Araucanía,9110,Melipeuco,2,2,25,118
9,La Araucanía,9110,Melipeuco,1,2,25,111
9,La Araucanía,9110,Melipeuco,2,2,30,130
9,La Araucanía,9110,Melipeuco,1,2,30,114
9,La Araucanía,9110,Melipeuco,2,2,35,139
9,La Araucanía,9110,Melipeuco,1,2,35,103
9,La Araucanía,9110,Melipeuco,2,2,40,131
9,La Araucanía,9110,Melipeuco,1,2,40,94
9,La Araucanía,9110,Melipeuco,2,2,45,115
9,La Araucanía,9110,Melipeuco,1,2,45,88
9,La Araucanía,9110,Melipeuco,1,2,50,112
9,La Araucanía,9110,Melipeuco,2,2,50,134
9,La Araucanía,9110,Melipeuco,2,2,55,137
9,La Araucanía,9110,Melipeuco,1,2,55,77
9,La Araucanía,9110,Melipeuco,1,2,60,91
9,La Araucanía,9110,Melipeuco,2,2,60,137
9,La Araucanía,9110,Melipeuco,2,2,65,131
9,La Araucanía,9110,Melipeuco,1,2,65,84
9,La Araucanía,9110,Melipeuco,2,2,70,99
9,La Araucanía,9110,Melipeuco,1,2,70,45
9,La Araucanía,9110,Melipeuco,2,2,75,71
9,La Araucanía,9110,Melipeuco,1,2,75,43
9,La Araucanía,9110,Melipeuco,2,2,80,54
9,La Araucanía,9110,Melipeuco,1,2,80,31
9,La Araucanía,9110,Melipeuco,2,2,85,69
9,La Araucanía,9110,Melipeuco,1,2,85,31
9,La Araucanía,9111,Nueva Imperial,2,1,0,413
9,La Araucanía,9111,Nueva Imperial,1,1,0,439
9,La Araucanía,9111,Nueva Imperial,1,1,5,569
9,La Araucanía,9111,Nueva Imperial,2,1,5,471
9,La Araucanía,9111,Nueva Imperial,1,1,10,656
9,La Araucanía,9111,Nueva Imperial,2,1,10,550
9,La Araucanía,9111,Nueva Imperial,2,1,15,526
9,La Araucanía,9111,Nueva Imperial,1,1,15,714
9,La Araucanía,9111,Nueva Imperial,2,1,20,433
9,La Araucanía,9111,Nueva Imperial,1,1,20,633
9,La Araucanía,9111,Nueva Imperial,1,1,25,654
9,La Araucanía,9111,Nueva Imperial,2,1,25,453
9,La Araucanía,9111,Nueva Imperial,2,1,30,477
9,La Araucanía,9111,Nueva Imperial,1,1,30,596
9,La Araucanía,9111,Nueva Imperial,1,1,35,516
9,La Araucanía,9111,Nueva Imperial,2,1,35,487
9,La Araucanía,9111,Nueva Imperial,1,1,40,499
9,La Araucanía,9111,Nueva Imperial,2,1,40,496
9,La Araucanía,9111,Nueva Imperial,1,1,45,454
9,La Araucanía,9111,Nueva Imperial,2,1,45,523
9,La Araucanía,9111,Nueva Imperial,2,1,50,591
9,La Araucanía,9111,Nueva Imperial,1,1,50,539
9,La Araucanía,9111,Nueva Imperial,2,1,55,645
9,La Araucanía,9111,Nueva Imperial,1,1,55,434
9,La Araucanía,9111,Nueva Imperial,2,1,60,654
9,La Araucanía,9111,Nueva Imperial,1,1,60,413
9,La Araucanía,9111,Nueva Imperial,2,1,65,581
9,La Araucanía,9111,Nueva Imperial,1,1,65,316
9,La Araucanía,9111,Nueva Imperial,1,1,70,268
9,La Araucanía,9111,Nueva Imperial,2,1,70,422
9,La Araucanía,9111,Nueva Imperial,2,1,75,324
9,La Araucanía,9111,Nueva Imperial,1,1,75,179
9,La Araucanía,9111,Nueva Imperial,1,1,80,136
9,La Araucanía,9111,Nueva Imperial,2,1,80,222
9,La Araucanía,9111,Nueva Imperial,1,1,85,81
9,La Araucanía,9111,Nueva Imperial,2,1,85,182
9,La Araucanía,9111,Nueva Imperial,1,2,0,425
9,La Araucanía,9111,Nueva Imperial,2,2,0,446
9,La Araucanía,9111,Nueva Imperial,2,2,5,511
9,La Araucanía,9111,Nueva Imperial,1,2,5,549
9,La Araucanía,9111,Nueva Imperial,2,2,10,587
9,La Araucanía,9111,Nueva Imperial,1,2,10,616
9,La Araucanía,9111,Nueva Imperial,2,2,15,499
9,La Araucanía,9111,Nueva Imperial,1,2,15,676
9,La Araucanía,9111,Nueva Imperial,1,2,20,637
9,La Araucanía,9111,Nueva Imperial,2,2,20,438
9,La Araucanía,9111,Nueva Imperial,1,2,25,637
9,La Araucanía,9111,Nueva Imperial,2,2,25,493
9,La Araucanía,9111,Nueva Imperial,2,2,30,490
9,La Araucanía,9111,Nueva Imperial,1,2,30,688
9,La Araucanía,9111,Nueva Imperial,1,2,35,609
9,La Araucanía,9111,Nueva Imperial,2,2,35,528
9,La Araucanía,9111,Nueva Imperial,1,2,40,625
9,La Araucanía,9111,Nueva Imperial,2,2,40,484
9,La Araucanía,9111,Nueva Imperial,1,2,45,584
9,La Araucanía,9111,Nueva Imperial,2,2,45,443
9,La Araucanía,9111,Nueva Imperial,1,2,50,590
9,La Araucanía,9111,Nueva Imperial,2,2,50,570
9,La Araucanía,9111,Nueva Imperial,1,2,55,550
9,La Araucanía,9111,Nueva Imperial,2,2,55,601
9,La Araucanía,9111,Nueva Imperial,2,2,60,578
9,La Araucanía,9111,Nueva Imperial,1,2,60,512
9,La Araucanía,9111,Nueva Imperial,2,2,65,490
9,La Araucanía,9111,Nueva Imperial,1,2,65,431
9,La Araucanía,9111,Nueva Imperial,1,2,70,318
9,La Araucanía,9111,Nueva Imperial,2,2,70,390
9,La Araucanía,9111,Nueva Imperial,2,2,75,297
9,La Araucanía,9111,Nueva Imperial,1,2,75,268
9,La Araucanía,9111,Nueva Imperial,1,2,80,215
9,La Araucanía,9111,Nueva Imperial,2,2,80,243
9,La Araucanía,9111,Nueva Imperial,1,2,85,187
9,La Araucanía,9111,Nueva Imperial,2,2,85,237
9,La Araucanía,9112,Padre las Casas,1,1,0,1077
9,La Araucanía,9112,Padre las Casas,2,1,0,1052
9,La Araucanía,9112,Padre las Casas,2,1,5,1298
9,La Araucanía,9112,Padre las Casas,1,1,5,1531
9,La Araucanía,9112,Padre las Casas,2,1,10,1430
9,La Araucanía,9112,Padre las Casas,1,1,10,1736
9,La Araucanía,9112,Padre las Casas,1,1,15,1768
9,La Araucanía,9112,Padre las Casas,2,1,15,1295
9,La Araucanía,9112,Padre las Casas,1,1,20,1610
9,La Araucanía,9112,Padre las Casas,2,1,20,1201
9,La Araucanía,9112,Padre las Casas,2,1,25,1278
9,La Araucanía,9112,Padre las Casas,1,1,25,1669
9,La Araucanía,9112,Padre las Casas,1,1,30,1589
9,La Araucanía,9112,Padre las Casas,2,1,30,1328
9,La Araucanía,9112,Padre las Casas,2,1,35,1226
9,La Araucanía,9112,Padre las Casas,1,1,35,1437
9,La Araucanía,9112,Padre las Casas,1,1,40,1367
9,La Araucanía,9112,Padre las Casas,2,1,40,1167
9,La Araucanía,9112,Padre las Casas,1,1,45,1252
9,La Araucanía,9112,Padre las Casas,2,1,45,1132
9,La Araucanía,9112,Padre las Casas,2,1,50,1285
9,La Araucanía,9112,Padre las Casas,1,1,50,1364
9,La Araucanía,9112,Padre las Casas,1,1,55,1221
9,La Araucanía,9112,Padre las Casas,2,1,55,1137
9,La Araucanía,9112,Padre las Casas,1,1,60,1109
9,La Araucanía,9112,Padre las Casas,2,1,60,973
9,La Araucanía,9112,Padre las Casas,1,1,65,829
9,La Araucanía,9112,Padre las Casas,2,1,65,778
9,La Araucanía,9112,Padre las Casas,2,1,70,610
9,La Araucanía,9112,Padre las Casas,1,1,70,581
9,La Araucanía,9112,Padre las Casas,1,1,75,405
9,La Araucanía,9112,Padre las Casas,2,1,75,408
9,La Araucanía,9112,Padre las Casas,2,1,80,275
9,La Araucanía,9112,Padre las Casas,1,1,80,196
9,La Araucanía,9112,Padre las Casas,2,1,85,197
9,La Araucanía,9112,Padre las Casas,1,1,85,149
9,La Araucanía,9112,Padre las Casas,2,2,0,1074
9,La Araucanía,9112,Padre las Casas,1,2,0,1046
9,La Araucanía,9112,Padre las Casas,2,2,5,1265
9,La Araucanía,9112,Padre las Casas,1,2,5,1530
9,La Araucanía,9112,Padre las Casas,1,2,10,1618
9,La Araucanía,9112,Padre las Casas,2,2,10,1325
9,La Araucanía,9112,Padre las Casas,1,2,15,1730
9,La Araucanía,9112,Padre las Casas,2,2,15,1211
9,La Araucanía,9112,Padre las Casas,2,2,20,1289
9,La Araucanía,9112,Padre las Casas,1,2,20,1659
9,La Araucanía,9112,Padre las Casas,2,2,25,1263
9,La Araucanía,9112,Padre las Casas,1,2,25,1724
9,La Araucanía,9112,Padre las Casas,2,2,30,1308
9,La Araucanía,9112,Padre las Casas,1,2,30,1857
9,La Araucanía,9112,Padre las Casas,2,2,35,1206
9,La Araucanía,9112,Padre las Casas,1,2,35,1748
9,La Araucanía,9112,Padre las Casas,2,2,40,1128
9,La Araucanía,9112,Padre las Casas,1,2,40,1619
9,La Araucanía,9112,Padre las Casas,2,2,45,1070
9,La Araucanía,9112,Padre las Casas,1,2,45,1591
9,La Araucanía,9112,Padre las Casas,1,2,50,1652
9,La Araucanía,9112,Padre las Casas,2,2,50,1197
9,La Araucanía,9112,Padre las Casas,1,2,55,1637
9,La Araucanía,9112,Padre las Casas,2,2,55,1091
9,La Araucanía,9112,Padre las Casas,1,2,60,1361
9,La Araucanía,9112,Padre las Casas,2,2,60,924
9,La Araucanía,9112,Padre las Casas,2,2,65,797
9,La Araucanía,9112,Padre las Casas,1,2,65,1035
9,La Araucanía,9112,Padre las Casas,1,2,70,797
9,La Araucanía,9112,Padre las Casas,2,2,70,632
9,La Araucanía,9112,Padre las Casas,2,2,75,448
9,La Araucanía,9112,Padre las Casas,1,2,75,527
9,La Araucanía,9112,Padre las Casas,1,2,80,368
9,La Araucanía,9112,Padre las Casas,2,2,80,315
9,La Araucanía,9112,Padre las Casas,2,2,85,314
9,La Araucanía,9112,Padre las Casas,1,2,85,340
9,La Araucanía,9113,Perquenco,2,1,0,88
9,La Araucanía,9113,Perquenco,1,1,0,81
9,La Araucanía,9113,Perquenco,1,1,5,127
9,La Araucanía,9113,Perquenco,2,1,5,120
9,La Araucanía,9113,Perquenco,1,1,10,137
9,La Araucanía,9113,Perquenco,2,1,10,143
9,La Araucanía,9113,Perquenco,1,1,15,132
9,La Araucanía,9113,Perquenco,2,1,15,125
9,La Araucanía,9113,Perquenco,1,1,20,128
9,La Araucanía,9113,Perquenco,2,1,20,99
9,La Araucanía,9113,Perquenco,2,1,25,96
9,La Araucanía,9113,Perquenco,1,1,25,109
9,La Araucanía,9113,Perquenco,2,1,30,115
9,La Araucanía,9113,Perquenco,1,1,30,125
9,La Araucanía,9113,Perquenco,2,1,35,104
9,La Araucanía,9113,Perquenco,1,1,35,107
9,La Araucanía,9113,Perquenco,2,1,40,122
9,La Araucanía,9113,Perquenco,1,1,40,111
9,La Araucanía,9113,Perquenco,2,1,45,128
9,La Araucanía,9113,Perquenco,1,1,45,100
9,La Araucanía,9113,Perquenco,2,1,50,136
9,La Araucanía,9113,Perquenco,1,1,50,115
9,La Araucanía,9113,Perquenco,2,1,55,160
9,La Araucanía,9113,Perquenco,1,1,55,118
9,La Araucanía,9113,Perquenco,1,1,60,103
9,La Araucanía,9113,Perquenco,2,1,60,126
9,La Araucanía,9113,Perquenco,2,1,65,121
9,La Araucanía,9113,Perquenco,1,1,65,83
9,La Araucanía,9113,Perquenco,2,1,70,87
9,La Araucanía,9113,Perquenco,1,1,70,64
9,La Araucanía,9113,Perquenco,2,1,75,58
9,La Araucanía,9113,Perquenco,1,1,75,36
9,La Araucanía,9113,Perquenco,1,1,80,33
9,La Araucanía,9113,Perquenco,2,1,80,37
9,La Araucanía,9113,Perquenco,2,1,85,42
9,La Araucanía,9113,Perquenco,1,1,85,15
9,La Araucanía,9113,Perquenco,2,2,0,92
9,La Araucanía,9113,Perquenco,1,2,0,83
9,La Araucanía,9113,Perquenco,1,2,5,108
9,La Araucanía,9113,Perquenco,2,2,5,117
9,La Araucanía,9113,Perquenco,1,2,10,144
9,La Araucanía,9113,Perquenco,2,2,10,143
9,La Araucanía,9113,Perquenco,2,2,15,129
9,La Araucanía,9113,Perquenco,1,2,15,131
9,La Araucanía,9113,Perquenco,2,2,20,105
9,La Araucanía,9113,Perquenco,1,2,20,135
9,La Araucanía,9113,Perquenco,1,2,25,126
9,La Araucanía,9113,Perquenco,2,2,25,94
9,La Araucanía,9113,Perquenco,2,2,30,119
9,La Araucanía,9113,Perquenco,1,2,30,163
9,La Araucanía,9113,Perquenco,2,2,35,128
9,La Araucanía,9113,Perquenco,1,2,35,110
9,La Araucanía,9113,Perquenco,2,2,40,101
9,La Araucanía,9113,Perquenco,1,2,40,102
9,La Araucanía,9113,Perquenco,2,2,45,132
9,La Araucanía,9113,Perquenco,1,2,45,124
9,La Araucanía,9113,Perquenco,1,2,50,148
9,La Araucanía,9113,Perquenco,2,2,50,152
9,La Araucanía,9113,Perquenco,2,2,55,129
9,La Araucanía,9113,Perquenco,1,2,55,127
9,La Araucanía,9113,Perquenco,2,2,60,133
9,La Araucanía,9113,Perquenco,1,2,60,117
9,La Araucanía,9113,Perquenco,2,2,65,103
9,La Araucanía,9113,Perquenco,1,2,65,112
9,La Araucanía,9113,Perquenco,1,2,70,67
9,La Araucanía,9113,Perquenco,2,2,70,70
9,La Araucanía,9113,Perquenco,2,2,75,50
9,La Araucanía,9113,Perquenco,1,2,75,51
9,La Araucanía,9113,Perquenco,2,2,80,40
9,La Araucanía,9113,Perquenco,1,2,80,43
9,La Araucanía,9113,Perquenco,2,2,85,40
9,La Araucanía,9113,Perquenco,1,2,85,39
9,La Araucanía,9114,Pitrufquén,1,1,0,424
9,La Araucanía,9114,Pitrufquén,2,1,0,198
9,La Araucanía,9114,Pitrufquén,2,1,5,265
9,La Araucanía,9114,Pitrufquén,1,1,5,581
9,La Araucanía,9114,Pitrufquén,2,1,10,349
9,La Araucanía,9114,Pitrufquén,1,1,10,662
9,La Araucanía,9114,Pitrufquén,2,1,15,275
9,La Araucanía,9114,Pitrufquén,1,1,15,622
9,La Araucanía,9114,Pitrufquén,2,1,20,264
9,La Araucanía,9114,Pitrufquén,1,1,20,611
9,La Araucanía,9114,Pitrufquén,2,1,25,207
9,La Araucanía,9114,Pitrufquén,1,1,25,602
9,La Araucanía,9114,Pitrufquén,1,1,30,641
9,La Araucanía,9114,Pitrufquén,2,1,30,244
9,La Araucanía,9114,Pitrufquén,1,1,35,572
9,La Araucanía,9114,Pitrufquén,2,1,35,265
9,La Araucanía,9114,Pitrufquén,1,1,40,491
9,La Araucanía,9114,Pitrufquén,2,1,40,325
9,La Araucanía,9114,Pitrufquén,1,1,45,453
9,La Araucanía,9114,Pitrufquén,2,1,45,316
9,La Araucanía,9114,Pitrufquén,1,1,50,462
9,La Araucanía,9114,Pitrufquén,2,1,50,417
9,La Araucanía,9114,Pitrufquén,1,1,55,465
9,La Araucanía,9114,Pitrufquén,2,1,55,412
9,La Araucanía,9114,Pitrufquén,1,1,60,401
9,La Araucanía,9114,Pitrufquén,2,1,60,388
9,La Araucanía,9114,Pitrufquén,1,1,65,344
9,La Araucanía,9114,Pitrufquén,2,1,65,372
9,La Araucanía,9114,Pitrufquén,2,1,70,279
9,La Araucanía,9114,Pitrufquén,1,1,70,249
9,La Araucanía,9114,Pitrufquén,1,1,75,160
9,La Araucanía,9114,Pitrufquén,2,1,75,210
9,La Araucanía,9114,Pitrufquén,2,1,80,149
9,La Araucanía,9114,Pitrufquén,1,1,80,113
9,La Araucanía,9114,Pitrufquén,1,1,85,92
9,La Araucanía,9114,Pitrufquén,2,1,85,108
9,La Araucanía,9114,Pitrufquén,1,2,0,417
9,La Araucanía,9114,Pitrufquén,2,2,0,184
9,La Araucanía,9114,Pitrufquén,1,2,5,556
9,La Araucanía,9114,Pitrufquén,2,2,5,271
9,La Araucanía,9114,Pitrufquén,2,2,10,257
9,La Araucanía,9114,Pitrufquén,1,2,10,633
9,La Araucanía,9114,Pitrufquén,1,2,15,634
9,La Araucanía,9114,Pitrufquén,2,2,15,261
9,La Araucanía,9114,Pitrufquén,1,2,20,596
9,La Araucanía,9114,Pitrufquén,2,2,20,222
9,La Araucanía,9114,Pitrufquén,2,2,25,210
9,La Araucanía,9114,Pitrufquén,1,2,25,665
9,La Araucanía,9114,Pitrufquén,1,2,30,726
9,La Araucanía,9114,Pitrufquén,2,2,30,275
9,La Araucanía,9114,Pitrufquén,2,2,35,276
9,La Araucanía,9114,Pitrufquén,1,2,35,661
9,La Araucanía,9114,Pitrufquén,2,2,40,331
9,La Araucanía,9114,Pitrufquén,1,2,40,628
9,La Araucanía,9114,Pitrufquén,2,2,45,313
9,La Araucanía,9114,Pitrufquén,1,2,45,535
9,La Araucanía,9114,Pitrufquén,1,2,50,651
9,La Araucanía,9114,Pitrufquén,2,2,50,367
9,La Araucanía,9114,Pitrufquén,1,2,55,575
9,La Araucanía,9114,Pitrufquén,2,2,55,386
9,La Araucanía,9114,Pitrufquén,1,2,60,556
9,La Araucanía,9114,Pitrufquén,2,2,60,374
9,La Araucanía,9114,Pitrufquén,1,2,65,430
9,La Araucanía,9114,Pitrufquén,2,2,65,287
9,La Araucanía,9114,Pitrufquén,2,2,70,266
9,La Araucanía,9114,Pitrufquén,1,2,70,321
9,La Araucanía,9114,Pitrufquén,1,2,75,265
9,La Araucanía,9114,Pitrufquén,2,2,75,220
9,La Araucanía,9114,Pitrufquén,2,2,80,161
9,La Araucanía,9114,Pitrufquén,1,2,80,183
9,La Araucanía,9114,Pitrufquén,2,2,85,153
9,La Araucanía,9114,Pitrufquén,1,2,85,207
9,La Araucanía,9115,Pucón,2,1,0,397
9,La Araucanía,9115,Pucón,1,1,0,446
9,La Araucanía,9115,Pucón,1,1,5,641
9,La Araucanía,9115,Pucón,2,1,5,506
9,La Araucanía,9115,Pucón,2,1,10,531
9,La Araucanía,9115,Pucón,1,1,10,646
9,La Araucanía,9115,Pucón,1,1,15,558
9,La Araucanía,9115,Pucón,2,1,15,443
9,La Araucanía,9115,Pucón,1,1,20,512
9,La Araucanía,9115,Pucón,2,1,20,352
9,La Araucanía,9115,Pucón,2,1,25,429
9,La Araucanía,9115,Pucón,1,1,25,750
9,La Araucanía,9115,Pucón,1,1,30,772
9,La Araucanía,9115,Pucón,2,1,30,551
9,La Araucanía,9115,Pucón,2,1,35,538
9,La Araucanía,9115,Pucón,1,1,35,682
9,La Araucanía,9115,Pucón,1,1,40,598
9,La Araucanía,9115,Pucón,2,1,40,547
9,La Araucanía,9115,Pucón,1,1,45,514
9,La Araucanía,9115,Pucón,2,1,45,556
9,La Araucanía,9115,Pucón,2,1,50,488
9,La Araucanía,9115,Pucón,1,1,50,479
9,La Araucanía,9115,Pucón,2,1,55,497
9,La Araucanía,9115,Pucón,1,1,55,445
9,La Araucanía,9115,Pucón,1,1,60,408
9,La Araucanía,9115,Pucón,2,1,60,470
9,La Araucanía,9115,Pucón,1,1,65,318
9,La Araucanía,9115,Pucón,2,1,65,389
9,La Araucanía,9115,Pucón,2,1,70,261
9,La Araucanía,9115,Pucón,1,1,70,252
9,La Araucanía,9115,Pucón,1,1,75,186
9,La Araucanía,9115,Pucón,2,1,75,204
9,La Araucanía,9115,Pucón,1,1,80,114
9,La Araucanía,9115,Pucón,2,1,80,117
9,La Araucanía,9115,Pucón,2,1,85,91
9,La Araucanía,9115,Pucón,1,1,85,79
9,La Araucanía,9115,Pucón,1,2,0,410
9,La Araucanía,9115,Pucón,2,2,0,367
9,La Araucanía,9115,Pucón,2,2,5,497
9,La Araucanía,9115,Pucón,1,2,5,616
9,La Araucanía,9115,Pucón,1,2,10,602
9,La Araucanía,9115,Pucón,2,2,10,524
9,La Araucanía,9115,Pucón,2,2,15,398
9,La Araucanía,9115,Pucón,1,2,15,547
9,La Araucanía,9115,Pucón,2,2,20,324
9,La Araucanía,9115,Pucón,1,2,20,532
9,La Araucanía,9115,Pucón,2,2,25,447
9,La Araucanía,9115,Pucón,1,2,25,772
9,La Araucanía,9115,Pucón,1,2,30,869
9,La Araucanía,9115,Pucón,2,2,30,556
9,La Araucanía,9115,Pucón,1,2,35,732
9,La Araucanía,9115,Pucón,2,2,35,597
9,La Araucanía,9115,Pucón,2,2,40,543
9,La Araucanía,9115,Pucón,1,2,40,710
9,La Araucanía,9115,Pucón,2,2,45,484
9,La Araucanía,9115,Pucón,1,2,45,595
9,La Araucanía,9115,Pucón,1,2,50,601
9,La Araucanía,9115,Pucón,2,2,50,520
9,La Araucanía,9115,Pucón,1,2,55,540
9,La Araucanía,9115,Pucón,2,2,55,491
9,La Araucanía,9115,Pucón,1,2,60,497
9,La Araucanía,9115,Pucón,2,2,60,440
9,La Araucanía,9115,Pucón,1,2,65,420
9,La Araucanía,9115,Pucón,2,2,65,383
9,La Araucanía,9115,Pucón,1,2,70,292
9,La Araucanía,9115,Pucón,2,2,70,277
9,La Araucanía,9115,Pucón,1,2,75,237
9,La Araucanía,9115,Pucón,2,2,75,186
9,La Araucanía,9115,Pucón,2,2,80,137
9,La Araucanía,9115,Pucón,1,2,80,159
9,La Araucanía,9115,Pucón,1,2,85,136
9,La Araucanía,9115,Pucón,2,2,85,116
9,La Araucanía,9116,Saavedra,2,1,0,236
9,La Araucanía,9116,Saavedra,1,1,0,65
9,La Araucanía,9116,Saavedra,2,1,5,294
9,La Araucanía,9116,Saavedra,1,1,5,82
9,La Araucanía,9116,Saavedra,2,1,10,371
9,La Araucanía,9116,Saavedra,1,1,10,93
9,La Araucanía,9116,Saavedra,1,1,15,95
9,La Araucanía,9116,Saavedra,2,1,15,355
9,La Araucanía,9116,Saavedra,2,1,20,284
9,La Araucanía,9116,Saavedra,1,1,20,69
9,La Araucanía,9116,Saavedra,2,1,25,244
9,La Araucanía,9116,Saavedra,1,1,25,70
9,La Araucanía,9116,Saavedra,1,1,30,76
9,La Araucanía,9116,Saavedra,2,1,30,298
9,La Araucanía,9116,Saavedra,2,1,35,309
9,La Araucanía,9116,Saavedra,1,1,35,67
9,La Araucanía,9116,Saavedra,2,1,40,329
9,La Araucanía,9116,Saavedra,1,1,40,76
9,La Araucanía,9116,Saavedra,2,1,45,314
9,La Araucanía,9116,Saavedra,1,1,45,66
9,La Araucanía,9116,Saavedra,2,1,50,335
9,La Araucanía,9116,Saavedra,1,1,50,56
9,La Araucanía,9116,Saavedra,2,1,55,373
9,La Araucanía,9116,Saavedra,1,1,55,62
9,La Araucanía,9116,Saavedra,1,1,60,83
9,La Araucanía,9116,Saavedra,2,1,60,382
9,La Araucanía,9116,Saavedra,2,1,65,345
9,La Araucanía,9116,Saavedra,1,1,65,70
9,La Araucanía,9116,Saavedra,2,1,70,238
9,La Araucanía,9116,Saavedra,1,1,70,42
9,La Araucanía,9116,Saavedra,1,1,75,31
9,La Araucanía,9116,Saavedra,2,1,75,201
9,La Araucanía,9116,Saavedra,1,1,80,25
9,La Araucanía,9116,Saavedra,2,1,80,129
9,La Araucanía,9116,Saavedra,1,1,85,21
9,La Araucanía,9116,Saavedra,2,1,85,89
9,La Araucanía,9116,Saavedra,1,2,0,58
9,La Araucanía,9116,Saavedra,2,2,0,232
9,La Araucanía,9116,Saavedra,2,2,5,343
9,La Araucanía,9116,Saavedra,1,2,5,92
9,La Araucanía,9116,Saavedra,2,2,10,392
9,La Araucanía,9116,Saavedra,1,2,10,94
9,La Araucanía,9116,Saavedra,2,2,15,347
9,La Araucanía,9116,Saavedra,1,2,15,93
9,La Araucanía,9116,Saavedra,1,2,20,67
9,La Araucanía,9116,Saavedra,2,2,20,270
9,La Araucanía,9116,Saavedra,2,2,25,258
9,La Araucanía,9116,Saavedra,1,2,25,82
9,La Araucanía,9116,Saavedra,1,2,30,102
9,La Araucanía,9116,Saavedra,2,2,30,336
9,La Araucanía,9116,Saavedra,1,2,35,101
9,La Araucanía,9116,Saavedra,2,2,35,336
9,La Araucanía,9116,Saavedra,2,2,40,297
9,La Araucanía,9116,Saavedra,1,2,40,96
9,La Araucanía,9116,Saavedra,2,2,45,332
9,La Araucanía,9116,Saavedra,1,2,45,86
9,La Araucanía,9116,Saavedra,1,2,50,80
9,La Araucanía,9116,Saavedra,2,2,50,336
9,La Araucanía,9116,Saavedra,1,2,55,99
9,La Araucanía,9116,Saavedra,2,2,55,366
9,La Araucanía,9116,Saavedra,1,2,60,86
9,La Araucanía,9116,Saavedra,2,2,60,331
9,La Araucanía,9116,Saavedra,1,2,65,93
9,La Araucanía,9116,Saavedra,2,2,65,292
9,La Araucanía,9116,Saavedra,2,2,70,262
9,La Araucanía,9116,Saavedra,1,2,70,54
9,La Araucanía,9116,Saavedra,1,2,75,51
9,La Araucanía,9116,Saavedra,2,2,75,194
9,La Araucanía,9116,Saavedra,2,2,80,149
9,La Araucanía,9116,Saavedra,1,2,80,28
9,La Araucanía,9116,Saavedra,1,2,85,31
9,La Araucanía,9116,Saavedra,2,2,85,136
9,La Araucanía,9117,Teodoro Schmidt,1,1,0,113
9,La Araucanía,9117,Teodoro Schmidt,2,1,0,218
9,La Araucanía,9117,Teodoro Schmidt,1,1,5,168
9,La Araucanía,9117,Teodoro Schmidt,2,1,5,316
9,La Araucanía,9117,Teodoro Schmidt,2,1,10,385
9,La Araucanía,9117,Teodoro Schmidt,1,1,10,181
9,La Araucanía,9117,Teodoro Schmidt,2,1,15,311
9,La Araucanía,9117,Teodoro Schmidt,1,1,15,165
9,La Araucanía,9117,Teodoro Schmidt,2,1,20,241
9,La Araucanía,9117,Teodoro Schmidt,1,1,20,145
9,La Araucanía,9117,Teodoro Schmidt,1,1,25,138
9,La Araucanía,9117,Teodoro Schmidt,2,1,25,263
9,La Araucanía,9117,Teodoro Schmidt,2,1,30,305
9,La Araucanía,9117,Teodoro Schmidt,1,1,30,190
9,La Araucanía,9117,Teodoro Schmidt,2,1,35,327
9,La Araucanía,9117,Teodoro Schmidt,1,1,35,148
9,La Araucanía,9117,Teodoro Schmidt,2,1,40,328
9,La Araucanía,9117,Teodoro Schmidt,1,1,40,135
9,La Araucanía,9117,Teodoro Schmidt,1,1,45,120
9,La Araucanía,9117,Teodoro Schmidt,2,1,45,356
9,La Araucanía,9117,Teodoro Schmidt,2,1,50,430
9,La Araucanía,9117,Teodoro Schmidt,1,1,50,167
9,La Araucanía,9117,Teodoro Schmidt,1,1,55,165
9,La Araucanía,9117,Teodoro Schmidt,2,1,55,376
9,La Araucanía,9117,Teodoro Schmidt,2,1,60,395
9,La Araucanía,9117,Teodoro Schmidt,1,1,60,141
9,La Araucanía,9117,Teodoro Schmidt,2,1,65,409
9,La Araucanía,9117,Teodoro Schmidt,1,1,65,130
9,La Araucanía,9117,Teodoro Schmidt,2,1,70,296
9,La Araucanía,9117,Teodoro Schmidt,1,1,70,73
9,La Araucanía,9117,Teodoro Schmidt,2,1,75,233
9,La Araucanía,9117,Teodoro Schmidt,1,1,75,58
9,La Araucanía,9117,Teodoro Schmidt,2,1,80,147
9,La Araucanía,9117,Teodoro Schmidt,1,1,80,33
9,La Araucanía,9117,Teodoro Schmidt,2,1,85,126
9,La Araucanía,9117,Teodoro Schmidt,1,1,85,26
9,La Araucanía,9117,Teodoro Schmidt,2,2,0,239
9,La Araucanía,9117,Teodoro Schmidt,1,2,0,115
9,La Araucanía,9117,Teodoro Schmidt,1,2,5,150
9,La Araucanía,9117,Teodoro Schmidt,2,2,5,321
9,La Araucanía,9117,Teodoro Schmidt,1,2,10,188
9,La Araucanía,9117,Teodoro Schmidt,2,2,10,394
9,La Araucanía,9117,Teodoro Schmidt,1,2,15,169
9,La Araucanía,9117,Teodoro Schmidt,2,2,15,324
9,La Araucanía,9117,Teodoro Schmidt,2,2,20,241
9,La Araucanía,9117,Teodoro Schmidt,1,2,20,135
9,La Araucanía,9117,Teodoro Schmidt,1,2,25,129
9,La Araucanía,9117,Teodoro Schmidt,2,2,25,261
9,La Araucanía,9117,Teodoro Schmidt,2,2,30,328
9,La Araucanía,9117,Teodoro Schmidt,1,2,30,200
9,La Araucanía,9117,Teodoro Schmidt,1,2,35,186
9,La Araucanía,9117,Teodoro Schmidt,2,2,35,336
9,La Araucanía,9117,Teodoro Schmidt,2,2,40,295
9,La Araucanía,9117,Teodoro Schmidt,1,2,40,165
9,La Araucanía,9117,Teodoro Schmidt,2,2,45,306
9,La Araucanía,9117,Teodoro Schmidt,1,2,45,153
9,La Araucanía,9117,Teodoro Schmidt,1,2,50,187
9,La Araucanía,9117,Teodoro Schmidt,2,2,50,396
9,La Araucanía,9117,Teodoro Schmidt,2,2,55,363
9,La Araucanía,9117,Teodoro Schmidt,1,2,55,172
9,La Araucanía,9117,Teodoro Schmidt,2,2,60,361
9,La Araucanía,9117,Teodoro Schmidt,1,2,60,177
9,La Araucanía,9117,Teodoro Schmidt,2,2,65,392
9,La Araucanía,9117,Teodoro Schmidt,1,2,65,123
9,La Araucanía,9117,Teodoro Schmidt,1,2,70,93
9,La Araucanía,9117,Teodoro Schmidt,2,2,70,256
9,La Araucanía,9117,Teodoro Schmidt,2,2,75,227
9,La Araucanía,9117,Teodoro Schmidt,1,2,75,70
9,La Araucanía,9117,Teodoro Schmidt,1,2,80,45
9,La Araucanía,9117,Teodoro Schmidt,2,2,80,175
9,La Araucanía,9117,Teodoro Schmidt,1,2,85,52
9,La Araucanía,9117,Teodoro Schmidt,2,2,85,157
9,La Araucanía,9118,Toltén,2,1,0,150
9,La Araucanía,9118,Toltén,1,1,0,60
9,La Araucanía,9118,Toltén,2,1,5,225
9,La Araucanía,9118,Toltén,1,1,5,86
9,La Araucanía,9118,Toltén,2,1,10,265
9,La Araucanía,9118,Toltén,1,1,10,104
9,La Araucanía,9118,Toltén,1,1,15,89
9,La Araucanía,9118,Toltén,2,1,15,247
9,La Araucanía,9118,Toltén,1,1,20,67
9,La Araucanía,9118,Toltén,2,1,20,213
9,La Araucanía,9118,Toltén,2,1,25,198
9,La Araucanía,9118,Toltén,1,1,25,83
9,La Araucanía,9118,Toltén,1,1,30,91
9,La Araucanía,9118,Toltén,2,1,30,208
9,La Araucanía,9118,Toltén,1,1,35,66
9,La Araucanía,9118,Toltén,2,1,35,213
9,La Araucanía,9118,Toltén,1,1,40,60
9,La Araucanía,9118,Toltén,2,1,40,217
9,La Araucanía,9118,Toltén,1,1,45,68
9,La Araucanía,9118,Toltén,2,1,45,218
9,La Araucanía,9118,Toltén,2,1,50,291
9,La Araucanía,9118,Toltén,1,1,50,93
9,La Araucanía,9118,Toltén,2,1,55,290
9,La Araucanía,9118,Toltén,1,1,55,71
9,La Araucanía,9118,Toltén,2,1,60,293
9,La Araucanía,9118,Toltén,1,1,60,76
9,La Araucanía,9118,Toltén,2,1,65,260
9,La Araucanía,9118,Toltén,1,1,65,50
9,La Araucanía,9118,Toltén,2,1,70,181
9,La Araucanía,9118,Toltén,1,1,70,38
9,La Araucanía,9118,Toltén,2,1,75,138
9,La Araucanía,9118,Toltén,1,1,75,31
9,La Araucanía,9118,Toltén,1,1,80,18
9,La Araucanía,9118,Toltén,2,1,80,85
9,La Araucanía,9118,Toltén,1,1,85,12
9,La Araucanía,9118,Toltén,2,1,85,86
9,La Araucanía,9118,Toltén,2,2,0,169
9,La Araucanía,9118,Toltén,1,2,0,53
9,La Araucanía,9118,Toltén,1,2,5,77
9,La Araucanía,9118,Toltén,2,2,5,215
9,La Araucanía,9118,Toltén,1,2,10,65
9,La Araucanía,9118,Toltén,2,2,10,240
9,La Araucanía,9118,Toltén,1,2,15,98
9,La Araucanía,9118,Toltén,2,2,15,270
9,La Araucanía,9118,Toltén,2,2,20,216
9,La Araucanía,9118,Toltén,1,2,20,80
9,La Araucanía,9118,Toltén,2,2,25,192
9,La Araucanía,9118,Toltén,1,2,25,91
9,La Araucanía,9118,Toltén,2,2,30,207
9,La Araucanía,9118,Toltén,1,2,30,104
9,La Araucanía,9118,Toltén,1,2,35,107
9,La Araucanía,9118,Toltén,2,2,35,221
9,La Araucanía,9118,Toltén,2,2,40,235
9,La Araucanía,9118,Toltén,1,2,40,76
9,La Araucanía,9118,Toltén,2,2,45,217
9,La Araucanía,9118,Toltén,1,2,45,72
9,La Araucanía,9118,Toltén,1,2,50,101
9,La Araucanía,9118,Toltén,2,2,50,282
9,La Araucanía,9118,Toltén,2,2,55,296
9,La Araucanía,9118,Toltén,1,2,55,91
9,La Araucanía,9118,Toltén,1,2,60,77
9,La Araucanía,9118,Toltén,2,2,60,277
9,La Araucanía,9118,Toltén,2,2,65,225
9,La Araucanía,9118,Toltén,1,2,65,67
9,La Araucanía,9118,Toltén,2,2,70,169
9,La Araucanía,9118,Toltén,1,2,70,56
9,La Araucanía,9118,Toltén,1,2,75,44
9,La Araucanía,9118,Toltén,2,2,75,141
9,La Araucanía,9118,Toltén,1,2,80,30
9,La Araucanía,9118,Toltén,2,2,80,104
9,La Araucanía,9118,Toltén,1,2,85,30
9,La Araucanía,9118,Toltén,2,2,85,105
9,La Araucanía,9119,Vilcún,2,1,0,347
9,La Araucanía,9119,Vilcún,1,1,0,403
9,La Araucanía,9119,Vilcún,2,1,5,522
9,La Araucanía,9119,Vilcún,1,1,5,592
9,La Araucanía,9119,Vilcún,1,1,10,648
9,La Araucanía,9119,Vilcún,2,1,10,568
9,La Araucanía,9119,Vilcún,1,1,15,667
9,La Araucanía,9119,Vilcún,2,1,15,548
9,La Araucanía,9119,Vilcún,2,1,20,444
9,La Araucanía,9119,Vilcún,1,1,20,568
9,La Araucanía,9119,Vilcún,2,1,25,437
9,La Araucanía,9119,Vilcún,1,1,25,577
9,La Araucanía,9119,Vilcún,1,1,30,634
9,La Araucanía,9119,Vilcún,2,1,30,496
9,La Araucanía,9119,Vilcún,1,1,35,559
9,La Araucanía,9119,Vilcún,2,1,35,441
9,La Araucanía,9119,Vilcún,1,1,40,555
9,La Araucanía,9119,Vilcún,2,1,40,438
9,La Araucanía,9119,Vilcún,1,1,45,456
9,La Araucanía,9119,Vilcún,2,1,45,528
9,La Araucanía,9119,Vilcún,2,1,50,600
9,La Araucanía,9119,Vilcún,1,1,50,479
9,La Araucanía,9119,Vilcún,2,1,55,532
9,La Araucanía,9119,Vilcún,1,1,55,459
9,La Araucanía,9119,Vilcún,2,1,60,516
9,La Araucanía,9119,Vilcún,1,1,60,402
9,La Araucanía,9119,Vilcún,1,1,65,262
9,La Araucanía,9119,Vilcún,2,1,65,417
9,La Araucanía,9119,Vilcún,2,1,70,327
9,La Araucanía,9119,Vilcún,1,1,70,198
9,La Araucanía,9119,Vilcún,1,1,75,151
9,La Araucanía,9119,Vilcún,2,1,75,232
9,La Araucanía,9119,Vilcún,2,1,80,125
9,La Araucanía,9119,Vilcún,1,1,80,77
9,La Araucanía,9119,Vilcún,1,1,85,76
9,La Araucanía,9119,Vilcún,2,1,85,105
9,La Araucanía,9119,Vilcún,1,2,0,460
9,La Araucanía,9119,Vilcún,2,2,0,353
9,La Araucanía,9119,Vilcún,1,2,5,594
9,La Araucanía,9119,Vilcún,2,2,5,488
9,La Araucanía,9119,Vilcún,2,2,10,520
9,La Araucanía,9119,Vilcún,1,2,10,624
9,La Araucanía,9119,Vilcún,2,2,15,528
9,La Araucanía,9119,Vilcún,1,2,15,619
9,La Araucanía,9119,Vilcún,1,2,20,596
9,La Araucanía,9119,Vilcún,2,2,20,467
9,La Araucanía,9119,Vilcún,2,2,25,447
9,La Araucanía,9119,Vilcún,1,2,25,580
9,La Araucanía,9119,Vilcún,1,2,30,736
9,La Araucanía,9119,Vilcún,2,2,30,513
9,La Araucanía,9119,Vilcún,2,2,35,469
9,La Araucanía,9119,Vilcún,1,2,35,634
9,La Araucanía,9119,Vilcún,1,2,40,594
9,La Araucanía,9119,Vilcún,2,2,40,469
9,La Araucanía,9119,Vilcún,1,2,45,569
9,La Araucanía,9119,Vilcún,2,2,45,494
9,La Araucanía,9119,Vilcún,1,2,50,607
9,La Araucanía,9119,Vilcún,2,2,50,546
9,La Araucanía,9119,Vilcún,1,2,55,516
9,La Araucanía,9119,Vilcún,2,2,55,521
9,La Araucanía,9119,Vilcún,2,2,60,463
9,La Araucanía,9119,Vilcún,1,2,60,428
9,La Araucanía,9119,Vilcún,1,2,65,343
9,La Araucanía,9119,Vilcún,2,2,65,435
9,La Araucanía,9119,Vilcún,2,2,70,324
9,La Araucanía,9119,Vilcún,1,2,70,249
9,La Araucanía,9119,Vilcún,1,2,75,206
9,La Araucanía,9119,Vilcún,2,2,75,223
9,La Araucanía,9119,Vilcún,2,2,80,155
9,La Araucanía,9119,Vilcún,1,2,80,138
9,La Araucanía,9119,Vilcún,2,2,85,153
9,La Araucanía,9119,Vilcún,1,2,85,128
9,La Araucanía,9120,Villarrica,2,1,0,742
9,La Araucanía,9120,Villarrica,1,1,0,1016
9,La Araucanía,9120,Villarrica,2,1,5,1048
9,La Araucanía,9120,Villarrica,1,1,5,1411
9,La Araucanía,9120,Villarrica,2,1,10,1154
9,La Araucanía,9120,Villarrica,1,1,10,1372
9,La Araucanía,9120,Villarrica,1,1,15,1351
9,La Araucanía,9120,Villarrica,2,1,15,951
9,La Araucanía,9120,Villarrica,2,1,20,673
9,La Araucanía,9120,Villarrica,1,1,20,1166
9,La Araucanía,9120,Villarrica,1,1,25,1403
9,La Araucanía,9120,Villarrica,2,1,25,713
9,La Araucanía,9120,Villarrica,1,1,30,1625
9,La Araucanía,9120,Villarrica,2,1,30,909
9,La Araucanía,9120,Villarrica,1,1,35,1378
9,La Araucanía,9120,Villarrica,2,1,35,1020
9,La Araucanía,9120,Villarrica,1,1,40,1178
9,La Araucanía,9120,Villarrica,2,1,40,1062
9,La Araucanía,9120,Villarrica,1,1,45,997
9,La Araucanía,9120,Villarrica,2,1,45,1012
9,La Araucanía,9120,Villarrica,1,1,50,1088
9,La Araucanía,9120,Villarrica,2,1,50,1033
9,La Araucanía,9120,Villarrica,2,1,55,1076
9,La Araucanía,9120,Villarrica,1,1,55,1031
9,La Araucanía,9120,Villarrica,1,1,60,908
9,La Araucanía,9120,Villarrica,2,1,60,988
9,La Araucanía,9120,Villarrica,2,1,65,929
9,La Araucanía,9120,Villarrica,1,1,65,741
9,La Araucanía,9120,Villarrica,1,1,70,542
9,La Araucanía,9120,Villarrica,2,1,70,617
9,La Araucanía,9120,Villarrica,1,1,75,368
9,La Araucanía,9120,Villarrica,2,1,75,438
9,La Araucanía,9120,Villarrica,2,1,80,266
9,La Araucanía,9120,Villarrica,1,1,80,227
9,La Araucanía,9120,Villarrica,1,1,85,177
9,La Araucanía,9120,Villarrica,2,1,85,197
9,La Araucanía,9120,Villarrica,2,2,0,703
9,La Araucanía,9120,Villarrica,1,2,0,985
9,La Araucanía,9120,Villarrica,2,2,5,1048
9,La Araucanía,9120,Villarrica,1,2,5,1325
9,La Araucanía,9120,Villarrica,1,2,10,1388
9,La Araucanía,9120,Villarrica,2,2,10,998
9,La Araucanía,9120,Villarrica,1,2,15,1307
9,La Araucanía,9120,Villarrica,2,2,15,792
9,La Araucanía,9120,Villarrica,2,2,20,624
9,La Araucanía,9120,Villarrica,1,2,20,1183
9,La Araucanía,9120,Villarrica,1,2,25,1453
9,La Araucanía,9120,Villarrica,2,2,25,775
9,La Araucanía,9120,Villarrica,2,2,30,1017
9,La Araucanía,9120,Villarrica,1,2,30,1721
9,La Araucanía,9120,Villarrica,1,2,35,1596
9,La Araucanía,9120,Villarrica,2,2,35,1122
9,La Araucanía,9120,Villarrica,1,2,40,1427
9,La Araucanía,9120,Villarrica,2,2,40,1130
9,La Araucanía,9120,Villarrica,1,2,45,1226
9,La Araucanía,9120,Villarrica,2,2,45,957
9,La Araucanía,9120,Villarrica,1,2,50,1290
9,La Araucanía,9120,Villarrica,2,2,50,989
9,La Araucanía,9120,Villarrica,2,2,55,1041
9,La Araucanía,9120,Villarrica,1,2,55,1349
9,La Araucanía,9120,Villarrica,1,2,60,1105
9,La Araucanía,9120,Villarrica,2,2,60,1034
9,La Araucanía,9120,Villarrica,2,2,65,837
9,La Araucanía,9120,Villarrica,1,2,65,896
9,La Araucanía,9120,Villarrica,1,2,70,672
9,La Araucanía,9120,Villarrica,2,2,70,585
9,La Araucanía,9120,Villarrica,2,2,75,447
9,La Araucanía,9120,Villarrica,1,2,75,547
9,La Araucanía,9120,Villarrica,1,2,80,393
9,La Araucanía,9120,Villarrica,2,2,80,313
9,La Araucanía,9120,Villarrica,1,2,85,381
9,La Araucanía,9120,Villarrica,2,2,85,274
9,La Araucanía,9121,Cholchol,1,1,0,115
9,La Araucanía,9121,Cholchol,2,1,0,242
9,La Araucanía,9121,Cholchol,1,1,5,134
9,La Araucanía,9121,Cholchol,2,1,5,363
9,La Araucanía,9121,Cholchol,1,1,10,163
9,La Araucanía,9121,Cholchol,2,1,10,392
9,La Araucanía,9121,Cholchol,2,1,15,322
9,La Araucanía,9121,Cholchol,1,1,15,166
9,La Araucanía,9121,Cholchol,1,1,20,145
9,La Araucanía,9121,Cholchol,2,1,20,271
9,La Araucanía,9121,Cholchol,1,1,25,157
9,La Araucanía,9121,Cholchol,2,1,25,253
9,La Araucanía,9121,Cholchol,1,1,30,137
9,La Araucanía,9121,Cholchol,2,1,30,276
9,La Araucanía,9121,Cholchol,2,1,35,322
9,La Araucanía,9121,Cholchol,1,1,35,115
9,La Araucanía,9121,Cholchol,2,1,40,291
9,La Araucanía,9121,Cholchol,1,1,40,104
9,La Araucanía,9121,Cholchol,2,1,45,247
9,La Araucanía,9121,Cholchol,1,1,45,96
9,La Araucanía,9121,Cholchol,2,1,50,322
9,La Araucanía,9121,Cholchol,1,1,50,103
9,La Araucanía,9121,Cholchol,1,1,55,94
9,La Araucanía,9121,Cholchol,2,1,55,328
9,La Araucanía,9121,Cholchol,2,1,60,303
9,La Araucanía,9121,Cholchol,1,1,60,98
9,La Araucanía,9121,Cholchol,1,1,65,56
9,La Araucanía,9121,Cholchol,2,1,65,283
9,La Araucanía,9121,Cholchol,1,1,70,63
9,La Araucanía,9121,Cholchol,2,1,70,201
9,La Araucanía,9121,Cholchol,1,1,75,38
9,La Araucanía,9121,Cholchol,2,1,75,147
9,La Araucanía,9121,Cholchol,1,1,80,21
9,La Araucanía,9121,Cholchol,2,1,80,97
9,La Araucanía,9121,Cholchol,2,1,85,90
9,La Araucanía,9121,Cholchol,1,1,85,23
9,La Araucanía,9121,Cholchol,2,2,0,198
9,La Araucanía,9121,Cholchol,1,2,0,110
9,La Araucanía,9121,Cholchol,2,2,5,315
9,La Araucanía,9121,Cholchol,1,2,5,152
9,La Araucanía,9121,Cholchol,1,2,10,133
9,La Araucanía,9121,Cholchol,2,2,10,366
9,La Araucanía,9121,Cholchol,2,2,15,300
9,La Araucanía,9121,Cholchol,1,2,15,161
9,La Araucanía,9121,Cholchol,2,2,20,272
9,La Araucanía,9121,Cholchol,1,2,20,152
9,La Araucanía,9121,Cholchol,1,2,25,151
9,La Araucanía,9121,Cholchol,2,2,25,271
9,La Araucanía,9121,Cholchol,2,2,30,308
9,La Araucanía,9121,Cholchol,1,2,30,149
9,La Araucanía,9121,Cholchol,1,2,35,139
9,La Araucanía,9121,Cholchol,2,2,35,320
9,La Araucanía,9121,Cholchol,2,2,40,290
9,La Araucanía,9121,Cholchol,1,2,40,154
9,La Araucanía,9121,Cholchol,2,2,45,268
9,La Araucanía,9121,Cholchol,1,2,45,140
9,La Araucanía,9121,Cholchol,1,2,50,110
9,La Araucanía,9121,Cholchol,2,2,50,267
9,La Araucanía,9121,Cholchol,2,2,55,313
9,La Araucanía,9121,Cholchol,1,2,55,124
9,La Araucanía,9121,Cholchol,2,2,60,283
9,La Araucanía,9121,Cholchol,1,2,60,113
9,La Araucanía,9121,Cholchol,2,2,65,244
9,La Araucanía,9121,Cholchol,1,2,65,86
9,La Araucanía,9121,Cholchol,1,2,70,71
9,La Araucanía,9121,Cholchol,2,2,70,165
9,La Araucanía,9121,Cholchol,2,2,75,119
9,La Araucanía,9121,Cholchol,1,2,75,59
9,La Araucanía,9121,Cholchol,2,2,80,90
9,La Araucanía,9121,Cholchol,1,2,80,42
9,La Araucanía,9121,Cholchol,1,2,85,35
9,La Araucanía,9121,Cholchol,2,2,85,119
9,La Araucanía,9201,Angol,1,1,0,1209
9,La Araucanía,9201,Angol,2,1,0,85
9,La Araucanía,9201,Angol,1,1,5,1688
9,La Araucanía,9201,Angol,2,1,5,137
9,La Araucanía,9201,Angol,2,1,10,163
9,La Araucanía,9201,Angol,1,1,10,1766
9,La Araucanía,9201,Angol,2,1,15,132
9,La Araucanía,9201,Angol,1,1,15,1756
9,La Araucanía,9201,Angol,1,1,20,1449
9,La Araucanía,9201,Angol,2,1,20,90
9,La Araucanía,9201,Angol,1,1,25,1643
9,La Araucanía,9201,Angol,2,1,25,115
9,La Araucanía,9201,Angol,2,1,30,130
9,La Araucanía,9201,Angol,1,1,30,1871
9,La Araucanía,9201,Angol,1,1,35,1648
9,La Araucanía,9201,Angol,2,1,35,141
9,La Araucanía,9201,Angol,1,1,40,1390
9,La Araucanía,9201,Angol,2,1,40,118
9,La Araucanía,9201,Angol,1,1,45,1306
9,La Araucanía,9201,Angol,2,1,45,153
9,La Araucanía,9201,Angol,2,1,50,184
9,La Araucanía,9201,Angol,1,1,50,1382
9,La Araucanía,9201,Angol,1,1,55,1355
9,La Araucanía,9201,Angol,2,1,55,175
9,La Araucanía,9201,Angol,2,1,60,202
9,La Araucanía,9201,Angol,1,1,60,1246
9,La Araucanía,9201,Angol,2,1,65,176
9,La Araucanía,9201,Angol,1,1,65,1101
9,La Araucanía,9201,Angol,1,1,70,779
9,La Araucanía,9201,Angol,2,1,70,120
9,La Araucanía,9201,Angol,2,1,75,100
9,La Araucanía,9201,Angol,1,1,75,572
9,La Araucanía,9201,Angol,2,1,80,54
9,La Araucanía,9201,Angol,1,1,80,364
9,La Araucanía,9201,Angol,2,1,85,49
9,La Araucanía,9201,Angol,1,1,85,294
9,La Araucanía,9201,Angol,1,2,0,1158
9,La Araucanía,9201,Angol,2,2,0,94
9,La Araucanía,9201,Angol,2,2,5,125
9,La Araucanía,9201,Angol,1,2,5,1520
9,La Araucanía,9201,Angol,2,2,10,135
9,La Araucanía,9201,Angol,1,2,10,1727
9,La Araucanía,9201,Angol,1,2,15,1639
9,La Araucanía,9201,Angol,2,2,15,117
9,La Araucanía,9201,Angol,2,2,20,86
9,La Araucanía,9201,Angol,1,2,20,1455
9,La Araucanía,9201,Angol,2,2,25,117
9,La Araucanía,9201,Angol,1,2,25,1749
9,La Araucanía,9201,Angol,1,2,30,2054
9,La Araucanía,9201,Angol,2,2,30,144
9,La Araucanía,9201,Angol,2,2,35,128
9,La Araucanía,9201,Angol,1,2,35,1911
9,La Araucanía,9201,Angol,1,2,40,1766
9,La Araucanía,9201,Angol,2,2,40,145
9,La Araucanía,9201,Angol,1,2,45,1585
9,La Araucanía,9201,Angol,2,2,45,142
9,La Araucanía,9201,Angol,2,2,50,162
9,La Araucanía,9201,Angol,1,2,50,1678
9,La Araucanía,9201,Angol,1,2,55,1686
9,La Araucanía,9201,Angol,2,2,55,160
9,La Araucanía,9201,Angol,2,2,60,187
9,La Araucanía,9201,Angol,1,2,60,1595
9,La Araucanía,9201,Angol,1,2,65,1264
9,La Araucanía,9201,Angol,2,2,65,134
9,La Araucanía,9201,Angol,1,2,70,1042
9,La Araucanía,9201,Angol,2,2,70,101
9,La Araucanía,9201,Angol,1,2,75,775
9,La Araucanía,9201,Angol,2,2,75,74
9,La Araucanía,9201,Angol,2,2,80,43
9,La Araucanía,9201,Angol,1,2,80,581
9,La Araucanía,9201,Angol,2,2,85,39
9,La Araucanía,9201,Angol,1,2,85,561
9,La Araucanía,9202,Collipulli,2,1,0,167
9,La Araucanía,9202,Collipulli,1,1,0,407
9,La Araucanía,9202,Collipulli,2,1,5,207
9,La Araucanía,9202,Collipulli,1,1,5,566
9,La Araucanía,9202,Collipulli,1,1,10,749
9,La Araucanía,9202,Collipulli,2,1,10,230
9,La Araucanía,9202,Collipulli,2,1,15,249
9,La Araucanía,9202,Collipulli,1,1,15,694
9,La Araucanía,9202,Collipulli,1,1,20,591
9,La Araucanía,9202,Collipulli,2,1,20,172
9,La Araucanía,9202,Collipulli,2,1,25,162
9,La Araucanía,9202,Collipulli,1,1,25,555
9,La Araucanía,9202,Collipulli,1,1,30,639
9,La Araucanía,9202,Collipulli,2,1,30,197
9,La Araucanía,9202,Collipulli,2,1,35,209
9,La Araucanía,9202,Collipulli,1,1,35,549
9,La Araucanía,9202,Collipulli,1,1,40,524
9,La Araucanía,9202,Collipulli,2,1,40,172
9,La Araucanía,9202,Collipulli,1,1,45,451
9,La Araucanía,9202,Collipulli,2,1,45,199
9,La Araucanía,9202,Collipulli,1,1,50,528
9,La Araucanía,9202,Collipulli,2,1,50,252
9,La Araucanía,9202,Collipulli,2,1,55,217
9,La Araucanía,9202,Collipulli,1,1,55,548
9,La Araucanía,9202,Collipulli,1,1,60,502
9,La Araucanía,9202,Collipulli,2,1,60,256
9,La Araucanía,9202,Collipulli,1,1,65,415
9,La Araucanía,9202,Collipulli,2,1,65,213
9,La Araucanía,9202,Collipulli,1,1,70,284
9,La Araucanía,9202,Collipulli,2,1,70,144
9,La Araucanía,9202,Collipulli,1,1,75,207
9,La Araucanía,9202,Collipulli,2,1,75,107
9,La Araucanía,9202,Collipulli,2,1,80,61
9,La Araucanía,9202,Collipulli,1,1,80,158
9,La Araucanía,9202,Collipulli,2,1,85,45
9,La Araucanía,9202,Collipulli,1,1,85,105
9,La Araucanía,9202,Collipulli,2,2,0,151
9,La Araucanía,9202,Collipulli,1,2,0,432
9,La Araucanía,9202,Collipulli,2,2,5,181
9,La Araucanía,9202,Collipulli,1,2,5,563
9,La Araucanía,9202,Collipulli,2,2,10,221
9,La Araucanía,9202,Collipulli,1,2,10,692
9,La Araucanía,9202,Collipulli,1,2,15,655
9,La Araucanía,9202,Collipulli,2,2,15,202
9,La Araucanía,9202,Collipulli,2,2,20,158
9,La Araucanía,9202,Collipulli,1,2,20,647
9,La Araucanía,9202,Collipulli,1,2,25,574
9,La Araucanía,9202,Collipulli,2,2,25,193
9,La Araucanía,9202,Collipulli,1,2,30,718
9,La Araucanía,9202,Collipulli,2,2,30,212
9,La Araucanía,9202,Collipulli,1,2,35,681
9,La Araucanía,9202,Collipulli,2,2,35,206
9,La Araucanía,9202,Collipulli,1,2,40,652
9,La Araucanía,9202,Collipulli,2,2,40,182
9,La Araucanía,9202,Collipulli,1,2,45,604
9,La Araucanía,9202,Collipulli,2,2,45,198
9,La Araucanía,9202,Collipulli,2,2,50,222
9,La Araucanía,9202,Collipulli,1,2,50,603
9,La Araucanía,9202,Collipulli,2,2,55,228
9,La Araucanía,9202,Collipulli,1,2,55,617
9,La Araucanía,9202,Collipulli,1,2,60,565
9,La Araucanía,9202,Collipulli,2,2,60,215
9,La Araucanía,9202,Collipulli,1,2,65,487
9,La Araucanía,9202,Collipulli,2,2,65,177
9,La Araucanía,9202,Collipulli,2,2,70,115
9,La Araucanía,9202,Collipulli,1,2,70,383
9,La Araucanía,9202,Collipulli,1,2,75,275
9,La Araucanía,9202,Collipulli,2,2,75,76
9,La Araucanía,9202,Collipulli,1,2,80,204
9,La Araucanía,9202,Collipulli,2,2,80,54
9,La Araucanía,9202,Collipulli,1,2,85,184
9,La Araucanía,9202,Collipulli,2,2,85,45
9,La Araucanía,9203,Curacautín,2,1,0,103
9,La Araucanía,9203,Curacautín,1,1,0,287
9,La Araucanía,9203,Curacautín,1,1,5,453
9,La Araucanía,9203,Curacautín,2,1,5,180
9,La Araucanía,9203,Curacautín,1,1,10,459
9,La Araucanía,9203,Curacautín,2,1,10,174
9,La Araucanía,9203,Curacautín,2,1,15,160
9,La Araucanía,9203,Curacautín,1,1,15,447
9,La Araucanía,9203,Curacautín,2,1,20,151
9,La Araucanía,9203,Curacautín,1,1,20,357
9,La Araucanía,9203,Curacautín,2,1,25,127
9,La Araucanía,9203,Curacautín,1,1,25,386
9,La Araucanía,9203,Curacautín,2,1,30,160
9,La Araucanía,9203,Curacautín,1,1,30,430
9,La Araucanía,9203,Curacautín,2,1,35,179
9,La Araucanía,9203,Curacautín,1,1,35,410
9,La Araucanía,9203,Curacautín,2,1,40,203
9,La Araucanía,9203,Curacautín,1,1,40,366
9,La Araucanía,9203,Curacautín,2,1,45,194
9,La Araucanía,9203,Curacautín,1,1,45,291
9,La Araucanía,9203,Curacautín,2,1,50,230
9,La Araucanía,9203,Curacautín,1,1,50,385
9,La Araucanía,9203,Curacautín,1,1,55,379
9,La Araucanía,9203,Curacautín,2,1,55,241
9,La Araucanía,9203,Curacautín,1,1,60,371
9,La Araucanía,9203,Curacautín,2,1,60,237
9,La Araucanía,9203,Curacautín,2,1,65,173
9,La Araucanía,9203,Curacautín,1,1,65,335
9,La Araucanía,9203,Curacautín,1,1,70,247
9,La Araucanía,9203,Curacautín,2,1,70,155
9,La Araucanía,9203,Curacautín,2,1,75,112
9,La Araucanía,9203,Curacautín,1,1,75,188
9,La Araucanía,9203,Curacautín,1,1,80,135
9,La Araucanía,9203,Curacautín,2,1,80,73
9,La Araucanía,9203,Curacautín,2,1,85,54
9,La Araucanía,9203,Curacautín,1,1,85,112
9,La Araucanía,9203,Curacautín,2,2,0,118
9,La Araucanía,9203,Curacautín,1,2,0,266
9,La Araucanía,9203,Curacautín,1,2,5,395
9,La Araucanía,9203,Curacautín,2,2,5,168
9,La Araucanía,9203,Curacautín,1,2,10,425
9,La Araucanía,9203,Curacautín,2,2,10,157
9,La Araucanía,9203,Curacautín,1,2,15,430
9,La Araucanía,9203,Curacautín,2,2,15,148
9,La Araucanía,9203,Curacautín,2,2,20,109
9,La Araucanía,9203,Curacautín,1,2,20,367
9,La Araucanía,9203,Curacautín,2,2,25,118
9,La Araucanía,9203,Curacautín,1,2,25,428
9,La Araucanía,9203,Curacautín,2,2,30,169
9,La Araucanía,9203,Curacautín,1,2,30,478
9,La Araucanía,9203,Curacautín,2,2,35,171
9,La Araucanía,9203,Curacautín,1,2,35,438
9,La Araucanía,9203,Curacautín,1,2,40,476
9,La Araucanía,9203,Curacautín,2,2,40,182
9,La Araucanía,9203,Curacautín,1,2,45,411
9,La Araucanía,9203,Curacautín,2,2,45,165
9,La Araucanía,9203,Curacautín,1,2,50,492
9,La Araucanía,9203,Curacautín,2,2,50,215
9,La Araucanía,9203,Curacautín,2,2,55,196
9,La Araucanía,9203,Curacautín,1,2,55,478
9,La Araucanía,9203,Curacautín,2,2,60,215
9,La Araucanía,9203,Curacautín,1,2,60,445
9,La Araucanía,9203,Curacautín,1,2,65,381
9,La Araucanía,9203,Curacautín,2,2,65,190
9,La Araucanía,9203,Curacautín,2,2,70,137
9,La Araucanía,9203,Curacautín,1,2,70,355
9,La Araucanía,9203,Curacautín,2,2,75,111
9,La Araucanía,9203,Curacautín,1,2,75,264
9,La Araucanía,9203,Curacautín,2,2,80,72
9,La Araucanía,9203,Curacautín,1,2,80,186
9,La Araucanía,9203,Curacautín,2,2,85,68
9,La Araucanía,9203,Curacautín,1,2,85,168
9,La Araucanía,9204,Ercilla,1,1,0,97
9,La Araucanía,9204,Ercilla,2,1,0,116
9,La Araucanía,9204,Ercilla,2,1,5,114
9,La Araucanía,9204,Ercilla,1,1,5,152
9,La Araucanía,9204,Ercilla,1,1,10,140
9,La Araucanía,9204,Ercilla,2,1,10,164
9,La Araucanía,9204,Ercilla,2,1,15,175
9,La Araucanía,9204,Ercilla,1,1,15,127
9,La Araucanía,9204,Ercilla,2,1,20,142
9,La Araucanía,9204,Ercilla,1,1,20,117
9,La Araucanía,9204,Ercilla,2,1,25,108
9,La Araucanía,9204,Ercilla,1,1,25,119
9,La Araucanía,9204,Ercilla,1,1,30,121
9,La Araucanía,9204,Ercilla,2,1,30,119
9,La Araucanía,9204,Ercilla,2,1,35,104
9,La Araucanía,9204,Ercilla,1,1,35,121
9,La Araucanía,9204,Ercilla,1,1,40,114
9,La Araucanía,9204,Ercilla,2,1,40,133
9,La Araucanía,9204,Ercilla,1,1,45,101
9,La Araucanía,9204,Ercilla,2,1,45,121
9,La Araucanía,9204,Ercilla,2,1,50,139
9,La Araucanía,9204,Ercilla,1,1,50,97
9,La Araucanía,9204,Ercilla,1,1,55,98
9,La Araucanía,9204,Ercilla,2,1,55,118
9,La Araucanía,9204,Ercilla,1,1,60,104
9,La Araucanía,9204,Ercilla,2,1,60,97
9,La Araucanía,9204,Ercilla,1,1,65,88
9,La Araucanía,9204,Ercilla,2,1,65,103
9,La Araucanía,9204,Ercilla,1,1,70,68
9,La Araucanía,9204,Ercilla,2,1,70,94
9,La Araucanía,9204,Ercilla,1,1,75,55
9,La Araucanía,9204,Ercilla,2,1,75,59
9,La Araucanía,9204,Ercilla,2,1,80,41
9,La Araucanía,9204,Ercilla,1,1,80,26
9,La Araucanía,9204,Ercilla,2,1,85,34
9,La Araucanía,9204,Ercilla,1,1,85,24
9,La Araucanía,9204,Ercilla,1,2,0,84
9,La Araucanía,9204,Ercilla,2,2,0,116
9,La Araucanía,9204,Ercilla,2,2,5,146
9,La Araucanía,9204,Ercilla,1,2,5,141
9,La Araucanía,9204,Ercilla,2,2,10,153
9,La Araucanía,9204,Ercilla,1,2,10,148
9,La Araucanía,9204,Ercilla,1,2,15,146
9,La Araucanía,9204,Ercilla,2,2,15,151
9,La Araucanía,9204,Ercilla,1,2,20,107
9,La Araucanía,9204,Ercilla,2,2,20,115
9,La Araucanía,9204,Ercilla,1,2,25,140
9,La Araucanía,9204,Ercilla,2,2,25,114
9,La Araucanía,9204,Ercilla,1,2,30,141
9,La Araucanía,9204,Ercilla,2,2,30,131
9,La Araucanía,9204,Ercilla,2,2,35,117
9,La Araucanía,9204,Ercilla,1,2,35,128
9,La Araucanía,9204,Ercilla,1,2,40,129
9,La Araucanía,9204,Ercilla,2,2,40,127
9,La Araucanía,9204,Ercilla,1,2,45,139
9,La Araucanía,9204,Ercilla,2,2,45,105
9,La Araucanía,9204,Ercilla,1,2,50,144
9,La Araucanía,9204,Ercilla,2,2,50,139
9,La Araucanía,9204,Ercilla,1,2,55,118
9,La Araucanía,9204,Ercilla,2,2,55,128
9,La Araucanía,9204,Ercilla,2,2,60,114
9,La Araucanía,9204,Ercilla,1,2,60,126
9,La Araucanía,9204,Ercilla,1,2,65,89
9,La Araucanía,9204,Ercilla,2,2,65,98
9,La Araucanía,9204,Ercilla,2,2,70,80
9,La Araucanía,9204,Ercilla,1,2,70,85
9,La Araucanía,9204,Ercilla,1,2,75,68
9,La Araucanía,9204,Ercilla,2,2,75,54
9,La Araucanía,9204,Ercilla,2,2,80,40
9,La Araucanía,9204,Ercilla,1,2,80,43
9,La Araucanía,9204,Ercilla,2,2,85,34
9,La Araucanía,9204,Ercilla,1,2,85,42
9,La Araucanía,9205,Lonquimay,1,1,0,92
9,La Araucanía,9205,Lonquimay,2,1,0,186
9,La Araucanía,9205,Lonquimay,1,1,5,132
9,La Araucanía,9205,Lonquimay,2,1,5,241
9,La Araucanía,9205,Lonquimay,2,1,10,224
9,La Araucanía,9205,Lonquimay,1,1,10,146
9,La Araucanía,9205,Lonquimay,1,1,15,140
9,La Araucanía,9205,Lonquimay,2,1,15,225
9,La Araucanía,9205,Lonquimay,2,1,20,189
9,La Araucanía,9205,Lonquimay,1,1,20,133
9,La Araucanía,9205,Lonquimay,1,1,25,136
9,La Araucanía,9205,Lonquimay,2,1,25,230
9,La Araucanía,9205,Lonquimay,2,1,30,197
9,La Araucanía,9205,Lonquimay,1,1,30,145
9,La Araucanía,9205,Lonquimay,2,1,35,194
9,La Araucanía,9205,Lonquimay,1,1,35,108
9,La Araucanía,9205,Lonquimay,1,1,40,104
9,La Araucanía,9205,Lonquimay,2,1,40,197
9,La Araucanía,9205,Lonquimay,1,1,45,104
9,La Araucanía,9205,Lonquimay,2,1,45,235
9,La Araucanía,9205,Lonquimay,2,1,50,249
9,La Araucanía,9205,Lonquimay,1,1,50,113
9,La Araucanía,9205,Lonquimay,1,1,55,106
9,La Araucanía,9205,Lonquimay,2,1,55,213
9,La Araucanía,9205,Lonquimay,2,1,60,211
9,La Araucanía,9205,Lonquimay,1,1,60,85
9,La Araucanía,9205,Lonquimay,2,1,65,207
9,La Araucanía,9205,Lonquimay,1,1,65,79
9,La Araucanía,9205,Lonquimay,2,1,70,140
9,La Araucanía,9205,Lonquimay,1,1,70,47
9,La Araucanía,9205,Lonquimay,2,1,75,94
9,La Araucanía,9205,Lonquimay,1,1,75,45
9,La Araucanía,9205,Lonquimay,1,1,80,29
9,La Araucanía,9205,Lonquimay,2,1,80,72
9,La Araucanía,9205,Lonquimay,2,1,85,55
9,La Araucanía,9205,Lonquimay,1,1,85,22
9,La Araucanía,9205,Lonquimay,2,2,0,200
9,La Araucanía,9205,Lonquimay,1,2,0,108
9,La Araucanía,9205,Lonquimay,2,2,5,216
9,La Araucanía,9205,Lonquimay,1,2,5,144
9,La Araucanía,9205,Lonquimay,1,2,10,151
9,La Araucanía,9205,Lonquimay,2,2,10,234
9,La Araucanía,9205,Lonquimay,1,2,15,93
9,La Araucanía,9205,Lonquimay,2,2,15,201
9,La Araucanía,9205,Lonquimay,2,2,20,217
9,La Araucanía,9205,Lonquimay,1,2,20,106
9,La Araucanía,9205,Lonquimay,2,2,25,222
9,La Araucanía,9205,Lonquimay,1,2,25,131
9,La Araucanía,9205,Lonquimay,1,2,30,179
9,La Araucanía,9205,Lonquimay,2,2,30,187
9,La Araucanía,9205,Lonquimay,1,2,35,124
9,La Araucanía,9205,Lonquimay,2,2,35,183
9,La Araucanía,9205,Lonquimay,1,2,40,148
9,La Araucanía,9205,Lonquimay,2,2,40,200
9,La Araucanía,9205,Lonquimay,1,2,45,98
9,La Araucanía,9205,Lonquimay,2,2,45,192
9,La Araucanía,9205,Lonquimay,1,2,50,139
9,La Araucanía,9205,Lonquimay,2,2,50,224
9,La Araucanía,9205,Lonquimay,2,2,55,214
9,La Araucanía,9205,Lonquimay,1,2,55,116
9,La Araucanía,9205,Lonquimay,1,2,60,97
9,La Araucanía,9205,Lonquimay,2,2,60,201
9,La Araucanía,9205,Lonquimay,1,2,65,88
9,La Araucanía,9205,Lonquimay,2,2,65,172
9,La Araucanía,9205,Lonquimay,2,2,70,103
9,La Araucanía,9205,Lonquimay,1,2,70,59
9,La Araucanía,9205,Lonquimay,1,2,75,51
9,La Araucanía,9205,Lonquimay,2,2,75,103
9,La Araucanía,9205,Lonquimay,1,2,80,25
9,La Araucanía,9205,Lonquimay,2,2,80,65
9,La Araucanía,9205,Lonquimay,1,2,85,54
9,La Araucanía,9205,Lonquimay,2,2,85,77
9,La Araucanía,9206,Los Sauces,1,1,0,125
9,La Araucanía,9206,Los Sauces,2,1,0,73
9,La Araucanía,9206,Los Sauces,2,1,5,77
9,La Araucanía,9206,Los Sauces,1,1,5,155
9,La Araucanía,9206,Los Sauces,1,1,10,160
9,La Araucanía,9206,Los Sauces,2,1,10,87
9,La Araucanía,9206,Los Sauces,1,1,15,141
9,La Araucanía,9206,Los Sauces,2,1,15,91
9,La Araucanía,9206,Los Sauces,1,1,20,121
9,La Araucanía,9206,Los Sauces,2,1,20,83
9,La Araucanía,9206,Los Sauces,2,1,25,77
9,La Araucanía,9206,Los Sauces,1,1,25,128
9,La Araucanía,9206,Los Sauces,2,1,30,85
9,La Araucanía,9206,Los Sauces,1,1,30,150
9,La Araucanía,9206,Los Sauces,2,1,35,77
9,La Araucanía,9206,Los Sauces,1,1,35,132
9,La Araucanía,9206,Los Sauces,2,1,40,95
9,La Araucanía,9206,Los Sauces,1,1,40,131
9,La Araucanía,9206,Los Sauces,2,1,45,96
9,La Araucanía,9206,Los Sauces,1,1,45,110
9,La Araucanía,9206,Los Sauces,1,1,50,143
9,La Araucanía,9206,Los Sauces,2,1,50,111
9,La Araucanía,9206,Los Sauces,1,1,55,125
9,La Araucanía,9206,Los Sauces,2,1,55,144
9,La Araucanía,9206,Los Sauces,1,1,60,123
9,La Araucanía,9206,Los Sauces,2,1,60,146
9,La Araucanía,9206,Los Sauces,2,1,65,117
9,La Araucanía,9206,Los Sauces,1,1,65,104
9,La Araucanía,9206,Los Sauces,1,1,70,62
9,La Araucanía,9206,Los Sauces,2,1,70,100
9,La Araucanía,9206,Los Sauces,2,1,75,77
9,La Araucanía,9206,Los Sauces,1,1,75,67
9,La Araucanía,9206,Los Sauces,1,1,80,33
9,La Araucanía,9206,Los Sauces,2,1,80,37
9,La Araucanía,9206,Los Sauces,2,1,85,23
9,La Araucanía,9206,Los Sauces,1,1,85,30
9,La Araucanía,9206,Los Sauces,2,2,0,73
9,La Araucanía,9206,Los Sauces,1,2,0,113
9,La Araucanía,9206,Los Sauces,1,2,5,160
9,La Araucanía,9206,Los Sauces,2,2,5,53
9,La Araucanía,9206,Los Sauces,1,2,10,151
9,La Araucanía,9206,Los Sauces,2,2,10,87
9,La Araucanía,9206,Los Sauces,2,2,15,91
9,La Araucanía,9206,Los Sauces,1,2,15,148
9,La Araucanía,9206,Los Sauces,2,2,20,70
9,La Araucanía,9206,Los Sauces,1,2,20,124
9,La Araucanía,9206,Los Sauces,1,2,25,158
9,La Araucanía,9206,Los Sauces,2,2,25,68
9,La Araucanía,9206,Los Sauces,2,2,30,68
9,La Araucanía,9206,Los Sauces,1,2,30,176
9,La Araucanía,9206,Los Sauces,1,2,35,180
9,La Araucanía,9206,Los Sauces,2,2,35,90
9,La Araucanía,9206,Los Sauces,1,2,40,147
9,La Araucanía,9206,Los Sauces,2,2,40,83
9,La Araucanía,9206,Los Sauces,1,2,45,146
9,La Araucanía,9206,Los Sauces,2,2,45,88
9,La Araucanía,9206,Los Sauces,2,2,50,122
9,La Araucanía,9206,Los Sauces,1,2,50,164
9,La Araucanía,9206,Los Sauces,2,2,55,105
9,La Araucanía,9206,Los Sauces,1,2,55,141
9,La Araucanía,9206,Los Sauces,2,2,60,111
9,La Araucanía,9206,Los Sauces,1,2,60,131
9,La Araucanía,9206,Los Sauces,2,2,65,94
9,La Araucanía,9206,Los Sauces,1,2,65,96
9,La Araucanía,9206,Los Sauces,1,2,70,91
9,La Araucanía,9206,Los Sauces,2,2,70,77
9,La Araucanía,9206,Los Sauces,2,2,75,48
9,La Araucanía,9206,Los Sauces,1,2,75,80
9,La Araucanía,9206,Los Sauces,1,2,80,49
9,La Araucanía,9206,Los Sauces,2,2,80,40
9,La Araucanía,9206,Los Sauces,1,2,85,57
9,La Araucanía,9206,Los Sauces,2,2,85,32
9,La Araucanía,9207,Lumaco,1,1,0,75
9,La Araucanía,9207,Lumaco,2,1,0,148
9,La Araucanía,9207,Lumaco,2,1,5,181
9,La Araucanía,9207,Lumaco,1,1,5,128
9,La Araucanía,9207,Lumaco,1,1,10,122
9,La Araucanía,9207,Lumaco,2,1,10,220
9,La Araucanía,9207,Lumaco,2,1,15,197
9,La Araucanía,9207,Lumaco,1,1,15,142
9,La Araucanía,9207,Lumaco,2,1,20,167
9,La Araucanía,9207,Lumaco,1,1,20,107
9,La Araucanía,9207,Lumaco,1,1,25,117
9,La Araucanía,9207,Lumaco,2,1,25,138
9,La Araucanía,9207,Lumaco,2,1,30,164
9,La Araucanía,9207,Lumaco,1,1,30,106
9,La Araucanía,9207,Lumaco,1,1,35,107
9,La Araucanía,9207,Lumaco,2,1,35,156
9,La Araucanía,9207,Lumaco,2,1,40,177
9,La Araucanía,9207,Lumaco,1,1,40,126
9,La Araucanía,9207,Lumaco,2,1,45,176
9,La Araucanía,9207,Lumaco,1,1,45,115
9,La Araucanía,9207,Lumaco,1,1,50,105
9,La Araucanía,9207,Lumaco,2,1,50,232
9,La Araucanía,9207,Lumaco,1,1,55,132
9,La Araucanía,9207,Lumaco,2,1,55,219
9,La Araucanía,9207,Lumaco,2,1,60,206
9,La Araucanía,9207,Lumaco,1,1,60,112
9,La Araucanía,9207,Lumaco,2,1,65,180
9,La Araucanía,9207,Lumaco,1,1,65,86
9,La Araucanía,9207,Lumaco,1,1,70,78
9,La Araucanía,9207,Lumaco,2,1,70,140
9,La Araucanía,9207,Lumaco,2,1,75,101
9,La Araucanía,9207,Lumaco,1,1,75,55
9,La Araucanía,9207,Lumaco,2,1,80,59
9,La Araucanía,9207,Lumaco,1,1,80,39
9,La Araucanía,9207,Lumaco,1,1,85,35
9,La Araucanía,9207,Lumaco,2,1,85,43
9,La Araucanía,9207,Lumaco,1,2,0,85
9,La Araucanía,9207,Lumaco,2,2,0,127
9,La Araucanía,9207,Lumaco,1,2,5,109
9,La Araucanía,9207,Lumaco,2,2,5,185
9,La Araucanía,9207,Lumaco,1,2,10,98
9,La Araucanía,9207,Lumaco,2,2,10,192
9,La Araucanía,9207,Lumaco,2,2,15,195
9,La Araucanía,9207,Lumaco,1,2,15,130
9,La Araucanía,9207,Lumaco,2,2,20,145
9,La Araucanía,9207,Lumaco,1,2,20,110
9,La Araucanía,9207,Lumaco,1,2,25,122
9,La Araucanía,9207,Lumaco,2,2,25,178
9,La Araucanía,9207,Lumaco,2,2,30,172
9,La Araucanía,9207,Lumaco,1,2,30,126
9,La Araucanía,9207,Lumaco,2,2,35,166
9,La Araucanía,9207,Lumaco,1,2,35,129
9,La Araucanía,9207,Lumaco,1,2,40,142
9,La Araucanía,9207,Lumaco,2,2,40,181
9,La Araucanía,9207,Lumaco,2,2,45,159
9,La Araucanía,9207,Lumaco,1,2,45,121
9,La Araucanía,9207,Lumaco,1,2,50,127
9,La Araucanía,9207,Lumaco,2,2,50,188
9,La Araucanía,9207,Lumaco,1,2,55,143
9,La Araucanía,9207,Lumaco,2,2,55,182
9,La Araucanía,9207,Lumaco,2,2,60,166
9,La Araucanía,9207,Lumaco,1,2,60,117
9,La Araucanía,9207,Lumaco,2,2,65,116
9,La Araucanía,9207,Lumaco,1,2,65,113
9,La Araucanía,9207,Lumaco,1,2,70,71
9,La Araucanía,9207,Lumaco,2,2,70,109
9,La Araucanía,9207,Lumaco,2,2,75,83
9,La Araucanía,9207,Lumaco,1,2,75,64
9,La Araucanía,9207,Lumaco,1,2,80,49
9,La Araucanía,9207,Lumaco,2,2,80,62
9,La Araucanía,9207,Lumaco,2,2,85,56
9,La Araucanía,9207,Lumaco,1,2,85,44
9,La Araucanía,9208,Purén,1,1,0,162
9,La Araucanía,9208,Purén,2,1,0,113
9,La Araucanía,9208,Purén,1,1,5,227
9,La Araucanía,9208,Purén,2,1,5,178
9,La Araucanía,9208,Purén,1,1,10,253
9,La Araucanía,9208,Purén,2,1,10,199
9,La Araucanía,9208,Purén,1,1,15,229
9,La Araucanía,9208,Purén,2,1,15,167
9,La Araucanía,9208,Purén,2,1,20,117
9,La Araucanía,9208,Purén,1,1,20,187
9,La Araucanía,9208,Purén,1,1,25,218
9,La Araucanía,9208,Purén,2,1,25,131
9,La Araucanía,9208,Purén,1,1,30,243
9,La Araucanía,9208,Purén,2,1,30,183
9,La Araucanía,9208,Purén,2,1,35,147
9,La Araucanía,9208,Purén,1,1,35,197
9,La Araucanía,9208,Purén,2,1,40,155
9,La Araucanía,9208,Purén,1,1,40,193
9,La Araucanía,9208,Purén,2,1,45,144
9,La Araucanía,9208,Purén,1,1,45,184
9,La Araucanía,9208,Purén,1,1,50,172
9,La Araucanía,9208,Purén,2,1,50,209
9,La Araucanía,9208,Purén,1,1,55,203
9,La Araucanía,9208,Purén,2,1,55,187
9,La Araucanía,9208,Purén,1,1,60,225
9,La Araucanía,9208,Purén,2,1,60,198
9,La Araucanía,9208,Purén,1,1,65,170
9,La Araucanía,9208,Purén,2,1,65,160
9,La Araucanía,9208,Purén,1,1,70,127
9,La Araucanía,9208,Purén,2,1,70,126
9,La Araucanía,9208,Purén,1,1,75,86
9,La Araucanía,9208,Purén,2,1,75,70
9,La Araucanía,9208,Purén,1,1,80,69
9,La Araucanía,9208,Purén,2,1,80,50
9,La Araucanía,9208,Purén,2,1,85,44
9,La Araucanía,9208,Purén,1,1,85,70
9,La Araucanía,9208,Purén,2,2,0,126
9,La Araucanía,9208,Purén,1,2,0,165
9,La Araucanía,9208,Purén,1,2,5,241
9,La Araucanía,9208,Purén,2,2,5,173
9,La Araucanía,9208,Purén,2,2,10,176
9,La Araucanía,9208,Purén,1,2,10,246
9,La Araucanía,9208,Purén,1,2,15,241
9,La Araucanía,9208,Purén,2,2,15,173
9,La Araucanía,9208,Purén,2,2,20,149
9,La Araucanía,9208,Purén,1,2,20,188
9,La Araucanía,9208,Purén,2,2,25,155
9,La Araucanía,9208,Purén,1,2,25,241
9,La Araucanía,9208,Purén,2,2,30,161
9,La Araucanía,9208,Purén,1,2,30,298
9,La Araucanía,9208,Purén,2,2,35,158
9,La Araucanía,9208,Purén,1,2,35,240
9,La Araucanía,9208,Purén,2,2,40,168
9,La Araucanía,9208,Purén,1,2,40,261
9,La Araucanía,9208,Purén,2,2,45,135
9,La Araucanía,9208,Purén,1,2,45,242
9,La Araucanía,9208,Purén,1,2,50,217
9,La Araucanía,9208,Purén,2,2,50,193
9,La Araucanía,9208,Purén,2,2,55,194
9,La Araucanía,9208,Purén,1,2,55,293
9,La Araucanía,9208,Purén,1,2,60,239
9,La Araucanía,9208,Purén,2,2,60,195
9,La Araucanía,9208,Purén,2,2,65,146
9,La Araucanía,9208,Purén,1,2,65,215
9,La Araucanía,9208,Purén,2,2,70,109
9,La Araucanía,9208,Purén,1,2,70,153
9,La Araucanía,9208,Purén,2,2,75,74
9,La Araucanía,9208,Purén,1,2,75,125
9,La Araucanía,9208,Purén,1,2,80,85
9,La Araucanía,9208,Purén,2,2,80,58
9,La Araucanía,9208,Purén,2,2,85,59
9,La Araucanía,9208,Purén,1,2,85,99
9,La Araucanía,9209,Renaico,2,1,0,50
9,La Araucanía,9209,Renaico,1,1,0,229
9,La Araucanía,9209,Renaico,1,1,5,289
9,La Araucanía,9209,Renaico,2,1,5,67
9,La Araucanía,9209,Renaico,1,1,10,317
9,La Araucanía,9209,Renaico,2,1,10,69
9,La Araucanía,9209,Renaico,2,1,15,67
9,La Araucanía,9209,Renaico,1,1,15,315
9,La Araucanía,9209,Renaico,1,1,20,261
9,La Araucanía,9209,Renaico,2,1,20,56
9,La Araucanía,9209,Renaico,2,1,25,40
9,La Araucanía,9209,Renaico,1,1,25,224
9,La Araucanía,9209,Renaico,2,1,30,76
9,La Araucanía,9209,Renaico,1,1,30,274
9,La Araucanía,9209,Renaico,1,1,35,250
9,La Araucanía,9209,Renaico,2,1,35,84
9,La Araucanía,9209,Renaico,1,1,40,277
9,La Araucanía,9209,Renaico,2,1,40,60
9,La Araucanía,9209,Renaico,2,1,45,73
9,La Araucanía,9209,Renaico,1,1,45,237
9,La Araucanía,9209,Renaico,1,1,50,253
9,La Araucanía,9209,Renaico,2,1,50,97
9,La Araucanía,9209,Renaico,2,1,55,111
9,La Araucanía,9209,Renaico,1,1,55,264
9,La Araucanía,9209,Renaico,2,1,60,87
9,La Araucanía,9209,Renaico,1,1,60,242
9,La Araucanía,9209,Renaico,2,1,65,82
9,La Araucanía,9209,Renaico,1,1,65,192
9,La Araucanía,9209,Renaico,1,1,70,167
9,La Araucanía,9209,Renaico,2,1,70,53
9,La Araucanía,9209,Renaico,2,1,75,41
9,La Araucanía,9209,Renaico,1,1,75,107
9,La Araucanía,9209,Renaico,2,1,80,25
9,La Araucanía,9209,Renaico,1,1,80,57
9,La Araucanía,9209,Renaico,2,1,85,23
9,La Araucanía,9209,Renaico,1,1,85,34
9,La Araucanía,9209,Renaico,2,2,0,55
9,La Araucanía,9209,Renaico,1,2,0,224
9,La Araucanía,9209,Renaico,2,2,5,72
9,La Araucanía,9209,Renaico,1,2,5,276
9,La Araucanía,9209,Renaico,1,2,10,291
9,La Araucanía,9209,Renaico,2,2,10,73
9,La Araucanía,9209,Renaico,1,2,15,279
9,La Araucanía,9209,Renaico,2,2,15,64
9,La Araucanía,9209,Renaico,2,2,20,51
9,La Araucanía,9209,Renaico,1,2,20,283
9,La Araucanía,9209,Renaico,1,2,25,281
9,La Araucanía,9209,Renaico,2,2,25,60
9,La Araucanía,9209,Renaico,2,2,30,67
9,La Araucanía,9209,Renaico,1,2,30,379
9,La Araucanía,9209,Renaico,1,2,35,299
9,La Araucanía,9209,Renaico,2,2,35,72
9,La Araucanía,9209,Renaico,2,2,40,86
9,La Araucanía,9209,Renaico,1,2,40,278
9,La Araucanía,9209,Renaico,2,2,45,55
9,La Araucanía,9209,Renaico,1,2,45,287
9,La Araucanía,9209,Renaico,2,2,50,85
9,La Araucanía,9209,Renaico,1,2,50,308
9,La Araucanía,9209,Renaico,2,2,55,92
9,La Araucanía,9209,Renaico,1,2,55,282
9,La Araucanía,9209,Renaico,2,2,60,88
9,La Araucanía,9209,Renaico,1,2,60,276
9,La Araucanía,9209,Renaico,2,2,65,66
9,La Araucanía,9209,Renaico,1,2,65,213
9,La Araucanía,9209,Renaico,1,2,70,181
9,La Araucanía,9209,Renaico,2,2,70,44
9,La Araucanía,9209,Renaico,2,2,75,41
9,La Araucanía,9209,Renaico,1,2,75,135
9,La Araucanía,9209,Renaico,2,2,80,19
9,La Araucanía,9209,Renaico,1,2,80,77
9,La Araucanía,9209,Renaico,1,2,85,77
9,La Araucanía,9209,Renaico,2,2,85,20
9,La Araucanía,9210,Traiguén,2,1,0,96
9,La Araucanía,9210,Traiguén,1,1,0,374
9,La Araucanía,9210,Traiguén,1,1,5,488
9,La Araucanía,9210,Traiguén,2,1,5,153
9,La Araucanía,9210,Traiguén,1,1,10,523
9,La Araucanía,9210,Traiguén,2,1,10,156
9,La Araucanía,9210,Traiguén,1,1,15,485
9,La Araucanía,9210,Traiguén,2,1,15,138
9,La Araucanía,9210,Traiguén,2,1,20,121
9,La Araucanía,9210,Traiguén,1,1,20,421
9,La Araucanía,9210,Traiguén,1,1,25,445
9,La Araucanía,9210,Traiguén,2,1,25,107
9,La Araucanía,9210,Traiguén,2,1,30,135
9,La Araucanía,9210,Traiguén,1,1,30,420
9,La Araucanía,9210,Traiguén,1,1,35,394
9,La Araucanía,9210,Traiguén,2,1,35,94
9,La Araucanía,9210,Traiguén,1,1,40,400
9,La Araucanía,9210,Traiguén,2,1,40,140
9,La Araucanía,9210,Traiguén,2,1,45,128
9,La Araucanía,9210,Traiguén,1,1,45,337
9,La Araucanía,9210,Traiguén,2,1,50,171
9,La Araucanía,9210,Traiguén,1,1,50,372
9,La Araucanía,9210,Traiguén,2,1,55,187
9,La Araucanía,9210,Traiguén,1,1,55,444
9,La Araucanía,9210,Traiguén,2,1,60,215
9,La Araucanía,9210,Traiguén,1,1,60,452
9,La Araucanía,9210,Traiguén,1,1,65,370
9,La Araucanía,9210,Traiguén,2,1,65,152
9,La Araucanía,9210,Traiguén,2,1,70,110
9,La Araucanía,9210,Traiguén,1,1,70,281
9,La Araucanía,9210,Traiguén,1,1,75,216
9,La Araucanía,9210,Traiguén,2,1,75,84
9,La Araucanía,9210,Traiguén,1,1,80,148
9,La Araucanía,9210,Traiguén,2,1,80,53
9,La Araucanía,9210,Traiguén,1,1,85,114
9,La Araucanía,9210,Traiguén,2,1,85,47
9,La Araucanía,9210,Traiguén,1,2,0,315
9,La Araucanía,9210,Traiguén,2,2,0,121
9,La Araucanía,9210,Traiguén,1,2,5,449
9,La Araucanía,9210,Traiguén,2,2,5,143
9,La Araucanía,9210,Traiguén,2,2,10,140
9,La Araucanía,9210,Traiguén,1,2,10,502
9,La Araucanía,9210,Traiguén,2,2,15,133
9,La Araucanía,9210,Traiguén,1,2,15,475
9,La Araucanía,9210,Traiguén,1,2,20,441
9,La Araucanía,9210,Traiguén,2,2,20,117
9,La Araucanía,9210,Traiguén,1,2,25,479
9,La Araucanía,9210,Traiguén,2,2,25,110
9,La Araucanía,9210,Traiguén,2,2,30,143
9,La Araucanía,9210,Traiguén,1,2,30,524
9,La Araucanía,9210,Traiguén,1,2,35,497
9,La Araucanía,9210,Traiguén,2,2,35,128
9,La Araucanía,9210,Traiguén,1,2,40,492
9,La Araucanía,9210,Traiguén,2,2,40,119
9,La Araucanía,9210,Traiguén,1,2,45,467
9,La Araucanía,9210,Traiguén,2,2,45,143
9,La Araucanía,9210,Traiguén,2,2,50,157
9,La Araucanía,9210,Traiguén,1,2,50,442
9,La Araucanía,9210,Traiguén,1,2,55,551
9,La Araucanía,9210,Traiguén,2,2,55,178
9,La Araucanía,9210,Traiguén,2,2,60,185
9,La Araucanía,9210,Traiguén,1,2,60,518
9,La Araucanía,9210,Traiguén,2,2,65,132
9,La Araucanía,9210,Traiguén,1,2,65,432
9,La Araucanía,9210,Traiguén,1,2,70,377
9,La Araucanía,9210,Traiguén,2,2,70,93
9,La Araucanía,9210,Traiguén,2,2,75,77
9,La Araucanía,9210,Traiguén,1,2,75,266
9,La Araucanía,9210,Traiguén,2,2,80,58
9,La Araucanía,9210,Traiguén,1,2,80,237
9,La Araucanía,9210,Traiguén,1,2,85,216
9,La Araucanía,9210,Traiguén,2,2,85,45
9,La Araucanía,9211,Victoria,2,1,0,229
9,La Araucanía,9211,Victoria,1,1,0,613
9,La Araucanía,9211,Victoria,2,1,5,351
9,La Araucanía,9211,Victoria,1,1,5,828
9,La Araucanía,9211,Victoria,1,1,10,816
9,La Araucanía,9211,Victoria,2,1,10,367
9,La Araucanía,9211,Victoria,2,1,15,352
9,La Araucanía,9211,Victoria,1,1,15,829
9,La Araucanía,9211,Victoria,1,1,20,790
9,La Araucanía,9211,Victoria,2,1,20,259
9,La Araucanía,9211,Victoria,2,1,25,253
9,La Araucanía,9211,Victoria,1,1,25,834
9,La Araucanía,9211,Victoria,1,1,30,892
9,La Araucanía,9211,Victoria,2,1,30,306
9,La Araucanía,9211,Victoria,1,1,35,796
9,La Araucanía,9211,Victoria,2,1,35,301
9,La Araucanía,9211,Victoria,2,1,40,316
9,La Araucanía,9211,Victoria,1,1,40,666
9,La Araucanía,9211,Victoria,2,1,45,351
9,La Araucanía,9211,Victoria,1,1,45,634
9,La Araucanía,9211,Victoria,1,1,50,687
9,La Araucanía,9211,Victoria,2,1,50,362
9,La Araucanía,9211,Victoria,2,1,55,428
9,La Araucanía,9211,Victoria,1,1,55,705
9,La Araucanía,9211,Victoria,1,1,60,658
9,La Araucanía,9211,Victoria,2,1,60,380
9,La Araucanía,9211,Victoria,1,1,65,586
9,La Araucanía,9211,Victoria,2,1,65,309
9,La Araucanía,9211,Victoria,1,1,70,444
9,La Araucanía,9211,Victoria,2,1,70,235
9,La Araucanía,9211,Victoria,1,1,75,311
9,La Araucanía,9211,Victoria,2,1,75,185
9,La Araucanía,9211,Victoria,1,1,80,203
9,La Araucanía,9211,Victoria,2,1,80,97
9,La Araucanía,9211,Victoria,1,1,85,148
9,La Araucanía,9211,Victoria,2,1,85,79
9,La Araucanía,9211,Victoria,2,2,0,230
9,La Araucanía,9211,Victoria,1,2,0,593
9,La Araucanía,9211,Victoria,1,2,5,761
9,La Araucanía,9211,Victoria,2,2,5,305
9,La Araucanía,9211,Victoria,1,2,10,762
9,La Araucanía,9211,Victoria,2,2,10,363
9,La Araucanía,9211,Victoria,2,2,15,282
9,La Araucanía,9211,Victoria,1,2,15,764
9,La Araucanía,9211,Victoria,1,2,20,753
9,La Araucanía,9211,Victoria,2,2,20,252
9,La Araucanía,9211,Victoria,2,2,25,269
9,La Araucanía,9211,Victoria,1,2,25,862
9,La Araucanía,9211,Victoria,1,2,30,941
9,La Araucanía,9211,Victoria,2,2,30,322
9,La Araucanía,9211,Victoria,2,2,35,357
9,La Araucanía,9211,Victoria,1,2,35,894
9,La Araucanía,9211,Victoria,1,2,40,794
9,La Araucanía,9211,Victoria,2,2,40,322
9,La Araucanía,9211,Victoria,1,2,45,757
9,La Araucanía,9211,Victoria,2,2,45,338
9,La Araucanía,9211,Victoria,2,2,50,343
9,La Araucanía,9211,Victoria,1,2,50,815
9,La Araucanía,9211,Victoria,2,2,55,395
9,La Araucanía,9211,Victoria,1,2,55,923
9,La Araucanía,9211,Victoria,1,2,60,855
9,La Araucanía,9211,Victoria,2,2,60,350
9,La Araucanía,9211,Victoria,1,2,65,649
9,La Araucanía,9211,Victoria,2,2,65,287
9,La Araucanía,9211,Victoria,1,2,70,582
9,La Araucanía,9211,Victoria,2,2,70,231
9,La Araucanía,9211,Victoria,1,2,75,486
9,La Araucanía,9211,Victoria,2,2,75,158
9,La Araucanía,9211,Victoria,1,2,80,314
9,La Araucanía,9211,Victoria,2,2,80,120
9,La Araucanía,9211,Victoria,2,2,85,100
9,La Araucanía,9211,Victoria,1,2,85,335
10,Los Lagos,10101,Puerto Montt,1,1,0,5903
10,Los Lagos,10101,Puerto Montt,2,1,0,958
10,Los Lagos,10101,Puerto Montt,2,1,5,1282
10,Los Lagos,10101,Puerto Montt,1,1,5,8000
10,Los Lagos,10101,Puerto Montt,2,1,10,1348
10,Los Lagos,10101,Puerto Montt,1,1,10,8544
10,Los Lagos,10101,Puerto Montt,2,1,15,1277
10,Los Lagos,10101,Puerto Montt,1,1,15,9008
10,Los Lagos,10101,Puerto Montt,1,1,20,9128
10,Los Lagos,10101,Puerto Montt,2,1,20,1163
10,Los Lagos,10101,Puerto Montt,2,1,25,1249
10,Los Lagos,10101,Puerto Montt,1,1,25,10217
10,Los Lagos,10101,Puerto Montt,1,1,30,11173
10,Los Lagos,10101,Puerto Montt,2,1,30,1495
10,Los Lagos,10101,Puerto Montt,1,1,35,9595
10,Los Lagos,10101,Puerto Montt,2,1,35,1490
10,Los Lagos,10101,Puerto Montt,1,1,40,8709
10,Los Lagos,10101,Puerto Montt,2,1,40,1459
10,Los Lagos,10101,Puerto Montt,1,1,45,7526
10,Los Lagos,10101,Puerto Montt,2,1,45,1410
10,Los Lagos,10101,Puerto Montt,2,1,50,1510
10,Los Lagos,10101,Puerto Montt,1,1,50,7272
10,Los Lagos,10101,Puerto Montt,1,1,55,6311
10,Los Lagos,10101,Puerto Montt,2,1,55,1454
10,Los Lagos,10101,Puerto Montt,1,1,60,5229
10,Los Lagos,10101,Puerto Montt,2,1,60,1275
10,Los Lagos,10101,Puerto Montt,1,1,65,3885
10,Los Lagos,10101,Puerto Montt,2,1,65,994
10,Los Lagos,10101,Puerto Montt,2,1,70,685
10,Los Lagos,10101,Puerto Montt,1,1,70,2556
10,Los Lagos,10101,Puerto Montt,1,1,75,1723
10,Los Lagos,10101,Puerto Montt,2,1,75,464
10,Los Lagos,10101,Puerto Montt,2,1,80,294
10,Los Lagos,10101,Puerto Montt,1,1,80,1044
10,Los Lagos,10101,Puerto Montt,1,1,85,736
10,Los Lagos,10101,Puerto Montt,2,1,85,178
10,Los Lagos,10101,Puerto Montt,2,2,0,872
10,Los Lagos,10101,Puerto Montt,1,2,0,5772
10,Los Lagos,10101,Puerto Montt,2,2,5,1244
10,Los Lagos,10101,Puerto Montt,1,2,5,7638
10,Los Lagos,10101,Puerto Montt,1,2,10,8473
10,Los Lagos,10101,Puerto Montt,2,2,10,1226
10,Los Lagos,10101,Puerto Montt,1,2,15,8345
10,Los Lagos,10101,Puerto Montt,2,2,15,1234
10,Los Lagos,10101,Puerto Montt,2,2,20,1151
10,Los Lagos,10101,Puerto Montt,1,2,20,8871
10,Los Lagos,10101,Puerto Montt,2,2,25,1182
10,Los Lagos,10101,Puerto Montt,1,2,25,9668
10,Los Lagos,10101,Puerto Montt,1,2,30,11070
10,Los Lagos,10101,Puerto Montt,2,2,30,1463
10,Los Lagos,10101,Puerto Montt,2,2,35,1439
10,Los Lagos,10101,Puerto Montt,1,2,35,9798
10,Los Lagos,10101,Puerto Montt,1,2,40,9011
10,Los Lagos,10101,Puerto Montt,2,2,40,1447
10,Los Lagos,10101,Puerto Montt,1,2,45,8066
10,Los Lagos,10101,Puerto Montt,2,2,45,1282
10,Los Lagos,10101,Puerto Montt,2,2,50,1414
10,Los Lagos,10101,Puerto Montt,1,2,50,7977
10,Los Lagos,10101,Puerto Montt,2,2,55,1269
10,Los Lagos,10101,Puerto Montt,1,2,55,7266
10,Los Lagos,10101,Puerto Montt,1,2,60,6089
10,Los Lagos,10101,Puerto Montt,2,2,60,1237
10,Los Lagos,10101,Puerto Montt,2,2,65,937
10,Los Lagos,10101,Puerto Montt,1,2,65,4454
10,Los Lagos,10101,Puerto Montt,1,2,70,3234
10,Los Lagos,10101,Puerto Montt,2,2,70,680
10,Los Lagos,10101,Puerto Montt,2,2,75,457
10,Los Lagos,10101,Puerto Montt,1,2,75,2439
10,Los Lagos,10101,Puerto Montt,1,2,80,1617
10,Los Lagos,10101,Puerto Montt,2,2,80,314
10,Los Lagos,10101,Puerto Montt,2,2,85,309
10,Los Lagos,10101,Puerto Montt,1,2,85,1551
10,Los Lagos,10102,Calbuco,1,1,0,452
10,Los Lagos,10102,Calbuco,2,1,0,423
10,Los Lagos,10102,Calbuco,2,1,5,554
10,Los Lagos,10102,Calbuco,1,1,5,588
10,Los Lagos,10102,Calbuco,2,1,10,686
10,Los Lagos,10102,Calbuco,1,1,10,618
10,Los Lagos,10102,Calbuco,2,1,15,669
10,Los Lagos,10102,Calbuco,1,1,15,660
10,Los Lagos,10102,Calbuco,1,1,20,618
10,Los Lagos,10102,Calbuco,2,1,20,608
10,Los Lagos,10102,Calbuco,1,1,25,661
10,Los Lagos,10102,Calbuco,2,1,25,592
10,Los Lagos,10102,Calbuco,2,1,30,699
10,Los Lagos,10102,Calbuco,1,1,30,670
10,Los Lagos,10102,Calbuco,1,1,35,568
10,Los Lagos,10102,Calbuco,2,1,35,681
10,Los Lagos,10102,Calbuco,1,1,40,530
10,Los Lagos,10102,Calbuco,2,1,40,608
10,Los Lagos,10102,Calbuco,1,1,45,439
10,Los Lagos,10102,Calbuco,2,1,45,640
10,Los Lagos,10102,Calbuco,1,1,50,591
10,Los Lagos,10102,Calbuco,2,1,50,813
10,Los Lagos,10102,Calbuco,1,1,55,506
10,Los Lagos,10102,Calbuco,2,1,55,845
10,Los Lagos,10102,Calbuco,2,1,60,705
10,Los Lagos,10102,Calbuco,1,1,60,393
10,Los Lagos,10102,Calbuco,2,1,65,576
10,Los Lagos,10102,Calbuco,1,1,65,304
10,Los Lagos,10102,Calbuco,2,1,70,403
10,Los Lagos,10102,Calbuco,1,1,70,201
10,Los Lagos,10102,Calbuco,2,1,75,358
10,Los Lagos,10102,Calbuco,1,1,75,164
10,Los Lagos,10102,Calbuco,1,1,80,76
10,Los Lagos,10102,Calbuco,2,1,80,230
10,Los Lagos,10102,Calbuco,1,1,85,75
10,Los Lagos,10102,Calbuco,2,1,85,170
10,Los Lagos,10102,Calbuco,1,2,0,449
10,Los Lagos,10102,Calbuco,2,2,0,430
10,Los Lagos,10102,Calbuco,1,2,5,544
10,Los Lagos,10102,Calbuco,2,2,5,509
10,Los Lagos,10102,Calbuco,1,2,10,586
10,Los Lagos,10102,Calbuco,2,2,10,589
10,Los Lagos,10102,Calbuco,2,2,15,643
10,Los Lagos,10102,Calbuco,1,2,15,572
10,Los Lagos,10102,Calbuco,1,2,20,570
10,Los Lagos,10102,Calbuco,2,2,20,528
10,Los Lagos,10102,Calbuco,1,2,25,640
10,Los Lagos,10102,Calbuco,2,2,25,587
10,Los Lagos,10102,Calbuco,1,2,30,741
10,Los Lagos,10102,Calbuco,2,2,30,657
10,Los Lagos,10102,Calbuco,1,2,35,639
10,Los Lagos,10102,Calbuco,2,2,35,605
10,Los Lagos,10102,Calbuco,1,2,40,560
10,Los Lagos,10102,Calbuco,2,2,40,558
10,Los Lagos,10102,Calbuco,1,2,45,563
10,Los Lagos,10102,Calbuco,2,2,45,661
10,Los Lagos,10102,Calbuco,2,2,50,716
10,Los Lagos,10102,Calbuco,1,2,50,565
10,Los Lagos,10102,Calbuco,1,2,55,551
10,Los Lagos,10102,Calbuco,2,2,55,723
10,Los Lagos,10102,Calbuco,2,2,60,633
10,Los Lagos,10102,Calbuco,1,2,60,438
10,Los Lagos,10102,Calbuco,1,2,65,299
10,Los Lagos,10102,Calbuco,2,2,65,543
10,Los Lagos,10102,Calbuco,1,2,70,258
10,Los Lagos,10102,Calbuco,2,2,70,419
10,Los Lagos,10102,Calbuco,1,2,75,201
10,Los Lagos,10102,Calbuco,2,2,75,338
10,Los Lagos,10102,Calbuco,1,2,80,152
10,Los Lagos,10102,Calbuco,2,2,80,251
10,Los Lagos,10102,Calbuco,1,2,85,121
10,Los Lagos,10102,Calbuco,2,2,85,261
10,Los Lagos,10103,Cochamó,2,1,0,88
10,Los Lagos,10103,Cochamó,2,1,5,137
10,Los Lagos,10103,Cochamó,2,1,10,102
10,Los Lagos,10103,Cochamó,2,1,15,93
10,Los Lagos,10103,Cochamó,2,1,20,97
10,Los Lagos,10103,Cochamó,2,1,25,129
10,Los Lagos,10103,Cochamó,2,1,30,160
10,Los Lagos,10103,Cochamó,2,1,35,155
10,Los Lagos,10103,Cochamó,2,1,40,138
10,Los Lagos,10103,Cochamó,2,1,45,148
10,Los Lagos,10103,Cochamó,2,1,50,161
10,Los Lagos,10103,Cochamó,2,1,55,191
10,Los Lagos,10103,Cochamó,2,1,60,184
10,Los Lagos,10103,Cochamó,2,1,65,156
10,Los Lagos,10103,Cochamó,2,1,70,114
10,Los Lagos,10103,Cochamó,2,1,75,72
10,Los Lagos,10103,Cochamó,2,1,80,43
10,Los Lagos,10103,Cochamó,2,1,85,45
10,Los Lagos,10103,Cochamó,2,2,0,74
10,Los Lagos,10103,Cochamó,2,2,5,93
10,Los Lagos,10103,Cochamó,2,2,10,93
10,Los Lagos,10103,Cochamó,2,2,15,110
10,Los Lagos,10103,Cochamó,2,2,20,91
10,Los Lagos,10103,Cochamó,2,2,25,125
10,Los Lagos,10103,Cochamó,2,2,30,156
10,Los Lagos,10103,Cochamó,2,2,35,125
10,Los Lagos,10103,Cochamó,2,2,40,133
10,Los Lagos,10103,Cochamó,2,2,45,123
10,Los Lagos,10103,Cochamó,2,2,50,156
10,Los Lagos,10103,Cochamó,2,2,55,171
10,Los Lagos,10103,Cochamó,2,2,60,138
10,Los Lagos,10103,Cochamó,2,2,65,139
10,Los Lagos,10103,Cochamó,2,2,70,85
10,Los Lagos,10103,Cochamó,2,2,75,75
10,Los Lagos,10103,Cochamó,2,2,80,54
10,Los Lagos,10103,Cochamó,2,2,85,45
10,Los Lagos,10104,Fresia,1,1,0,213
10,Los Lagos,10104,Fresia,2,1,0,97
10,Los Lagos,10104,Fresia,2,1,5,127
10,Los Lagos,10104,Fresia,1,1,5,239
10,Los Lagos,10104,Fresia,2,1,10,118
10,Los Lagos,10104,Fresia,1,1,10,252
10,Los Lagos,10104,Fresia,2,1,15,136
10,Los Lagos,10104,Fresia,1,1,15,273
10,Los Lagos,10104,Fresia,2,1,20,117
10,Los Lagos,10104,Fresia,1,1,20,258
10,Los Lagos,10104,Fresia,1,1,25,281
10,Los Lagos,10104,Fresia,2,1,25,123
10,Los Lagos,10104,Fresia,1,1,30,278
10,Los Lagos,10104,Fresia,2,1,30,100
10,Los Lagos,10104,Fresia,1,1,35,230
10,Los Lagos,10104,Fresia,2,1,35,127
10,Los Lagos,10104,Fresia,1,1,40,183
10,Los Lagos,10104,Fresia,2,1,40,127
10,Los Lagos,10104,Fresia,1,1,45,211
10,Los Lagos,10104,Fresia,2,1,45,188
10,Los Lagos,10104,Fresia,1,1,50,243
10,Los Lagos,10104,Fresia,2,1,50,223
10,Los Lagos,10104,Fresia,1,1,55,224
10,Los Lagos,10104,Fresia,2,1,55,225
10,Los Lagos,10104,Fresia,2,1,60,241
10,Los Lagos,10104,Fresia,1,1,60,222
10,Los Lagos,10104,Fresia,1,1,65,177
10,Los Lagos,10104,Fresia,2,1,65,192
10,Los Lagos,10104,Fresia,1,1,70,133
10,Los Lagos,10104,Fresia,2,1,70,122
10,Los Lagos,10104,Fresia,1,1,75,94
10,Los Lagos,10104,Fresia,2,1,75,106
10,Los Lagos,10104,Fresia,2,1,80,69
10,Los Lagos,10104,Fresia,1,1,80,65
10,Los Lagos,10104,Fresia,1,1,85,39
10,Los Lagos,10104,Fresia,2,1,85,49
10,Los Lagos,10104,Fresia,1,2,0,166
10,Los Lagos,10104,Fresia,2,2,0,81
10,Los Lagos,10104,Fresia,1,2,5,257
10,Los Lagos,10104,Fresia,2,2,5,118
10,Los Lagos,10104,Fresia,2,2,10,118
10,Los Lagos,10104,Fresia,1,2,10,249
10,Los Lagos,10104,Fresia,2,2,15,119
10,Los Lagos,10104,Fresia,1,2,15,275
10,Los Lagos,10104,Fresia,1,2,20,234
10,Los Lagos,10104,Fresia,2,2,20,94
10,Los Lagos,10104,Fresia,1,2,25,283
10,Los Lagos,10104,Fresia,2,2,25,110
10,Los Lagos,10104,Fresia,2,2,30,134
10,Los Lagos,10104,Fresia,1,2,30,319
10,Los Lagos,10104,Fresia,1,2,35,255
10,Los Lagos,10104,Fresia,2,2,35,122
10,Los Lagos,10104,Fresia,1,2,40,230
10,Los Lagos,10104,Fresia,2,2,40,141
10,Los Lagos,10104,Fresia,1,2,45,244
10,Los Lagos,10104,Fresia,2,2,45,150
10,Los Lagos,10104,Fresia,2,2,50,173
10,Los Lagos,10104,Fresia,1,2,50,277
10,Los Lagos,10104,Fresia,1,2,55,278
10,Los Lagos,10104,Fresia,2,2,55,182
10,Los Lagos,10104,Fresia,2,2,60,213
10,Los Lagos,10104,Fresia,1,2,60,243
10,Los Lagos,10104,Fresia,2,2,65,175
10,Los Lagos,10104,Fresia,1,2,65,206
10,Los Lagos,10104,Fresia,2,2,70,123
10,Los Lagos,10104,Fresia,1,2,70,149
10,Los Lagos,10104,Fresia,2,2,75,94
10,Los Lagos,10104,Fresia,1,2,75,110
10,Los Lagos,10104,Fresia,2,2,80,88
10,Los Lagos,10104,Fresia,1,2,80,72
10,Los Lagos,10104,Fresia,1,2,85,77
10,Los Lagos,10104,Fresia,2,2,85,59
10,Los Lagos,10105,Frutillar,1,1,0,393
10,Los Lagos,10105,Frutillar,2,1,0,205
10,Los Lagos,10105,Frutillar,2,1,5,257
10,Los Lagos,10105,Frutillar,1,1,5,475
10,Los Lagos,10105,Frutillar,2,1,10,274
10,Los Lagos,10105,Frutillar,1,1,10,596
10,Los Lagos,10105,Frutillar,2,1,15,234
10,Los Lagos,10105,Frutillar,1,1,15,522
10,Los Lagos,10105,Frutillar,1,1,20,507
10,Los Lagos,10105,Frutillar,2,1,20,149
10,Los Lagos,10105,Frutillar,2,1,25,172
10,Los Lagos,10105,Frutillar,1,1,25,530
10,Los Lagos,10105,Frutillar,1,1,30,672
10,Los Lagos,10105,Frutillar,2,1,30,256
10,Los Lagos,10105,Frutillar,1,1,35,569
10,Los Lagos,10105,Frutillar,2,1,35,257
10,Los Lagos,10105,Frutillar,1,1,40,493
10,Los Lagos,10105,Frutillar,2,1,40,272
10,Los Lagos,10105,Frutillar,1,1,45,460
10,Los Lagos,10105,Frutillar,2,1,45,252
10,Los Lagos,10105,Frutillar,1,1,50,435
10,Los Lagos,10105,Frutillar,2,1,50,232
10,Los Lagos,10105,Frutillar,1,1,55,448
10,Los Lagos,10105,Frutillar,2,1,55,261
10,Los Lagos,10105,Frutillar,2,1,60,288
10,Los Lagos,10105,Frutillar,1,1,60,373
10,Los Lagos,10105,Frutillar,1,1,65,337
10,Los Lagos,10105,Frutillar,2,1,65,215
10,Los Lagos,10105,Frutillar,1,1,70,220
10,Los Lagos,10105,Frutillar,2,1,70,150
10,Los Lagos,10105,Frutillar,1,1,75,171
10,Los Lagos,10105,Frutillar,2,1,75,79
10,Los Lagos,10105,Frutillar,2,1,80,71
10,Los Lagos,10105,Frutillar,1,1,80,101
10,Los Lagos,10105,Frutillar,1,1,85,62
10,Los Lagos,10105,Frutillar,2,1,85,46
10,Los Lagos,10105,Frutillar,2,2,0,173
10,Los Lagos,10105,Frutillar,1,2,0,384
10,Los Lagos,10105,Frutillar,2,2,5,269
10,Los Lagos,10105,Frutillar,1,2,5,481
10,Los Lagos,10105,Frutillar,2,2,10,271
10,Los Lagos,10105,Frutillar,1,2,10,566
10,Los Lagos,10105,Frutillar,1,2,15,487
10,Los Lagos,10105,Frutillar,2,2,15,193
10,Los Lagos,10105,Frutillar,1,2,20,493
10,Los Lagos,10105,Frutillar,2,2,20,164
10,Los Lagos,10105,Frutillar,1,2,25,572
10,Los Lagos,10105,Frutillar,2,2,25,191
10,Los Lagos,10105,Frutillar,1,2,30,700
10,Los Lagos,10105,Frutillar,2,2,30,263
10,Los Lagos,10105,Frutillar,2,2,35,294
10,Los Lagos,10105,Frutillar,1,2,35,546
10,Los Lagos,10105,Frutillar,1,2,40,582
10,Los Lagos,10105,Frutillar,2,2,40,268
10,Los Lagos,10105,Frutillar,1,2,45,517
10,Los Lagos,10105,Frutillar,2,2,45,235
10,Los Lagos,10105,Frutillar,2,2,50,208
10,Los Lagos,10105,Frutillar,1,2,50,477
10,Los Lagos,10105,Frutillar,2,2,55,278
10,Los Lagos,10105,Frutillar,1,2,55,523
10,Los Lagos,10105,Frutillar,1,2,60,467
10,Los Lagos,10105,Frutillar,2,2,60,256
10,Los Lagos,10105,Frutillar,1,2,65,364
10,Los Lagos,10105,Frutillar,2,2,65,181
10,Los Lagos,10105,Frutillar,1,2,70,276
10,Los Lagos,10105,Frutillar,2,2,70,160
10,Los Lagos,10105,Frutillar,1,2,75,212
10,Los Lagos,10105,Frutillar,2,2,75,92
10,Los Lagos,10105,Frutillar,1,2,80,126
10,Los Lagos,10105,Frutillar,2,2,80,66
10,Los Lagos,10105,Frutillar,2,2,85,69
10,Los Lagos,10105,Frutillar,1,2,85,116
10,Los Lagos,10106,Los Muermos,2,1,0,177
10,Los Lagos,10106,Los Muermos,1,1,0,201
10,Los Lagos,10106,Los Muermos,2,1,5,263
10,Los Lagos,10106,Los Muermos,1,1,5,255
10,Los Lagos,10106,Los Muermos,2,1,10,289
10,Los Lagos,10106,Los Muermos,1,1,10,284
10,Los Lagos,10106,Los Muermos,1,1,15,296
10,Los Lagos,10106,Los Muermos,2,1,15,245
10,Los Lagos,10106,Los Muermos,1,1,20,264
10,Los Lagos,10106,Los Muermos,2,1,20,220
10,Los Lagos,10106,Los Muermos,1,1,25,305
10,Los Lagos,10106,Los Muermos,2,1,25,225
10,Los Lagos,10106,Los Muermos,2,1,30,259
10,Los Lagos,10106,Los Muermos,1,1,30,272
10,Los Lagos,10106,Los Muermos,2,1,35,275
10,Los Lagos,10106,Los Muermos,1,1,35,244
10,Los Lagos,10106,Los Muermos,2,1,40,290
10,Los Lagos,10106,Los Muermos,1,1,40,224
10,Los Lagos,10106,Los Muermos,2,1,45,357
10,Los Lagos,10106,Los Muermos,1,1,45,219
10,Los Lagos,10106,Los Muermos,2,1,50,428
10,Los Lagos,10106,Los Muermos,1,1,50,220
10,Los Lagos,10106,Los Muermos,1,1,55,235
10,Los Lagos,10106,Los Muermos,2,1,55,447
10,Los Lagos,10106,Los Muermos,1,1,60,196
10,Los Lagos,10106,Los Muermos,2,1,60,368
10,Los Lagos,10106,Los Muermos,2,1,65,337
10,Los Lagos,10106,Los Muermos,1,1,65,170
10,Los Lagos,10106,Los Muermos,2,1,70,248
10,Los Lagos,10106,Los Muermos,1,1,70,128
10,Los Lagos,10106,Los Muermos,2,1,75,207
10,Los Lagos,10106,Los Muermos,1,1,75,94
10,Los Lagos,10106,Los Muermos,1,1,80,59
10,Los Lagos,10106,Los Muermos,2,1,80,134
10,Los Lagos,10106,Los Muermos,2,1,85,130
10,Los Lagos,10106,Los Muermos,1,1,85,55
10,Los Lagos,10106,Los Muermos,2,2,0,170
10,Los Lagos,10106,Los Muermos,1,2,0,198
10,Los Lagos,10106,Los Muermos,1,2,5,265
10,Los Lagos,10106,Los Muermos,2,2,5,250
10,Los Lagos,10106,Los Muermos,1,2,10,295
10,Los Lagos,10106,Los Muermos,2,2,10,240
10,Los Lagos,10106,Los Muermos,1,2,15,313
10,Los Lagos,10106,Los Muermos,2,2,15,282
10,Los Lagos,10106,Los Muermos,2,2,20,190
10,Los Lagos,10106,Los Muermos,1,2,20,279
10,Los Lagos,10106,Los Muermos,2,2,25,212
10,Los Lagos,10106,Los Muermos,1,2,25,309
10,Los Lagos,10106,Los Muermos,2,2,30,261
10,Los Lagos,10106,Los Muermos,1,2,30,306
10,Los Lagos,10106,Los Muermos,2,2,35,280
10,Los Lagos,10106,Los Muermos,1,2,35,321
10,Los Lagos,10106,Los Muermos,1,2,40,266
10,Los Lagos,10106,Los Muermos,2,2,40,252
10,Los Lagos,10106,Los Muermos,1,2,45,255
10,Los Lagos,10106,Los Muermos,2,2,45,270
10,Los Lagos,10106,Los Muermos,1,2,50,253
10,Los Lagos,10106,Los Muermos,2,2,50,318
10,Los Lagos,10106,Los Muermos,2,2,55,360
10,Los Lagos,10106,Los Muermos,1,2,55,286
10,Los Lagos,10106,Los Muermos,1,2,60,233
10,Los Lagos,10106,Los Muermos,2,2,60,353
10,Los Lagos,10106,Los Muermos,1,2,65,183
10,Los Lagos,10106,Los Muermos,2,2,65,276
10,Los Lagos,10106,Los Muermos,2,2,70,220
10,Los Lagos,10106,Los Muermos,1,2,70,142
10,Los Lagos,10106,Los Muermos,2,2,75,178
10,Los Lagos,10106,Los Muermos,1,2,75,109
10,Los Lagos,10106,Los Muermos,2,2,80,147
10,Los Lagos,10106,Los Muermos,1,2,80,77
10,Los Lagos,10106,Los Muermos,2,2,85,120
10,Los Lagos,10106,Los Muermos,1,2,85,73
10,Los Lagos,10107,Llanquihue,1,1,0,309
10,Los Lagos,10107,Llanquihue,2,1,0,82
10,Los Lagos,10107,Llanquihue,2,1,5,114
10,Los Lagos,10107,Llanquihue,1,1,5,466
10,Los Lagos,10107,Llanquihue,1,1,10,484
10,Los Lagos,10107,Llanquihue,2,1,10,134
10,Los Lagos,10107,Llanquihue,2,1,15,87
10,Los Lagos,10107,Llanquihue,1,1,15,483
10,Los Lagos,10107,Llanquihue,1,1,20,499
10,Los Lagos,10107,Llanquihue,2,1,20,62
10,Los Lagos,10107,Llanquihue,2,1,25,102
10,Los Lagos,10107,Llanquihue,1,1,25,601
10,Los Lagos,10107,Llanquihue,1,1,30,566
10,Los Lagos,10107,Llanquihue,2,1,30,111
10,Los Lagos,10107,Llanquihue,1,1,35,479
10,Los Lagos,10107,Llanquihue,2,1,35,115
10,Los Lagos,10107,Llanquihue,1,1,40,409
10,Los Lagos,10107,Llanquihue,2,1,40,146
10,Los Lagos,10107,Llanquihue,1,1,45,415
10,Los Lagos,10107,Llanquihue,2,1,45,149
10,Los Lagos,10107,Llanquihue,2,1,50,130
10,Los Lagos,10107,Llanquihue,1,1,50,479
10,Los Lagos,10107,Llanquihue,1,1,55,493
10,Los Lagos,10107,Llanquihue,2,1,55,144
10,Los Lagos,10107,Llanquihue,1,1,60,387
10,Los Lagos,10107,Llanquihue,2,1,60,137
10,Los Lagos,10107,Llanquihue,1,1,65,331
10,Los Lagos,10107,Llanquihue,2,1,65,130
10,Los Lagos,10107,Llanquihue,2,1,70,90
10,Los Lagos,10107,Llanquihue,1,1,70,237
10,Los Lagos,10107,Llanquihue,1,1,75,154
10,Los Lagos,10107,Llanquihue,2,1,75,64
10,Los Lagos,10107,Llanquihue,2,1,80,33
10,Los Lagos,10107,Llanquihue,1,1,80,111
10,Los Lagos,10107,Llanquihue,1,1,85,74
10,Los Lagos,10107,Llanquihue,2,1,85,19
10,Los Lagos,10107,Llanquihue,2,2,0,89
10,Los Lagos,10107,Llanquihue,1,2,0,339
10,Los Lagos,10107,Llanquihue,1,2,5,415
10,Los Lagos,10107,Llanquihue,2,2,5,108
10,Los Lagos,10107,Llanquihue,2,2,10,98
10,Los Lagos,10107,Llanquihue,1,2,10,516
10,Los Lagos,10107,Llanquihue,1,2,15,486
10,Los Lagos,10107,Llanquihue,2,2,15,106
10,Los Lagos,10107,Llanquihue,2,2,20,80
10,Los Lagos,10107,Llanquihue,1,2,20,511
10,Los Lagos,10107,Llanquihue,1,2,25,549
10,Los Lagos,10107,Llanquihue,2,2,25,82
10,Los Lagos,10107,Llanquihue,2,2,30,117
10,Los Lagos,10107,Llanquihue,1,2,30,576
10,Los Lagos,10107,Llanquihue,1,2,35,528
10,Los Lagos,10107,Llanquihue,2,2,35,142
10,Los Lagos,10107,Llanquihue,1,2,40,438
10,Los Lagos,10107,Llanquihue,2,2,40,131
10,Los Lagos,10107,Llanquihue,1,2,45,484
10,Los Lagos,10107,Llanquihue,2,2,45,130
10,Los Lagos,10107,Llanquihue,2,2,50,131
10,Los Lagos,10107,Llanquihue,1,2,50,522
10,Los Lagos,10107,Llanquihue,2,2,55,119
10,Los Lagos,10107,Llanquihue,1,2,55,514
10,Los Lagos,10107,Llanquihue,2,2,60,142
10,Los Lagos,10107,Llanquihue,1,2,60,459
10,Los Lagos,10107,Llanquihue,2,2,65,109
10,Los Lagos,10107,Llanquihue,1,2,65,348
10,Los Lagos,10107,Llanquihue,2,2,70,103
10,Los Lagos,10107,Llanquihue,1,2,70,277
10,Los Lagos,10107,Llanquihue,1,2,75,223
10,Los Lagos,10107,Llanquihue,2,2,75,60
10,Los Lagos,10107,Llanquihue,1,2,80,145
10,Los Lagos,10107,Llanquihue,2,2,80,40
10,Los Lagos,10107,Llanquihue,1,2,85,112
10,Los Lagos,10107,Llanquihue,2,2,85,33
10,Los Lagos,10108,Maullín,1,1,0,170
10,Los Lagos,10108,Maullín,2,1,0,155
10,Los Lagos,10108,Maullín,1,1,5,216
10,Los Lagos,10108,Maullín,2,1,5,211
10,Los Lagos,10108,Maullín,2,1,10,242
10,Los Lagos,10108,Maullín,1,1,10,244
10,Los Lagos,10108,Maullín,2,1,15,248
10,Los Lagos,10108,Maullín,1,1,15,227
10,Los Lagos,10108,Maullín,1,1,20,239
10,Los Lagos,10108,Maullín,2,1,20,204
10,Los Lagos,10108,Maullín,1,1,25,233
10,Los Lagos,10108,Maullín,2,1,25,220
10,Los Lagos,10108,Maullín,2,1,30,238
10,Los Lagos,10108,Maullín,1,1,30,245
10,Los Lagos,10108,Maullín,2,1,35,229
10,Los Lagos,10108,Maullín,1,1,35,261
10,Los Lagos,10108,Maullín,2,1,40,212
10,Los Lagos,10108,Maullín,1,1,40,192
10,Los Lagos,10108,Maullín,2,1,45,278
10,Los Lagos,10108,Maullín,1,1,45,181
10,Los Lagos,10108,Maullín,1,1,50,248
10,Los Lagos,10108,Maullín,2,1,50,341
10,Los Lagos,10108,Maullín,1,1,55,248
10,Los Lagos,10108,Maullín,2,1,55,378
10,Los Lagos,10108,Maullín,2,1,60,385
10,Los Lagos,10108,Maullín,1,1,60,222
10,Los Lagos,10108,Maullín,2,1,65,282
10,Los Lagos,10108,Maullín,1,1,65,172
10,Los Lagos,10108,Maullín,2,1,70,235
10,Los Lagos,10108,Maullín,1,1,70,117
10,Los Lagos,10108,Maullín,2,1,75,165
10,Los Lagos,10108,Maullín,1,1,75,101
10,Los Lagos,10108,Maullín,2,1,80,123
10,Los Lagos,10108,Maullín,1,1,80,43
10,Los Lagos,10108,Maullín,1,1,85,40
10,Los Lagos,10108,Maullín,2,1,85,106
10,Los Lagos,10108,Maullín,1,2,0,164
10,Los Lagos,10108,Maullín,2,2,0,149
10,Los Lagos,10108,Maullín,2,2,5,183
10,Los Lagos,10108,Maullín,1,2,5,205
10,Los Lagos,10108,Maullín,2,2,10,237
10,Los Lagos,10108,Maullín,1,2,10,216
10,Los Lagos,10108,Maullín,2,2,15,195
10,Los Lagos,10108,Maullín,1,2,15,189
10,Los Lagos,10108,Maullín,2,2,20,190
10,Los Lagos,10108,Maullín,1,2,20,215
10,Los Lagos,10108,Maullín,1,2,25,254
10,Los Lagos,10108,Maullín,2,2,25,208
10,Los Lagos,10108,Maullín,1,2,30,292
10,Los Lagos,10108,Maullín,2,2,30,228
10,Los Lagos,10108,Maullín,1,2,35,240
10,Los Lagos,10108,Maullín,2,2,35,240
10,Los Lagos,10108,Maullín,2,2,40,202
10,Los Lagos,10108,Maullín,1,2,40,205
10,Los Lagos,10108,Maullín,2,2,45,233
10,Los Lagos,10108,Maullín,1,2,45,218
10,Los Lagos,10108,Maullín,1,2,50,264
10,Los Lagos,10108,Maullín,2,2,50,322
10,Los Lagos,10108,Maullín,1,2,55,266
10,Los Lagos,10108,Maullín,2,2,55,333
10,Los Lagos,10108,Maullín,2,2,60,299
10,Los Lagos,10108,Maullín,1,2,60,220
10,Los Lagos,10108,Maullín,1,2,65,180
10,Los Lagos,10108,Maullín,2,2,65,244
10,Los Lagos,10108,Maullín,2,2,70,204
10,Los Lagos,10108,Maullín,1,2,70,136
10,Los Lagos,10108,Maullín,1,2,75,99
10,Los Lagos,10108,Maullín,2,2,75,185
10,Los Lagos,10108,Maullín,1,2,80,68
10,Los Lagos,10108,Maullín,2,2,80,144
10,Los Lagos,10108,Maullín,1,2,85,68
10,Los Lagos,10108,Maullín,2,2,85,117
10,Los Lagos,10109,Puerto Varas,1,1,0,1038
10,Los Lagos,10109,Puerto Varas,2,1,0,513
10,Los Lagos,10109,Puerto Varas,2,1,5,654
10,Los Lagos,10109,Puerto Varas,1,1,5,1269
10,Los Lagos,10109,Puerto Varas,1,1,10,1301
10,Los Lagos,10109,Puerto Varas,2,1,10,668
10,Los Lagos,10109,Puerto Varas,2,1,15,593
10,Los Lagos,10109,Puerto Varas,1,1,15,1116
10,Los Lagos,10109,Puerto Varas,1,1,20,1014
10,Los Lagos,10109,Puerto Varas,2,1,20,309
10,Los Lagos,10109,Puerto Varas,1,1,25,1255
10,Los Lagos,10109,Puerto Varas,2,1,25,374
10,Los Lagos,10109,Puerto Varas,1,1,30,1552
10,Los Lagos,10109,Puerto Varas,2,1,30,598
10,Los Lagos,10109,Puerto Varas,1,1,35,1528
10,Los Lagos,10109,Puerto Varas,2,1,35,713
10,Los Lagos,10109,Puerto Varas,1,1,40,1356
10,Los Lagos,10109,Puerto Varas,2,1,40,754
10,Los Lagos,10109,Puerto Varas,1,1,45,1212
10,Los Lagos,10109,Puerto Varas,2,1,45,675
10,Los Lagos,10109,Puerto Varas,2,1,50,576
10,Los Lagos,10109,Puerto Varas,1,1,50,1086
10,Los Lagos,10109,Puerto Varas,1,1,55,964
10,Los Lagos,10109,Puerto Varas,2,1,55,495
10,Los Lagos,10109,Puerto Varas,2,1,60,498
10,Los Lagos,10109,Puerto Varas,1,1,60,861
10,Los Lagos,10109,Puerto Varas,1,1,65,637
10,Los Lagos,10109,Puerto Varas,2,1,65,433
10,Los Lagos,10109,Puerto Varas,1,1,70,496
10,Los Lagos,10109,Puerto Varas,2,1,70,285
10,Los Lagos,10109,Puerto Varas,1,1,75,302
10,Los Lagos,10109,Puerto Varas,2,1,75,172
10,Los Lagos,10109,Puerto Varas,2,1,80,99
10,Los Lagos,10109,Puerto Varas,1,1,80,194
10,Los Lagos,10109,Puerto Varas,1,1,85,150
10,Los Lagos,10109,Puerto Varas,2,1,85,74
10,Los Lagos,10109,Puerto Varas,1,2,0,986
10,Los Lagos,10109,Puerto Varas,2,2,0,487
10,Los Lagos,10109,Puerto Varas,2,2,5,603
10,Los Lagos,10109,Puerto Varas,1,2,5,1191
10,Los Lagos,10109,Puerto Varas,2,2,10,646
10,Los Lagos,10109,Puerto Varas,1,2,10,1294
10,Los Lagos,10109,Puerto Varas,2,2,15,452
10,Los Lagos,10109,Puerto Varas,1,2,15,1118
10,Los Lagos,10109,Puerto Varas,2,2,20,263
10,Los Lagos,10109,Puerto Varas,1,2,20,1010
10,Los Lagos,10109,Puerto Varas,2,2,25,416
10,Los Lagos,10109,Puerto Varas,1,2,25,1240
10,Los Lagos,10109,Puerto Varas,1,2,30,1747
10,Los Lagos,10109,Puerto Varas,2,2,30,616
10,Los Lagos,10109,Puerto Varas,1,2,35,1697
10,Los Lagos,10109,Puerto Varas,2,2,35,781
10,Los Lagos,10109,Puerto Varas,1,2,40,1460
10,Los Lagos,10109,Puerto Varas,2,2,40,756
10,Los Lagos,10109,Puerto Varas,1,2,45,1293
10,Los Lagos,10109,Puerto Varas,2,2,45,676
10,Los Lagos,10109,Puerto Varas,1,2,50,1256
10,Los Lagos,10109,Puerto Varas,2,2,50,596
10,Los Lagos,10109,Puerto Varas,2,2,55,477
10,Los Lagos,10109,Puerto Varas,1,2,55,1062
10,Los Lagos,10109,Puerto Varas,2,2,60,520
10,Los Lagos,10109,Puerto Varas,1,2,60,1014
10,Los Lagos,10109,Puerto Varas,1,2,65,801
10,Los Lagos,10109,Puerto Varas,2,2,65,387
10,Los Lagos,10109,Puerto Varas,2,2,70,277
10,Los Lagos,10109,Puerto Varas,1,2,70,582
10,Los Lagos,10109,Puerto Varas,1,2,75,412
10,Los Lagos,10109,Puerto Varas,2,2,75,170
10,Los Lagos,10109,Puerto Varas,2,2,80,118
10,Los Lagos,10109,Puerto Varas,1,2,80,304
10,Los Lagos,10109,Puerto Varas,1,2,85,303
10,Los Lagos,10109,Puerto Varas,2,2,85,117
10,Los Lagos,10201,Castro,2,1,0,322
10,Los Lagos,10201,Castro,1,1,0,736
10,Los Lagos,10201,Castro,2,1,5,445
10,Los Lagos,10201,Castro,1,1,5,949
10,Los Lagos,10201,Castro,1,1,10,1271
10,Los Lagos,10201,Castro,2,1,10,465
10,Los Lagos,10201,Castro,2,1,15,417
10,Los Lagos,10201,Castro,1,1,15,1203
10,Los Lagos,10201,Castro,2,1,20,371
10,Los Lagos,10201,Castro,1,1,20,1103
10,Los Lagos,10201,Castro,1,1,25,1314
10,Los Lagos,10201,Castro,2,1,25,428
10,Los Lagos,10201,Castro,2,1,30,481
10,Los Lagos,10201,Castro,1,1,30,1427
10,Los Lagos,10201,Castro,1,1,35,1309
10,Los Lagos,10201,Castro,2,1,35,527
10,Los Lagos,10201,Castro,2,1,40,524
10,Los Lagos,10201,Castro,1,1,40,1150
10,Los Lagos,10201,Castro,2,1,45,535
10,Los Lagos,10201,Castro,1,1,45,1110
10,Los Lagos,10201,Castro,1,1,50,962
10,Los Lagos,10201,Castro,2,1,50,549
10,Los Lagos,10201,Castro,2,1,55,476
10,Los Lagos,10201,Castro,1,1,55,986
10,Los Lagos,10201,Castro,1,1,60,804
10,Los Lagos,10201,Castro,2,1,60,430
10,Los Lagos,10201,Castro,2,1,65,347
10,Los Lagos,10201,Castro,1,1,65,566
10,Los Lagos,10201,Castro,1,1,70,420
10,Los Lagos,10201,Castro,2,1,70,241
10,Los Lagos,10201,Castro,2,1,75,140
10,Los Lagos,10201,Castro,1,1,75,290
10,Los Lagos,10201,Castro,1,1,80,189
10,Los Lagos,10201,Castro,2,1,80,113
10,Los Lagos,10201,Castro,1,1,85,132
10,Los Lagos,10201,Castro,2,1,85,100
10,Los Lagos,10201,Castro,2,2,0,323
10,Los Lagos,10201,Castro,1,2,0,720
10,Los Lagos,10201,Castro,1,2,5,998
10,Los Lagos,10201,Castro,2,2,5,414
10,Los Lagos,10201,Castro,2,2,10,416
10,Los Lagos,10201,Castro,1,2,10,1154
10,Los Lagos,10201,Castro,2,2,15,414
10,Los Lagos,10201,Castro,1,2,15,1101
10,Los Lagos,10201,Castro,1,2,20,992
10,Los Lagos,10201,Castro,2,2,20,313
10,Los Lagos,10201,Castro,1,2,25,1284
10,Los Lagos,10201,Castro,2,2,25,442
10,Los Lagos,10201,Castro,2,2,30,525
10,Los Lagos,10201,Castro,1,2,30,1486
10,Los Lagos,10201,Castro,2,2,35,563
10,Los Lagos,10201,Castro,1,2,35,1370
10,Los Lagos,10201,Castro,2,2,40,583
10,Los Lagos,10201,Castro,1,2,40,1332
10,Los Lagos,10201,Castro,2,2,45,535
10,Los Lagos,10201,Castro,1,2,45,1234
10,Los Lagos,10201,Castro,1,2,50,1137
10,Los Lagos,10201,Castro,2,2,50,478
10,Los Lagos,10201,Castro,2,2,55,479
10,Los Lagos,10201,Castro,1,2,55,1147
10,Los Lagos,10201,Castro,2,2,60,451
10,Los Lagos,10201,Castro,1,2,60,915
10,Los Lagos,10201,Castro,2,2,65,326
10,Los Lagos,10201,Castro,1,2,65,694
10,Los Lagos,10201,Castro,2,2,70,261
10,Los Lagos,10201,Castro,1,2,70,553
10,Los Lagos,10201,Castro,2,2,75,183
10,Los Lagos,10201,Castro,1,2,75,414
10,Los Lagos,10201,Castro,1,2,80,311
10,Los Lagos,10201,Castro,2,2,80,181
10,Los Lagos,10201,Castro,1,2,85,270
10,Los Lagos,10201,Castro,2,2,85,166
10,Los Lagos,10202,Ancud,1,1,0,602
10,Los Lagos,10202,Ancud,2,1,0,247
10,Los Lagos,10202,Ancud,1,1,5,855
10,Los Lagos,10202,Ancud,2,1,5,364
10,Los Lagos,10202,Ancud,1,1,10,971
10,Los Lagos,10202,Ancud,2,1,10,382
10,Los Lagos,10202,Ancud,2,1,15,343
10,Los Lagos,10202,Ancud,1,1,15,985
10,Los Lagos,10202,Ancud,2,1,20,291
10,Los Lagos,10202,Ancud,1,1,20,912
10,Los Lagos,10202,Ancud,1,1,25,992
10,Los Lagos,10202,Ancud,2,1,25,332
10,Los Lagos,10202,Ancud,2,1,30,346
10,Los Lagos,10202,Ancud,1,1,30,1052
10,Los Lagos,10202,Ancud,2,1,35,411
10,Los Lagos,10202,Ancud,1,1,35,991
10,Los Lagos,10202,Ancud,2,1,40,450
10,Los Lagos,10202,Ancud,1,1,40,869
10,Los Lagos,10202,Ancud,2,1,45,489
10,Los Lagos,10202,Ancud,1,1,45,772
10,Los Lagos,10202,Ancud,1,1,50,851
10,Los Lagos,10202,Ancud,2,1,50,571
10,Los Lagos,10202,Ancud,1,1,55,943
10,Los Lagos,10202,Ancud,2,1,55,579
10,Los Lagos,10202,Ancud,1,1,60,816
10,Los Lagos,10202,Ancud,2,1,60,518
10,Los Lagos,10202,Ancud,2,1,65,433
10,Los Lagos,10202,Ancud,1,1,65,622
10,Los Lagos,10202,Ancud,1,1,70,449
10,Los Lagos,10202,Ancud,2,1,70,314
10,Los Lagos,10202,Ancud,2,1,75,271
10,Los Lagos,10202,Ancud,1,1,75,339
10,Los Lagos,10202,Ancud,1,1,80,214
10,Los Lagos,10202,Ancud,2,1,80,149
10,Los Lagos,10202,Ancud,2,1,85,124
10,Los Lagos,10202,Ancud,1,1,85,132
10,Los Lagos,10202,Ancud,2,2,0,228
10,Los Lagos,10202,Ancud,1,2,0,553
10,Los Lagos,10202,Ancud,2,2,5,350
10,Los Lagos,10202,Ancud,1,2,5,789
10,Los Lagos,10202,Ancud,1,2,10,1014
10,Los Lagos,10202,Ancud,2,2,10,349
10,Los Lagos,10202,Ancud,1,2,15,942
10,Los Lagos,10202,Ancud,2,2,15,326
10,Los Lagos,10202,Ancud,2,2,20,253
10,Los Lagos,10202,Ancud,1,2,20,757
10,Los Lagos,10202,Ancud,2,2,25,294
10,Los Lagos,10202,Ancud,1,2,25,1000
10,Los Lagos,10202,Ancud,1,2,30,1145
10,Los Lagos,10202,Ancud,2,2,30,375
10,Los Lagos,10202,Ancud,1,2,35,1195
10,Los Lagos,10202,Ancud,2,2,35,425
10,Los Lagos,10202,Ancud,1,2,40,1001
10,Los Lagos,10202,Ancud,2,2,40,431
10,Los Lagos,10202,Ancud,1,2,45,946
10,Los Lagos,10202,Ancud,2,2,45,472
10,Los Lagos,10202,Ancud,2,2,50,488
10,Los Lagos,10202,Ancud,1,2,50,1047
10,Los Lagos,10202,Ancud,2,2,55,531
10,Los Lagos,10202,Ancud,1,2,55,1024
10,Los Lagos,10202,Ancud,2,2,60,488
10,Los Lagos,10202,Ancud,1,2,60,948
10,Los Lagos,10202,Ancud,1,2,65,762
10,Los Lagos,10202,Ancud,2,2,65,412
10,Los Lagos,10202,Ancud,2,2,70,283
10,Los Lagos,10202,Ancud,1,2,70,546
10,Los Lagos,10202,Ancud,1,2,75,381
10,Los Lagos,10202,Ancud,2,2,75,270
10,Los Lagos,10202,Ancud,1,2,80,324
10,Los Lagos,10202,Ancud,2,2,80,187
10,Los Lagos,10202,Ancud,1,2,85,274
10,Los Lagos,10202,Ancud,2,2,85,158
10,Los Lagos,10203,Chonchi,2,1,0,243
10,Los Lagos,10203,Chonchi,1,1,0,125
10,Los Lagos,10203,Chonchi,2,1,5,319
10,Los Lagos,10203,Chonchi,1,1,5,150
10,Los Lagos,10203,Chonchi,1,1,10,212
10,Los Lagos,10203,Chonchi,2,1,10,342
10,Los Lagos,10203,Chonchi,1,1,15,194
10,Los Lagos,10203,Chonchi,2,1,15,325
10,Los Lagos,10203,Chonchi,1,1,20,217
10,Los Lagos,10203,Chonchi,2,1,20,246
10,Los Lagos,10203,Chonchi,2,1,25,308
10,Los Lagos,10203,Chonchi,1,1,25,219
10,Los Lagos,10203,Chonchi,2,1,30,384
10,Los Lagos,10203,Chonchi,1,1,30,232
10,Los Lagos,10203,Chonchi,1,1,35,209
10,Los Lagos,10203,Chonchi,2,1,35,397
10,Los Lagos,10203,Chonchi,1,1,40,201
10,Los Lagos,10203,Chonchi,2,1,40,365
10,Los Lagos,10203,Chonchi,1,1,45,168
10,Los Lagos,10203,Chonchi,2,1,45,426
10,Los Lagos,10203,Chonchi,1,1,50,172
10,Los Lagos,10203,Chonchi,2,1,50,426
10,Los Lagos,10203,Chonchi,2,1,55,412
10,Los Lagos,10203,Chonchi,1,1,55,148
10,Los Lagos,10203,Chonchi,2,1,60,351
10,Los Lagos,10203,Chonchi,1,1,60,125
10,Los Lagos,10203,Chonchi,2,1,65,269
10,Los Lagos,10203,Chonchi,1,1,65,96
10,Los Lagos,10203,Chonchi,2,1,70,173
10,Los Lagos,10203,Chonchi,1,1,70,69
10,Los Lagos,10203,Chonchi,2,1,75,142
10,Los Lagos,10203,Chonchi,1,1,75,41
10,Los Lagos,10203,Chonchi,1,1,80,19
10,Los Lagos,10203,Chonchi,2,1,80,87
10,Los Lagos,10203,Chonchi,1,1,85,21
10,Los Lagos,10203,Chonchi,2,1,85,63
10,Los Lagos,10203,Chonchi,2,2,0,219
10,Los Lagos,10203,Chonchi,1,2,0,128
10,Los Lagos,10203,Chonchi,1,2,5,162
10,Los Lagos,10203,Chonchi,2,2,5,294
10,Los Lagos,10203,Chonchi,1,2,10,211
10,Los Lagos,10203,Chonchi,2,2,10,315
10,Los Lagos,10203,Chonchi,1,2,15,193
10,Los Lagos,10203,Chonchi,2,2,15,296
10,Los Lagos,10203,Chonchi,2,2,20,261
10,Los Lagos,10203,Chonchi,1,2,20,221
10,Los Lagos,10203,Chonchi,1,2,25,209
10,Los Lagos,10203,Chonchi,2,2,25,334
10,Los Lagos,10203,Chonchi,2,2,30,396
10,Los Lagos,10203,Chonchi,1,2,30,234
10,Los Lagos,10203,Chonchi,2,2,35,401
10,Los Lagos,10203,Chonchi,1,2,35,243
10,Los Lagos,10203,Chonchi,2,2,40,424
10,Los Lagos,10203,Chonchi,1,2,40,204
10,Los Lagos,10203,Chonchi,2,2,45,352
10,Los Lagos,10203,Chonchi,1,2,45,205
10,Los Lagos,10203,Chonchi,1,2,50,205
10,Los Lagos,10203,Chonchi,2,2,50,382
10,Los Lagos,10203,Chonchi,2,2,55,403
10,Los Lagos,10203,Chonchi,1,2,55,212
10,Los Lagos,10203,Chonchi,1,2,60,126
10,Los Lagos,10203,Chonchi,2,2,60,354
10,Los Lagos,10203,Chonchi,2,2,65,255
10,Los Lagos,10203,Chonchi,1,2,65,130
10,Los Lagos,10203,Chonchi,2,2,70,197
10,Los Lagos,10203,Chonchi,1,2,70,77
10,Los Lagos,10203,Chonchi,2,2,75,152
10,Los Lagos,10203,Chonchi,1,2,75,54
10,Los Lagos,10203,Chonchi,1,2,80,36
10,Los Lagos,10203,Chonchi,2,2,80,113
10,Los Lagos,10203,Chonchi,2,2,85,131
10,Los Lagos,10203,Chonchi,1,2,85,53
10,Los Lagos,10204,Curaco de Vélez,2,1,0,78
10,Los Lagos,10204,Curaco de Vélez,2,1,5,93
10,Los Lagos,10204,Curaco de Vélez,2,1,10,141
10,Los Lagos,10204,Curaco de Vélez,2,1,15,123
10,Los Lagos,10204,Curaco de Vélez,2,1,20,110
10,Los Lagos,10204,Curaco de Vélez,2,1,25,121
10,Los Lagos,10204,Curaco de Vélez,2,1,30,99
10,Los Lagos,10204,Curaco de Vélez,2,1,35,113
10,Los Lagos,10204,Curaco de Vélez,2,1,40,123
10,Los Lagos,10204,Curaco de Vélez,2,1,45,123
10,Los Lagos,10204,Curaco de Vélez,2,1,50,141
10,Los Lagos,10204,Curaco de Vélez,2,1,55,122
10,Los Lagos,10204,Curaco de Vélez,2,1,60,109
10,Los Lagos,10204,Curaco de Vélez,2,1,65,87
10,Los Lagos,10204,Curaco de Vélez,2,1,70,62
10,Los Lagos,10204,Curaco de Vélez,2,1,75,55
10,Los Lagos,10204,Curaco de Vélez,2,1,80,40
10,Los Lagos,10204,Curaco de Vélez,2,1,85,34
10,Los Lagos,10204,Curaco de Vélez,2,2,0,73
10,Los Lagos,10204,Curaco de Vélez,2,2,5,86
10,Los Lagos,10204,Curaco de Vélez,2,2,10,116
10,Los Lagos,10204,Curaco de Vélez,2,2,15,132
10,Los Lagos,10204,Curaco de Vélez,2,2,20,95
10,Los Lagos,10204,Curaco de Vélez,2,2,25,105
10,Los Lagos,10204,Curaco de Vélez,2,2,30,125
10,Los Lagos,10204,Curaco de Vélez,2,2,35,140
10,Los Lagos,10204,Curaco de Vélez,2,2,40,140
10,Los Lagos,10204,Curaco de Vélez,2,2,45,134
10,Los Lagos,10204,Curaco de Vélez,2,2,50,114
10,Los Lagos,10204,Curaco de Vélez,2,2,55,130
10,Los Lagos,10204,Curaco de Vélez,2,2,60,111
10,Los Lagos,10204,Curaco de Vélez,2,2,65,96
10,Los Lagos,10204,Curaco de Vélez,2,2,70,82
10,Los Lagos,10204,Curaco de Vélez,2,2,75,72
10,Los Lagos,10204,Curaco de Vélez,2,2,80,60
10,Los Lagos,10204,Curaco de Vélez,2,2,85,77
10,Los Lagos,10205,Dalcahue,1,1,0,139
10,Los Lagos,10205,Dalcahue,2,1,0,237
10,Los Lagos,10205,Dalcahue,1,1,5,165
10,Los Lagos,10205,Dalcahue,2,1,5,293
10,Los Lagos,10205,Dalcahue,2,1,10,331
10,Los Lagos,10205,Dalcahue,1,1,10,222
10,Los Lagos,10205,Dalcahue,2,1,15,309
10,Los Lagos,10205,Dalcahue,1,1,15,235
10,Los Lagos,10205,Dalcahue,1,1,20,226
10,Los Lagos,10205,Dalcahue,2,1,20,288
10,Los Lagos,10205,Dalcahue,1,1,25,247
10,Los Lagos,10205,Dalcahue,2,1,25,295
10,Los Lagos,10205,Dalcahue,2,1,30,349
10,Los Lagos,10205,Dalcahue,1,1,30,224
10,Los Lagos,10205,Dalcahue,2,1,35,312
10,Los Lagos,10205,Dalcahue,1,1,35,185
10,Los Lagos,10205,Dalcahue,1,1,40,199
10,Los Lagos,10205,Dalcahue,2,1,40,335
10,Los Lagos,10205,Dalcahue,1,1,45,179
10,Los Lagos,10205,Dalcahue,2,1,45,290
10,Los Lagos,10205,Dalcahue,2,1,50,311
10,Los Lagos,10205,Dalcahue,1,1,50,197
10,Los Lagos,10205,Dalcahue,1,1,55,197
10,Los Lagos,10205,Dalcahue,2,1,55,327
10,Los Lagos,10205,Dalcahue,2,1,60,278
10,Los Lagos,10205,Dalcahue,1,1,60,140
10,Los Lagos,10205,Dalcahue,2,1,65,202
10,Los Lagos,10205,Dalcahue,1,1,65,115
10,Los Lagos,10205,Dalcahue,1,1,70,68
10,Los Lagos,10205,Dalcahue,2,1,70,134
10,Los Lagos,10205,Dalcahue,2,1,75,128
10,Los Lagos,10205,Dalcahue,1,1,75,46
10,Los Lagos,10205,Dalcahue,2,1,80,77
10,Los Lagos,10205,Dalcahue,1,1,80,31
10,Los Lagos,10205,Dalcahue,1,1,85,22
10,Los Lagos,10205,Dalcahue,2,1,85,70
10,Los Lagos,10205,Dalcahue,1,2,0,127
10,Los Lagos,10205,Dalcahue,2,2,0,235
10,Los Lagos,10205,Dalcahue,2,2,5,263
10,Los Lagos,10205,Dalcahue,1,2,5,183
10,Los Lagos,10205,Dalcahue,1,2,10,212
10,Los Lagos,10205,Dalcahue,2,2,10,271
10,Los Lagos,10205,Dalcahue,2,2,15,290
10,Los Lagos,10205,Dalcahue,1,2,15,213
10,Los Lagos,10205,Dalcahue,1,2,20,206
10,Los Lagos,10205,Dalcahue,2,2,20,232
10,Los Lagos,10205,Dalcahue,1,2,25,252
10,Los Lagos,10205,Dalcahue,2,2,25,318
10,Los Lagos,10205,Dalcahue,1,2,30,274
10,Los Lagos,10205,Dalcahue,2,2,30,334
10,Los Lagos,10205,Dalcahue,2,2,35,353
10,Los Lagos,10205,Dalcahue,1,2,35,205
10,Los Lagos,10205,Dalcahue,2,2,40,318
10,Los Lagos,10205,Dalcahue,1,2,40,230
10,Los Lagos,10205,Dalcahue,2,2,45,296
10,Los Lagos,10205,Dalcahue,1,2,45,223
10,Los Lagos,10205,Dalcahue,2,2,50,305
10,Los Lagos,10205,Dalcahue,1,2,50,245
10,Los Lagos,10205,Dalcahue,2,2,55,284
10,Los Lagos,10205,Dalcahue,1,2,55,195
10,Los Lagos,10205,Dalcahue,1,2,60,135
10,Los Lagos,10205,Dalcahue,2,2,60,249
10,Los Lagos,10205,Dalcahue,1,2,65,117
10,Los Lagos,10205,Dalcahue,2,2,65,192
10,Los Lagos,10205,Dalcahue,1,2,70,68
10,Los Lagos,10205,Dalcahue,2,2,70,155
10,Los Lagos,10205,Dalcahue,1,2,75,57
10,Los Lagos,10205,Dalcahue,2,2,75,135
10,Los Lagos,10205,Dalcahue,1,2,80,47
10,Los Lagos,10205,Dalcahue,2,2,80,107
10,Los Lagos,10205,Dalcahue,2,2,85,110
10,Los Lagos,10205,Dalcahue,1,2,85,55
10,Los Lagos,10206,Puqueldón,2,1,0,74
10,Los Lagos,10206,Puqueldón,2,1,5,117
10,Los Lagos,10206,Puqueldón,2,1,10,133
10,Los Lagos,10206,Puqueldón,2,1,15,129
10,Los Lagos,10206,Puqueldón,2,1,20,123
10,Los Lagos,10206,Puqueldón,2,1,25,152
10,Los Lagos,10206,Puqueldón,2,1,30,136
10,Los Lagos,10206,Puqueldón,2,1,35,140
10,Los Lagos,10206,Puqueldón,2,1,40,149
10,Los Lagos,10206,Puqueldón,2,1,45,157
10,Los Lagos,10206,Puqueldón,2,1,50,154
10,Los Lagos,10206,Puqueldón,2,1,55,146
10,Los Lagos,10206,Puqueldón,2,1,60,111
10,Los Lagos,10206,Puqueldón,2,1,65,93
10,Los Lagos,10206,Puqueldón,2,1,70,83
10,Los Lagos,10206,Puqueldón,2,1,75,64
10,Los Lagos,10206,Puqueldón,2,1,80,39
10,Los Lagos,10206,Puqueldón,2,1,85,21
10,Los Lagos,10206,Puqueldón,2,2,0,82
10,Los Lagos,10206,Puqueldón,2,2,5,98
10,Los Lagos,10206,Puqueldón,2,2,10,119
10,Los Lagos,10206,Puqueldón,2,2,15,100
10,Los Lagos,10206,Puqueldón,2,2,20,103
10,Los Lagos,10206,Puqueldón,2,2,25,120
10,Los Lagos,10206,Puqueldón,2,2,30,136
10,Los Lagos,10206,Puqueldón,2,2,35,126
10,Los Lagos,10206,Puqueldón,2,2,40,153
10,Los Lagos,10206,Puqueldón,2,2,45,134
10,Los Lagos,10206,Puqueldón,2,2,50,133
10,Los Lagos,10206,Puqueldón,2,2,55,156
10,Los Lagos,10206,Puqueldón,2,2,60,128
10,Los Lagos,10206,Puqueldón,2,2,65,128
10,Los Lagos,10206,Puqueldón,2,2,70,96
10,Los Lagos,10206,Puqueldón,2,2,75,81
10,Los Lagos,10206,Puqueldón,2,2,80,69
10,Los Lagos,10206,Puqueldón,2,2,85,65
10,Los Lagos,10207,Queilén,1,1,0,63
10,Los Lagos,10207,Queilén,2,1,0,78
10,Los Lagos,10207,Queilén,2,1,5,81
10,Los Lagos,10207,Queilén,1,1,5,73
10,Los Lagos,10207,Queilén,2,1,10,83
10,Los Lagos,10207,Queilén,1,1,10,84
10,Los Lagos,10207,Queilén,2,1,15,100
10,Los Lagos,10207,Queilén,1,1,15,110
10,Los Lagos,10207,Queilén,1,1,20,76
10,Los Lagos,10207,Queilén,2,1,20,100
10,Los Lagos,10207,Queilén,1,1,25,74
10,Los Lagos,10207,Queilén,2,1,25,99
10,Los Lagos,10207,Queilén,1,1,30,101
10,Los Lagos,10207,Queilén,2,1,30,127
10,Los Lagos,10207,Queilén,1,1,35,84
10,Los Lagos,10207,Queilén,2,1,35,106
10,Los Lagos,10207,Queilén,1,1,40,71
10,Los Lagos,10207,Queilén,2,1,40,110
10,Los Lagos,10207,Queilén,1,1,45,78
10,Los Lagos,10207,Queilén,2,1,45,129
10,Los Lagos,10207,Queilén,2,1,50,144
10,Los Lagos,10207,Queilén,1,1,50,82
10,Los Lagos,10207,Queilén,1,1,55,62
10,Los Lagos,10207,Queilén,2,1,55,132
10,Los Lagos,10207,Queilén,2,1,60,132
10,Los Lagos,10207,Queilén,1,1,60,57
10,Los Lagos,10207,Queilén,1,1,65,55
10,Los Lagos,10207,Queilén,2,1,65,99
10,Los Lagos,10207,Queilén,1,1,70,34
10,Los Lagos,10207,Queilén,2,1,70,70
10,Los Lagos,10207,Queilén,1,1,75,21
10,Los Lagos,10207,Queilén,2,1,75,53
10,Los Lagos,10207,Queilén,1,1,80,19
10,Los Lagos,10207,Queilén,2,1,80,33
10,Los Lagos,10207,Queilén,1,1,85,11
10,Los Lagos,10207,Queilén,2,1,85,28
10,Los Lagos,10207,Queilén,1,2,0,61
10,Los Lagos,10207,Queilén,2,2,0,74
10,Los Lagos,10207,Queilén,1,2,5,73
10,Los Lagos,10207,Queilén,2,2,5,70
10,Los Lagos,10207,Queilén,2,2,10,109
10,Los Lagos,10207,Queilén,1,2,10,94
10,Los Lagos,10207,Queilén,1,2,15,83
10,Los Lagos,10207,Queilén,2,2,15,88
10,Los Lagos,10207,Queilén,2,2,20,96
10,Los Lagos,10207,Queilén,1,2,20,61
10,Los Lagos,10207,Queilén,1,2,25,90
10,Los Lagos,10207,Queilén,2,2,25,93
10,Los Lagos,10207,Queilén,2,2,30,114
10,Los Lagos,10207,Queilén,1,2,30,104
10,Los Lagos,10207,Queilén,1,2,35,90
10,Los Lagos,10207,Queilén,2,2,35,92
10,Los Lagos,10207,Queilén,2,2,40,105
10,Los Lagos,10207,Queilén,1,2,40,91
10,Los Lagos,10207,Queilén,2,2,45,126
10,Los Lagos,10207,Queilén,1,2,45,93
10,Los Lagos,10207,Queilén,2,2,50,111
10,Los Lagos,10207,Queilén,1,2,50,61
10,Los Lagos,10207,Queilén,1,2,55,65
10,Los Lagos,10207,Queilén,2,2,55,131
10,Los Lagos,10207,Queilén,2,2,60,118
10,Los Lagos,10207,Queilén,1,2,60,66
10,Los Lagos,10207,Queilén,2,2,65,81
10,Los Lagos,10207,Queilén,1,2,65,57
10,Los Lagos,10207,Queilén,2,2,70,75
10,Los Lagos,10207,Queilén,1,2,70,35
10,Los Lagos,10207,Queilén,2,2,75,68
10,Los Lagos,10207,Queilén,1,2,75,28
10,Los Lagos,10207,Queilén,1,2,80,16
10,Los Lagos,10207,Queilén,2,2,80,43
10,Los Lagos,10207,Queilén,1,2,85,21
10,Los Lagos,10207,Queilén,2,2,85,48
10,Los Lagos,10208,Quellón,2,1,0,312
10,Los Lagos,10208,Quellón,1,1,0,503
10,Los Lagos,10208,Quellón,2,1,5,363
10,Los Lagos,10208,Quellón,1,1,5,636
10,Los Lagos,10208,Quellón,1,1,10,675
10,Los Lagos,10208,Quellón,2,1,10,388
10,Los Lagos,10208,Quellón,2,1,15,383
10,Los Lagos,10208,Quellón,1,1,15,673
10,Los Lagos,10208,Quellón,2,1,20,306
10,Los Lagos,10208,Quellón,1,1,20,649
10,Los Lagos,10208,Quellón,1,1,25,736
10,Los Lagos,10208,Quellón,2,1,25,332
10,Los Lagos,10208,Quellón,2,1,30,488
10,Los Lagos,10208,Quellón,1,1,30,788
10,Los Lagos,10208,Quellón,1,1,35,728
10,Los Lagos,10208,Quellón,2,1,35,436
10,Los Lagos,10208,Quellón,1,1,40,620
10,Los Lagos,10208,Quellón,2,1,40,428
10,Los Lagos,10208,Quellón,2,1,45,381
10,Los Lagos,10208,Quellón,1,1,45,551
10,Los Lagos,10208,Quellón,1,1,50,528
10,Los Lagos,10208,Quellón,2,1,50,407
10,Los Lagos,10208,Quellón,2,1,55,409
10,Los Lagos,10208,Quellón,1,1,55,568
10,Los Lagos,10208,Quellón,1,1,60,422
10,Los Lagos,10208,Quellón,2,1,60,363
10,Los Lagos,10208,Quellón,2,1,65,238
10,Los Lagos,10208,Quellón,1,1,65,254
10,Los Lagos,10208,Quellón,1,1,70,180
10,Los Lagos,10208,Quellón,2,1,70,169
10,Los Lagos,10208,Quellón,2,1,75,96
10,Los Lagos,10208,Quellón,1,1,75,89
10,Los Lagos,10208,Quellón,1,1,80,49
10,Los Lagos,10208,Quellón,2,1,80,89
10,Los Lagos,10208,Quellón,1,1,85,41
10,Los Lagos,10208,Quellón,2,1,85,61
10,Los Lagos,10208,Quellón,2,2,0,303
10,Los Lagos,10208,Quellón,1,2,0,491
10,Los Lagos,10208,Quellón,1,2,5,599
10,Los Lagos,10208,Quellón,2,2,5,351
10,Los Lagos,10208,Quellón,1,2,10,644
10,Los Lagos,10208,Quellón,2,2,10,372
10,Los Lagos,10208,Quellón,2,2,15,331
10,Los Lagos,10208,Quellón,1,2,15,609
10,Los Lagos,10208,Quellón,1,2,20,602
10,Los Lagos,10208,Quellón,2,2,20,275
10,Los Lagos,10208,Quellón,1,2,25,726
10,Los Lagos,10208,Quellón,2,2,25,334
10,Los Lagos,10208,Quellón,2,2,30,511
10,Los Lagos,10208,Quellón,1,2,30,790
10,Los Lagos,10208,Quellón,2,2,35,443
10,Los Lagos,10208,Quellón,1,2,35,788
10,Los Lagos,10208,Quellón,2,2,40,391
10,Los Lagos,10208,Quellón,1,2,40,737
10,Los Lagos,10208,Quellón,2,2,45,314
10,Los Lagos,10208,Quellón,1,2,45,568
10,Los Lagos,10208,Quellón,1,2,50,588
10,Los Lagos,10208,Quellón,2,2,50,342
10,Los Lagos,10208,Quellón,2,2,55,367
10,Los Lagos,10208,Quellón,1,2,55,530
10,Los Lagos,10208,Quellón,1,2,60,430
10,Los Lagos,10208,Quellón,2,2,60,309
10,Los Lagos,10208,Quellón,2,2,65,219
10,Los Lagos,10208,Quellón,1,2,65,277
10,Los Lagos,10208,Quellón,1,2,70,174
10,Los Lagos,10208,Quellón,2,2,70,127
10,Los Lagos,10208,Quellón,2,2,75,109
10,Los Lagos,10208,Quellón,1,2,75,126
10,Los Lagos,10208,Quellón,1,2,80,93
10,Los Lagos,10208,Quellón,2,2,80,93
10,Los Lagos,10208,Quellón,2,2,85,82
10,Los Lagos,10208,Quellón,1,2,85,76
10,Los Lagos,10209,Quemchi,1,1,0,49
10,Los Lagos,10209,Quemchi,2,1,0,105
10,Los Lagos,10209,Quemchi,2,1,5,128
10,Los Lagos,10209,Quemchi,1,1,5,84
10,Los Lagos,10209,Quemchi,1,1,10,92
10,Los Lagos,10209,Quemchi,2,1,10,158
10,Los Lagos,10209,Quemchi,2,1,15,219
10,Los Lagos,10209,Quemchi,1,1,15,95
10,Los Lagos,10209,Quemchi,1,1,20,89
10,Los Lagos,10209,Quemchi,2,1,20,161
10,Los Lagos,10209,Quemchi,1,1,25,97
10,Los Lagos,10209,Quemchi,2,1,25,156
10,Los Lagos,10209,Quemchi,1,1,30,117
10,Los Lagos,10209,Quemchi,2,1,30,186
10,Los Lagos,10209,Quemchi,2,1,35,159
10,Los Lagos,10209,Quemchi,1,1,35,86
10,Los Lagos,10209,Quemchi,1,1,40,76
10,Los Lagos,10209,Quemchi,2,1,40,198
10,Los Lagos,10209,Quemchi,1,1,45,82
10,Los Lagos,10209,Quemchi,2,1,45,232
10,Los Lagos,10209,Quemchi,2,1,50,264
10,Los Lagos,10209,Quemchi,1,1,50,65
10,Los Lagos,10209,Quemchi,1,1,55,66
10,Los Lagos,10209,Quemchi,2,1,55,265
10,Los Lagos,10209,Quemchi,2,1,60,211
10,Los Lagos,10209,Quemchi,1,1,60,75
10,Los Lagos,10209,Quemchi,1,1,65,43
10,Los Lagos,10209,Quemchi,2,1,65,184
10,Los Lagos,10209,Quemchi,1,1,70,25
10,Los Lagos,10209,Quemchi,2,1,70,145
10,Los Lagos,10209,Quemchi,1,1,75,26
10,Los Lagos,10209,Quemchi,2,1,75,108
10,Los Lagos,10209,Quemchi,2,1,80,91
10,Los Lagos,10209,Quemchi,1,1,80,14
10,Los Lagos,10209,Quemchi,2,1,85,76
10,Los Lagos,10209,Quemchi,1,1,85,12
10,Los Lagos,10209,Quemchi,2,2,0,93
10,Los Lagos,10209,Quemchi,1,2,0,67
10,Los Lagos,10209,Quemchi,1,2,5,84
10,Los Lagos,10209,Quemchi,2,2,5,134
10,Los Lagos,10209,Quemchi,1,2,10,91
10,Los Lagos,10209,Quemchi,2,2,10,150
10,Los Lagos,10209,Quemchi,1,2,15,84
10,Los Lagos,10209,Quemchi,2,2,15,181
10,Los Lagos,10209,Quemchi,2,2,20,149
10,Los Lagos,10209,Quemchi,1,2,20,89
10,Los Lagos,10209,Quemchi,2,2,25,142
10,Los Lagos,10209,Quemchi,1,2,25,106
10,Los Lagos,10209,Quemchi,2,2,30,181
10,Los Lagos,10209,Quemchi,1,2,30,109
10,Los Lagos,10209,Quemchi,1,2,35,103
10,Los Lagos,10209,Quemchi,2,2,35,173
10,Los Lagos,10209,Quemchi,2,2,40,180
10,Los Lagos,10209,Quemchi,1,2,40,105
10,Los Lagos,10209,Quemchi,2,2,45,202
10,Los Lagos,10209,Quemchi,1,2,45,83
10,Los Lagos,10209,Quemchi,1,2,50,77
10,Los Lagos,10209,Quemchi,2,2,50,243
10,Los Lagos,10209,Quemchi,2,2,55,187
10,Los Lagos,10209,Quemchi,1,2,55,76
10,Los Lagos,10209,Quemchi,1,2,60,68
10,Los Lagos,10209,Quemchi,2,2,60,208
10,Los Lagos,10209,Quemchi,2,2,65,172
10,Los Lagos,10209,Quemchi,1,2,65,51
10,Los Lagos,10209,Quemchi,1,2,70,49
10,Los Lagos,10209,Quemchi,2,2,70,147
10,Los Lagos,10209,Quemchi,2,2,75,126
10,Los Lagos,10209,Quemchi,1,2,75,20
10,Los Lagos,10209,Quemchi,2,2,80,88
10,Los Lagos,10209,Quemchi,1,2,80,25
10,Los Lagos,10209,Quemchi,1,2,85,21
10,Los Lagos,10209,Quemchi,2,2,85,106
10,Los Lagos,10210,Quinchao,2,1,0,83
10,Los Lagos,10210,Quinchao,1,1,0,67
10,Los Lagos,10210,Quinchao,2,1,5,109
10,Los Lagos,10210,Quinchao,1,1,5,76
10,Los Lagos,10210,Quinchao,2,1,10,123
10,Los Lagos,10210,Quinchao,1,1,10,111
10,Los Lagos,10210,Quinchao,1,1,15,128
10,Los Lagos,10210,Quinchao,2,1,15,133
10,Los Lagos,10210,Quinchao,2,1,20,129
10,Los Lagos,10210,Quinchao,1,1,20,80
10,Los Lagos,10210,Quinchao,2,1,25,139
10,Los Lagos,10210,Quinchao,1,1,25,121
10,Los Lagos,10210,Quinchao,2,1,30,126
10,Los Lagos,10210,Quinchao,1,1,30,118
10,Los Lagos,10210,Quinchao,2,1,35,132
10,Los Lagos,10210,Quinchao,1,1,35,108
10,Los Lagos,10210,Quinchao,1,1,40,99
10,Los Lagos,10210,Quinchao,2,1,40,172
10,Los Lagos,10210,Quinchao,2,1,45,180
10,Los Lagos,10210,Quinchao,1,1,45,102
10,Los Lagos,10210,Quinchao,1,1,50,121
10,Los Lagos,10210,Quinchao,2,1,50,186
10,Los Lagos,10210,Quinchao,2,1,55,179
10,Los Lagos,10210,Quinchao,1,1,55,96
10,Los Lagos,10210,Quinchao,1,1,60,84
10,Los Lagos,10210,Quinchao,2,1,60,145
10,Los Lagos,10210,Quinchao,2,1,65,137
10,Los Lagos,10210,Quinchao,1,1,65,80
10,Los Lagos,10210,Quinchao,2,1,70,91
10,Los Lagos,10210,Quinchao,1,1,70,44
10,Los Lagos,10210,Quinchao,2,1,75,79
10,Los Lagos,10210,Quinchao,1,1,75,37
10,Los Lagos,10210,Quinchao,2,1,80,59
10,Los Lagos,10210,Quinchao,1,1,80,16
10,Los Lagos,10210,Quinchao,2,1,85,22
10,Los Lagos,10210,Quinchao,1,1,85,15
10,Los Lagos,10210,Quinchao,1,2,0,63
10,Los Lagos,10210,Quinchao,2,2,0,76
10,Los Lagos,10210,Quinchao,2,2,5,101
10,Los Lagos,10210,Quinchao,1,2,5,85
10,Los Lagos,10210,Quinchao,1,2,10,118
10,Los Lagos,10210,Quinchao,2,2,10,127
10,Los Lagos,10210,Quinchao,1,2,15,129
10,Los Lagos,10210,Quinchao,2,2,15,116
10,Los Lagos,10210,Quinchao,2,2,20,105
10,Los Lagos,10210,Quinchao,1,2,20,122
10,Los Lagos,10210,Quinchao,2,2,25,105
10,Los Lagos,10210,Quinchao,1,2,25,130
10,Los Lagos,10210,Quinchao,1,2,30,132
10,Los Lagos,10210,Quinchao,2,2,30,107
10,Los Lagos,10210,Quinchao,1,2,35,140
10,Los Lagos,10210,Quinchao,2,2,35,124
10,Los Lagos,10210,Quinchao,1,2,40,128
10,Los Lagos,10210,Quinchao,2,2,40,163
10,Los Lagos,10210,Quinchao,1,2,45,117
10,Los Lagos,10210,Quinchao,2,2,45,153
10,Los Lagos,10210,Quinchao,2,2,50,175
10,Los Lagos,10210,Quinchao,1,2,50,113
10,Los Lagos,10210,Quinchao,2,2,55,145
10,Los Lagos,10210,Quinchao,1,2,55,109
10,Los Lagos,10210,Quinchao,2,2,60,143
10,Los Lagos,10210,Quinchao,1,2,60,106
10,Los Lagos,10210,Quinchao,1,2,65,92
10,Los Lagos,10210,Quinchao,2,2,65,128
10,Los Lagos,10210,Quinchao,2,2,70,135
10,Los Lagos,10210,Quinchao,1,2,70,64
10,Los Lagos,10210,Quinchao,1,2,75,61
10,Los Lagos,10210,Quinchao,2,2,75,101
10,Los Lagos,10210,Quinchao,2,2,80,104
10,Los Lagos,10210,Quinchao,1,2,80,37
10,Los Lagos,10210,Quinchao,1,2,85,36
10,Los Lagos,10210,Quinchao,2,2,85,61
10,Los Lagos,10301,Osorno,2,1,0,379
10,Los Lagos,10301,Osorno,1,1,0,3193
10,Los Lagos,10301,Osorno,2,1,5,562
10,Los Lagos,10301,Osorno,1,1,5,4468
10,Los Lagos,10301,Osorno,2,1,10,612
10,Los Lagos,10301,Osorno,1,1,10,5312
10,Los Lagos,10301,Osorno,1,1,15,5298
10,Los Lagos,10301,Osorno,2,1,15,537
10,Los Lagos,10301,Osorno,2,1,20,417
10,Los Lagos,10301,Osorno,1,1,20,4823
10,Los Lagos,10301,Osorno,1,1,25,5663
10,Los Lagos,10301,Osorno,2,1,25,439
10,Los Lagos,10301,Osorno,2,1,30,567
10,Los Lagos,10301,Osorno,1,1,30,5947
10,Los Lagos,10301,Osorno,2,1,35,554
10,Los Lagos,10301,Osorno,1,1,35,5490
10,Los Lagos,10301,Osorno,2,1,40,606
10,Los Lagos,10301,Osorno,1,1,40,4953
10,Los Lagos,10301,Osorno,2,1,45,575
10,Los Lagos,10301,Osorno,1,1,45,4471
10,Los Lagos,10301,Osorno,1,1,50,4538
10,Los Lagos,10301,Osorno,2,1,50,647
10,Los Lagos,10301,Osorno,2,1,55,661
10,Los Lagos,10301,Osorno,1,1,55,4256
10,Los Lagos,10301,Osorno,1,1,60,3910
10,Los Lagos,10301,Osorno,2,1,60,564
10,Los Lagos,10301,Osorno,2,1,65,488
10,Los Lagos,10301,Osorno,1,1,65,3091
10,Los Lagos,10301,Osorno,2,1,70,333
10,Los Lagos,10301,Osorno,1,1,70,2260
10,Los Lagos,10301,Osorno,2,1,75,249
10,Los Lagos,10301,Osorno,1,1,75,1582
10,Los Lagos,10301,Osorno,2,1,80,149
10,Los Lagos,10301,Osorno,1,1,80,1007
10,Los Lagos,10301,Osorno,2,1,85,88
10,Los Lagos,10301,Osorno,1,1,85,795
10,Los Lagos,10301,Osorno,1,2,0,3200
10,Los Lagos,10301,Osorno,2,2,0,361
10,Los Lagos,10301,Osorno,2,2,5,504
10,Los Lagos,10301,Osorno,1,2,5,4207
10,Los Lagos,10301,Osorno,2,2,10,578
10,Los Lagos,10301,Osorno,1,2,10,5056
10,Los Lagos,10301,Osorno,2,2,15,494
10,Los Lagos,10301,Osorno,1,2,15,5076
10,Los Lagos,10301,Osorno,1,2,20,4817
10,Los Lagos,10301,Osorno,2,2,20,399
10,Los Lagos,10301,Osorno,2,2,25,444
10,Los Lagos,10301,Osorno,1,2,25,5746
10,Los Lagos,10301,Osorno,2,2,30,609
10,Los Lagos,10301,Osorno,1,2,30,6098
10,Los Lagos,10301,Osorno,2,2,35,584
10,Los Lagos,10301,Osorno,1,2,35,5862
10,Los Lagos,10301,Osorno,1,2,40,5483
10,Los Lagos,10301,Osorno,2,2,40,583
10,Los Lagos,10301,Osorno,1,2,45,5291
10,Los Lagos,10301,Osorno,2,2,45,591
10,Los Lagos,10301,Osorno,2,2,50,618
10,Los Lagos,10301,Osorno,1,2,50,5260
10,Los Lagos,10301,Osorno,1,2,55,5103
10,Los Lagos,10301,Osorno,2,2,55,635
10,Los Lagos,10301,Osorno,2,2,60,511
10,Los Lagos,10301,Osorno,1,2,60,4779
10,Los Lagos,10301,Osorno,2,2,65,433
10,Los Lagos,10301,Osorno,1,2,65,3963
10,Los Lagos,10301,Osorno,2,2,70,328
10,Los Lagos,10301,Osorno,1,2,70,2986
10,Los Lagos,10301,Osorno,2,2,75,263
10,Los Lagos,10301,Osorno,1,2,75,2363
10,Los Lagos,10301,Osorno,2,2,80,176
10,Los Lagos,10301,Osorno,1,2,80,1649
10,Los Lagos,10301,Osorno,1,2,85,1762
10,Los Lagos,10301,Osorno,2,2,85,159
10,Los Lagos,10302,Puerto Octay,1,1,0,30
10,Los Lagos,10302,Puerto Octay,2,1,0,174
10,Los Lagos,10302,Puerto Octay,1,1,5,54
10,Los Lagos,10302,Puerto Octay,2,1,5,196
10,Los Lagos,10302,Puerto Octay,1,1,10,53
10,Los Lagos,10302,Puerto Octay,2,1,10,242
10,Los Lagos,10302,Puerto Octay,2,1,15,226
10,Los Lagos,10302,Puerto Octay,1,1,15,55
10,Los Lagos,10302,Puerto Octay,2,1,20,222
10,Los Lagos,10302,Puerto Octay,1,1,20,61
10,Los Lagos,10302,Puerto Octay,2,1,25,243
10,Los Lagos,10302,Puerto Octay,1,1,25,78
10,Los Lagos,10302,Puerto Octay,1,1,30,67
10,Los Lagos,10302,Puerto Octay,2,1,30,241
10,Los Lagos,10302,Puerto Octay,2,1,35,239
10,Los Lagos,10302,Puerto Octay,1,1,35,66
10,Los Lagos,10302,Puerto Octay,2,1,40,206
10,Los Lagos,10302,Puerto Octay,1,1,40,49
10,Los Lagos,10302,Puerto Octay,2,1,45,236
10,Los Lagos,10302,Puerto Octay,1,1,45,44
10,Los Lagos,10302,Puerto Octay,2,1,50,277
10,Los Lagos,10302,Puerto Octay,1,1,50,56
10,Los Lagos,10302,Puerto Octay,1,1,55,65
10,Los Lagos,10302,Puerto Octay,2,1,55,269
10,Los Lagos,10302,Puerto Octay,1,1,60,70
10,Los Lagos,10302,Puerto Octay,2,1,60,274
10,Los Lagos,10302,Puerto Octay,1,1,65,52
10,Los Lagos,10302,Puerto Octay,2,1,65,206
10,Los Lagos,10302,Puerto Octay,2,1,70,139
10,Los Lagos,10302,Puerto Octay,1,1,70,36
10,Los Lagos,10302,Puerto Octay,1,1,75,33
10,Los Lagos,10302,Puerto Octay,2,1,75,106
10,Los Lagos,10302,Puerto Octay,2,1,80,81
10,Los Lagos,10302,Puerto Octay,1,1,80,15
10,Los Lagos,10302,Puerto Octay,2,1,85,53
10,Los Lagos,10302,Puerto Octay,1,1,85,3
10,Los Lagos,10302,Puerto Octay,2,2,0,146
10,Los Lagos,10302,Puerto Octay,1,2,0,37
10,Los Lagos,10302,Puerto Octay,2,2,5,218
10,Los Lagos,10302,Puerto Octay,1,2,5,51
10,Los Lagos,10302,Puerto Octay,1,2,10,62
10,Los Lagos,10302,Puerto Octay,2,2,10,217
10,Los Lagos,10302,Puerto Octay,1,2,15,44
10,Los Lagos,10302,Puerto Octay,2,2,15,221
10,Los Lagos,10302,Puerto Octay,2,2,20,178
10,Los Lagos,10302,Puerto Octay,1,2,20,43
10,Los Lagos,10302,Puerto Octay,2,2,25,227
10,Los Lagos,10302,Puerto Octay,1,2,25,70
10,Los Lagos,10302,Puerto Octay,2,2,30,232
10,Los Lagos,10302,Puerto Octay,1,2,30,64
10,Los Lagos,10302,Puerto Octay,1,2,35,68
10,Los Lagos,10302,Puerto Octay,2,2,35,241
10,Los Lagos,10302,Puerto Octay,1,2,40,37
10,Los Lagos,10302,Puerto Octay,2,2,40,232
10,Los Lagos,10302,Puerto Octay,1,2,45,52
10,Los Lagos,10302,Puerto Octay,2,2,45,202
10,Los Lagos,10302,Puerto Octay,2,2,50,243
10,Los Lagos,10302,Puerto Octay,1,2,50,61
10,Los Lagos,10302,Puerto Octay,2,2,55,267
10,Los Lagos,10302,Puerto Octay,1,2,55,70
10,Los Lagos,10302,Puerto Octay,1,2,60,68
10,Los Lagos,10302,Puerto Octay,2,2,60,240
10,Los Lagos,10302,Puerto Octay,2,2,65,188
10,Los Lagos,10302,Puerto Octay,1,2,65,61
10,Los Lagos,10302,Puerto Octay,2,2,70,140
10,Los Lagos,10302,Puerto Octay,1,2,70,43
10,Los Lagos,10302,Puerto Octay,2,2,75,117
10,Los Lagos,10302,Puerto Octay,1,2,75,24
10,Los Lagos,10302,Puerto Octay,2,2,80,64
10,Los Lagos,10302,Puerto Octay,1,2,80,16
10,Los Lagos,10302,Puerto Octay,1,2,85,15
10,Los Lagos,10302,Puerto Octay,2,2,85,89
10,Los Lagos,10303,Purranque,1,1,0,306
10,Los Lagos,10303,Purranque,2,1,0,116
10,Los Lagos,10303,Purranque,1,1,5,420
10,Los Lagos,10303,Purranque,2,1,5,171
10,Los Lagos,10303,Purranque,1,1,10,498
10,Los Lagos,10303,Purranque,2,1,10,210
10,Los Lagos,10303,Purranque,1,1,15,473
10,Los Lagos,10303,Purranque,2,1,15,168
10,Los Lagos,10303,Purranque,1,1,20,456
10,Los Lagos,10303,Purranque,2,1,20,132
10,Los Lagos,10303,Purranque,1,1,25,440
10,Los Lagos,10303,Purranque,2,1,25,167
10,Los Lagos,10303,Purranque,1,1,30,493
10,Los Lagos,10303,Purranque,2,1,30,187
10,Los Lagos,10303,Purranque,2,1,35,170
10,Los Lagos,10303,Purranque,1,1,35,418
10,Los Lagos,10303,Purranque,2,1,40,167
10,Los Lagos,10303,Purranque,1,1,40,364
10,Los Lagos,10303,Purranque,2,1,45,175
10,Los Lagos,10303,Purranque,1,1,45,387
10,Los Lagos,10303,Purranque,1,1,50,414
10,Los Lagos,10303,Purranque,2,1,50,249
10,Los Lagos,10303,Purranque,1,1,55,428
10,Los Lagos,10303,Purranque,2,1,55,266
10,Los Lagos,10303,Purranque,1,1,60,379
10,Los Lagos,10303,Purranque,2,1,60,240
10,Los Lagos,10303,Purranque,1,1,65,352
10,Los Lagos,10303,Purranque,2,1,65,194
10,Los Lagos,10303,Purranque,1,1,70,283
10,Los Lagos,10303,Purranque,2,1,70,144
10,Los Lagos,10303,Purranque,1,1,75,183
10,Los Lagos,10303,Purranque,2,1,75,114
10,Los Lagos,10303,Purranque,1,1,80,147
10,Los Lagos,10303,Purranque,2,1,80,49
10,Los Lagos,10303,Purranque,2,1,85,51
10,Los Lagos,10303,Purranque,1,1,85,104
10,Los Lagos,10303,Purranque,1,2,0,288
10,Los Lagos,10303,Purranque,2,2,0,118
10,Los Lagos,10303,Purranque,2,2,5,140
10,Los Lagos,10303,Purranque,1,2,5,426
10,Los Lagos,10303,Purranque,2,2,10,172
10,Los Lagos,10303,Purranque,1,2,10,429
10,Los Lagos,10303,Purranque,1,2,15,487
10,Los Lagos,10303,Purranque,2,2,15,178
10,Los Lagos,10303,Purranque,2,2,20,125
10,Los Lagos,10303,Purranque,1,2,20,450
10,Los Lagos,10303,Purranque,1,2,25,471
10,Los Lagos,10303,Purranque,2,2,25,162
10,Los Lagos,10303,Purranque,1,2,30,515
10,Los Lagos,10303,Purranque,2,2,30,172
10,Los Lagos,10303,Purranque,2,2,35,158
10,Los Lagos,10303,Purranque,1,2,35,489
10,Los Lagos,10303,Purranque,2,2,40,163
10,Los Lagos,10303,Purranque,1,2,40,426
10,Los Lagos,10303,Purranque,2,2,45,193
10,Los Lagos,10303,Purranque,1,2,45,416
10,Los Lagos,10303,Purranque,1,2,50,493
10,Los Lagos,10303,Purranque,2,2,50,177
10,Los Lagos,10303,Purranque,1,2,55,535
10,Los Lagos,10303,Purranque,2,2,55,222
10,Los Lagos,10303,Purranque,1,2,60,494
10,Los Lagos,10303,Purranque,2,2,60,222
10,Los Lagos,10303,Purranque,1,2,65,417
10,Los Lagos,10303,Purranque,2,2,65,168
10,Los Lagos,10303,Purranque,1,2,70,346
10,Los Lagos,10303,Purranque,2,2,70,141
10,Los Lagos,10303,Purranque,1,2,75,268
10,Los Lagos,10303,Purranque,2,2,75,82
10,Los Lagos,10303,Purranque,2,2,80,56
10,Los Lagos,10303,Purranque,1,2,80,187
10,Los Lagos,10303,Purranque,2,2,85,70
10,Los Lagos,10303,Purranque,1,2,85,171
10,Los Lagos,10304,Puyehue,1,1,0,118
10,Los Lagos,10304,Puyehue,2,1,0,127
10,Los Lagos,10304,Puyehue,2,1,5,189
10,Los Lagos,10304,Puyehue,1,1,5,162
10,Los Lagos,10304,Puyehue,2,1,10,214
10,Los Lagos,10304,Puyehue,1,1,10,210
10,Los Lagos,10304,Puyehue,2,1,15,197
10,Los Lagos,10304,Puyehue,1,1,15,169
10,Los Lagos,10304,Puyehue,1,1,20,168
10,Los Lagos,10304,Puyehue,2,1,20,178
10,Los Lagos,10304,Puyehue,2,1,25,182
10,Los Lagos,10304,Puyehue,1,1,25,166
10,Los Lagos,10304,Puyehue,2,1,30,193
10,Los Lagos,10304,Puyehue,1,1,30,167
10,Los Lagos,10304,Puyehue,2,1,35,226
10,Los Lagos,10304,Puyehue,1,1,35,167
10,Los Lagos,10304,Puyehue,1,1,40,140
10,Los Lagos,10304,Puyehue,2,1,40,203
10,Los Lagos,10304,Puyehue,1,1,45,147
10,Los Lagos,10304,Puyehue,2,1,45,246
10,Los Lagos,10304,Puyehue,2,1,50,257
10,Los Lagos,10304,Puyehue,1,1,50,171
10,Los Lagos,10304,Puyehue,2,1,55,267
10,Los Lagos,10304,Puyehue,1,1,55,160
10,Los Lagos,10304,Puyehue,2,1,60,273
10,Los Lagos,10304,Puyehue,1,1,60,140
10,Los Lagos,10304,Puyehue,2,1,65,216
10,Los Lagos,10304,Puyehue,1,1,65,111
10,Los Lagos,10304,Puyehue,2,1,70,155
10,Los Lagos,10304,Puyehue,1,1,70,77
10,Los Lagos,10304,Puyehue,2,1,75,113
10,Los Lagos,10304,Puyehue,1,1,75,69
10,Los Lagos,10304,Puyehue,2,1,80,82
10,Los Lagos,10304,Puyehue,1,1,80,31
10,Los Lagos,10304,Puyehue,1,1,85,35
10,Los Lagos,10304,Puyehue,2,1,85,56
10,Los Lagos,10304,Puyehue,1,2,0,113
10,Los Lagos,10304,Puyehue,2,2,0,147
10,Los Lagos,10304,Puyehue,1,2,5,149
10,Los Lagos,10304,Puyehue,2,2,5,190
10,Los Lagos,10304,Puyehue,2,2,10,210
10,Los Lagos,10304,Puyehue,1,2,10,184
10,Los Lagos,10304,Puyehue,2,2,15,167
10,Los Lagos,10304,Puyehue,1,2,15,156
10,Los Lagos,10304,Puyehue,1,2,20,187
10,Los Lagos,10304,Puyehue,2,2,20,173
10,Los Lagos,10304,Puyehue,1,2,25,189
10,Los Lagos,10304,Puyehue,2,2,25,193
10,Los Lagos,10304,Puyehue,1,2,30,215
10,Los Lagos,10304,Puyehue,2,2,30,221
10,Los Lagos,10304,Puyehue,1,2,35,175
10,Los Lagos,10304,Puyehue,2,2,35,204
10,Los Lagos,10304,Puyehue,2,2,40,206
10,Los Lagos,10304,Puyehue,1,2,40,156
10,Los Lagos,10304,Puyehue,2,2,45,221
10,Los Lagos,10304,Puyehue,1,2,45,167
10,Los Lagos,10304,Puyehue,2,2,50,259
10,Los Lagos,10304,Puyehue,1,2,50,192
10,Los Lagos,10304,Puyehue,1,2,55,196
10,Los Lagos,10304,Puyehue,2,2,55,247
10,Los Lagos,10304,Puyehue,1,2,60,164
10,Los Lagos,10304,Puyehue,2,2,60,240
10,Los Lagos,10304,Puyehue,1,2,65,142
10,Los Lagos,10304,Puyehue,2,2,65,195
10,Los Lagos,10304,Puyehue,1,2,70,97
10,Los Lagos,10304,Puyehue,2,2,70,151
10,Los Lagos,10304,Puyehue,1,2,75,78
10,Los Lagos,10304,Puyehue,2,2,75,104
10,Los Lagos,10304,Puyehue,1,2,80,54
10,Los Lagos,10304,Puyehue,2,2,80,63
10,Los Lagos,10304,Puyehue,1,2,85,40
10,Los Lagos,10304,Puyehue,2,2,85,85
10,Los Lagos,10305,Río Negro,2,1,0,133
10,Los Lagos,10305,Río Negro,1,1,0,159
10,Los Lagos,10305,Río Negro,2,1,5,200
10,Los Lagos,10305,Río Negro,1,1,5,198
10,Los Lagos,10305,Río Negro,1,1,10,248
10,Los Lagos,10305,Río Negro,2,1,10,211
10,Los Lagos,10305,Río Negro,1,1,15,248
10,Los Lagos,10305,Río Negro,2,1,15,222
10,Los Lagos,10305,Río Negro,2,1,20,182
10,Los Lagos,10305,Río Negro,1,1,20,230
10,Los Lagos,10305,Río Negro,1,1,25,244
10,Los Lagos,10305,Río Negro,2,1,25,178
10,Los Lagos,10305,Río Negro,2,1,30,188
10,Los Lagos,10305,Río Negro,1,1,30,244
10,Los Lagos,10305,Río Negro,1,1,35,213
10,Los Lagos,10305,Río Negro,2,1,35,203
10,Los Lagos,10305,Río Negro,2,1,40,196
10,Los Lagos,10305,Río Negro,1,1,40,211
10,Los Lagos,10305,Río Negro,2,1,45,213
10,Los Lagos,10305,Río Negro,1,1,45,190
10,Los Lagos,10305,Río Negro,1,1,50,204
10,Los Lagos,10305,Río Negro,2,1,50,302
10,Los Lagos,10305,Río Negro,2,1,55,296
10,Los Lagos,10305,Río Negro,1,1,55,220
10,Los Lagos,10305,Río Negro,1,1,60,207
10,Los Lagos,10305,Río Negro,2,1,60,277
10,Los Lagos,10305,Río Negro,2,1,65,233
10,Los Lagos,10305,Río Negro,1,1,65,190
10,Los Lagos,10305,Río Negro,1,1,70,142
10,Los Lagos,10305,Río Negro,2,1,70,170
10,Los Lagos,10305,Río Negro,2,1,75,139
10,Los Lagos,10305,Río Negro,1,1,75,96
10,Los Lagos,10305,Río Negro,2,1,80,95
10,Los Lagos,10305,Río Negro,1,1,80,56
10,Los Lagos,10305,Río Negro,1,1,85,43
10,Los Lagos,10305,Río Negro,2,1,85,59
10,Los Lagos,10305,Río Negro,2,2,0,127
10,Los Lagos,10305,Río Negro,1,2,0,165
10,Los Lagos,10305,Río Negro,2,2,5,173
10,Los Lagos,10305,Río Negro,1,2,5,200
10,Los Lagos,10305,Río Negro,1,2,10,256
10,Los Lagos,10305,Río Negro,2,2,10,208
10,Los Lagos,10305,Río Negro,1,2,15,254
10,Los Lagos,10305,Río Negro,2,2,15,185
10,Los Lagos,10305,Río Negro,2,2,20,165
10,Los Lagos,10305,Río Negro,1,2,20,197
10,Los Lagos,10305,Río Negro,2,2,25,174
10,Los Lagos,10305,Río Negro,1,2,25,232
10,Los Lagos,10305,Río Negro,2,2,30,195
10,Los Lagos,10305,Río Negro,1,2,30,270
10,Los Lagos,10305,Río Negro,1,2,35,247
10,Los Lagos,10305,Río Negro,2,2,35,207
10,Los Lagos,10305,Río Negro,2,2,40,216
10,Los Lagos,10305,Río Negro,1,2,40,244
10,Los Lagos,10305,Río Negro,2,2,45,224
10,Los Lagos,10305,Río Negro,1,2,45,217
10,Los Lagos,10305,Río Negro,1,2,50,256
10,Los Lagos,10305,Río Negro,2,2,50,230
10,Los Lagos,10305,Río Negro,2,2,55,286
10,Los Lagos,10305,Río Negro,1,2,55,258
10,Los Lagos,10305,Río Negro,1,2,60,241
10,Los Lagos,10305,Río Negro,2,2,60,254
10,Los Lagos,10305,Río Negro,2,2,65,212
10,Los Lagos,10305,Río Negro,1,2,65,205
10,Los Lagos,10305,Río Negro,2,2,70,147
10,Los Lagos,10305,Río Negro,1,2,70,190
10,Los Lagos,10305,Río Negro,2,2,75,127
10,Los Lagos,10305,Río Negro,1,2,75,129
10,Los Lagos,10305,Río Negro,2,2,80,87
10,Los Lagos,10305,Río Negro,1,2,80,92
10,Los Lagos,10305,Río Negro,1,2,85,79
10,Los Lagos,10305,Río Negro,2,2,85,85
10,Los Lagos,10306,San Juan de la Costa,2,1,0,133
10,Los Lagos,10306,San Juan de la Costa,2,1,5,164
10,Los Lagos,10306,San Juan de la Costa,2,1,10,236
10,Los Lagos,10306,San Juan de la Costa,2,1,15,264
10,Los Lagos,10306,San Juan de la Costa,2,1,20,200
10,Los Lagos,10306,San Juan de la Costa,2,1,25,182
10,Los Lagos,10306,San Juan de la Costa,2,1,30,188
10,Los Lagos,10306,San Juan de la Costa,2,1,35,197
10,Los Lagos,10306,San Juan de la Costa,2,1,40,249
10,Los Lagos,10306,San Juan de la Costa,2,1,45,308
10,Los Lagos,10306,San Juan de la Costa,2,1,50,353
10,Los Lagos,10306,San Juan de la Costa,2,1,55,311
10,Los Lagos,10306,San Juan de la Costa,2,1,60,350
10,Los Lagos,10306,San Juan de la Costa,2,1,65,284
10,Los Lagos,10306,San Juan de la Costa,2,1,70,227
10,Los Lagos,10306,San Juan de la Costa,2,1,75,173
10,Los Lagos,10306,San Juan de la Costa,2,1,80,124
10,Los Lagos,10306,San Juan de la Costa,2,1,85,99
10,Los Lagos,10306,San Juan de la Costa,2,2,0,126
10,Los Lagos,10306,San Juan de la Costa,2,2,5,176
10,Los Lagos,10306,San Juan de la Costa,2,2,10,230
10,Los Lagos,10306,San Juan de la Costa,2,2,15,210
10,Los Lagos,10306,San Juan de la Costa,2,2,20,201
10,Los Lagos,10306,San Juan de la Costa,2,2,25,177
10,Los Lagos,10306,San Juan de la Costa,2,2,30,201
10,Los Lagos,10306,San Juan de la Costa,2,2,35,203
10,Los Lagos,10306,San Juan de la Costa,2,2,40,222
10,Los Lagos,10306,San Juan de la Costa,2,2,45,310
10,Los Lagos,10306,San Juan de la Costa,2,2,50,279
10,Los Lagos,10306,San Juan de la Costa,2,2,55,324
10,Los Lagos,10306,San Juan de la Costa,2,2,60,298
10,Los Lagos,10306,San Juan de la Costa,2,2,65,244
10,Los Lagos,10306,San Juan de la Costa,2,2,70,197
10,Los Lagos,10306,San Juan de la Costa,2,2,75,155
10,Los Lagos,10306,San Juan de la Costa,2,2,80,109
10,Los Lagos,10306,San Juan de la Costa,2,2,85,72
10,Los Lagos,10307,San Pablo,2,1,0,108
10,Los Lagos,10307,San Pablo,1,1,0,116
10,Los Lagos,10307,San Pablo,1,1,5,183
10,Los Lagos,10307,San Pablo,2,1,5,136
10,Los Lagos,10307,San Pablo,2,1,10,169
10,Los Lagos,10307,San Pablo,1,1,10,215
10,Los Lagos,10307,San Pablo,2,1,15,145
10,Los Lagos,10307,San Pablo,1,1,15,190
10,Los Lagos,10307,San Pablo,1,1,20,189
10,Los Lagos,10307,San Pablo,2,1,20,133
10,Los Lagos,10307,San Pablo,1,1,25,150
10,Los Lagos,10307,San Pablo,2,1,25,127
10,Los Lagos,10307,San Pablo,1,1,30,199
10,Los Lagos,10307,San Pablo,2,1,30,158
10,Los Lagos,10307,San Pablo,1,1,35,168
10,Los Lagos,10307,San Pablo,2,1,35,153
10,Los Lagos,10307,San Pablo,1,1,40,166
10,Los Lagos,10307,San Pablo,2,1,40,165
10,Los Lagos,10307,San Pablo,1,1,45,134
10,Los Lagos,10307,San Pablo,2,1,45,211
10,Los Lagos,10307,San Pablo,2,1,50,228
10,Los Lagos,10307,San Pablo,1,1,50,130
10,Los Lagos,10307,San Pablo,2,1,55,242
10,Los Lagos,10307,San Pablo,1,1,55,166
10,Los Lagos,10307,San Pablo,2,1,60,255
10,Los Lagos,10307,San Pablo,1,1,60,154
10,Los Lagos,10307,San Pablo,1,1,65,109
10,Los Lagos,10307,San Pablo,2,1,65,200
10,Los Lagos,10307,San Pablo,2,1,70,166
10,Los Lagos,10307,San Pablo,1,1,70,87
10,Los Lagos,10307,San Pablo,1,1,75,59
10,Los Lagos,10307,San Pablo,2,1,75,135
10,Los Lagos,10307,San Pablo,2,1,80,75
10,Los Lagos,10307,San Pablo,1,1,80,51
10,Los Lagos,10307,San Pablo,1,1,85,30
10,Los Lagos,10307,San Pablo,2,1,85,55
10,Los Lagos,10307,San Pablo,2,2,0,92
10,Los Lagos,10307,San Pablo,1,2,0,122
10,Los Lagos,10307,San Pablo,1,2,5,177
10,Los Lagos,10307,San Pablo,2,2,5,135
10,Los Lagos,10307,San Pablo,2,2,10,166
10,Los Lagos,10307,San Pablo,1,2,10,185
10,Los Lagos,10307,San Pablo,1,2,15,172
10,Los Lagos,10307,San Pablo,2,2,15,159
10,Los Lagos,10307,San Pablo,1,2,20,167
10,Los Lagos,10307,San Pablo,2,2,20,126
10,Los Lagos,10307,San Pablo,1,2,25,185
10,Los Lagos,10307,San Pablo,2,2,25,128
10,Los Lagos,10307,San Pablo,2,2,30,149
10,Los Lagos,10307,San Pablo,1,2,30,203
10,Los Lagos,10307,San Pablo,2,2,35,125
10,Los Lagos,10307,San Pablo,1,2,35,205
10,Los Lagos,10307,San Pablo,2,2,40,168
10,Los Lagos,10307,San Pablo,1,2,40,191
10,Los Lagos,10307,San Pablo,2,2,45,212
10,Los Lagos,10307,San Pablo,1,2,45,180
10,Los Lagos,10307,San Pablo,1,2,50,192
10,Los Lagos,10307,San Pablo,2,2,50,213
10,Los Lagos,10307,San Pablo,2,2,55,226
10,Los Lagos,10307,San Pablo,1,2,55,196
10,Los Lagos,10307,San Pablo,1,2,60,161
10,Los Lagos,10307,San Pablo,2,2,60,206
10,Los Lagos,10307,San Pablo,2,2,65,187
10,Los Lagos,10307,San Pablo,1,2,65,138
10,Los Lagos,10307,San Pablo,1,2,70,121
10,Los Lagos,10307,San Pablo,2,2,70,177
10,Los Lagos,10307,San Pablo,2,2,75,109
10,Los Lagos,10307,San Pablo,1,2,75,81
10,Los Lagos,10307,San Pablo,1,2,80,63
10,Los Lagos,10307,San Pablo,2,2,80,91
10,Los Lagos,10307,San Pablo,2,2,85,74
10,Los Lagos,10307,San Pablo,1,2,85,44
10,Los Lagos,10401,Chaitén,2,1,0,46
10,Los Lagos,10401,Chaitén,1,1,0,53
10,Los Lagos,10401,Chaitén,2,1,5,64
10,Los Lagos,10401,Chaitén,1,1,5,54
10,Los Lagos,10401,Chaitén,1,1,10,80
10,Los Lagos,10401,Chaitén,2,1,10,69
10,Los Lagos,10401,Chaitén,1,1,15,58
10,Los Lagos,10401,Chaitén,2,1,15,77
10,Los Lagos,10401,Chaitén,2,1,20,60
10,Los Lagos,10401,Chaitén,1,1,20,36
10,Los Lagos,10401,Chaitén,2,1,25,54
10,Los Lagos,10401,Chaitén,1,1,25,65
10,Los Lagos,10401,Chaitén,2,1,30,73
10,Los Lagos,10401,Chaitén,1,1,30,84
10,Los Lagos,10401,Chaitén,1,1,35,59
10,Los Lagos,10401,Chaitén,2,1,35,61
10,Los Lagos,10401,Chaitén,1,1,40,78
10,Los Lagos,10401,Chaitén,2,1,40,77
10,Los Lagos,10401,Chaitén,1,1,45,50
10,Los Lagos,10401,Chaitén,2,1,45,122
10,Los Lagos,10401,Chaitén,1,1,50,59
10,Los Lagos,10401,Chaitén,2,1,50,117
10,Los Lagos,10401,Chaitén,2,1,55,103
10,Los Lagos,10401,Chaitén,1,1,55,49
10,Los Lagos,10401,Chaitén,2,1,60,87
10,Los Lagos,10401,Chaitén,1,1,60,43
10,Los Lagos,10401,Chaitén,2,1,65,63
10,Los Lagos,10401,Chaitén,1,1,65,44
10,Los Lagos,10401,Chaitén,2,1,70,51
10,Los Lagos,10401,Chaitén,1,1,70,21
10,Los Lagos,10401,Chaitén,2,1,75,51
10,Los Lagos,10401,Chaitén,1,1,75,10
10,Los Lagos,10401,Chaitén,2,1,80,24
10,Los Lagos,10401,Chaitén,1,1,80,9
10,Los Lagos,10401,Chaitén,1,1,85,11
10,Los Lagos,10401,Chaitén,2,1,85,23
10,Los Lagos,10401,Chaitén,1,2,0,49
10,Los Lagos,10401,Chaitén,2,2,0,44
10,Los Lagos,10401,Chaitén,1,2,5,49
10,Los Lagos,10401,Chaitén,2,2,5,52
10,Los Lagos,10401,Chaitén,2,2,10,54
10,Los Lagos,10401,Chaitén,1,2,10,70
10,Los Lagos,10401,Chaitén,2,2,15,59
10,Los Lagos,10401,Chaitén,1,2,15,45
10,Los Lagos,10401,Chaitén,1,2,20,33
10,Los Lagos,10401,Chaitén,2,2,20,49
10,Los Lagos,10401,Chaitén,1,2,25,75
10,Los Lagos,10401,Chaitén,2,2,25,67
10,Los Lagos,10401,Chaitén,1,2,30,88
10,Los Lagos,10401,Chaitén,2,2,30,65
10,Los Lagos,10401,Chaitén,2,2,35,67
10,Los Lagos,10401,Chaitén,1,2,35,76
10,Los Lagos,10401,Chaitén,2,2,40,70
10,Los Lagos,10401,Chaitén,1,2,40,59
10,Los Lagos,10401,Chaitén,2,2,45,88
10,Los Lagos,10401,Chaitén,1,2,45,69
10,Los Lagos,10401,Chaitén,2,2,50,100
10,Los Lagos,10401,Chaitén,1,2,50,49
10,Los Lagos,10401,Chaitén,1,2,55,53
10,Los Lagos,10401,Chaitén,2,2,55,85
10,Los Lagos,10401,Chaitén,2,2,60,56
10,Los Lagos,10401,Chaitén,1,2,60,53
10,Los Lagos,10401,Chaitén,1,2,65,43
10,Los Lagos,10401,Chaitén,2,2,65,57
10,Los Lagos,10401,Chaitén,1,2,70,27
10,Los Lagos,10401,Chaitén,2,2,70,54
10,Los Lagos,10401,Chaitén,1,2,75,17
10,Los Lagos,10401,Chaitén,2,2,75,49
10,Los Lagos,10401,Chaitén,1,2,80,16
10,Los Lagos,10401,Chaitén,2,2,80,30
10,Los Lagos,10401,Chaitén,2,2,85,16
10,Los Lagos,10401,Chaitén,1,2,85,7
10,Los Lagos,10402,Futaleufú,2,1,0,25
10,Los Lagos,10402,Futaleufú,1,1,0,67
10,Los Lagos,10402,Futaleufú,2,1,5,37
10,Los Lagos,10402,Futaleufú,1,1,5,70
10,Los Lagos,10402,Futaleufú,2,1,10,30
10,Los Lagos,10402,Futaleufú,1,1,10,79
10,Los Lagos,10402,Futaleufú,1,1,15,57
10,Los Lagos,10402,Futaleufú,2,1,15,22
10,Los Lagos,10402,Futaleufú,2,1,20,17
10,Los Lagos,10402,Futaleufú,1,1,20,53
10,Los Lagos,10402,Futaleufú,2,1,25,31
10,Los Lagos,10402,Futaleufú,1,1,25,74
10,Los Lagos,10402,Futaleufú,2,1,30,44
10,Los Lagos,10402,Futaleufú,1,1,30,99
10,Los Lagos,10402,Futaleufú,1,1,35,84
10,Los Lagos,10402,Futaleufú,2,1,35,38
10,Los Lagos,10402,Futaleufú,1,1,40,60
10,Los Lagos,10402,Futaleufú,2,1,40,51
10,Los Lagos,10402,Futaleufú,1,1,45,66
10,Los Lagos,10402,Futaleufú,2,1,45,37
10,Los Lagos,10402,Futaleufú,2,1,50,37
10,Los Lagos,10402,Futaleufú,1,1,50,59
10,Los Lagos,10402,Futaleufú,2,1,55,52
10,Los Lagos,10402,Futaleufú,1,1,55,64
10,Los Lagos,10402,Futaleufú,2,1,60,40
10,Los Lagos,10402,Futaleufú,1,1,60,41
10,Los Lagos,10402,Futaleufú,2,1,65,42
10,Los Lagos,10402,Futaleufú,1,1,65,33
10,Los Lagos,10402,Futaleufú,2,1,70,25
10,Los Lagos,10402,Futaleufú,1,1,70,22
10,Los Lagos,10402,Futaleufú,2,1,75,17
10,Los Lagos,10402,Futaleufú,1,1,75,19
10,Los Lagos,10402,Futaleufú,1,1,80,15
10,Los Lagos,10402,Futaleufú,2,1,80,14
10,Los Lagos,10402,Futaleufú,1,1,85,12
10,Los Lagos,10402,Futaleufú,2,1,85,9
10,Los Lagos,10402,Futaleufú,2,2,0,24
10,Los Lagos,10402,Futaleufú,1,2,0,51
10,Los Lagos,10402,Futaleufú,1,2,5,60
10,Los Lagos,10402,Futaleufú,2,2,5,36
10,Los Lagos,10402,Futaleufú,1,2,10,81
10,Los Lagos,10402,Futaleufú,2,2,10,19
10,Los Lagos,10402,Futaleufú,1,2,15,55
10,Los Lagos,10402,Futaleufú,2,2,15,17
10,Los Lagos,10402,Futaleufú,2,2,20,16
10,Los Lagos,10402,Futaleufú,1,2,20,40
10,Los Lagos,10402,Futaleufú,1,2,25,114
10,Los Lagos,10402,Futaleufú,2,2,25,25
10,Los Lagos,10402,Futaleufú,1,2,30,100
10,Los Lagos,10402,Futaleufú,2,2,30,47
10,Los Lagos,10402,Futaleufú,1,2,35,85
10,Los Lagos,10402,Futaleufú,2,2,35,41
10,Los Lagos,10402,Futaleufú,2,2,40,40
10,Los Lagos,10402,Futaleufú,1,2,40,77
10,Los Lagos,10402,Futaleufú,2,2,45,32
10,Los Lagos,10402,Futaleufú,1,2,45,82
10,Los Lagos,10402,Futaleufú,1,2,50,66
10,Los Lagos,10402,Futaleufú,2,2,50,38
10,Los Lagos,10402,Futaleufú,2,2,55,34
10,Los Lagos,10402,Futaleufú,1,2,55,60
10,Los Lagos,10402,Futaleufú,1,2,60,43
10,Los Lagos,10402,Futaleufú,2,2,60,35
10,Los Lagos,10402,Futaleufú,1,2,65,37
10,Los Lagos,10402,Futaleufú,2,2,65,27
10,Los Lagos,10402,Futaleufú,2,2,70,21
10,Los Lagos,10402,Futaleufú,1,2,70,18
10,Los Lagos,10402,Futaleufú,2,2,75,19
10,Los Lagos,10402,Futaleufú,1,2,75,28
10,Los Lagos,10402,Futaleufú,1,2,80,16
10,Los Lagos,10402,Futaleufú,2,2,80,14
10,Los Lagos,10402,Futaleufú,1,2,85,9
10,Los Lagos,10402,Futaleufú,2,2,85,13
10,Los Lagos,10403,Hualaihué,2,1,0,131
10,Los Lagos,10403,Hualaihué,1,1,0,116
10,Los Lagos,10403,Hualaihué,1,1,5,152
10,Los Lagos,10403,Hualaihué,2,1,5,164
10,Los Lagos,10403,Hualaihué,2,1,10,179
10,Los Lagos,10403,Hualaihué,1,1,10,159
10,Los Lagos,10403,Hualaihué,1,1,15,138
10,Los Lagos,10403,Hualaihué,2,1,15,152
10,Los Lagos,10403,Hualaihué,1,1,20,131
10,Los Lagos,10403,Hualaihué,2,1,20,161
10,Los Lagos,10403,Hualaihué,1,1,25,120
10,Los Lagos,10403,Hualaihué,2,1,25,153
10,Los Lagos,10403,Hualaihué,2,1,30,208
10,Los Lagos,10403,Hualaihué,1,1,30,172
10,Los Lagos,10403,Hualaihué,2,1,35,194
10,Los Lagos,10403,Hualaihué,1,1,35,153
10,Los Lagos,10403,Hualaihué,2,1,40,213
10,Los Lagos,10403,Hualaihué,1,1,40,149
10,Los Lagos,10403,Hualaihué,2,1,45,214
10,Los Lagos,10403,Hualaihué,1,1,45,117
10,Los Lagos,10403,Hualaihué,1,1,50,112
10,Los Lagos,10403,Hualaihué,2,1,50,254
10,Los Lagos,10403,Hualaihué,1,1,55,109
10,Los Lagos,10403,Hualaihué,2,1,55,260
10,Los Lagos,10403,Hualaihué,2,1,60,220
10,Los Lagos,10403,Hualaihué,1,1,60,97
10,Los Lagos,10403,Hualaihué,2,1,65,180
10,Los Lagos,10403,Hualaihué,1,1,65,79
10,Los Lagos,10403,Hualaihué,2,1,70,120
10,Los Lagos,10403,Hualaihué,1,1,70,53
10,Los Lagos,10403,Hualaihué,2,1,75,86
10,Los Lagos,10403,Hualaihué,1,1,75,24
10,Los Lagos,10403,Hualaihué,1,1,80,9
10,Los Lagos,10403,Hualaihué,2,1,80,62
10,Los Lagos,10403,Hualaihué,2,1,85,59
10,Los Lagos,10403,Hualaihué,1,1,85,10
10,Los Lagos,10403,Hualaihué,2,2,0,121
10,Los Lagos,10403,Hualaihué,1,2,0,93
10,Los Lagos,10403,Hualaihué,1,2,5,127
10,Los Lagos,10403,Hualaihué,2,2,5,165
10,Los Lagos,10403,Hualaihué,2,2,10,154
10,Los Lagos,10403,Hualaihué,1,2,10,137
10,Los Lagos,10403,Hualaihué,1,2,15,132
10,Los Lagos,10403,Hualaihué,2,2,15,191
10,Los Lagos,10403,Hualaihué,1,2,20,105
10,Los Lagos,10403,Hualaihué,2,2,20,145
10,Los Lagos,10403,Hualaihué,1,2,25,150
10,Los Lagos,10403,Hualaihué,2,2,25,144
10,Los Lagos,10403,Hualaihué,2,2,30,190
10,Los Lagos,10403,Hualaihué,1,2,30,183
10,Los Lagos,10403,Hualaihué,2,2,35,159
10,Los Lagos,10403,Hualaihué,1,2,35,160
10,Los Lagos,10403,Hualaihué,1,2,40,159
10,Los Lagos,10403,Hualaihué,2,2,40,184
10,Los Lagos,10403,Hualaihué,1,2,45,143
10,Los Lagos,10403,Hualaihué,2,2,45,171
10,Los Lagos,10403,Hualaihué,2,2,50,199
10,Los Lagos,10403,Hualaihué,1,2,50,130
10,Los Lagos,10403,Hualaihué,2,2,55,201
10,Los Lagos,10403,Hualaihué,1,2,55,125
10,Los Lagos,10403,Hualaihué,2,2,60,195
10,Los Lagos,10403,Hualaihué,1,2,60,90
10,Los Lagos,10403,Hualaihué,2,2,65,149
10,Los Lagos,10403,Hualaihué,1,2,65,60
10,Los Lagos,10403,Hualaihué,1,2,70,34
10,Los Lagos,10403,Hualaihué,2,2,70,110
10,Los Lagos,10403,Hualaihué,2,2,75,79
10,Los Lagos,10403,Hualaihué,1,2,75,28
10,Los Lagos,10403,Hualaihué,1,2,80,14
10,Los Lagos,10403,Hualaihué,2,2,80,69
10,Los Lagos,10403,Hualaihué,2,2,85,65
10,Los Lagos,10403,Hualaihué,1,2,85,9
10,Los Lagos,10404,Palena,1,1,0,35
10,Los Lagos,10404,Palena,2,1,0,11
10,Los Lagos,10404,Palena,1,1,5,35
10,Los Lagos,10404,Palena,2,1,5,12
10,Los Lagos,10404,Palena,2,1,10,18
10,Los Lagos,10404,Palena,1,1,10,38
10,Los Lagos,10404,Palena,1,1,15,37
10,Los Lagos,10404,Palena,2,1,15,17
10,Los Lagos,10404,Palena,1,1,20,24
10,Los Lagos,10404,Palena,2,1,20,6
10,Los Lagos,10404,Palena,1,1,25,42
10,Los Lagos,10404,Palena,2,1,25,22
10,Los Lagos,10404,Palena,2,1,30,24
10,Los Lagos,10404,Palena,1,1,30,45
10,Los Lagos,10404,Palena,1,1,35,43
10,Los Lagos,10404,Palena,2,1,35,24
10,Los Lagos,10404,Palena,2,1,40,25
10,Los Lagos,10404,Palena,1,1,40,40
10,Los Lagos,10404,Palena,2,1,45,30
10,Los Lagos,10404,Palena,1,1,45,35
10,Los Lagos,10404,Palena,2,1,50,34
10,Los Lagos,10404,Palena,1,1,50,31
10,Los Lagos,10404,Palena,1,1,55,32
10,Los Lagos,10404,Palena,2,1,55,50
10,Los Lagos,10404,Palena,1,1,60,19
10,Los Lagos,10404,Palena,2,1,60,36
10,Los Lagos,10404,Palena,2,1,65,40
10,Los Lagos,10404,Palena,1,1,65,23
10,Los Lagos,10404,Palena,1,1,70,15
10,Los Lagos,10404,Palena,2,1,70,31
10,Los Lagos,10404,Palena,2,1,75,29
10,Los Lagos,10404,Palena,1,1,75,12
10,Los Lagos,10404,Palena,1,1,80,8
10,Los Lagos,10404,Palena,2,1,80,9
10,Los Lagos,10404,Palena,1,1,85,8
10,Los Lagos,10404,Palena,2,1,85,6
10,Los Lagos,10404,Palena,2,2,0,16
10,Los Lagos,10404,Palena,1,2,0,25
10,Los Lagos,10404,Palena,1,2,5,31
10,Los Lagos,10404,Palena,2,2,5,15
10,Los Lagos,10404,Palena,2,2,10,19
10,Los Lagos,10404,Palena,1,2,10,40
10,Los Lagos,10404,Palena,1,2,15,24
10,Los Lagos,10404,Palena,2,2,15,13
10,Los Lagos,10404,Palena,1,2,20,32
10,Los Lagos,10404,Palena,2,2,20,13
10,Los Lagos,10404,Palena,1,2,25,47
10,Los Lagos,10404,Palena,2,2,25,23
10,Los Lagos,10404,Palena,2,2,30,27
10,Los Lagos,10404,Palena,1,2,30,68
10,Los Lagos,10404,Palena,2,2,35,18
10,Los Lagos,10404,Palena,1,2,35,41
10,Los Lagos,10404,Palena,1,2,40,42
10,Los Lagos,10404,Palena,2,2,40,24
10,Los Lagos,10404,Palena,1,2,45,31
10,Los Lagos,10404,Palena,2,2,45,25
10,Los Lagos,10404,Palena,2,2,50,35
10,Los Lagos,10404,Palena,1,2,50,44
10,Los Lagos,10404,Palena,2,2,55,32
10,Los Lagos,10404,Palena,1,2,55,37
10,Los Lagos,10404,Palena,2,2,60,34
10,Los Lagos,10404,Palena,1,2,60,22
10,Los Lagos,10404,Palena,2,2,65,28
10,Los Lagos,10404,Palena,1,2,65,25
10,Los Lagos,10404,Palena,1,2,70,24
10,Los Lagos,10404,Palena,2,2,70,14
10,Los Lagos,10404,Palena,2,2,75,18
10,Los Lagos,10404,Palena,1,2,75,17
10,Los Lagos,10404,Palena,1,2,80,16
10,Los Lagos,10404,Palena,2,2,80,12
10,Los Lagos,10404,Palena,2,2,85,11
10,Los Lagos,10404,Palena,1,2,85,14
11,Aysén,11101,Coyhaique,2,1,0,283
11,Aysén,11101,Coyhaique,1,1,0,1129
11,Aysén,11101,Coyhaique,1,1,5,1580
11,Aysén,11101,Coyhaique,2,1,5,409
11,Aysén,11101,Coyhaique,1,1,10,1898
11,Aysén,11101,Coyhaique,2,1,10,422
11,Aysén,11101,Coyhaique,1,1,15,1946
11,Aysén,11101,Coyhaique,2,1,15,314
11,Aysén,11101,Coyhaique,2,1,20,176
11,Aysén,11101,Coyhaique,1,1,20,1338
11,Aysén,11101,Coyhaique,1,1,25,1660
11,Aysén,11101,Coyhaique,2,1,25,249
11,Aysén,11101,Coyhaique,2,1,30,420
11,Aysén,11101,Coyhaique,1,1,30,1836
11,Aysén,11101,Coyhaique,2,1,35,499
11,Aysén,11101,Coyhaique,1,1,35,1743
11,Aysén,11101,Coyhaique,2,1,40,516
11,Aysén,11101,Coyhaique,1,1,40,1631
11,Aysén,11101,Coyhaique,2,1,45,434
11,Aysén,11101,Coyhaique,1,1,45,1480
11,Aysén,11101,Coyhaique,2,1,50,401
11,Aysén,11101,Coyhaique,1,1,50,1350
11,Aysén,11101,Coyhaique,2,1,55,401
11,Aysén,11101,Coyhaique,1,1,55,1261
11,Aysén,11101,Coyhaique,2,1,60,354
11,Aysén,11101,Coyhaique,1,1,60,1084
11,Aysén,11101,Coyhaique,2,1,65,300
11,Aysén,11101,Coyhaique,1,1,65,945
11,Aysén,11101,Coyhaique,1,1,70,650
11,Aysén,11101,Coyhaique,2,1,70,233
11,Aysén,11101,Coyhaique,2,1,75,140
11,Aysén,11101,Coyhaique,1,1,75,442
11,Aysén,11101,Coyhaique,1,1,80,269
11,Aysén,11101,Coyhaique,2,1,80,99
11,Aysén,11101,Coyhaique,2,1,85,68
11,Aysén,11101,Coyhaique,1,1,85,210
11,Aysén,11101,Coyhaique,2,2,0,314
11,Aysén,11101,Coyhaique,1,2,0,1077
11,Aysén,11101,Coyhaique,1,2,5,1567
11,Aysén,11101,Coyhaique,2,2,5,377
11,Aysén,11101,Coyhaique,1,2,10,1807
11,Aysén,11101,Coyhaique,2,2,10,357
11,Aysén,11101,Coyhaique,1,2,15,1732
11,Aysén,11101,Coyhaique,2,2,15,263
11,Aysén,11101,Coyhaique,2,2,20,159
11,Aysén,11101,Coyhaique,1,2,20,1299
11,Aysén,11101,Coyhaique,1,2,25,1706
11,Aysén,11101,Coyhaique,2,2,25,280
11,Aysén,11101,Coyhaique,2,2,30,473
11,Aysén,11101,Coyhaique,1,2,30,2114
11,Aysén,11101,Coyhaique,1,2,35,2027
11,Aysén,11101,Coyhaique,2,2,35,491
11,Aysén,11101,Coyhaique,2,2,40,420
11,Aysén,11101,Coyhaique,1,2,40,1816
11,Aysén,11101,Coyhaique,2,2,45,419
11,Aysén,11101,Coyhaique,1,2,45,1752
11,Aysén,11101,Coyhaique,1,2,50,1635
11,Aysén,11101,Coyhaique,2,2,50,370
11,Aysén,11101,Coyhaique,2,2,55,318
11,Aysén,11101,Coyhaique,1,2,55,1420
11,Aysén,11101,Coyhaique,1,2,60,1329
11,Aysén,11101,Coyhaique,2,2,60,295
11,Aysén,11101,Coyhaique,2,2,65,231
11,Aysén,11101,Coyhaique,1,2,65,1107
11,Aysén,11101,Coyhaique,1,2,70,765
11,Aysén,11101,Coyhaique,2,2,70,202
11,Aysén,11101,Coyhaique,2,2,75,117
11,Aysén,11101,Coyhaique,1,2,75,506
11,Aysén,11101,Coyhaique,1,2,80,401
11,Aysén,11101,Coyhaique,2,2,80,90
11,Aysén,11101,Coyhaique,1,2,85,342
11,Aysén,11101,Coyhaique,2,2,85,75
11,Aysén,11102,Lago Verde,2,1,0,13
11,Aysén,11102,Lago Verde,2,1,5,15
11,Aysén,11102,Lago Verde,2,1,10,17
11,Aysén,11102,Lago Verde,2,1,15,30
11,Aysén,11102,Lago Verde,2,1,20,12
11,Aysén,11102,Lago Verde,2,1,25,21
11,Aysén,11102,Lago Verde,2,1,30,39
11,Aysén,11102,Lago Verde,2,1,35,31
11,Aysén,11102,Lago Verde,2,1,40,35
11,Aysén,11102,Lago Verde,2,1,45,29
11,Aysén,11102,Lago Verde,2,1,50,30
11,Aysén,11102,Lago Verde,2,1,55,32
11,Aysén,11102,Lago Verde,2,1,60,31
11,Aysén,11102,Lago Verde,2,1,65,28
11,Aysén,11102,Lago Verde,2,1,70,34
11,Aysén,11102,Lago Verde,2,1,75,19
11,Aysén,11102,Lago Verde,2,1,80,6
11,Aysén,11102,Lago Verde,2,1,85,5
11,Aysén,11102,Lago Verde,2,2,0,9
11,Aysén,11102,Lago Verde,2,2,5,16
11,Aysén,11102,Lago Verde,2,2,10,17
11,Aysén,11102,Lago Verde,2,2,15,22
11,Aysén,11102,Lago Verde,2,2,20,9
11,Aysén,11102,Lago Verde,2,2,25,27
11,Aysén,11102,Lago Verde,2,2,30,24
11,Aysén,11102,Lago Verde,2,2,35,32
11,Aysén,11102,Lago Verde,2,2,40,20
11,Aysén,11102,Lago Verde,2,2,45,19
11,Aysén,11102,Lago Verde,2,2,50,27
11,Aysén,11102,Lago Verde,2,2,55,32
11,Aysén,11102,Lago Verde,2,2,60,31
11,Aysén,11102,Lago Verde,2,2,65,22
11,Aysén,11102,Lago Verde,2,2,70,15
11,Aysén,11102,Lago Verde,2,2,75,17
11,Aysén,11102,Lago Verde,2,2,80,7
11,Aysén,11102,Lago Verde,2,2,85,6
11,Aysén,11201,Aysén,1,1,0,476
11,Aysén,11201,Aysén,2,1,0,89
11,Aysén,11201,Aysén,2,1,5,95
11,Aysén,11201,Aysén,1,1,5,642
11,Aysén,11201,Aysén,2,1,10,113
11,Aysén,11201,Aysén,1,1,10,822
11,Aysén,11201,Aysén,1,1,15,829
11,Aysén,11201,Aysén,2,1,15,89
11,Aysén,11201,Aysén,2,1,20,70
11,Aysén,11201,Aysén,1,1,20,569
11,Aysén,11201,Aysén,1,1,25,721
11,Aysén,11201,Aysén,2,1,25,72
11,Aysén,11201,Aysén,2,1,30,132
11,Aysén,11201,Aysén,1,1,30,801
11,Aysén,11201,Aysén,1,1,35,798
11,Aysén,11201,Aysén,2,1,35,154
11,Aysén,11201,Aysén,1,1,40,726
11,Aysén,11201,Aysén,2,1,40,136
11,Aysén,11201,Aysén,1,1,45,666
11,Aysén,11201,Aysén,2,1,45,150
11,Aysén,11201,Aysén,2,1,50,154
11,Aysén,11201,Aysén,1,1,50,539
11,Aysén,11201,Aysén,1,1,55,564
11,Aysén,11201,Aysén,2,1,55,137
11,Aysén,11201,Aysén,1,1,60,515
11,Aysén,11201,Aysén,2,1,60,122
11,Aysén,11201,Aysén,2,1,65,102
11,Aysén,11201,Aysén,1,1,65,406
11,Aysén,11201,Aysén,1,1,70,255
11,Aysén,11201,Aysén,2,1,70,86
11,Aysén,11201,Aysén,2,1,75,53
11,Aysén,11201,Aysén,1,1,75,192
11,Aysén,11201,Aysén,2,1,80,35
11,Aysén,11201,Aysén,1,1,80,102
11,Aysén,11201,Aysén,1,1,85,90
11,Aysén,11201,Aysén,2,1,85,20
11,Aysén,11201,Aysén,2,2,0,75
11,Aysén,11201,Aysén,1,2,0,440
11,Aysén,11201,Aysén,2,2,5,95
11,Aysén,11201,Aysén,1,2,5,661
11,Aysén,11201,Aysén,2,2,10,102
11,Aysén,11201,Aysén,1,2,10,849
11,Aysén,11201,Aysén,1,2,15,717
11,Aysén,11201,Aysén,2,2,15,86
11,Aysén,11201,Aysén,2,2,20,70
11,Aysén,11201,Aysén,1,2,20,510
11,Aysén,11201,Aysén,2,2,25,83
11,Aysén,11201,Aysén,1,2,25,717
11,Aysén,11201,Aysén,2,2,30,154
11,Aysén,11201,Aysén,1,2,30,865
11,Aysén,11201,Aysén,2,2,35,147
11,Aysén,11201,Aysén,1,2,35,861
11,Aysén,11201,Aysén,1,2,40,729
11,Aysén,11201,Aysén,2,2,40,130
11,Aysén,11201,Aysén,1,2,45,644
11,Aysén,11201,Aysén,2,2,45,98
11,Aysén,11201,Aysén,1,2,50,627
11,Aysén,11201,Aysén,2,2,50,106
11,Aysén,11201,Aysén,2,2,55,112
11,Aysén,11201,Aysén,1,2,55,650
11,Aysén,11201,Aysén,2,2,60,109
11,Aysén,11201,Aysén,1,2,60,606
11,Aysén,11201,Aysén,2,2,65,87
11,Aysén,11201,Aysén,1,2,65,419
11,Aysén,11201,Aysén,2,2,70,59
11,Aysén,11201,Aysén,1,2,70,287
11,Aysén,11201,Aysén,2,2,75,42
11,Aysén,11201,Aysén,1,2,75,183
11,Aysén,11201,Aysén,1,2,80,147
11,Aysén,11201,Aysén,2,2,80,29
11,Aysén,11201,Aysén,2,2,85,13
11,Aysén,11201,Aysén,1,2,85,139
11,Aysén,11202,Cisnes,1,1,0,84
11,Aysén,11202,Cisnes,2,1,0,26
11,Aysén,11202,Cisnes,1,1,5,120
11,Aysén,11202,Cisnes,2,1,5,44
11,Aysén,11202,Cisnes,2,1,10,58
11,Aysén,11202,Cisnes,1,1,10,166
11,Aysén,11202,Cisnes,2,1,15,45
11,Aysén,11202,Cisnes,1,1,15,134
11,Aysén,11202,Cisnes,2,1,20,35
11,Aysén,11202,Cisnes,1,1,20,102
11,Aysén,11202,Cisnes,2,1,25,35
11,Aysén,11202,Cisnes,1,1,25,126
11,Aysén,11202,Cisnes,1,1,30,172
11,Aysén,11202,Cisnes,2,1,30,46
11,Aysén,11202,Cisnes,2,1,35,54
11,Aysén,11202,Cisnes,1,1,35,137
11,Aysén,11202,Cisnes,1,1,40,141
11,Aysén,11202,Cisnes,2,1,40,52
11,Aysén,11202,Cisnes,1,1,45,132
11,Aysén,11202,Cisnes,2,1,45,46
11,Aysén,11202,Cisnes,2,1,50,73
11,Aysén,11202,Cisnes,1,1,50,102
11,Aysén,11202,Cisnes,1,1,55,134
11,Aysén,11202,Cisnes,2,1,55,72
11,Aysén,11202,Cisnes,1,1,60,91
11,Aysén,11202,Cisnes,2,1,60,69
11,Aysén,11202,Cisnes,1,1,65,74
11,Aysén,11202,Cisnes,2,1,65,49
11,Aysén,11202,Cisnes,2,1,70,33
11,Aysén,11202,Cisnes,1,1,70,37
11,Aysén,11202,Cisnes,1,1,75,29
11,Aysén,11202,Cisnes,2,1,75,23
11,Aysén,11202,Cisnes,1,1,80,26
11,Aysén,11202,Cisnes,2,1,80,10
11,Aysén,11202,Cisnes,2,1,85,9
11,Aysén,11202,Cisnes,1,1,85,12
11,Aysén,11202,Cisnes,2,2,0,25
11,Aysén,11202,Cisnes,1,2,0,81
11,Aysén,11202,Cisnes,1,2,5,121
11,Aysén,11202,Cisnes,2,2,5,36
11,Aysén,11202,Cisnes,2,2,10,42
11,Aysén,11202,Cisnes,1,2,10,146
11,Aysén,11202,Cisnes,1,2,15,133
11,Aysén,11202,Cisnes,2,2,15,30
11,Aysén,11202,Cisnes,2,2,20,19
11,Aysén,11202,Cisnes,1,2,20,89
11,Aysén,11202,Cisnes,2,2,25,47
11,Aysén,11202,Cisnes,1,2,25,140
11,Aysén,11202,Cisnes,1,2,30,202
11,Aysén,11202,Cisnes,2,2,30,56
11,Aysén,11202,Cisnes,1,2,35,161
11,Aysén,11202,Cisnes,2,2,35,55
11,Aysén,11202,Cisnes,1,2,40,151
11,Aysén,11202,Cisnes,2,2,40,39
11,Aysén,11202,Cisnes,1,2,45,128
11,Aysén,11202,Cisnes,2,2,45,65
11,Aysén,11202,Cisnes,2,2,50,49
11,Aysén,11202,Cisnes,1,2,50,116
11,Aysén,11202,Cisnes,2,2,55,51
11,Aysén,11202,Cisnes,1,2,55,111
11,Aysén,11202,Cisnes,1,2,60,86
11,Aysén,11202,Cisnes,2,2,60,54
11,Aysén,11202,Cisnes,1,2,65,73
11,Aysén,11202,Cisnes,2,2,65,34
11,Aysén,11202,Cisnes,1,2,70,59
11,Aysén,11202,Cisnes,2,2,70,27
11,Aysén,11202,Cisnes,1,2,75,34
11,Aysén,11202,Cisnes,2,2,75,7
11,Aysén,11202,Cisnes,1,2,80,25
11,Aysén,11202,Cisnes,2,2,80,16
11,Aysén,11202,Cisnes,1,2,85,18
11,Aysén,11202,Cisnes,2,2,85,13
11,Aysén,11203,Guaitecas,2,1,0,4
11,Aysén,11203,Guaitecas,1,1,0,36
11,Aysén,11203,Guaitecas,1,1,5,51
11,Aysén,11203,Guaitecas,2,1,5,4
11,Aysén,11203,Guaitecas,1,1,10,50
11,Aysén,11203,Guaitecas,2,1,10,3
11,Aysén,11203,Guaitecas,2,1,15,3
11,Aysén,11203,Guaitecas,1,1,15,46
11,Aysén,11203,Guaitecas,2,1,20,2
11,Aysén,11203,Guaitecas,1,1,20,38
11,Aysén,11203,Guaitecas,1,1,25,63
11,Aysén,11203,Guaitecas,2,1,25,2
11,Aysén,11203,Guaitecas,1,1,30,85
11,Aysén,11203,Guaitecas,2,1,30,3
11,Aysén,11203,Guaitecas,1,1,35,51
11,Aysén,11203,Guaitecas,2,1,35,5
11,Aysén,11203,Guaitecas,1,1,40,77
11,Aysén,11203,Guaitecas,2,1,40,9
11,Aysén,11203,Guaitecas,1,1,45,64
11,Aysén,11203,Guaitecas,2,1,45,6
11,Aysén,11203,Guaitecas,1,1,50,41
11,Aysén,11203,Guaitecas,2,1,50,4
11,Aysén,11203,Guaitecas,2,1,55,10
11,Aysén,11203,Guaitecas,1,1,55,62
11,Aysén,11203,Guaitecas,1,1,60,45
11,Aysén,11203,Guaitecas,2,1,60,6
11,Aysén,11203,Guaitecas,1,1,65,33
11,Aysén,11203,Guaitecas,2,1,65,2
11,Aysén,11203,Guaitecas,1,1,70,19
11,Aysén,11203,Guaitecas,2,1,70,5
11,Aysén,11203,Guaitecas,1,1,75,6
11,Aysén,11203,Guaitecas,2,1,75,4
11,Aysén,11203,Guaitecas,1,1,80,8
11,Aysén,11203,Guaitecas,2,1,80,1
11,Aysén,11203,Guaitecas,1,1,85,8
11,Aysén,11203,Guaitecas,2,1,85,1
11,Aysén,11203,Guaitecas,1,2,0,34
11,Aysén,11203,Guaitecas,2,2,0,3
11,Aysén,11203,Guaitecas,2,2,5,2
11,Aysén,11203,Guaitecas,1,2,5,45
11,Aysén,11203,Guaitecas,2,2,10,2
11,Aysén,11203,Guaitecas,1,2,10,49
11,Aysén,11203,Guaitecas,1,2,15,37
11,Aysén,11203,Guaitecas,2,2,15,2
11,Aysén,11203,Guaitecas,2,2,20,3
11,Aysén,11203,Guaitecas,1,2,20,41
11,Aysén,11203,Guaitecas,1,2,25,65
11,Aysén,11203,Guaitecas,2,2,25,3
11,Aysén,11203,Guaitecas,2,2,30,4
11,Aysén,11203,Guaitecas,1,2,30,53
11,Aysén,11203,Guaitecas,2,2,35,1
11,Aysén,11203,Guaitecas,1,2,35,70
11,Aysén,11203,Guaitecas,1,2,40,61
11,Aysén,11203,Guaitecas,2,2,40,9
11,Aysén,11203,Guaitecas,1,2,45,49
11,Aysén,11203,Guaitecas,2,2,45,4
11,Aysén,11203,Guaitecas,1,2,50,38
11,Aysén,11203,Guaitecas,2,2,50,6
11,Aysén,11203,Guaitecas,1,2,55,45
11,Aysén,11203,Guaitecas,2,2,55,2
11,Aysén,11203,Guaitecas,2,2,60,4
11,Aysén,11203,Guaitecas,1,2,60,36
11,Aysén,11203,Guaitecas,2,2,65,2
11,Aysén,11203,Guaitecas,1,2,65,21
11,Aysén,11203,Guaitecas,1,2,70,16
11,Aysén,11203,Guaitecas,2,2,70,2
11,Aysén,11203,Guaitecas,2,2,75,4
11,Aysén,11203,Guaitecas,1,2,75,15
11,Aysén,11203,Guaitecas,2,2,80,1
11,Aysén,11203,Guaitecas,1,2,80,6
11,Aysén,11203,Guaitecas,2,2,85,1
11,Aysén,11203,Guaitecas,1,2,85,5
11,Aysén,11301,Cochrane,1,1,0,74
11,Aysén,11301,Cochrane,2,1,0,14
11,Aysén,11301,Cochrane,2,1,5,29
11,Aysén,11301,Cochrane,1,1,5,111
11,Aysén,11301,Cochrane,2,1,10,22
11,Aysén,11301,Cochrane,1,1,10,118
11,Aysén,11301,Cochrane,2,1,15,13
11,Aysén,11301,Cochrane,1,1,15,96
11,Aysén,11301,Cochrane,2,1,20,14
11,Aysén,11301,Cochrane,1,1,20,104
11,Aysén,11301,Cochrane,2,1,25,21
11,Aysén,11301,Cochrane,1,1,25,99
11,Aysén,11301,Cochrane,2,1,30,43
11,Aysén,11301,Cochrane,1,1,30,105
11,Aysén,11301,Cochrane,1,1,35,118
11,Aysén,11301,Cochrane,2,1,35,31
11,Aysén,11301,Cochrane,1,1,40,91
11,Aysén,11301,Cochrane,2,1,40,42
11,Aysén,11301,Cochrane,1,1,45,92
11,Aysén,11301,Cochrane,2,1,45,21
11,Aysén,11301,Cochrane,2,1,50,43
11,Aysén,11301,Cochrane,1,1,50,72
11,Aysén,11301,Cochrane,1,1,55,51
11,Aysén,11301,Cochrane,2,1,55,26
11,Aysén,11301,Cochrane,1,1,60,69
11,Aysén,11301,Cochrane,2,1,60,29
11,Aysén,11301,Cochrane,2,1,65,24
11,Aysén,11301,Cochrane,1,1,65,52
11,Aysén,11301,Cochrane,1,1,70,39
11,Aysén,11301,Cochrane,2,1,70,27
11,Aysén,11301,Cochrane,2,1,75,12
11,Aysén,11301,Cochrane,1,1,75,27
11,Aysén,11301,Cochrane,2,1,80,5
11,Aysén,11301,Cochrane,1,1,80,22
11,Aysén,11301,Cochrane,1,1,85,21
11,Aysén,11301,Cochrane,2,1,85,2
11,Aysén,11301,Cochrane,2,2,0,20
11,Aysén,11301,Cochrane,1,2,0,85
11,Aysén,11301,Cochrane,1,2,5,79
11,Aysén,11301,Cochrane,2,2,5,18
11,Aysén,11301,Cochrane,2,2,10,25
11,Aysén,11301,Cochrane,1,2,10,85
11,Aysén,11301,Cochrane,1,2,15,75
11,Aysén,11301,Cochrane,2,2,15,14
11,Aysén,11301,Cochrane,1,2,20,59
11,Aysén,11301,Cochrane,2,2,20,12
11,Aysén,11301,Cochrane,2,2,25,31
11,Aysén,11301,Cochrane,1,2,25,116
11,Aysén,11301,Cochrane,2,2,30,27
11,Aysén,11301,Cochrane,1,2,30,134
11,Aysén,11301,Cochrane,2,2,35,36
11,Aysén,11301,Cochrane,1,2,35,120
11,Aysén,11301,Cochrane,2,2,40,25
11,Aysén,11301,Cochrane,1,2,40,115
11,Aysén,11301,Cochrane,2,2,45,23
11,Aysén,11301,Cochrane,1,2,45,91
11,Aysén,11301,Cochrane,1,2,50,89
11,Aysén,11301,Cochrane,2,2,50,15
11,Aysén,11301,Cochrane,2,2,55,15
11,Aysén,11301,Cochrane,1,2,55,74
11,Aysén,11301,Cochrane,1,2,60,64
11,Aysén,11301,Cochrane,2,2,60,21
11,Aysén,11301,Cochrane,2,2,65,23
11,Aysén,11301,Cochrane,1,2,65,45
11,Aysén,11301,Cochrane,1,2,70,44
11,Aysén,11301,Cochrane,2,2,70,14
11,Aysén,11301,Cochrane,2,2,75,7
11,Aysén,11301,Cochrane,1,2,75,21
11,Aysén,11301,Cochrane,2,2,80,7
11,Aysén,11301,Cochrane,1,2,80,26
11,Aysén,11301,Cochrane,2,2,85,4
11,Aysén,11301,Cochrane,1,2,85,20
11,Aysén,11302,O'Higgins,2,1,0,15
11,Aysén,11302,O'Higgins,2,1,5,26
11,Aysén,11302,O'Higgins,2,1,10,24
11,Aysén,11302,O'Higgins,2,1,15,17
11,Aysén,11302,O'Higgins,2,1,20,10
11,Aysén,11302,O'Higgins,2,1,25,36
11,Aysén,11302,O'Higgins,2,1,30,27
11,Aysén,11302,O'Higgins,2,1,35,39
11,Aysén,11302,O'Higgins,2,1,40,25
11,Aysén,11302,O'Higgins,2,1,45,19
11,Aysén,11302,O'Higgins,2,1,50,22
11,Aysén,11302,O'Higgins,2,1,55,20
11,Aysén,11302,O'Higgins,2,1,60,15
11,Aysén,11302,O'Higgins,2,1,65,19
11,Aysén,11302,O'Higgins,2,1,70,11
11,Aysén,11302,O'Higgins,2,1,75,4
11,Aysén,11302,O'Higgins,2,1,80,1
11,Aysén,11302,O'Higgins,2,1,85,1
11,Aysén,11302,O'Higgins,2,2,0,20
11,Aysén,11302,O'Higgins,2,2,5,23
11,Aysén,11302,O'Higgins,2,2,10,24
11,Aysén,11302,O'Higgins,2,2,15,23
11,Aysén,11302,O'Higgins,2,2,20,15
11,Aysén,11302,O'Higgins,2,2,25,30
11,Aysén,11302,O'Higgins,2,2,30,47
11,Aysén,11302,O'Higgins,2,2,35,25
11,Aysén,11302,O'Higgins,2,2,40,15
11,Aysén,11302,O'Higgins,2,2,45,21
11,Aysén,11302,O'Higgins,2,2,50,22
11,Aysén,11302,O'Higgins,2,2,55,16
11,Aysén,11302,O'Higgins,2,2,60,16
11,Aysén,11302,O'Higgins,2,2,65,8
11,Aysén,11302,O'Higgins,2,2,70,4
11,Aysén,11302,O'Higgins,2,2,75,4
11,Aysén,11302,O'Higgins,2,2,80,2
11,Aysén,11302,O'Higgins,2,2,85,1
11,Aysén,11303,Tortel,2,1,0,20
11,Aysén,11303,Tortel,2,1,5,16
11,Aysén,11303,Tortel,2,1,10,18
11,Aysén,11303,Tortel,2,1,15,17
11,Aysén,11303,Tortel,2,1,20,16
11,Aysén,11303,Tortel,2,1,25,22
11,Aysén,11303,Tortel,2,1,30,33
11,Aysén,11303,Tortel,2,1,35,18
11,Aysén,11303,Tortel,2,1,40,19
11,Aysén,11303,Tortel,2,1,45,15
11,Aysén,11303,Tortel,2,1,50,24
11,Aysén,11303,Tortel,2,1,55,16
11,Aysén,11303,Tortel,2,1,60,18
11,Aysén,11303,Tortel,2,1,65,10
11,Aysén,11303,Tortel,2,1,70,1
11,Aysén,11303,Tortel,2,1,75,4
11,Aysén,11303,Tortel,2,1,80,2
11,Aysén,11303,Tortel,2,2,0,8
11,Aysén,11303,Tortel,2,2,5,24
11,Aysén,11303,Tortel,2,2,10,21
11,Aysén,11303,Tortel,2,2,15,8
11,Aysén,11303,Tortel,2,2,20,7
11,Aysén,11303,Tortel,2,2,25,26
11,Aysén,11303,Tortel,2,2,30,32
11,Aysén,11303,Tortel,2,2,35,21
11,Aysén,11303,Tortel,2,2,40,22
11,Aysén,11303,Tortel,2,2,45,11
11,Aysén,11303,Tortel,2,2,50,15
11,Aysén,11303,Tortel,2,2,55,17
11,Aysén,11303,Tortel,2,2,60,8
11,Aysén,11303,Tortel,2,2,65,5
11,Aysén,11303,Tortel,2,2,70,3
11,Aysén,11303,Tortel,2,2,75,4
11,Aysén,11303,Tortel,2,2,80,2
11,Aysén,11303,Tortel,2,2,85,2
11,Aysén,11401,Chile Chico,2,1,0,47
11,Aysén,11401,Chile Chico,1,1,0,70
11,Aysén,11401,Chile Chico,1,1,5,109
11,Aysén,11401,Chile Chico,2,1,5,57
11,Aysén,11401,Chile Chico,1,1,10,109
11,Aysén,11401,Chile Chico,2,1,10,53
11,Aysén,11401,Chile Chico,1,1,15,102
11,Aysén,11401,Chile Chico,2,1,15,42
11,Aysén,11401,Chile Chico,2,1,20,33
11,Aysén,11401,Chile Chico,1,1,20,78
11,Aysén,11401,Chile Chico,1,1,25,95
11,Aysén,11401,Chile Chico,2,1,25,55
11,Aysén,11401,Chile Chico,2,1,30,83
11,Aysén,11401,Chile Chico,1,1,30,107
11,Aysén,11401,Chile Chico,2,1,35,66
11,Aysén,11401,Chile Chico,1,1,35,136
11,Aysén,11401,Chile Chico,2,1,40,67
11,Aysén,11401,Chile Chico,1,1,40,102
11,Aysén,11401,Chile Chico,2,1,45,58
11,Aysén,11401,Chile Chico,1,1,45,83
11,Aysén,11401,Chile Chico,2,1,50,76
11,Aysén,11401,Chile Chico,1,1,50,98
11,Aysén,11401,Chile Chico,2,1,55,74
11,Aysén,11401,Chile Chico,1,1,55,99
11,Aysén,11401,Chile Chico,1,1,60,93
11,Aysén,11401,Chile Chico,2,1,60,82
11,Aysén,11401,Chile Chico,2,1,65,70
11,Aysén,11401,Chile Chico,1,1,65,89
11,Aysén,11401,Chile Chico,1,1,70,56
11,Aysén,11401,Chile Chico,2,1,70,45
11,Aysén,11401,Chile Chico,2,1,75,23
11,Aysén,11401,Chile Chico,1,1,75,37
11,Aysén,11401,Chile Chico,1,1,80,23
11,Aysén,11401,Chile Chico,2,1,80,26
11,Aysén,11401,Chile Chico,2,1,85,17
11,Aysén,11401,Chile Chico,1,1,85,18
11,Aysén,11401,Chile Chico,2,2,0,41
11,Aysén,11401,Chile Chico,1,2,0,68
11,Aysén,11401,Chile Chico,2,2,5,54
11,Aysén,11401,Chile Chico,1,2,5,88
11,Aysén,11401,Chile Chico,2,2,10,39
11,Aysén,11401,Chile Chico,1,2,10,127
11,Aysén,11401,Chile Chico,1,2,15,107
11,Aysén,11401,Chile Chico,2,2,15,37
11,Aysén,11401,Chile Chico,2,2,20,26
11,Aysén,11401,Chile Chico,1,2,20,68
11,Aysén,11401,Chile Chico,2,2,25,63
11,Aysén,11401,Chile Chico,1,2,25,94
11,Aysén,11401,Chile Chico,2,2,30,73
11,Aysén,11401,Chile Chico,1,2,30,133
11,Aysén,11401,Chile Chico,1,2,35,127
11,Aysén,11401,Chile Chico,2,2,35,90
11,Aysén,11401,Chile Chico,2,2,40,54
11,Aysén,11401,Chile Chico,1,2,40,118
11,Aysén,11401,Chile Chico,2,2,45,58
11,Aysén,11401,Chile Chico,1,2,45,101
11,Aysén,11401,Chile Chico,1,2,50,108
11,Aysén,11401,Chile Chico,2,2,50,45
11,Aysén,11401,Chile Chico,2,2,55,72
11,Aysén,11401,Chile Chico,1,2,55,102
11,Aysén,11401,Chile Chico,1,2,60,88
11,Aysén,11401,Chile Chico,2,2,60,49
11,Aysén,11401,Chile Chico,2,2,65,50
11,Aysén,11401,Chile Chico,1,2,65,87
11,Aysén,11401,Chile Chico,2,2,70,42
11,Aysén,11401,Chile Chico,1,2,70,60
11,Aysén,11401,Chile Chico,2,2,75,25
11,Aysén,11401,Chile Chico,1,2,75,48
11,Aysén,11401,Chile Chico,1,2,80,23
11,Aysén,11401,Chile Chico,2,2,80,12
11,Aysén,11401,Chile Chico,1,2,85,31
11,Aysén,11401,Chile Chico,2,2,85,19
11,Aysén,11402,Río Ibáñez,2,1,0,69
11,Aysén,11402,Río Ibáñez,2,1,5,71
11,Aysén,11402,Río Ibáñez,2,1,10,82
11,Aysén,11402,Río Ibáñez,2,1,15,64
11,Aysén,11402,Río Ibáñez,2,1,20,67
11,Aysén,11402,Río Ibáñez,2,1,25,84
11,Aysén,11402,Río Ibáñez,2,1,30,129
11,Aysén,11402,Río Ibáñez,2,1,35,115
11,Aysén,11402,Río Ibáñez,2,1,40,85
11,Aysén,11402,Río Ibáñez,2,1,45,80
11,Aysén,11402,Río Ibáñez,2,1,50,99
11,Aysén,11402,Río Ibáñez,2,1,55,110
11,Aysén,11402,Río Ibáñez,2,1,60,106
11,Aysén,11402,Río Ibáñez,2,1,65,90
11,Aysén,11402,Río Ibáñez,2,1,70,66
11,Aysén,11402,Río Ibáñez,2,1,75,39
11,Aysén,11402,Río Ibáñez,2,1,80,30
11,Aysén,11402,Río Ibáñez,2,1,85,24
11,Aysén,11402,Río Ibáñez,2,2,0,61
11,Aysén,11402,Río Ibáñez,2,2,5,61
11,Aysén,11402,Río Ibáñez,2,2,10,76
11,Aysén,11402,Río Ibáñez,2,2,15,53
11,Aysén,11402,Río Ibáñez,2,2,20,62
11,Aysén,11402,Río Ibáñez,2,2,25,82
11,Aysén,11402,Río Ibáñez,2,2,30,106
11,Aysén,11402,Río Ibáñez,2,2,35,110
11,Aysén,11402,Río Ibáñez,2,2,40,95
11,Aysén,11402,Río Ibáñez,2,2,45,75
11,Aysén,11402,Río Ibáñez,2,2,50,94
11,Aysén,11402,Río Ibáñez,2,2,55,89
11,Aysén,11402,Río Ibáñez,2,2,60,89
11,Aysén,11402,Río Ibáñez,2,2,65,78
11,Aysén,11402,Río Ibáñez,2,2,70,59
11,Aysén,11402,Río Ibáñez,2,2,75,48
11,Aysén,11402,Río Ibáñez,2,2,80,35
11,Aysén,11402,Río Ibáñez,2,2,85,40
12,Magallanes,12101,Punta Arenas,1,1,0,2659
12,Magallanes,12101,Punta Arenas,2,1,0,183
12,Magallanes,12101,Punta Arenas,2,1,5,234
12,Magallanes,12101,Punta Arenas,1,1,5,3645
12,Magallanes,12101,Punta Arenas,2,1,10,231
12,Magallanes,12101,Punta Arenas,1,1,10,4007
12,Magallanes,12101,Punta Arenas,2,1,15,228
12,Magallanes,12101,Punta Arenas,1,1,15,4321
12,Magallanes,12101,Punta Arenas,2,1,20,188
12,Magallanes,12101,Punta Arenas,1,1,20,3917
12,Magallanes,12101,Punta Arenas,2,1,25,232
12,Magallanes,12101,Punta Arenas,1,1,25,4653
12,Magallanes,12101,Punta Arenas,1,1,30,5036
12,Magallanes,12101,Punta Arenas,2,1,30,242
12,Magallanes,12101,Punta Arenas,1,1,35,4969
12,Magallanes,12101,Punta Arenas,2,1,35,305
12,Magallanes,12101,Punta Arenas,1,1,40,4613
12,Magallanes,12101,Punta Arenas,2,1,40,296
12,Magallanes,12101,Punta Arenas,1,1,45,4221
12,Magallanes,12101,Punta Arenas,2,1,45,244
12,Magallanes,12101,Punta Arenas,2,1,50,266
12,Magallanes,12101,Punta Arenas,1,1,50,3685
12,Magallanes,12101,Punta Arenas,1,1,55,3575
12,Magallanes,12101,Punta Arenas,2,1,55,229
12,Magallanes,12101,Punta Arenas,2,1,60,203
12,Magallanes,12101,Punta Arenas,1,1,60,3790
12,Magallanes,12101,Punta Arenas,1,1,65,3220
12,Magallanes,12101,Punta Arenas,2,1,65,190
12,Magallanes,12101,Punta Arenas,2,1,70,119
12,Magallanes,12101,Punta Arenas,1,1,70,2173
12,Magallanes,12101,Punta Arenas,1,1,75,1455
12,Magallanes,12101,Punta Arenas,2,1,75,70
12,Magallanes,12101,Punta Arenas,2,1,80,38
12,Magallanes,12101,Punta Arenas,1,1,80,903
12,Magallanes,12101,Punta Arenas,1,1,85,665
12,Magallanes,12101,Punta Arenas,2,1,85,23
12,Magallanes,12101,Punta Arenas,1,2,0,2505
12,Magallanes,12101,Punta Arenas,2,2,0,202
12,Magallanes,12101,Punta Arenas,2,2,5,224
12,Magallanes,12101,Punta Arenas,1,2,5,3424
12,Magallanes,12101,Punta Arenas,1,2,10,4167
12,Magallanes,12101,Punta Arenas,2,2,10,252
12,Magallanes,12101,Punta Arenas,1,2,15,3907
12,Magallanes,12101,Punta Arenas,2,2,15,194
12,Magallanes,12101,Punta Arenas,2,2,20,171
12,Magallanes,12101,Punta Arenas,1,2,20,3614
12,Magallanes,12101,Punta Arenas,1,2,25,4536
12,Magallanes,12101,Punta Arenas,2,2,25,197
12,Magallanes,12101,Punta Arenas,2,2,30,274
12,Magallanes,12101,Punta Arenas,1,2,30,4986
12,Magallanes,12101,Punta Arenas,2,2,35,319
12,Magallanes,12101,Punta Arenas,1,2,35,5120
12,Magallanes,12101,Punta Arenas,2,2,40,284
12,Magallanes,12101,Punta Arenas,1,2,40,4664
12,Magallanes,12101,Punta Arenas,2,2,45,228
12,Magallanes,12101,Punta Arenas,1,2,45,4332
12,Magallanes,12101,Punta Arenas,1,2,50,4016
12,Magallanes,12101,Punta Arenas,2,2,50,171
12,Magallanes,12101,Punta Arenas,1,2,55,4100
12,Magallanes,12101,Punta Arenas,2,2,55,196
12,Magallanes,12101,Punta Arenas,1,2,60,4227
12,Magallanes,12101,Punta Arenas,2,2,60,208
12,Magallanes,12101,Punta Arenas,2,2,65,157
12,Magallanes,12101,Punta Arenas,1,2,65,3476
12,Magallanes,12101,Punta Arenas,1,2,70,2391
12,Magallanes,12101,Punta Arenas,2,2,70,109
12,Magallanes,12101,Punta Arenas,2,2,75,75
12,Magallanes,12101,Punta Arenas,1,2,75,1801
12,Magallanes,12101,Punta Arenas,1,2,80,1372
12,Magallanes,12101,Punta Arenas,2,2,80,49
12,Magallanes,12101,Punta Arenas,2,2,85,45
12,Magallanes,12101,Punta Arenas,1,2,85,1342
12,Magallanes,12102,Laguna Blanca,2,1,0,2
12,Magallanes,12102,Laguna Blanca,2,1,5,4
12,Magallanes,12102,Laguna Blanca,2,1,10,4
12,Magallanes,12102,Laguna Blanca,2,1,15,37
12,Magallanes,12102,Laguna Blanca,2,1,20,10
12,Magallanes,12102,Laguna Blanca,2,1,25,16
12,Magallanes,12102,Laguna Blanca,2,1,30,13
12,Magallanes,12102,Laguna Blanca,2,1,35,14
12,Magallanes,12102,Laguna Blanca,2,1,40,16
12,Magallanes,12102,Laguna Blanca,2,1,45,10
12,Magallanes,12102,Laguna Blanca,2,1,50,13
12,Magallanes,12102,Laguna Blanca,2,1,55,11
12,Magallanes,12102,Laguna Blanca,2,1,60,13
12,Magallanes,12102,Laguna Blanca,2,1,65,9
12,Magallanes,12102,Laguna Blanca,2,1,70,7
12,Magallanes,12102,Laguna Blanca,2,1,75,6
12,Magallanes,12102,Laguna Blanca,2,1,80,2
12,Magallanes,12102,Laguna Blanca,2,2,0,5
12,Magallanes,12102,Laguna Blanca,2,2,5,4
12,Magallanes,12102,Laguna Blanca,2,2,10,2
12,Magallanes,12102,Laguna Blanca,2,2,15,12
12,Magallanes,12102,Laguna Blanca,2,2,20,8
12,Magallanes,12102,Laguna Blanca,2,2,25,5
12,Magallanes,12102,Laguna Blanca,2,2,30,5
12,Magallanes,12102,Laguna Blanca,2,2,35,8
12,Magallanes,12102,Laguna Blanca,2,2,40,4
12,Magallanes,12102,Laguna Blanca,2,2,45,2
12,Magallanes,12102,Laguna Blanca,2,2,50,5
12,Magallanes,12102,Laguna Blanca,2,2,55,8
12,Magallanes,12102,Laguna Blanca,2,2,60,8
12,Magallanes,12102,Laguna Blanca,2,2,65,2
12,Magallanes,12102,Laguna Blanca,2,2,70,2
12,Magallanes,12102,Laguna Blanca,2,2,75,1
12,Magallanes,12102,Laguna Blanca,2,2,85,1
12,Magallanes,12103,Río Verde,2,1,0,1
12,Magallanes,12103,Río Verde,2,1,10,1
12,Magallanes,12103,Río Verde,2,1,15,1
12,Magallanes,12103,Río Verde,2,1,25,4
12,Magallanes,12103,Río Verde,2,1,30,3
12,Magallanes,12103,Río Verde,2,1,35,6
12,Magallanes,12103,Río Verde,2,1,40,5
12,Magallanes,12103,Río Verde,2,1,45,12
12,Magallanes,12103,Río Verde,2,1,50,13
12,Magallanes,12103,Río Verde,2,1,55,7
12,Magallanes,12103,Río Verde,2,1,60,5
12,Magallanes,12103,Río Verde,2,1,65,7
12,Magallanes,12103,Río Verde,2,1,70,3
12,Magallanes,12103,Río Verde,2,1,75,1
12,Magallanes,12103,Río Verde,2,1,80,1
12,Magallanes,12103,Río Verde,2,1,85,2
12,Magallanes,12103,Río Verde,2,2,0,2
12,Magallanes,12103,Río Verde,2,2,5,1
12,Magallanes,12103,Río Verde,2,2,10,1
12,Magallanes,12103,Río Verde,2,2,15,1
12,Magallanes,12103,Río Verde,2,2,20,2
12,Magallanes,12103,Río Verde,2,2,25,1
12,Magallanes,12103,Río Verde,2,2,35,4
12,Magallanes,12103,Río Verde,2,2,40,4
12,Magallanes,12103,Río Verde,2,2,45,1
12,Magallanes,12103,Río Verde,2,2,50,6
12,Magallanes,12103,Río Verde,2,2,55,2
12,Magallanes,12103,Río Verde,2,2,60,2
12,Magallanes,12103,Río Verde,2,2,65,1
12,Magallanes,12103,Río Verde,2,2,70,1
12,Magallanes,12103,Río Verde,2,2,80,1
12,Magallanes,12104,San Gregorio,2,1,0,3
12,Magallanes,12104,San Gregorio,2,1,5,6
12,Magallanes,12104,San Gregorio,2,1,10,13
12,Magallanes,12104,San Gregorio,2,1,15,5
12,Magallanes,12104,San Gregorio,2,1,20,5
12,Magallanes,12104,San Gregorio,2,1,25,14
12,Magallanes,12104,San Gregorio,2,1,30,15
12,Magallanes,12104,San Gregorio,2,1,35,9
12,Magallanes,12104,San Gregorio,2,1,40,11
12,Magallanes,12104,San Gregorio,2,1,45,8
12,Magallanes,12104,San Gregorio,2,1,50,10
12,Magallanes,12104,San Gregorio,2,1,55,11
12,Magallanes,12104,San Gregorio,2,1,60,18
12,Magallanes,12104,San Gregorio,2,1,65,13
12,Magallanes,12104,San Gregorio,2,1,70,7
12,Magallanes,12104,San Gregorio,2,1,75,2
12,Magallanes,12104,San Gregorio,2,1,80,1
12,Magallanes,12104,San Gregorio,2,2,0,4
12,Magallanes,12104,San Gregorio,2,2,5,2
12,Magallanes,12104,San Gregorio,2,2,10,5
12,Magallanes,12104,San Gregorio,2,2,15,4
12,Magallanes,12104,San Gregorio,2,2,20,2
12,Magallanes,12104,San Gregorio,2,2,25,4
12,Magallanes,12104,San Gregorio,2,2,30,10
12,Magallanes,12104,San Gregorio,2,2,35,7
12,Magallanes,12104,San Gregorio,2,2,40,7
12,Magallanes,12104,San Gregorio,2,2,45,7
12,Magallanes,12104,San Gregorio,2,2,50,6
12,Magallanes,12104,San Gregorio,2,2,55,10
12,Magallanes,12104,San Gregorio,2,2,60,8
12,Magallanes,12104,San Gregorio,2,2,65,8
12,Magallanes,12104,San Gregorio,2,2,70,2
12,Magallanes,12104,San Gregorio,2,2,75,1
12,Magallanes,12104,San Gregorio,2,2,80,2
12,Magallanes,12104,San Gregorio,2,2,85,1
12,Magallanes,12201,Cabo de Hornos,2,1,0,3
12,Magallanes,12201,Cabo de Hornos,1,1,0,48
12,Magallanes,12201,Cabo de Hornos,1,1,5,82
12,Magallanes,12201,Cabo de Hornos,2,1,5,5
12,Magallanes,12201,Cabo de Hornos,2,1,10,4
12,Magallanes,12201,Cabo de Hornos,1,1,10,81
12,Magallanes,12201,Cabo de Hornos,1,1,15,39
12,Magallanes,12201,Cabo de Hornos,2,1,15,1
12,Magallanes,12201,Cabo de Hornos,2,1,20,4
12,Magallanes,12201,Cabo de Hornos,1,1,20,25
12,Magallanes,12201,Cabo de Hornos,2,1,25,2
12,Magallanes,12201,Cabo de Hornos,1,1,25,63
12,Magallanes,12201,Cabo de Hornos,2,1,30,4
12,Magallanes,12201,Cabo de Hornos,1,1,30,102
12,Magallanes,12201,Cabo de Hornos,1,1,35,92
12,Magallanes,12201,Cabo de Hornos,2,1,35,9
12,Magallanes,12201,Cabo de Hornos,2,1,40,9
12,Magallanes,12201,Cabo de Hornos,1,1,40,85
12,Magallanes,12201,Cabo de Hornos,2,1,45,5
12,Magallanes,12201,Cabo de Hornos,1,1,45,54
12,Magallanes,12201,Cabo de Hornos,1,1,50,44
12,Magallanes,12201,Cabo de Hornos,2,1,50,2
12,Magallanes,12201,Cabo de Hornos,2,1,55,4
12,Magallanes,12201,Cabo de Hornos,1,1,55,35
12,Magallanes,12201,Cabo de Hornos,1,1,60,29
12,Magallanes,12201,Cabo de Hornos,2,1,60,4
12,Magallanes,12201,Cabo de Hornos,2,1,65,1
12,Magallanes,12201,Cabo de Hornos,1,1,65,16
12,Magallanes,12201,Cabo de Hornos,2,1,70,5
12,Magallanes,12201,Cabo de Hornos,1,1,70,9
12,Magallanes,12201,Cabo de Hornos,2,1,75,4
12,Magallanes,12201,Cabo de Hornos,1,1,75,5
12,Magallanes,12201,Cabo de Hornos,1,1,80,4
12,Magallanes,12201,Cabo de Hornos,1,1,85,2
12,Magallanes,12201,Cabo de Hornos,2,2,0,4
12,Magallanes,12201,Cabo de Hornos,1,2,0,58
12,Magallanes,12201,Cabo de Hornos,1,2,5,72
12,Magallanes,12201,Cabo de Hornos,2,2,5,8
12,Magallanes,12201,Cabo de Hornos,2,2,10,7
12,Magallanes,12201,Cabo de Hornos,1,2,10,75
12,Magallanes,12201,Cabo de Hornos,1,2,15,50
12,Magallanes,12201,Cabo de Hornos,2,2,15,6
12,Magallanes,12201,Cabo de Hornos,2,2,20,3
12,Magallanes,12201,Cabo de Hornos,1,2,20,36
12,Magallanes,12201,Cabo de Hornos,1,2,25,56
12,Magallanes,12201,Cabo de Hornos,2,2,25,4
12,Magallanes,12201,Cabo de Hornos,1,2,30,100
12,Magallanes,12201,Cabo de Hornos,2,2,30,6
12,Magallanes,12201,Cabo de Hornos,2,2,35,7
12,Magallanes,12201,Cabo de Hornos,1,2,35,96
12,Magallanes,12201,Cabo de Hornos,1,2,40,78
12,Magallanes,12201,Cabo de Hornos,2,2,40,7
12,Magallanes,12201,Cabo de Hornos,1,2,45,45
12,Magallanes,12201,Cabo de Hornos,2,2,45,2
12,Magallanes,12201,Cabo de Hornos,1,2,50,35
12,Magallanes,12201,Cabo de Hornos,2,2,50,2
12,Magallanes,12201,Cabo de Hornos,2,2,55,1
12,Magallanes,12201,Cabo de Hornos,1,2,55,31
12,Magallanes,12201,Cabo de Hornos,1,2,60,27
12,Magallanes,12201,Cabo de Hornos,2,2,60,3
12,Magallanes,12201,Cabo de Hornos,1,2,65,19
12,Magallanes,12201,Cabo de Hornos,2,2,65,6
12,Magallanes,12201,Cabo de Hornos,2,2,70,3
12,Magallanes,12201,Cabo de Hornos,1,2,70,12
12,Magallanes,12201,Cabo de Hornos,1,2,75,4
12,Magallanes,12201,Cabo de Hornos,2,2,75,1
12,Magallanes,12201,Cabo de Hornos,1,2,80,4
12,Magallanes,12201,Cabo de Hornos,2,2,80,1
12,Magallanes,12202,Antártica,2,1,25,9
12,Magallanes,12202,Antártica,2,1,30,13
12,Magallanes,12202,Antártica,2,1,35,3
12,Magallanes,12202,Antártica,2,1,40,11
12,Magallanes,12202,Antártica,2,1,45,12
12,Magallanes,12202,Antártica,2,1,50,5
12,Magallanes,12202,Antártica,2,1,55,3
12,Magallanes,12202,Antártica,2,2,25,1
12,Magallanes,12202,Antártica,2,2,30,1
12,Magallanes,12202,Antártica,2,2,45,1
12,Magallanes,12202,Antártica,2,2,50,1
12,Magallanes,12301,Porvenir,1,1,0,182
12,Magallanes,12301,Porvenir,2,1,0,15
12,Magallanes,12301,Porvenir,2,1,5,14
12,Magallanes,12301,Porvenir,1,1,5,209
12,Magallanes,12301,Porvenir,2,1,10,18
12,Magallanes,12301,Porvenir,1,1,10,238
12,Magallanes,12301,Porvenir,2,1,15,7
12,Magallanes,12301,Porvenir,1,1,15,255
12,Magallanes,12301,Porvenir,2,1,20,5
12,Magallanes,12301,Porvenir,1,1,20,186
12,Magallanes,12301,Porvenir,2,1,25,15
12,Magallanes,12301,Porvenir,1,1,25,263
12,Magallanes,12301,Porvenir,1,1,30,335
12,Magallanes,12301,Porvenir,2,1,30,39
12,Magallanes,12301,Porvenir,1,1,35,263
12,Magallanes,12301,Porvenir,2,1,35,30
12,Magallanes,12301,Porvenir,1,1,40,223
12,Magallanes,12301,Porvenir,2,1,40,24
12,Magallanes,12301,Porvenir,1,1,45,201
12,Magallanes,12301,Porvenir,2,1,45,28
12,Magallanes,12301,Porvenir,1,1,50,179
12,Magallanes,12301,Porvenir,2,1,50,42
12,Magallanes,12301,Porvenir,1,1,55,168
12,Magallanes,12301,Porvenir,2,1,55,45
12,Magallanes,12301,Porvenir,1,1,60,159
12,Magallanes,12301,Porvenir,2,1,60,43
12,Magallanes,12301,Porvenir,1,1,65,131
12,Magallanes,12301,Porvenir,2,1,65,33
12,Magallanes,12301,Porvenir,2,1,70,21
12,Magallanes,12301,Porvenir,1,1,70,75
12,Magallanes,12301,Porvenir,1,1,75,63
12,Magallanes,12301,Porvenir,2,1,75,9
12,Magallanes,12301,Porvenir,2,1,80,8
12,Magallanes,12301,Porvenir,1,1,80,39
12,Magallanes,12301,Porvenir,1,1,85,27
12,Magallanes,12301,Porvenir,1,2,0,156
12,Magallanes,12301,Porvenir,2,2,0,13
12,Magallanes,12301,Porvenir,1,2,5,204
12,Magallanes,12301,Porvenir,2,2,5,13
12,Magallanes,12301,Porvenir,1,2,10,225
12,Magallanes,12301,Porvenir,2,2,10,14
12,Magallanes,12301,Porvenir,2,2,15,9
12,Magallanes,12301,Porvenir,1,2,15,187
12,Magallanes,12301,Porvenir,1,2,20,144
12,Magallanes,12301,Porvenir,2,2,20,7
12,Magallanes,12301,Porvenir,1,2,25,272
12,Magallanes,12301,Porvenir,2,2,25,11
12,Magallanes,12301,Porvenir,1,2,30,305
12,Magallanes,12301,Porvenir,2,2,30,21
12,Magallanes,12301,Porvenir,1,2,35,293
12,Magallanes,12301,Porvenir,2,2,35,20
12,Magallanes,12301,Porvenir,2,2,40,8
12,Magallanes,12301,Porvenir,1,2,40,203
12,Magallanes,12301,Porvenir,2,2,45,13
12,Magallanes,12301,Porvenir,1,2,45,169
12,Magallanes,12301,Porvenir,2,2,50,15
12,Magallanes,12301,Porvenir,1,2,50,189
12,Magallanes,12301,Porvenir,1,2,55,162
12,Magallanes,12301,Porvenir,2,2,55,24
12,Magallanes,12301,Porvenir,2,2,60,23
12,Magallanes,12301,Porvenir,1,2,60,134
12,Magallanes,12301,Porvenir,1,2,65,137
12,Magallanes,12301,Porvenir,2,2,65,13
12,Magallanes,12301,Porvenir,1,2,70,78
12,Magallanes,12301,Porvenir,2,2,70,8
12,Magallanes,12301,Porvenir,1,2,75,61
12,Magallanes,12301,Porvenir,2,2,75,5
12,Magallanes,12301,Porvenir,1,2,80,44
12,Magallanes,12301,Porvenir,2,2,80,3
12,Magallanes,12301,Porvenir,1,2,85,32
12,Magallanes,12301,Porvenir,2,2,85,2
12,Magallanes,12302,Primavera,2,1,0,10
12,Magallanes,12302,Primavera,2,1,5,20
12,Magallanes,12302,Primavera,2,1,10,13
12,Magallanes,12302,Primavera,2,1,15,9
12,Magallanes,12302,Primavera,2,1,20,15
12,Magallanes,12302,Primavera,2,1,25,10
12,Magallanes,12302,Primavera,2,1,30,15
12,Magallanes,12302,Primavera,2,1,35,17
12,Magallanes,12302,Primavera,2,1,40,18
12,Magallanes,12302,Primavera,2,1,45,17
12,Magallanes,12302,Primavera,2,1,50,20
12,Magallanes,12302,Primavera,2,1,55,21
12,Magallanes,12302,Primavera,2,1,60,18
12,Magallanes,12302,Primavera,2,1,65,18
12,Magallanes,12302,Primavera,2,1,70,6
12,Magallanes,12302,Primavera,2,1,75,8
12,Magallanes,12302,Primavera,2,1,80,2
12,Magallanes,12302,Primavera,2,2,0,5
12,Magallanes,12302,Primavera,2,2,5,14
12,Magallanes,12302,Primavera,2,2,10,22
12,Magallanes,12302,Primavera,2,2,15,5
12,Magallanes,12302,Primavera,2,2,20,9
12,Magallanes,12302,Primavera,2,2,25,10
12,Magallanes,12302,Primavera,2,2,30,19
12,Magallanes,12302,Primavera,2,2,35,14
12,Magallanes,12302,Primavera,2,2,40,14
12,Magallanes,12302,Primavera,2,2,45,11
12,Magallanes,12302,Primavera,2,2,50,19
12,Magallanes,12302,Primavera,2,2,55,16
12,Magallanes,12302,Primavera,2,2,60,13
12,Magallanes,12302,Primavera,2,2,65,12
12,Magallanes,12302,Primavera,2,2,70,4
12,Magallanes,12302,Primavera,2,2,75,3
12,Magallanes,12302,Primavera,2,2,80,3
12,Magallanes,12302,Primavera,2,2,85,1
12,Magallanes,12303,Timaukel,2,1,0,3
12,Magallanes,12303,Timaukel,2,1,5,5
12,Magallanes,12303,Timaukel,2,1,10,6
12,Magallanes,12303,Timaukel,2,1,20,5
12,Magallanes,12303,Timaukel,2,1,25,11
12,Magallanes,12303,Timaukel,2,1,30,11
12,Magallanes,12303,Timaukel,2,1,35,10
12,Magallanes,12303,Timaukel,2,1,40,4
12,Magallanes,12303,Timaukel,2,1,45,7
12,Magallanes,12303,Timaukel,2,1,50,12
12,Magallanes,12303,Timaukel,2,1,55,6
12,Magallanes,12303,Timaukel,2,1,60,6
12,Magallanes,12303,Timaukel,2,1,65,5
12,Magallanes,12303,Timaukel,2,1,70,2
12,Magallanes,12303,Timaukel,2,1,75,1
12,Magallanes,12303,Timaukel,2,1,80,1
12,Magallanes,12303,Timaukel,2,2,0,4
12,Magallanes,12303,Timaukel,2,2,5,5
12,Magallanes,12303,Timaukel,2,2,10,4
12,Magallanes,12303,Timaukel,2,2,15,1
12,Magallanes,12303,Timaukel,2,2,20,2
12,Magallanes,12303,Timaukel,2,2,25,7
12,Magallanes,12303,Timaukel,2,2,30,10
12,Magallanes,12303,Timaukel,2,2,35,7
12,Magallanes,12303,Timaukel,2,2,40,3
12,Magallanes,12303,Timaukel,2,2,45,3
12,Magallanes,12303,Timaukel,2,2,50,3
12,Magallanes,12303,Timaukel,2,2,55,7
12,Magallanes,12303,Timaukel,2,2,60,4
12,Magallanes,12303,Timaukel,2,2,65,1
12,Magallanes,12303,Timaukel,2,2,75,1
12,Magallanes,12401,Natales,2,1,0,71
12,Magallanes,12401,Natales,1,1,0,505
12,Magallanes,12401,Natales,2,1,5,80
12,Magallanes,12401,Natales,1,1,5,640
12,Magallanes,12401,Natales,2,1,10,90
12,Magallanes,12401,Natales,1,1,10,753
12,Magallanes,12401,Natales,1,1,15,686
12,Magallanes,12401,Natales,2,1,15,61
12,Magallanes,12401,Natales,1,1,20,655
12,Magallanes,12401,Natales,2,1,20,46
12,Magallanes,12401,Natales,2,1,25,96
12,Magallanes,12401,Natales,1,1,25,807
12,Magallanes,12401,Natales,1,1,30,981
12,Magallanes,12401,Natales,2,1,30,127
12,Magallanes,12401,Natales,1,1,35,965
12,Magallanes,12401,Natales,2,1,35,124
12,Magallanes,12401,Natales,1,1,40,763
12,Magallanes,12401,Natales,2,1,40,133
12,Magallanes,12401,Natales,1,1,45,712
12,Magallanes,12401,Natales,2,1,45,113
12,Magallanes,12401,Natales,1,1,50,654
12,Magallanes,12401,Natales,2,1,50,112
12,Magallanes,12401,Natales,2,1,55,83
12,Magallanes,12401,Natales,1,1,55,561
12,Magallanes,12401,Natales,1,1,60,494
12,Magallanes,12401,Natales,2,1,60,89
12,Magallanes,12401,Natales,1,1,65,492
12,Magallanes,12401,Natales,2,1,65,62
12,Magallanes,12401,Natales,2,1,70,65
12,Magallanes,12401,Natales,1,1,70,415
12,Magallanes,12401,Natales,1,1,75,270
12,Magallanes,12401,Natales,2,1,75,29
12,Magallanes,12401,Natales,2,1,80,21
12,Magallanes,12401,Natales,1,1,80,175
12,Magallanes,12401,Natales,1,1,85,126
12,Magallanes,12401,Natales,2,1,85,8
12,Magallanes,12401,Natales,1,2,0,479
12,Magallanes,12401,Natales,2,2,0,70
12,Magallanes,12401,Natales,2,2,5,85
12,Magallanes,12401,Natales,1,2,5,601
12,Magallanes,12401,Natales,1,2,10,679
12,Magallanes,12401,Natales,2,2,10,71
12,Magallanes,12401,Natales,2,2,15,63
12,Magallanes,12401,Natales,1,2,15,666
12,Magallanes,12401,Natales,2,2,20,61
12,Magallanes,12401,Natales,1,2,20,573
12,Magallanes,12401,Natales,2,2,25,84
12,Magallanes,12401,Natales,1,2,25,855
12,Magallanes,12401,Natales,1,2,30,1019
12,Magallanes,12401,Natales,2,2,30,127
12,Magallanes,12401,Natales,2,2,35,134
12,Magallanes,12401,Natales,1,2,35,951
12,Magallanes,12401,Natales,1,2,40,740
12,Magallanes,12401,Natales,2,2,40,114
12,Magallanes,12401,Natales,1,2,45,745
12,Magallanes,12401,Natales,2,2,45,94
12,Magallanes,12401,Natales,2,2,50,78
12,Magallanes,12401,Natales,1,2,50,656
12,Magallanes,12401,Natales,1,2,55,619
12,Magallanes,12401,Natales,2,2,55,79
12,Magallanes,12401,Natales,1,2,60,572
12,Magallanes,12401,Natales,2,2,60,69
12,Magallanes,12401,Natales,1,2,65,516
12,Magallanes,12401,Natales,2,2,65,53
12,Magallanes,12401,Natales,1,2,70,413
12,Magallanes,12401,Natales,2,2,70,28
12,Magallanes,12401,Natales,1,2,75,305
12,Magallanes,12401,Natales,2,2,75,32
12,Magallanes,12401,Natales,2,2,80,17
12,Magallanes,12401,Natales,1,2,80,211
12,Magallanes,12401,Natales,2,2,85,16
12,Magallanes,12401,Natales,1,2,85,213
12,Magallanes,12402,Torres del Paine,2,1,0,4
12,Magallanes,12402,Torres del Paine,2,1,5,6
12,Magallanes,12402,Torres del Paine,2,1,10,3
12,Magallanes,12402,Torres del Paine,2,1,15,2
12,Magallanes,12402,Torres del Paine,2,1,20,5
12,Magallanes,12402,Torres del Paine,2,1,25,4
12,Magallanes,12402,Torres del Paine,2,1,30,14
12,Magallanes,12402,Torres del Paine,2,1,35,10
12,Magallanes,12402,Torres del Paine,2,1,40,17
12,Magallanes,12402,Torres del Paine,2,1,45,6
12,Magallanes,12402,Torres del Paine,2,1,50,13
12,Magallanes,12402,Torres del Paine,2,1,55,11
12,Magallanes,12402,Torres del Paine,2,1,60,7
12,Magallanes,12402,Torres del Paine,2,1,65,5
12,Magallanes,12402,Torres del Paine,2,1,70,6
12,Magallanes,12402,Torres del Paine,2,1,75,2
12,Magallanes,12402,Torres del Paine,2,1,85,3
12,Magallanes,12402,Torres del Paine,2,2,0,5
12,Magallanes,12402,Torres del Paine,2,2,5,4
12,Magallanes,12402,Torres del Paine,2,2,10,1
12,Magallanes,12402,Torres del Paine,2,2,15,5
12,Magallanes,12402,Torres del Paine,2,2,25,3
12,Magallanes,12402,Torres del Paine,2,2,30,10
12,Magallanes,12402,Torres del Paine,2,2,35,13
12,Magallanes,12402,Torres del Paine,2,2,40,9
12,Magallanes,12402,Torres del Paine,2,2,45,8
12,Magallanes,12402,Torres del Paine,2,2,50,1
12,Magallanes,12402,Torres del Paine,2,2,55,7
12,Magallanes,12402,Torres del Paine,2,2,60,10
12,Magallanes,12402,Torres del Paine,2,2,70,4
12,Magallanes,12402,Torres del Paine,2,2,75,2
12,Magallanes,12402,Torres del Paine,2,2,80,1
12,Magallanes,12402,Torres del Paine,2,2,85,2
13,Metropolitana,13101,Santiago,1,1,0,9152
13,Metropolitana,13101,Santiago,1,1,5,9548
13,Metropolitana,13101,Santiago,1,1,10,9388
13,Metropolitana,13101,Santiago,1,1,15,10327
13,Metropolitana,13101,Santiago,1,1,20,18513
13,Metropolitana,13101,Santiago,1,1,25,27192
13,Metropolitana,13101,Santiago,1,1,30,33305
13,Metropolitana,13101,Santiago,1,1,35,27916
13,Metropolitana,13101,Santiago,1,1,40,20749
13,Metropolitana,13101,Santiago,1,1,45,14680
13,Metropolitana,13101,Santiago,1,1,50,11508
13,Metropolitana,13101,Santiago,1,1,55,9022
13,Metropolitana,13101,Santiago,1,1,60,7789
13,Metropolitana,13101,Santiago,1,1,65,5430
13,Metropolitana,13101,Santiago,1,1,70,3676
13,Metropolitana,13101,Santiago,1,1,75,2437
13,Metropolitana,13101,Santiago,1,1,80,1552
13,Metropolitana,13101,Santiago,1,1,85,1053
13,Metropolitana,13101,Santiago,1,2,0,8737
13,Metropolitana,13101,Santiago,1,2,5,9496
13,Metropolitana,13101,Santiago,1,2,10,9381
13,Metropolitana,13101,Santiago,1,2,15,10036
13,Metropolitana,13101,Santiago,1,2,20,17658
13,Metropolitana,13101,Santiago,1,2,25,24158
13,Metropolitana,13101,Santiago,1,2,30,28473
13,Metropolitana,13101,Santiago,1,2,35,23166
13,Metropolitana,13101,Santiago,1,2,40,17723
13,Metropolitana,13101,Santiago,1,2,45,13799
13,Metropolitana,13101,Santiago,1,2,50,12242
13,Metropolitana,13101,Santiago,1,2,55,10181
13,Metropolitana,13101,Santiago,1,2,60,9280
13,Metropolitana,13101,Santiago,1,2,65,7164
13,Metropolitana,13101,Santiago,1,2,70,4974
13,Metropolitana,13101,Santiago,1,2,75,3671
13,Metropolitana,13101,Santiago,1,2,80,2707
13,Metropolitana,13101,Santiago,1,2,85,2773
13,Metropolitana,13102,Cerrillos,1,1,0,2265
13,Metropolitana,13102,Cerrillos,1,1,5,2953
13,Metropolitana,13102,Cerrillos,1,1,10,3013
13,Metropolitana,13102,Cerrillos,1,1,15,2884
13,Metropolitana,13102,Cerrillos,1,1,20,3180
13,Metropolitana,13102,Cerrillos,1,1,25,3264
13,Metropolitana,13102,Cerrillos,1,1,30,3564
13,Metropolitana,13102,Cerrillos,1,1,35,3250
13,Metropolitana,13102,Cerrillos,1,1,40,2834
13,Metropolitana,13102,Cerrillos,1,1,45,2586
13,Metropolitana,13102,Cerrillos,1,1,50,2554
13,Metropolitana,13102,Cerrillos,1,1,55,2314
13,Metropolitana,13102,Cerrillos,1,1,60,2142
13,Metropolitana,13102,Cerrillos,1,1,65,1461
13,Metropolitana,13102,Cerrillos,1,1,70,1104
13,Metropolitana,13102,Cerrillos,1,1,75,850
13,Metropolitana,13102,Cerrillos,1,1,80,570
13,Metropolitana,13102,Cerrillos,1,1,85,428
13,Metropolitana,13102,Cerrillos,1,2,0,2169
13,Metropolitana,13102,Cerrillos,1,2,5,2651
13,Metropolitana,13102,Cerrillos,1,2,10,2811
13,Metropolitana,13102,Cerrillos,1,2,15,2790
13,Metropolitana,13102,Cerrillos,1,2,20,3059
13,Metropolitana,13102,Cerrillos,1,2,25,3289
13,Metropolitana,13102,Cerrillos,1,2,30,3583
13,Metropolitana,13102,Cerrillos,1,2,35,3286
13,Metropolitana,13102,Cerrillos,1,2,40,2995
13,Metropolitana,13102,Cerrillos,1,2,45,2717
13,Metropolitana,13102,Cerrillos,1,2,50,2857
13,Metropolitana,13102,Cerrillos,1,2,55,2556
13,Metropolitana,13102,Cerrillos,1,2,60,2416
13,Metropolitana,13102,Cerrillos,1,2,65,1944
13,Metropolitana,13102,Cerrillos,1,2,70,1521
13,Metropolitana,13102,Cerrillos,1,2,75,1328
13,Metropolitana,13102,Cerrillos,1,2,80,1008
13,Metropolitana,13102,Cerrillos,1,2,85,845
13,Metropolitana,13103,Cerro Navia,1,1,0,3157
13,Metropolitana,13103,Cerro Navia,1,1,5,3949
13,Metropolitana,13103,Cerro Navia,1,1,10,4180
13,Metropolitana,13103,Cerro Navia,1,1,15,4214
13,Metropolitana,13103,Cerro Navia,1,1,20,4774
13,Metropolitana,13103,Cerro Navia,1,1,25,5000
13,Metropolitana,13103,Cerro Navia,1,1,30,5098
13,Metropolitana,13103,Cerro Navia,1,1,35,4338
13,Metropolitana,13103,Cerro Navia,1,1,40,3864
13,Metropolitana,13103,Cerro Navia,1,1,45,3788
13,Metropolitana,13103,Cerro Navia,1,1,50,4408
13,Metropolitana,13103,Cerro Navia,1,1,55,4069
13,Metropolitana,13103,Cerro Navia,1,1,60,3596
13,Metropolitana,13103,Cerro Navia,1,1,65,2601
13,Metropolitana,13103,Cerro Navia,1,1,70,2017
13,Metropolitana,13103,Cerro Navia,1,1,75,1656
13,Metropolitana,13103,Cerro Navia,1,1,80,1034
13,Metropolitana,13103,Cerro Navia,1,1,85,586
13,Metropolitana,13103,Cerro Navia,1,2,0,3190
13,Metropolitana,13103,Cerro Navia,1,2,5,3859
13,Metropolitana,13103,Cerro Navia,1,2,10,4031
13,Metropolitana,13103,Cerro Navia,1,2,15,4156
13,Metropolitana,13103,Cerro Navia,1,2,20,4554
13,Metropolitana,13103,Cerro Navia,1,2,25,4850
13,Metropolitana,13103,Cerro Navia,1,2,30,4850
13,Metropolitana,13103,Cerro Navia,1,2,35,4247
13,Metropolitana,13103,Cerro Navia,1,2,40,3858
13,Metropolitana,13103,Cerro Navia,1,2,45,3869
13,Metropolitana,13103,Cerro Navia,1,2,50,4412
13,Metropolitana,13103,Cerro Navia,1,2,55,4273
13,Metropolitana,13103,Cerro Navia,1,2,60,3933
13,Metropolitana,13103,Cerro Navia,1,2,65,3032
13,Metropolitana,13103,Cerro Navia,1,2,70,2617
13,Metropolitana,13103,Cerro Navia,1,2,75,2307
13,Metropolitana,13103,Cerro Navia,1,2,80,1546
13,Metropolitana,13103,Cerro Navia,1,2,85,1337
13,Metropolitana,13104,Conchalí,1,1,0,2684
13,Metropolitana,13104,Conchalí,1,1,5,3626
13,Metropolitana,13104,Conchalí,1,1,10,3914
13,Metropolitana,13104,Conchalí,1,1,15,3924
13,Metropolitana,13104,Conchalí,1,1,20,4340
13,Metropolitana,13104,Conchalí,1,1,25,4783
13,Metropolitana,13104,Conchalí,1,1,30,4824
13,Metropolitana,13104,Conchalí,1,1,35,4378
13,Metropolitana,13104,Conchalí,1,1,40,3808
13,Metropolitana,13104,Conchalí,1,1,45,3487
13,Metropolitana,13104,Conchalí,1,1,50,3814
13,Metropolitana,13104,Conchalí,1,1,55,3791
13,Metropolitana,13104,Conchalí,1,1,60,3870
13,Metropolitana,13104,Conchalí,1,1,65,2672
13,Metropolitana,13104,Conchalí,1,1,70,1884
13,Metropolitana,13104,Conchalí,1,1,75,1439
13,Metropolitana,13104,Conchalí,1,1,80,1068
13,Metropolitana,13104,Conchalí,1,1,85,816
13,Metropolitana,13104,Conchalí,1,2,0,2620
13,Metropolitana,13104,Conchalí,1,2,5,3444
13,Metropolitana,13104,Conchalí,1,2,10,3820
13,Metropolitana,13104,Conchalí,1,2,15,3722
13,Metropolitana,13104,Conchalí,1,2,20,4091
13,Metropolitana,13104,Conchalí,1,2,25,4518
13,Metropolitana,13104,Conchalí,1,2,30,4657
13,Metropolitana,13104,Conchalí,1,2,35,4243
13,Metropolitana,13104,Conchalí,1,2,40,3809
13,Metropolitana,13104,Conchalí,1,2,45,3671
13,Metropolitana,13104,Conchalí,1,2,50,4017
13,Metropolitana,13104,Conchalí,1,2,55,4340
13,Metropolitana,13104,Conchalí,1,2,60,4144
13,Metropolitana,13104,Conchalí,1,2,65,3196
13,Metropolitana,13104,Conchalí,1,2,70,2495
13,Metropolitana,13104,Conchalí,1,2,75,2133
13,Metropolitana,13104,Conchalí,1,2,80,1724
13,Metropolitana,13104,Conchalí,1,2,85,1821
13,Metropolitana,13105,El Bosque,1,1,0,3744
13,Metropolitana,13105,El Bosque,1,1,5,4940
13,Metropolitana,13105,El Bosque,1,1,10,5418
13,Metropolitana,13105,El Bosque,1,1,15,5517
13,Metropolitana,13105,El Bosque,1,1,20,5838
13,Metropolitana,13105,El Bosque,1,1,25,5941
13,Metropolitana,13105,El Bosque,1,1,30,6139
13,Metropolitana,13105,El Bosque,1,1,35,5351
13,Metropolitana,13105,El Bosque,1,1,40,4817
13,Metropolitana,13105,El Bosque,1,1,45,4193
13,Metropolitana,13105,El Bosque,1,1,50,4730
13,Metropolitana,13105,El Bosque,1,1,55,4511
13,Metropolitana,13105,El Bosque,1,1,60,4555
13,Metropolitana,13105,El Bosque,1,1,65,3631
13,Metropolitana,13105,El Bosque,1,1,70,2510
13,Metropolitana,13105,El Bosque,1,1,75,1872
13,Metropolitana,13105,El Bosque,1,1,80,1216
13,Metropolitana,13105,El Bosque,1,1,85,797
13,Metropolitana,13105,El Bosque,1,2,0,3513
13,Metropolitana,13105,El Bosque,1,2,5,4693
13,Metropolitana,13105,El Bosque,1,2,10,5201
13,Metropolitana,13105,El Bosque,1,2,15,5095
13,Metropolitana,13105,El Bosque,1,2,20,5691
13,Metropolitana,13105,El Bosque,1,2,25,5590
13,Metropolitana,13105,El Bosque,1,2,30,5797
13,Metropolitana,13105,El Bosque,1,2,35,5362
13,Metropolitana,13105,El Bosque,1,2,40,5064
13,Metropolitana,13105,El Bosque,1,2,45,4420
13,Metropolitana,13105,El Bosque,1,2,50,4944
13,Metropolitana,13105,El Bosque,1,2,55,5085
13,Metropolitana,13105,El Bosque,1,2,60,5072
13,Metropolitana,13105,El Bosque,1,2,65,4311
13,Metropolitana,13105,El Bosque,1,2,70,3326
13,Metropolitana,13105,El Bosque,1,2,75,2676
13,Metropolitana,13105,El Bosque,1,2,80,1971
13,Metropolitana,13105,El Bosque,1,2,85,1726
13,Metropolitana,13106,Estación Central,1,1,0,5131
13,Metropolitana,13106,Estación Central,1,1,5,5484
13,Metropolitana,13106,Estación Central,1,1,10,5214
13,Metropolitana,13106,Estación Central,1,1,15,5227
13,Metropolitana,13106,Estación Central,1,1,20,7207
13,Metropolitana,13106,Estación Central,1,1,25,9408
13,Metropolitana,13106,Estación Central,1,1,30,10564
13,Metropolitana,13106,Estación Central,1,1,35,8671
13,Metropolitana,13106,Estación Central,1,1,40,6549
13,Metropolitana,13106,Estación Central,1,1,45,4954
13,Metropolitana,13106,Estación Central,1,1,50,4513
13,Metropolitana,13106,Estación Central,1,1,55,4113
13,Metropolitana,13106,Estación Central,1,1,60,3748
13,Metropolitana,13106,Estación Central,1,1,65,2780
13,Metropolitana,13106,Estación Central,1,1,70,1920
13,Metropolitana,13106,Estación Central,1,1,75,1415
13,Metropolitana,13106,Estación Central,1,1,80,994
13,Metropolitana,13106,Estación Central,1,1,85,738
13,Metropolitana,13106,Estación Central,1,2,0,4884
13,Metropolitana,13106,Estación Central,1,2,5,5441
13,Metropolitana,13106,Estación Central,1,2,10,5021
13,Metropolitana,13106,Estación Central,1,2,15,5035
13,Metropolitana,13106,Estación Central,1,2,20,7395
13,Metropolitana,13106,Estación Central,1,2,25,9345
13,Metropolitana,13106,Estación Central,1,2,30,9882
13,Metropolitana,13106,Estación Central,1,2,35,7985
13,Metropolitana,13106,Estación Central,1,2,40,6429
13,Metropolitana,13106,Estación Central,1,2,45,5064
13,Metropolitana,13106,Estación Central,1,2,50,5041
13,Metropolitana,13106,Estación Central,1,2,55,4856
13,Metropolitana,13106,Estación Central,1,2,60,4597
13,Metropolitana,13106,Estación Central,1,2,65,3453
13,Metropolitana,13106,Estación Central,1,2,70,2541
13,Metropolitana,13106,Estación Central,1,2,75,2196
13,Metropolitana,13106,Estación Central,1,2,80,1653
13,Metropolitana,13106,Estación Central,1,2,85,1601
13,Metropolitana,13107,Huechuraba,2,1,0,5
13,Metropolitana,13107,Huechuraba,1,1,0,2422
13,Metropolitana,13107,Huechuraba,1,1,5,3453
13,Metropolitana,13107,Huechuraba,2,1,5,6
13,Metropolitana,13107,Huechuraba,1,1,10,4014
13,Metropolitana,13107,Huechuraba,2,1,10,6
13,Metropolitana,13107,Huechuraba,1,1,15,3954
13,Metropolitana,13107,Huechuraba,2,1,15,2
13,Metropolitana,13107,Huechuraba,2,1,20,6
13,Metropolitana,13107,Huechuraba,1,1,20,3861
13,Metropolitana,13107,Huechuraba,1,1,25,3478
13,Metropolitana,13107,Huechuraba,2,1,25,2
13,Metropolitana,13107,Huechuraba,1,1,30,3488
13,Metropolitana,13107,Huechuraba,2,1,35,4
13,Metropolitana,13107,Huechuraba,1,1,35,3524
13,Metropolitana,13107,Huechuraba,1,1,40,3441
13,Metropolitana,13107,Huechuraba,2,1,40,6
13,Metropolitana,13107,Huechuraba,1,1,45,3588
13,Metropolitana,13107,Huechuraba,2,1,45,5
13,Metropolitana,13107,Huechuraba,1,1,50,3864
13,Metropolitana,13107,Huechuraba,1,1,55,3217
13,Metropolitana,13107,Huechuraba,2,1,60,3
13,Metropolitana,13107,Huechuraba,1,1,60,2379
13,Metropolitana,13107,Huechuraba,2,1,65,4
13,Metropolitana,13107,Huechuraba,1,1,65,1546
13,Metropolitana,13107,Huechuraba,1,1,70,1135
13,Metropolitana,13107,Huechuraba,2,1,70,3
13,Metropolitana,13107,Huechuraba,2,1,75,1
13,Metropolitana,13107,Huechuraba,1,1,75,1072
13,Metropolitana,13107,Huechuraba,1,1,80,641
13,Metropolitana,13107,Huechuraba,2,1,85,1
13,Metropolitana,13107,Huechuraba,1,1,85,348
13,Metropolitana,13107,Huechuraba,2,2,0,4
13,Metropolitana,13107,Huechuraba,1,2,0,2334
13,Metropolitana,13107,Huechuraba,2,2,5,2
13,Metropolitana,13107,Huechuraba,1,2,5,3385
13,Metropolitana,13107,Huechuraba,1,2,10,3822
13,Metropolitana,13107,Huechuraba,2,2,10,6
13,Metropolitana,13107,Huechuraba,1,2,15,3784
13,Metropolitana,13107,Huechuraba,2,2,15,2
13,Metropolitana,13107,Huechuraba,1,2,20,3808
13,Metropolitana,13107,Huechuraba,2,2,20,3
13,Metropolitana,13107,Huechuraba,2,2,25,1
13,Metropolitana,13107,Huechuraba,1,2,25,3499
13,Metropolitana,13107,Huechuraba,2,2,30,3
13,Metropolitana,13107,Huechuraba,1,2,30,3534
13,Metropolitana,13107,Huechuraba,1,2,35,3668
13,Metropolitana,13107,Huechuraba,2,2,35,5
13,Metropolitana,13107,Huechuraba,1,2,40,3760
13,Metropolitana,13107,Huechuraba,2,2,40,4
13,Metropolitana,13107,Huechuraba,1,2,45,4025
13,Metropolitana,13107,Huechuraba,2,2,45,3
13,Metropolitana,13107,Huechuraba,1,2,50,4024
13,Metropolitana,13107,Huechuraba,2,2,55,2
13,Metropolitana,13107,Huechuraba,1,2,55,3357
13,Metropolitana,13107,Huechuraba,2,2,60,2
13,Metropolitana,13107,Huechuraba,1,2,60,2585
13,Metropolitana,13107,Huechuraba,2,2,65,1
13,Metropolitana,13107,Huechuraba,1,2,65,1878
13,Metropolitana,13107,Huechuraba,1,2,70,1538
13,Metropolitana,13107,Huechuraba,2,2,75,1
13,Metropolitana,13107,Huechuraba,1,2,75,1485
13,Metropolitana,13107,Huechuraba,1,2,80,1027
13,Metropolitana,13107,Huechuraba,1,2,85,777
13,Metropolitana,13108,Independencia,1,1,0,3136
13,Metropolitana,13108,Independencia,1,1,5,3722
13,Metropolitana,13108,Independencia,1,1,10,3590
13,Metropolitana,13108,Independencia,1,1,15,3369
13,Metropolitana,13108,Independencia,1,1,20,4356
13,Metropolitana,13108,Independencia,1,1,25,5602
13,Metropolitana,13108,Independencia,1,1,30,6494
13,Metropolitana,13108,Independencia,1,1,35,5784
13,Metropolitana,13108,Independencia,1,1,40,4530
13,Metropolitana,13108,Independencia,1,1,45,3518
13,Metropolitana,13108,Independencia,1,1,50,3064
13,Metropolitana,13108,Independencia,1,1,55,2495
13,Metropolitana,13108,Independencia,1,1,60,2189
13,Metropolitana,13108,Independencia,1,1,65,1761
13,Metropolitana,13108,Independencia,1,1,70,1286
13,Metropolitana,13108,Independencia,1,1,75,979
13,Metropolitana,13108,Independencia,1,1,80,609
13,Metropolitana,13108,Independencia,1,1,85,432
13,Metropolitana,13108,Independencia,1,2,0,2991
13,Metropolitana,13108,Independencia,1,2,5,3613
13,Metropolitana,13108,Independencia,1,2,10,3423
13,Metropolitana,13108,Independencia,1,2,15,3311
13,Metropolitana,13108,Independencia,1,2,20,4304
13,Metropolitana,13108,Independencia,1,2,25,5722
13,Metropolitana,13108,Independencia,1,2,30,6207
13,Metropolitana,13108,Independencia,1,2,35,5377
13,Metropolitana,13108,Independencia,1,2,40,4462
13,Metropolitana,13108,Independencia,1,2,45,3813
13,Metropolitana,13108,Independencia,1,2,50,3399
13,Metropolitana,13108,Independencia,1,2,55,2985
13,Metropolitana,13108,Independencia,1,2,60,2648
13,Metropolitana,13108,Independencia,1,2,65,2371
13,Metropolitana,13108,Independencia,1,2,70,1758
13,Metropolitana,13108,Independencia,1,2,75,1419
13,Metropolitana,13108,Independencia,1,2,80,1027
13,Metropolitana,13108,Independencia,1,2,85,1197
13,Metropolitana,13109,La Cisterna,1,1,0,2428
13,Metropolitana,13109,La Cisterna,1,1,5,3052
13,Metropolitana,13109,La Cisterna,1,1,10,3295
13,Metropolitana,13109,La Cisterna,1,1,15,3031
13,Metropolitana,13109,La Cisterna,1,1,20,3651
13,Metropolitana,13109,La Cisterna,1,1,25,4603
13,Metropolitana,13109,La Cisterna,1,1,30,5117
13,Metropolitana,13109,La Cisterna,1,1,35,4254
13,Metropolitana,13109,La Cisterna,1,1,40,3569
13,Metropolitana,13109,La Cisterna,1,1,45,2768
13,Metropolitana,13109,La Cisterna,1,1,50,2730
13,Metropolitana,13109,La Cisterna,1,1,55,2419
13,Metropolitana,13109,La Cisterna,1,1,60,2389
13,Metropolitana,13109,La Cisterna,1,1,65,1978
13,Metropolitana,13109,La Cisterna,1,1,70,1435
13,Metropolitana,13109,La Cisterna,1,1,75,1102
13,Metropolitana,13109,La Cisterna,1,1,80,722
13,Metropolitana,13109,La Cisterna,1,1,85,611
13,Metropolitana,13109,La Cisterna,1,2,0,2332
13,Metropolitana,13109,La Cisterna,1,2,5,2933
13,Metropolitana,13109,La Cisterna,1,2,10,3097
13,Metropolitana,13109,La Cisterna,1,2,15,2956
13,Metropolitana,13109,La Cisterna,1,2,20,3801
13,Metropolitana,13109,La Cisterna,1,2,25,4666
13,Metropolitana,13109,La Cisterna,1,2,30,5013
13,Metropolitana,13109,La Cisterna,1,2,35,4425
13,Metropolitana,13109,La Cisterna,1,2,40,3688
13,Metropolitana,13109,La Cisterna,1,2,45,3135
13,Metropolitana,13109,La Cisterna,1,2,50,3145
13,Metropolitana,13109,La Cisterna,1,2,55,2929
13,Metropolitana,13109,La Cisterna,1,2,60,2955
13,Metropolitana,13109,La Cisterna,1,2,65,2508
13,Metropolitana,13109,La Cisterna,1,2,70,2001
13,Metropolitana,13109,La Cisterna,1,2,75,1665
13,Metropolitana,13109,La Cisterna,1,2,80,1313
13,Metropolitana,13109,La Cisterna,1,2,85,1441
13,Metropolitana,13110,La Florida,1,1,0,7619
13,Metropolitana,13110,La Florida,2,1,0,2
13,Metropolitana,13110,La Florida,2,1,5,3
13,Metropolitana,13110,La Florida,1,1,5,10583
13,Metropolitana,13110,La Florida,1,1,10,11721
13,Metropolitana,13110,La Florida,2,1,10,4
13,Metropolitana,13110,La Florida,2,1,15,2
13,Metropolitana,13110,La Florida,1,1,15,11725
13,Metropolitana,13110,La Florida,2,1,20,3
13,Metropolitana,13110,La Florida,1,1,20,13141
13,Metropolitana,13110,La Florida,1,1,25,14548
13,Metropolitana,13110,La Florida,2,1,25,1
13,Metropolitana,13110,La Florida,2,1,30,5
13,Metropolitana,13110,La Florida,1,1,30,16004
13,Metropolitana,13110,La Florida,1,1,35,14309
13,Metropolitana,13110,La Florida,2,1,35,5
13,Metropolitana,13110,La Florida,1,1,40,12692
13,Metropolitana,13110,La Florida,2,1,40,4
13,Metropolitana,13110,La Florida,1,1,45,11118
13,Metropolitana,13110,La Florida,2,1,45,8
13,Metropolitana,13110,La Florida,2,1,50,5
13,Metropolitana,13110,La Florida,1,1,50,10900
13,Metropolitana,13110,La Florida,1,1,55,9703
13,Metropolitana,13110,La Florida,2,1,55,4
13,Metropolitana,13110,La Florida,1,1,60,9624
13,Metropolitana,13110,La Florida,2,1,60,5
13,Metropolitana,13110,La Florida,2,1,65,2
13,Metropolitana,13110,La Florida,1,1,65,8257
13,Metropolitana,13110,La Florida,2,1,70,3
13,Metropolitana,13110,La Florida,1,1,70,6731
13,Metropolitana,13110,La Florida,2,1,75,2
13,Metropolitana,13110,La Florida,1,1,75,5066
13,Metropolitana,13110,La Florida,2,1,80,2
13,Metropolitana,13110,La Florida,1,1,80,2870
13,Metropolitana,13110,La Florida,1,1,85,1790
13,Metropolitana,13110,La Florida,2,2,0,8
13,Metropolitana,13110,La Florida,1,2,0,7410
13,Metropolitana,13110,La Florida,1,2,5,10100
13,Metropolitana,13110,La Florida,2,2,5,1
13,Metropolitana,13110,La Florida,2,2,10,4
13,Metropolitana,13110,La Florida,1,2,10,11307
13,Metropolitana,13110,La Florida,1,2,15,11363
13,Metropolitana,13110,La Florida,2,2,15,4
13,Metropolitana,13110,La Florida,2,2,20,3
13,Metropolitana,13110,La Florida,1,2,20,12796
13,Metropolitana,13110,La Florida,2,2,25,4
13,Metropolitana,13110,La Florida,1,2,25,14489
13,Metropolitana,13110,La Florida,2,2,30,4
13,Metropolitana,13110,La Florida,1,2,30,15927
13,Metropolitana,13110,La Florida,1,2,35,14410
13,Metropolitana,13110,La Florida,2,2,35,8
13,Metropolitana,13110,La Florida,2,2,40,3
13,Metropolitana,13110,La Florida,1,2,40,13573
13,Metropolitana,13110,La Florida,2,2,45,5
13,Metropolitana,13110,La Florida,1,2,45,11937
13,Metropolitana,13110,La Florida,2,2,50,3
13,Metropolitana,13110,La Florida,1,2,50,12428
13,Metropolitana,13110,La Florida,2,2,55,4
13,Metropolitana,13110,La Florida,1,2,55,11939
13,Metropolitana,13110,La Florida,1,2,60,12617
13,Metropolitana,13110,La Florida,2,2,60,4
13,Metropolitana,13110,La Florida,2,2,65,2
13,Metropolitana,13110,La Florida,1,2,65,11259
13,Metropolitana,13110,La Florida,1,2,70,9011
13,Metropolitana,13110,La Florida,2,2,70,1
13,Metropolitana,13110,La Florida,2,2,75,3
13,Metropolitana,13110,La Florida,1,2,75,7152
13,Metropolitana,13110,La Florida,1,2,80,4520
13,Metropolitana,13110,La Florida,2,2,80,2
13,Metropolitana,13110,La Florida,1,2,85,4074
13,Metropolitana,13111,La Granja,1,1,0,2560
13,Metropolitana,13111,La Granja,1,1,5,3456
13,Metropolitana,13111,La Granja,1,1,10,3779
13,Metropolitana,13111,La Granja,1,1,15,3754
13,Metropolitana,13111,La Granja,1,1,20,4163
13,Metropolitana,13111,La Granja,1,1,25,4207
13,Metropolitana,13111,La Granja,1,1,30,4462
13,Metropolitana,13111,La Granja,1,1,35,3992
13,Metropolitana,13111,La Granja,1,1,40,3521
13,Metropolitana,13111,La Granja,1,1,45,3012
13,Metropolitana,13111,La Granja,1,1,50,3098
13,Metropolitana,13111,La Granja,1,1,55,3214
13,Metropolitana,13111,La Granja,1,1,60,3655
13,Metropolitana,13111,La Granja,1,1,65,3096
13,Metropolitana,13111,La Granja,1,1,70,2123
13,Metropolitana,13111,La Granja,1,1,75,1382
13,Metropolitana,13111,La Granja,1,1,80,732
13,Metropolitana,13111,La Granja,1,1,85,552
13,Metropolitana,13111,La Granja,1,2,0,2367
13,Metropolitana,13111,La Granja,1,2,5,3288
13,Metropolitana,13111,La Granja,1,2,10,3542
13,Metropolitana,13111,La Granja,1,2,15,3411
13,Metropolitana,13111,La Granja,1,2,20,3954
13,Metropolitana,13111,La Granja,1,2,25,4207
13,Metropolitana,13111,La Granja,1,2,30,4189
13,Metropolitana,13111,La Granja,1,2,35,3915
13,Metropolitana,13111,La Granja,1,2,40,3501
13,Metropolitana,13111,La Granja,1,2,45,3104
13,Metropolitana,13111,La Granja,1,2,50,3323
13,Metropolitana,13111,La Granja,1,2,55,3669
13,Metropolitana,13111,La Granja,1,2,60,4398
13,Metropolitana,13111,La Granja,1,2,65,3728
13,Metropolitana,13111,La Granja,1,2,70,2473
13,Metropolitana,13111,La Granja,1,2,75,1780
13,Metropolitana,13111,La Granja,1,2,80,1081
13,Metropolitana,13111,La Granja,1,2,85,1334
13,Metropolitana,13112,La Pintana,1,1,0,4879
13,Metropolitana,13112,La Pintana,1,1,5,6330
13,Metropolitana,13112,La Pintana,1,1,10,6977
13,Metropolitana,13112,La Pintana,1,1,15,6812
13,Metropolitana,13112,La Pintana,1,1,20,6482
13,Metropolitana,13112,La Pintana,1,1,25,6685
13,Metropolitana,13112,La Pintana,1,1,30,6663
13,Metropolitana,13112,La Pintana,1,1,35,5914
13,Metropolitana,13112,La Pintana,1,1,40,5633
13,Metropolitana,13112,La Pintana,1,1,45,4976
13,Metropolitana,13112,La Pintana,1,1,50,5168
13,Metropolitana,13112,La Pintana,1,1,55,4555
13,Metropolitana,13112,La Pintana,1,1,60,4452
13,Metropolitana,13112,La Pintana,1,1,65,3766
13,Metropolitana,13112,La Pintana,1,1,70,2748
13,Metropolitana,13112,La Pintana,1,1,75,1788
13,Metropolitana,13112,La Pintana,1,1,80,910
13,Metropolitana,13112,La Pintana,1,1,85,502
13,Metropolitana,13112,La Pintana,1,2,0,4655
13,Metropolitana,13112,La Pintana,1,2,5,6200
13,Metropolitana,13112,La Pintana,1,2,10,6699
13,Metropolitana,13112,La Pintana,1,2,15,6777
13,Metropolitana,13112,La Pintana,1,2,20,6741
13,Metropolitana,13112,La Pintana,1,2,25,6709
13,Metropolitana,13112,La Pintana,1,2,30,6828
13,Metropolitana,13112,La Pintana,1,2,35,6202
13,Metropolitana,13112,La Pintana,1,2,40,5857
13,Metropolitana,13112,La Pintana,1,2,45,5149
13,Metropolitana,13112,La Pintana,1,2,50,5320
13,Metropolitana,13112,La Pintana,1,2,55,5131
13,Metropolitana,13112,La Pintana,1,2,60,5326
13,Metropolitana,13112,La Pintana,1,2,65,4584
13,Metropolitana,13112,La Pintana,1,2,70,3334
13,Metropolitana,13112,La Pintana,1,2,75,2331
13,Metropolitana,13112,La Pintana,1,2,80,1396
13,Metropolitana,13112,La Pintana,1,2,85,942
13,Metropolitana,13113,La Reina,1,1,0,1686
13,Metropolitana,13113,La Reina,1,1,5,2786
13,Metropolitana,13113,La Reina,1,1,10,3011
13,Metropolitana,13113,La Reina,1,1,15,2942
13,Metropolitana,13113,La Reina,1,1,20,3124
13,Metropolitana,13113,La Reina,1,1,25,2765
13,Metropolitana,13113,La Reina,1,1,30,2596
13,Metropolitana,13113,La Reina,1,1,35,2906
13,Metropolitana,13113,La Reina,1,1,40,3242
13,Metropolitana,13113,La Reina,1,1,45,3036
13,Metropolitana,13113,La Reina,1,1,50,2813
13,Metropolitana,13113,La Reina,1,1,55,2506
13,Metropolitana,13113,La Reina,1,1,60,2413
13,Metropolitana,13113,La Reina,1,1,65,1982
13,Metropolitana,13113,La Reina,1,1,70,1543
13,Metropolitana,13113,La Reina,1,1,75,1307
13,Metropolitana,13113,La Reina,1,1,80,856
13,Metropolitana,13113,La Reina,1,1,85,746
13,Metropolitana,13113,La Reina,1,2,0,1710
13,Metropolitana,13113,La Reina,1,2,5,2593
13,Metropolitana,13113,La Reina,1,2,10,2871
13,Metropolitana,13113,La Reina,1,2,15,2734
13,Metropolitana,13113,La Reina,1,2,20,2982
13,Metropolitana,13113,La Reina,1,2,25,2603
13,Metropolitana,13113,La Reina,1,2,30,2609
13,Metropolitana,13113,La Reina,1,2,35,3245
13,Metropolitana,13113,La Reina,1,2,40,3581
13,Metropolitana,13113,La Reina,1,2,45,3508
13,Metropolitana,13113,La Reina,1,2,50,3332
13,Metropolitana,13113,La Reina,1,2,55,3127
13,Metropolitana,13113,La Reina,1,2,60,3053
13,Metropolitana,13113,La Reina,1,2,65,2655
13,Metropolitana,13113,La Reina,1,2,70,2164
13,Metropolitana,13113,La Reina,1,2,75,1755
13,Metropolitana,13113,La Reina,1,2,80,1369
13,Metropolitana,13113,La Reina,1,2,85,1719
13,Metropolitana,13114,Las Condes,1,1,0,6536
13,Metropolitana,13114,Las Condes,1,1,5,7362
13,Metropolitana,13114,Las Condes,1,1,10,7414
13,Metropolitana,13114,Las Condes,1,1,15,8437
13,Metropolitana,13114,Las Condes,1,1,20,10958
13,Metropolitana,13114,Las Condes,1,1,25,11231
13,Metropolitana,13114,Las Condes,1,1,30,11990
13,Metropolitana,13114,Las Condes,1,1,35,11428
13,Metropolitana,13114,Las Condes,1,1,40,9998
13,Metropolitana,13114,Las Condes,1,1,45,8624
13,Metropolitana,13114,Las Condes,1,1,50,8304
13,Metropolitana,13114,Las Condes,1,1,55,7341
13,Metropolitana,13114,Las Condes,1,1,60,7220
13,Metropolitana,13114,Las Condes,1,1,65,6150
13,Metropolitana,13114,Las Condes,1,1,70,4822
13,Metropolitana,13114,Las Condes,1,1,75,4130
13,Metropolitana,13114,Las Condes,1,1,80,3094
13,Metropolitana,13114,Las Condes,1,1,85,2945
13,Metropolitana,13114,Las Condes,1,2,0,6288
13,Metropolitana,13114,Las Condes,1,2,5,7037
13,Metropolitana,13114,Las Condes,1,2,10,7194
13,Metropolitana,13114,Las Condes,1,2,15,7935
13,Metropolitana,13114,Las Condes,1,2,20,10893
13,Metropolitana,13114,Las Condes,1,2,25,11628
13,Metropolitana,13114,Las Condes,1,2,30,12587
13,Metropolitana,13114,Las Condes,1,2,35,11893
13,Metropolitana,13114,Las Condes,1,2,40,10644
13,Metropolitana,13114,Las Condes,1,2,45,10238
13,Metropolitana,13114,Las Condes,1,2,50,10203
13,Metropolitana,13114,Las Condes,1,2,55,9457
13,Metropolitana,13114,Las Condes,1,2,60,9611
13,Metropolitana,13114,Las Condes,1,2,65,8430
13,Metropolitana,13114,Las Condes,1,2,70,6731
13,Metropolitana,13114,Las Condes,1,2,75,6130
13,Metropolitana,13114,Las Condes,1,2,80,4979
13,Metropolitana,13114,Las Condes,1,2,85,6272
13,Metropolitana,13115,Lo Barnechea,1,1,0,2960
13,Metropolitana,13115,Lo Barnechea,2,1,0,37
13,Metropolitana,13115,Lo Barnechea,1,1,5,3962
13,Metropolitana,13115,Lo Barnechea,2,1,5,29
13,Metropolitana,13115,Lo Barnechea,2,1,10,35
13,Metropolitana,13115,Lo Barnechea,1,1,10,4495
13,Metropolitana,13115,Lo Barnechea,1,1,15,4666
13,Metropolitana,13115,Lo Barnechea,2,1,15,18
13,Metropolitana,13115,Lo Barnechea,2,1,20,24
13,Metropolitana,13115,Lo Barnechea,1,1,20,4876
13,Metropolitana,13115,Lo Barnechea,1,1,25,3656
13,Metropolitana,13115,Lo Barnechea,2,1,25,37
13,Metropolitana,13115,Lo Barnechea,2,1,30,36
13,Metropolitana,13115,Lo Barnechea,1,1,30,2843
13,Metropolitana,13115,Lo Barnechea,2,1,35,17
13,Metropolitana,13115,Lo Barnechea,1,1,35,3091
13,Metropolitana,13115,Lo Barnechea,1,1,40,3502
13,Metropolitana,13115,Lo Barnechea,2,1,40,31
13,Metropolitana,13115,Lo Barnechea,1,1,45,3562
13,Metropolitana,13115,Lo Barnechea,2,1,45,32
13,Metropolitana,13115,Lo Barnechea,2,1,50,19
13,Metropolitana,13115,Lo Barnechea,1,1,50,3613
13,Metropolitana,13115,Lo Barnechea,1,1,55,3259
13,Metropolitana,13115,Lo Barnechea,2,1,55,29
13,Metropolitana,13115,Lo Barnechea,2,1,60,28
13,Metropolitana,13115,Lo Barnechea,1,1,60,2978
13,Metropolitana,13115,Lo Barnechea,2,1,65,8
13,Metropolitana,13115,Lo Barnechea,1,1,65,2206
13,Metropolitana,13115,Lo Barnechea,2,1,70,15
13,Metropolitana,13115,Lo Barnechea,1,1,70,1478
13,Metropolitana,13115,Lo Barnechea,2,1,75,5
13,Metropolitana,13115,Lo Barnechea,1,1,75,1013
13,Metropolitana,13115,Lo Barnechea,1,1,80,616
13,Metropolitana,13115,Lo Barnechea,2,1,80,4
13,Metropolitana,13115,Lo Barnechea,2,1,85,2
13,Metropolitana,13115,Lo Barnechea,1,1,85,427
13,Metropolitana,13115,Lo Barnechea,1,2,0,2793
13,Metropolitana,13115,Lo Barnechea,2,2,0,32
13,Metropolitana,13115,Lo Barnechea,1,2,5,3859
13,Metropolitana,13115,Lo Barnechea,2,2,5,36
13,Metropolitana,13115,Lo Barnechea,2,2,10,21
13,Metropolitana,13115,Lo Barnechea,1,2,10,4383
13,Metropolitana,13115,Lo Barnechea,2,2,15,13
13,Metropolitana,13115,Lo Barnechea,1,2,15,4592
13,Metropolitana,13115,Lo Barnechea,2,2,20,26
13,Metropolitana,13115,Lo Barnechea,1,2,20,4713
13,Metropolitana,13115,Lo Barnechea,2,2,25,36
13,Metropolitana,13115,Lo Barnechea,1,2,25,3676
13,Metropolitana,13115,Lo Barnechea,1,2,30,3133
13,Metropolitana,13115,Lo Barnechea,2,2,30,32
13,Metropolitana,13115,Lo Barnechea,1,2,35,3593
13,Metropolitana,13115,Lo Barnechea,2,2,35,26
13,Metropolitana,13115,Lo Barnechea,2,2,40,20
13,Metropolitana,13115,Lo Barnechea,1,2,40,4197
13,Metropolitana,13115,Lo Barnechea,2,2,45,21
13,Metropolitana,13115,Lo Barnechea,1,2,45,4582
13,Metropolitana,13115,Lo Barnechea,1,2,50,4639
13,Metropolitana,13115,Lo Barnechea,2,2,50,20
13,Metropolitana,13115,Lo Barnechea,1,2,55,4047
13,Metropolitana,13115,Lo Barnechea,2,2,55,29
13,Metropolitana,13115,Lo Barnechea,2,2,60,19
13,Metropolitana,13115,Lo Barnechea,1,2,60,3422
13,Metropolitana,13115,Lo Barnechea,1,2,65,2539
13,Metropolitana,13115,Lo Barnechea,2,2,65,11
13,Metropolitana,13115,Lo Barnechea,1,2,70,1701
13,Metropolitana,13115,Lo Barnechea,2,2,70,8
13,Metropolitana,13115,Lo Barnechea,1,2,75,1129
13,Metropolitana,13115,Lo Barnechea,2,2,75,7
13,Metropolitana,13115,Lo Barnechea,2,2,80,3
13,Metropolitana,13115,Lo Barnechea,1,2,80,771
13,Metropolitana,13115,Lo Barnechea,1,2,85,879
13,Metropolitana,13115,Lo Barnechea,2,2,85,3
13,Metropolitana,13116,Lo Espejo,1,1,0,2153
13,Metropolitana,13116,Lo Espejo,1,1,5,2771
13,Metropolitana,13116,Lo Espejo,1,1,10,2974
13,Metropolitana,13116,Lo Espejo,1,1,15,3021
13,Metropolitana,13116,Lo Espejo,1,1,20,3104
13,Metropolitana,13116,Lo Espejo,1,1,25,3317
13,Metropolitana,13116,Lo Espejo,1,1,30,3555
13,Metropolitana,13116,Lo Espejo,1,1,35,3056
13,Metropolitana,13116,Lo Espejo,1,1,40,2573
13,Metropolitana,13116,Lo Espejo,1,1,45,2263
13,Metropolitana,13116,Lo Espejo,1,1,50,2548
13,Metropolitana,13116,Lo Espejo,1,1,55,2740
13,Metropolitana,13116,Lo Espejo,1,1,60,3182
13,Metropolitana,13116,Lo Espejo,1,1,65,2410
13,Metropolitana,13116,Lo Espejo,1,1,70,1468
13,Metropolitana,13116,Lo Espejo,1,1,75,949
13,Metropolitana,13116,Lo Espejo,1,1,80,551
13,Metropolitana,13116,Lo Espejo,1,1,85,460
13,Metropolitana,13116,Lo Espejo,1,2,0,2041
13,Metropolitana,13116,Lo Espejo,1,2,5,2623
13,Metropolitana,13116,Lo Espejo,1,2,10,2843
13,Metropolitana,13116,Lo Espejo,1,2,15,2711
13,Metropolitana,13116,Lo Espejo,1,2,20,3049
13,Metropolitana,13116,Lo Espejo,1,2,25,3177
13,Metropolitana,13116,Lo Espejo,1,2,30,3438
13,Metropolitana,13116,Lo Espejo,1,2,35,2866
13,Metropolitana,13116,Lo Espejo,1,2,40,2482
13,Metropolitana,13116,Lo Espejo,1,2,45,2169
13,Metropolitana,13116,Lo Espejo,1,2,50,2621
13,Metropolitana,13116,Lo Espejo,1,2,55,2976
13,Metropolitana,13116,Lo Espejo,1,2,60,3441
13,Metropolitana,13116,Lo Espejo,1,2,65,2587
13,Metropolitana,13116,Lo Espejo,1,2,70,1819
13,Metropolitana,13116,Lo Espejo,1,2,75,1304
13,Metropolitana,13116,Lo Espejo,1,2,80,949
13,Metropolitana,13116,Lo Espejo,1,2,85,1104
13,Metropolitana,13117,Lo Prado,1,1,0,1990
13,Metropolitana,13117,Lo Prado,1,1,5,2570
13,Metropolitana,13117,Lo Prado,1,1,10,2766
13,Metropolitana,13117,Lo Prado,1,1,15,2933
13,Metropolitana,13117,Lo Prado,1,1,20,3318
13,Metropolitana,13117,Lo Prado,1,1,25,3573
13,Metropolitana,13117,Lo Prado,1,1,30,3704
13,Metropolitana,13117,Lo Prado,1,1,35,3159
13,Metropolitana,13117,Lo Prado,1,1,40,2721
13,Metropolitana,13117,Lo Prado,1,1,45,2687
13,Metropolitana,13117,Lo Prado,1,1,50,3204
13,Metropolitana,13117,Lo Prado,1,1,55,2917
13,Metropolitana,13117,Lo Prado,1,1,60,2617
13,Metropolitana,13117,Lo Prado,1,1,65,1906
13,Metropolitana,13117,Lo Prado,1,1,70,1408
13,Metropolitana,13117,Lo Prado,1,1,75,1314
13,Metropolitana,13117,Lo Prado,1,1,80,942
13,Metropolitana,13117,Lo Prado,1,1,85,571
13,Metropolitana,13117,Lo Prado,1,2,0,1860
13,Metropolitana,13117,Lo Prado,1,2,5,2462
13,Metropolitana,13117,Lo Prado,1,2,10,2676
13,Metropolitana,13117,Lo Prado,1,2,15,2730
13,Metropolitana,13117,Lo Prado,1,2,20,3220
13,Metropolitana,13117,Lo Prado,1,2,25,3453
13,Metropolitana,13117,Lo Prado,1,2,30,3337
13,Metropolitana,13117,Lo Prado,1,2,35,2854
13,Metropolitana,13117,Lo Prado,1,2,40,2763
13,Metropolitana,13117,Lo Prado,1,2,45,2947
13,Metropolitana,13117,Lo Prado,1,2,50,3480
13,Metropolitana,13117,Lo Prado,1,2,55,3278
13,Metropolitana,13117,Lo Prado,1,2,60,2977
13,Metropolitana,13117,Lo Prado,1,2,65,2247
13,Metropolitana,13117,Lo Prado,1,2,70,2007
13,Metropolitana,13117,Lo Prado,1,2,75,1997
13,Metropolitana,13117,Lo Prado,1,2,80,1503
13,Metropolitana,13117,Lo Prado,1,2,85,1199
13,Metropolitana,13118,Macul,1,1,0,2480
13,Metropolitana,13118,Macul,1,1,5,3214
13,Metropolitana,13118,Macul,1,1,10,3449
13,Metropolitana,13118,Macul,1,1,15,3501
13,Metropolitana,13118,Macul,1,1,20,4074
13,Metropolitana,13118,Macul,1,1,25,4904
13,Metropolitana,13118,Macul,1,1,30,5940
13,Metropolitana,13118,Macul,1,1,35,5444
13,Metropolitana,13118,Macul,1,1,40,4215
13,Metropolitana,13118,Macul,1,1,45,3586
13,Metropolitana,13118,Macul,1,1,50,3413
13,Metropolitana,13118,Macul,1,1,55,3331
13,Metropolitana,13118,Macul,1,1,60,3223
13,Metropolitana,13118,Macul,1,1,65,2441
13,Metropolitana,13118,Macul,1,1,70,1878
13,Metropolitana,13118,Macul,1,1,75,1536
13,Metropolitana,13118,Macul,1,1,80,1040
13,Metropolitana,13118,Macul,1,1,85,810
13,Metropolitana,13118,Macul,1,2,0,2417
13,Metropolitana,13118,Macul,1,2,5,3128
13,Metropolitana,13118,Macul,1,2,10,3293
13,Metropolitana,13118,Macul,1,2,15,3347
13,Metropolitana,13118,Macul,1,2,20,3978
13,Metropolitana,13118,Macul,1,2,25,4974
13,Metropolitana,13118,Macul,1,2,30,6233
13,Metropolitana,13118,Macul,1,2,35,5393
13,Metropolitana,13118,Macul,1,2,40,4387
13,Metropolitana,13118,Macul,1,2,45,4052
13,Metropolitana,13118,Macul,1,2,50,3951
13,Metropolitana,13118,Macul,1,2,55,3985
13,Metropolitana,13118,Macul,1,2,60,3962
13,Metropolitana,13118,Macul,1,2,65,3436
13,Metropolitana,13118,Macul,1,2,70,2764
13,Metropolitana,13118,Macul,1,2,75,2366
13,Metropolitana,13118,Macul,1,2,80,1818
13,Metropolitana,13118,Macul,1,2,85,1837
13,Metropolitana,13119,Maipú,2,1,0,67
13,Metropolitana,13119,Maipú,1,1,0,10070
13,Metropolitana,13119,Maipú,2,1,5,97
13,Metropolitana,13119,Maipú,1,1,5,14322
13,Metropolitana,13119,Maipú,1,1,10,16644
13,Metropolitana,13119,Maipú,2,1,10,82
13,Metropolitana,13119,Maipú,1,1,15,17163
13,Metropolitana,13119,Maipú,2,1,15,77
13,Metropolitana,13119,Maipú,2,1,20,80
13,Metropolitana,13119,Maipú,1,1,20,19419
13,Metropolitana,13119,Maipú,1,1,25,19758
13,Metropolitana,13119,Maipú,2,1,25,90
13,Metropolitana,13119,Maipú,2,1,30,117
13,Metropolitana,13119,Maipú,1,1,30,19874
13,Metropolitana,13119,Maipú,2,1,35,103
13,Metropolitana,13119,Maipú,1,1,35,17543
13,Metropolitana,13119,Maipú,2,1,40,79
13,Metropolitana,13119,Maipú,1,1,40,15398
13,Metropolitana,13119,Maipú,2,1,45,94
13,Metropolitana,13119,Maipú,1,1,45,13818
13,Metropolitana,13119,Maipú,2,1,50,89
13,Metropolitana,13119,Maipú,1,1,50,14644
13,Metropolitana,13119,Maipú,2,1,55,73
13,Metropolitana,13119,Maipú,1,1,55,15315
13,Metropolitana,13119,Maipú,2,1,60,106
13,Metropolitana,13119,Maipú,1,1,60,15843
13,Metropolitana,13119,Maipú,2,1,65,81
13,Metropolitana,13119,Maipú,1,1,65,12162
13,Metropolitana,13119,Maipú,2,1,70,46
13,Metropolitana,13119,Maipú,1,1,70,7765
13,Metropolitana,13119,Maipú,2,1,75,27
13,Metropolitana,13119,Maipú,1,1,75,5182
13,Metropolitana,13119,Maipú,2,1,80,19
13,Metropolitana,13119,Maipú,1,1,80,2929
13,Metropolitana,13119,Maipú,2,1,85,15
13,Metropolitana,13119,Maipú,1,1,85,1712
13,Metropolitana,13119,Maipú,1,2,0,9853
13,Metropolitana,13119,Maipú,2,2,0,71
13,Metropolitana,13119,Maipú,2,2,5,71
13,Metropolitana,13119,Maipú,1,2,5,13796
13,Metropolitana,13119,Maipú,2,2,10,123
13,Metropolitana,13119,Maipú,1,2,10,15776
13,Metropolitana,13119,Maipú,1,2,15,16007
13,Metropolitana,13119,Maipú,2,2,15,84
13,Metropolitana,13119,Maipú,1,2,20,18091
13,Metropolitana,13119,Maipú,2,2,20,74
13,Metropolitana,13119,Maipú,1,2,25,18843
13,Metropolitana,13119,Maipú,2,2,25,102
13,Metropolitana,13119,Maipú,2,2,30,109
13,Metropolitana,13119,Maipú,1,2,30,19313
13,Metropolitana,13119,Maipú,2,2,35,91
13,Metropolitana,13119,Maipú,1,2,35,18328
13,Metropolitana,13119,Maipú,1,2,40,16807
13,Metropolitana,13119,Maipú,2,2,40,85
13,Metropolitana,13119,Maipú,1,2,45,15794
13,Metropolitana,13119,Maipú,2,2,45,60
13,Metropolitana,13119,Maipú,1,2,50,18175
13,Metropolitana,13119,Maipú,2,2,50,62
13,Metropolitana,13119,Maipú,1,2,55,19590
13,Metropolitana,13119,Maipú,2,2,55,98
13,Metropolitana,13119,Maipú,2,2,60,83
13,Metropolitana,13119,Maipú,1,2,60,20057
13,Metropolitana,13119,Maipú,2,2,65,62
13,Metropolitana,13119,Maipú,1,2,65,14855
13,Metropolitana,13119,Maipú,2,2,70,47
13,Metropolitana,13119,Maipú,1,2,70,10224
13,Metropolitana,13119,Maipú,2,2,75,20
13,Metropolitana,13119,Maipú,1,2,75,7297
13,Metropolitana,13119,Maipú,2,2,80,12
13,Metropolitana,13119,Maipú,1,2,80,4607
13,Metropolitana,13119,Maipú,2,2,85,16
13,Metropolitana,13119,Maipú,1,2,85,4049
13,Metropolitana,13120,Ñuñoa,1,1,0,4902
13,Metropolitana,13120,Ñuñoa,1,1,5,5633
13,Metropolitana,13120,Ñuñoa,1,1,10,5360
13,Metropolitana,13120,Ñuñoa,1,1,15,5278
13,Metropolitana,13120,Ñuñoa,1,1,20,6752
13,Metropolitana,13120,Ñuñoa,1,1,25,9406
13,Metropolitana,13120,Ñuñoa,1,1,30,14189
13,Metropolitana,13120,Ñuñoa,1,1,35,13136
13,Metropolitana,13120,Ñuñoa,1,1,40,10162
13,Metropolitana,13120,Ñuñoa,1,1,45,7674
13,Metropolitana,13120,Ñuñoa,1,1,50,6093
13,Metropolitana,13120,Ñuñoa,1,1,55,5006
13,Metropolitana,13120,Ñuñoa,1,1,60,5035
13,Metropolitana,13120,Ñuñoa,1,1,65,4225
13,Metropolitana,13120,Ñuñoa,1,1,70,3146
13,Metropolitana,13120,Ñuñoa,1,1,75,2361
13,Metropolitana,13120,Ñuñoa,1,1,80,1651
13,Metropolitana,13120,Ñuñoa,1,1,85,1604
13,Metropolitana,13120,Ñuñoa,1,2,0,4579
13,Metropolitana,13120,Ñuñoa,1,2,5,5398
13,Metropolitana,13120,Ñuñoa,1,2,10,5266
13,Metropolitana,13120,Ñuñoa,1,2,15,5281
13,Metropolitana,13120,Ñuñoa,1,2,20,7229
13,Metropolitana,13120,Ñuñoa,1,2,25,10408
13,Metropolitana,13120,Ñuñoa,1,2,30,14858
13,Metropolitana,13120,Ñuñoa,1,2,35,13519
13,Metropolitana,13120,Ñuñoa,1,2,40,10894
13,Metropolitana,13120,Ñuñoa,1,2,45,8568
13,Metropolitana,13120,Ñuñoa,1,2,50,7424
13,Metropolitana,13120,Ñuñoa,1,2,55,6500
13,Metropolitana,13120,Ñuñoa,1,2,60,7137
13,Metropolitana,13120,Ñuñoa,1,2,65,6370
13,Metropolitana,13120,Ñuñoa,1,2,70,4932
13,Metropolitana,13120,Ñuñoa,1,2,75,4132
13,Metropolitana,13120,Ñuñoa,1,2,80,3194
13,Metropolitana,13120,Ñuñoa,1,2,85,4165
13,Metropolitana,13121,Pedro Aguirre Cerda,1,1,0,2144
13,Metropolitana,13121,Pedro Aguirre Cerda,1,1,5,2783
13,Metropolitana,13121,Pedro Aguirre Cerda,1,1,10,3038
13,Metropolitana,13121,Pedro Aguirre Cerda,1,1,15,2984
13,Metropolitana,13121,Pedro Aguirre Cerda,1,1,20,3214
13,Metropolitana,13121,Pedro Aguirre Cerda,1,1,25,3596
13,Metropolitana,13121,Pedro Aguirre Cerda,1,1,30,3748
13,Metropolitana,13121,Pedro Aguirre Cerda,1,1,35,3456
13,Metropolitana,13121,Pedro Aguirre Cerda,1,1,40,3065
13,Metropolitana,13121,Pedro Aguirre Cerda,1,1,45,2567
13,Metropolitana,13121,Pedro Aguirre Cerda,1,1,50,2668
13,Metropolitana,13121,Pedro Aguirre Cerda,1,1,55,2970
13,Metropolitana,13121,Pedro Aguirre Cerda,1,1,60,3495
13,Metropolitana,13121,Pedro Aguirre Cerda,1,1,65,2841
13,Metropolitana,13121,Pedro Aguirre Cerda,1,1,70,1875
13,Metropolitana,13121,Pedro Aguirre Cerda,1,1,75,1248
13,Metropolitana,13121,Pedro Aguirre Cerda,1,1,80,727
13,Metropolitana,13121,Pedro Aguirre Cerda,1,1,85,654
13,Metropolitana,13121,Pedro Aguirre Cerda,1,2,0,1976
13,Metropolitana,13121,Pedro Aguirre Cerda,1,2,5,2622
13,Metropolitana,13121,Pedro Aguirre Cerda,1,2,10,2860
13,Metropolitana,13121,Pedro Aguirre Cerda,1,2,15,2757
13,Metropolitana,13121,Pedro Aguirre Cerda,1,2,20,3059
13,Metropolitana,13121,Pedro Aguirre Cerda,1,2,25,3431
13,Metropolitana,13121,Pedro Aguirre Cerda,1,2,30,3553
13,Metropolitana,13121,Pedro Aguirre Cerda,1,2,35,3161
13,Metropolitana,13121,Pedro Aguirre Cerda,1,2,40,2914
13,Metropolitana,13121,Pedro Aguirre Cerda,1,2,45,2609
13,Metropolitana,13121,Pedro Aguirre Cerda,1,2,50,2825
13,Metropolitana,13121,Pedro Aguirre Cerda,1,2,55,3257
13,Metropolitana,13121,Pedro Aguirre Cerda,1,2,60,3754
13,Metropolitana,13121,Pedro Aguirre Cerda,1,2,65,3272
13,Metropolitana,13121,Pedro Aguirre Cerda,1,2,70,2361
13,Metropolitana,13121,Pedro Aguirre Cerda,1,2,75,1749
13,Metropolitana,13121,Pedro Aguirre Cerda,1,2,80,1265
13,Metropolitana,13121,Pedro Aguirre Cerda,1,2,85,1564
13,Metropolitana,13122,Peñalolén,1,1,0,4882
13,Metropolitana,13122,Peñalolén,1,1,5,7111
13,Metropolitana,13122,Peñalolén,1,1,10,8391
13,Metropolitana,13122,Peñalolén,1,1,15,8469
13,Metropolitana,13122,Peñalolén,1,1,20,9158
13,Metropolitana,13122,Peñalolén,1,1,25,9117
13,Metropolitana,13122,Peñalolén,1,1,30,8788
13,Metropolitana,13122,Peñalolén,1,1,35,7688
13,Metropolitana,13122,Peñalolén,1,1,40,7449
13,Metropolitana,13122,Peñalolén,1,1,45,7537
13,Metropolitana,13122,Peñalolén,1,1,50,8482
13,Metropolitana,13122,Peñalolén,1,1,55,7555
13,Metropolitana,13122,Peñalolén,1,1,60,6401
13,Metropolitana,13122,Peñalolén,1,1,65,4677
13,Metropolitana,13122,Peñalolén,1,1,70,3498
13,Metropolitana,13122,Peñalolén,1,1,75,2528
13,Metropolitana,13122,Peñalolén,1,1,80,1600
13,Metropolitana,13122,Peñalolén,1,1,85,929
13,Metropolitana,13122,Peñalolén,1,2,0,4748
13,Metropolitana,13122,Peñalolén,1,2,5,6959
13,Metropolitana,13122,Peñalolén,1,2,10,8031
13,Metropolitana,13122,Peñalolén,1,2,15,8239
13,Metropolitana,13122,Peñalolén,1,2,20,8801
13,Metropolitana,13122,Peñalolén,1,2,25,8721
13,Metropolitana,13122,Peñalolén,1,2,30,8545
13,Metropolitana,13122,Peñalolén,1,2,35,7863
13,Metropolitana,13122,Peñalolén,1,2,40,8091
13,Metropolitana,13122,Peñalolén,1,2,45,8636
13,Metropolitana,13122,Peñalolén,1,2,50,9450
13,Metropolitana,13122,Peñalolén,1,2,55,8477
13,Metropolitana,13122,Peñalolén,1,2,60,7334
13,Metropolitana,13122,Peñalolén,1,2,65,5698
13,Metropolitana,13122,Peñalolén,1,2,70,4363
13,Metropolitana,13122,Peñalolén,1,2,75,3636
13,Metropolitana,13122,Peñalolén,1,2,80,2515
13,Metropolitana,13122,Peñalolén,1,2,85,2111
13,Metropolitana,13123,Providencia,1,1,0,2816
13,Metropolitana,13123,Providencia,1,1,5,3031
13,Metropolitana,13123,Providencia,1,1,10,2800
13,Metropolitana,13123,Providencia,1,1,15,2964
13,Metropolitana,13123,Providencia,1,1,20,4524
13,Metropolitana,13123,Providencia,1,1,25,5658
13,Metropolitana,13123,Providencia,1,1,30,7983
13,Metropolitana,13123,Providencia,1,1,35,7931
13,Metropolitana,13123,Providencia,1,1,40,6295
13,Metropolitana,13123,Providencia,1,1,45,4997
13,Metropolitana,13123,Providencia,1,1,50,3963
13,Metropolitana,13123,Providencia,1,1,55,3080
13,Metropolitana,13123,Providencia,1,1,60,2795
13,Metropolitana,13123,Providencia,1,1,65,2403
13,Metropolitana,13123,Providencia,1,1,70,1987
13,Metropolitana,13123,Providencia,1,1,75,1731
13,Metropolitana,13123,Providencia,1,1,80,1206
13,Metropolitana,13123,Providencia,1,1,85,1165
13,Metropolitana,13123,Providencia,1,2,0,2766
13,Metropolitana,13123,Providencia,1,2,5,2979
13,Metropolitana,13123,Providencia,1,2,10,2731
13,Metropolitana,13123,Providencia,1,2,15,2890
13,Metropolitana,13123,Providencia,1,2,20,4492
13,Metropolitana,13123,Providencia,1,2,25,6194
13,Metropolitana,13123,Providencia,1,2,30,8354
13,Metropolitana,13123,Providencia,1,2,35,7981
13,Metropolitana,13123,Providencia,1,2,40,6623
13,Metropolitana,13123,Providencia,1,2,45,5275
13,Metropolitana,13123,Providencia,1,2,50,4397
13,Metropolitana,13123,Providencia,1,2,55,3665
13,Metropolitana,13123,Providencia,1,2,60,3685
13,Metropolitana,13123,Providencia,1,2,65,3611
13,Metropolitana,13123,Providencia,1,2,70,3072
13,Metropolitana,13123,Providencia,1,2,75,2754
13,Metropolitana,13123,Providencia,1,2,80,2219
13,Metropolitana,13123,Providencia,1,2,85,2957
13,Metropolitana,13124,Pudahuel,1,1,0,5008
13,Metropolitana,13124,Pudahuel,2,1,0,218
13,Metropolitana,13124,Pudahuel,2,1,5,262
13,Metropolitana,13124,Pudahuel,1,1,5,6897
13,Metropolitana,13124,Pudahuel,2,1,10,240
13,Metropolitana,13124,Pudahuel,1,1,10,7727
13,Metropolitana,13124,Pudahuel,2,1,15,256
13,Metropolitana,13124,Pudahuel,1,1,15,8021
13,Metropolitana,13124,Pudahuel,1,1,20,8354
13,Metropolitana,13124,Pudahuel,2,1,20,234
13,Metropolitana,13124,Pudahuel,1,1,25,8499
13,Metropolitana,13124,Pudahuel,2,1,25,244
13,Metropolitana,13124,Pudahuel,2,1,30,303
13,Metropolitana,13124,Pudahuel,1,1,30,8755
13,Metropolitana,13124,Pudahuel,1,1,35,7765
13,Metropolitana,13124,Pudahuel,2,1,35,304
13,Metropolitana,13124,Pudahuel,2,1,40,245
13,Metropolitana,13124,Pudahuel,1,1,40,7138
13,Metropolitana,13124,Pudahuel,2,1,45,197
13,Metropolitana,13124,Pudahuel,1,1,45,6613
13,Metropolitana,13124,Pudahuel,2,1,50,223
13,Metropolitana,13124,Pudahuel,1,1,50,6877
13,Metropolitana,13124,Pudahuel,2,1,55,195
13,Metropolitana,13124,Pudahuel,1,1,55,6635
13,Metropolitana,13124,Pudahuel,2,1,60,146
13,Metropolitana,13124,Pudahuel,1,1,60,6599
13,Metropolitana,13124,Pudahuel,2,1,65,112
13,Metropolitana,13124,Pudahuel,1,1,65,4731
13,Metropolitana,13124,Pudahuel,2,1,70,78
13,Metropolitana,13124,Pudahuel,1,1,70,2994
13,Metropolitana,13124,Pudahuel,2,1,75,43
13,Metropolitana,13124,Pudahuel,1,1,75,1876
13,Metropolitana,13124,Pudahuel,2,1,80,18
13,Metropolitana,13124,Pudahuel,1,1,80,1134
13,Metropolitana,13124,Pudahuel,1,1,85,716
13,Metropolitana,13124,Pudahuel,2,1,85,16
13,Metropolitana,13124,Pudahuel,1,2,0,4886
13,Metropolitana,13124,Pudahuel,2,2,0,233
13,Metropolitana,13124,Pudahuel,1,2,5,6899
13,Metropolitana,13124,Pudahuel,2,2,5,241
13,Metropolitana,13124,Pudahuel,1,2,10,7626
13,Metropolitana,13124,Pudahuel,2,2,10,304
13,Metropolitana,13124,Pudahuel,2,2,15,258
13,Metropolitana,13124,Pudahuel,1,2,15,7454
13,Metropolitana,13124,Pudahuel,2,2,20,209
13,Metropolitana,13124,Pudahuel,1,2,20,7794
13,Metropolitana,13124,Pudahuel,2,2,25,251
13,Metropolitana,13124,Pudahuel,1,2,25,8433
13,Metropolitana,13124,Pudahuel,2,2,30,333
13,Metropolitana,13124,Pudahuel,1,2,30,8580
13,Metropolitana,13124,Pudahuel,2,2,35,305
13,Metropolitana,13124,Pudahuel,1,2,35,7995
13,Metropolitana,13124,Pudahuel,2,2,40,219
13,Metropolitana,13124,Pudahuel,1,2,40,7737
13,Metropolitana,13124,Pudahuel,2,2,45,212
13,Metropolitana,13124,Pudahuel,1,2,45,7419
13,Metropolitana,13124,Pudahuel,1,2,50,8006
13,Metropolitana,13124,Pudahuel,2,2,50,199
13,Metropolitana,13124,Pudahuel,1,2,55,8282
13,Metropolitana,13124,Pudahuel,2,2,55,182
13,Metropolitana,13124,Pudahuel,2,2,60,135
13,Metropolitana,13124,Pudahuel,1,2,60,7860
13,Metropolitana,13124,Pudahuel,2,2,65,99
13,Metropolitana,13124,Pudahuel,1,2,65,5748
13,Metropolitana,13124,Pudahuel,1,2,70,3799
13,Metropolitana,13124,Pudahuel,2,2,70,64
13,Metropolitana,13124,Pudahuel,2,2,75,40
13,Metropolitana,13124,Pudahuel,1,2,75,2761
13,Metropolitana,13124,Pudahuel,2,2,80,31
13,Metropolitana,13124,Pudahuel,1,2,80,1915
13,Metropolitana,13124,Pudahuel,2,2,85,19
13,Metropolitana,13124,Pudahuel,1,2,85,1619
13,Metropolitana,13125,Quilicura,2,1,0,16
13,Metropolitana,13125,Quilicura,1,1,0,5192
13,Metropolitana,13125,Quilicura,2,1,5,13
13,Metropolitana,13125,Quilicura,1,1,5,7020
13,Metropolitana,13125,Quilicura,2,1,10,20
13,Metropolitana,13125,Quilicura,1,1,10,7779
13,Metropolitana,13125,Quilicura,1,1,15,8105
13,Metropolitana,13125,Quilicura,2,1,15,16
13,Metropolitana,13125,Quilicura,2,1,20,20
13,Metropolitana,13125,Quilicura,1,1,20,8644
13,Metropolitana,13125,Quilicura,1,1,25,8333
13,Metropolitana,13125,Quilicura,2,1,25,26
13,Metropolitana,13125,Quilicura,2,1,30,16
13,Metropolitana,13125,Quilicura,1,1,30,8186
13,Metropolitana,13125,Quilicura,1,1,35,7435
13,Metropolitana,13125,Quilicura,2,1,35,17
13,Metropolitana,13125,Quilicura,1,1,40,6690
13,Metropolitana,13125,Quilicura,2,1,40,12
13,Metropolitana,13125,Quilicura,1,1,45,6170
13,Metropolitana,13125,Quilicura,2,1,45,19
13,Metropolitana,13125,Quilicura,1,1,50,6960
13,Metropolitana,13125,Quilicura,2,1,50,18
13,Metropolitana,13125,Quilicura,2,1,55,20
13,Metropolitana,13125,Quilicura,1,1,55,6197
13,Metropolitana,13125,Quilicura,1,1,60,5044
13,Metropolitana,13125,Quilicura,2,1,60,15
13,Metropolitana,13125,Quilicura,2,1,65,12
13,Metropolitana,13125,Quilicura,1,1,65,3521
13,Metropolitana,13125,Quilicura,1,1,70,2050
13,Metropolitana,13125,Quilicura,2,1,70,9
13,Metropolitana,13125,Quilicura,2,1,75,5
13,Metropolitana,13125,Quilicura,1,1,75,1148
13,Metropolitana,13125,Quilicura,1,1,80,610
13,Metropolitana,13125,Quilicura,2,1,80,1
13,Metropolitana,13125,Quilicura,1,1,85,309
13,Metropolitana,13125,Quilicura,2,1,85,1
13,Metropolitana,13125,Quilicura,1,2,0,5015
13,Metropolitana,13125,Quilicura,2,2,0,22
13,Metropolitana,13125,Quilicura,2,2,5,20
13,Metropolitana,13125,Quilicura,1,2,5,6660
13,Metropolitana,13125,Quilicura,1,2,10,7408
13,Metropolitana,13125,Quilicura,2,2,10,12
13,Metropolitana,13125,Quilicura,2,2,15,15
13,Metropolitana,13125,Quilicura,1,2,15,7780
13,Metropolitana,13125,Quilicura,1,2,20,8055
13,Metropolitana,13125,Quilicura,2,2,20,18
13,Metropolitana,13125,Quilicura,2,2,25,18
13,Metropolitana,13125,Quilicura,1,2,25,8159
13,Metropolitana,13125,Quilicura,1,2,30,8238
13,Metropolitana,13125,Quilicura,2,2,30,20
13,Metropolitana,13125,Quilicura,1,2,35,7722
13,Metropolitana,13125,Quilicura,2,2,35,11
13,Metropolitana,13125,Quilicura,1,2,40,7210
13,Metropolitana,13125,Quilicura,2,2,40,15
13,Metropolitana,13125,Quilicura,1,2,45,7701
13,Metropolitana,13125,Quilicura,2,2,45,9
13,Metropolitana,13125,Quilicura,1,2,50,8204
13,Metropolitana,13125,Quilicura,2,2,50,9
13,Metropolitana,13125,Quilicura,1,2,55,7201
13,Metropolitana,13125,Quilicura,2,2,55,7
13,Metropolitana,13125,Quilicura,1,2,60,6120
13,Metropolitana,13125,Quilicura,2,2,60,8
13,Metropolitana,13125,Quilicura,1,2,65,4105
13,Metropolitana,13125,Quilicura,2,2,65,8
13,Metropolitana,13125,Quilicura,2,2,70,4
13,Metropolitana,13125,Quilicura,1,2,70,2705
13,Metropolitana,13125,Quilicura,1,2,75,1661
13,Metropolitana,13125,Quilicura,2,2,75,5
13,Metropolitana,13125,Quilicura,1,2,80,1041
13,Metropolitana,13125,Quilicura,1,2,85,789
13,Metropolitana,13126,Quinta Normal,1,1,0,3116
13,Metropolitana,13126,Quinta Normal,1,1,5,3963
13,Metropolitana,13126,Quinta Normal,1,1,10,4202
13,Metropolitana,13126,Quinta Normal,1,1,15,4104
13,Metropolitana,13126,Quinta Normal,1,1,20,4707
13,Metropolitana,13126,Quinta Normal,1,1,25,5565
13,Metropolitana,13126,Quinta Normal,1,1,30,6138
13,Metropolitana,13126,Quinta Normal,1,1,35,5498
13,Metropolitana,13126,Quinta Normal,1,1,40,4581
13,Metropolitana,13126,Quinta Normal,1,1,45,3840
13,Metropolitana,13126,Quinta Normal,1,1,50,3677
13,Metropolitana,13126,Quinta Normal,1,1,55,3401
13,Metropolitana,13126,Quinta Normal,1,1,60,3248
13,Metropolitana,13126,Quinta Normal,1,1,65,2431
13,Metropolitana,13126,Quinta Normal,1,1,70,1764
13,Metropolitana,13126,Quinta Normal,1,1,75,1369
13,Metropolitana,13126,Quinta Normal,1,1,80,871
13,Metropolitana,13126,Quinta Normal,1,1,85,655
13,Metropolitana,13126,Quinta Normal,1,2,0,3004
13,Metropolitana,13126,Quinta Normal,1,2,5,3837
13,Metropolitana,13126,Quinta Normal,1,2,10,3942
13,Metropolitana,13126,Quinta Normal,1,2,15,3797
13,Metropolitana,13126,Quinta Normal,1,2,20,4547
13,Metropolitana,13126,Quinta Normal,1,2,25,5494
13,Metropolitana,13126,Quinta Normal,1,2,30,5624
13,Metropolitana,13126,Quinta Normal,1,2,35,5338
13,Metropolitana,13126,Quinta Normal,1,2,40,4576
13,Metropolitana,13126,Quinta Normal,1,2,45,4152
13,Metropolitana,13126,Quinta Normal,1,2,50,4086
13,Metropolitana,13126,Quinta Normal,1,2,55,3847
13,Metropolitana,13126,Quinta Normal,1,2,60,3923
13,Metropolitana,13126,Quinta Normal,1,2,65,3019
13,Metropolitana,13126,Quinta Normal,1,2,70,2298
13,Metropolitana,13126,Quinta Normal,1,2,75,1918
13,Metropolitana,13126,Quinta Normal,1,2,80,1391
13,Metropolitana,13126,Quinta Normal,1,2,85,1428
13,Metropolitana,13127,Recoleta,1,1,0,3660
13,Metropolitana,13127,Recoleta,1,1,5,4583
13,Metropolitana,13127,Recoleta,1,1,10,4736
13,Metropolitana,13127,Recoleta,1,1,15,4927
13,Metropolitana,13127,Recoleta,1,1,20,5708
13,Metropolitana,13127,Recoleta,1,1,25,6276
13,Metropolitana,13127,Recoleta,1,1,30,6678
13,Metropolitana,13127,Recoleta,1,1,35,6164
13,Metropolitana,13127,Recoleta,1,1,40,5436
13,Metropolitana,13127,Recoleta,1,1,45,5003
13,Metropolitana,13127,Recoleta,1,1,50,4879
13,Metropolitana,13127,Recoleta,1,1,55,4545
13,Metropolitana,13127,Recoleta,1,1,60,4029
13,Metropolitana,13127,Recoleta,1,1,65,3261
13,Metropolitana,13127,Recoleta,1,1,70,2454
13,Metropolitana,13127,Recoleta,1,1,75,1810
13,Metropolitana,13127,Recoleta,1,1,80,1163
13,Metropolitana,13127,Recoleta,1,1,85,708
13,Metropolitana,13127,Recoleta,1,2,0,3450
13,Metropolitana,13127,Recoleta,1,2,5,4430
13,Metropolitana,13127,Recoleta,1,2,10,4627
13,Metropolitana,13127,Recoleta,1,2,15,4723
13,Metropolitana,13127,Recoleta,1,2,20,5259
13,Metropolitana,13127,Recoleta,1,2,25,6004
13,Metropolitana,13127,Recoleta,1,2,30,6313
13,Metropolitana,13127,Recoleta,1,2,35,5753
13,Metropolitana,13127,Recoleta,1,2,40,5369
13,Metropolitana,13127,Recoleta,1,2,45,5000
13,Metropolitana,13127,Recoleta,1,2,50,5194
13,Metropolitana,13127,Recoleta,1,2,55,4627
13,Metropolitana,13127,Recoleta,1,2,60,4650
13,Metropolitana,13127,Recoleta,1,2,65,3728
13,Metropolitana,13127,Recoleta,1,2,70,3168
13,Metropolitana,13127,Recoleta,1,2,75,2521
13,Metropolitana,13127,Recoleta,1,2,80,1916
13,Metropolitana,13127,Recoleta,1,2,85,1863
13,Metropolitana,13128,Renca,1,1,0,3654
13,Metropolitana,13128,Renca,1,1,5,4984
13,Metropolitana,13128,Renca,1,1,10,5469
13,Metropolitana,13128,Renca,1,1,15,5339
13,Metropolitana,13128,Renca,1,1,20,5406
13,Metropolitana,13128,Renca,1,1,25,5431
13,Metropolitana,13128,Renca,1,1,30,5646
13,Metropolitana,13128,Renca,1,1,35,5015
13,Metropolitana,13128,Renca,1,1,40,4840
13,Metropolitana,13128,Renca,1,1,45,4412
13,Metropolitana,13128,Renca,1,1,50,4594
13,Metropolitana,13128,Renca,1,1,55,3847
13,Metropolitana,13128,Renca,1,1,60,3580
13,Metropolitana,13128,Renca,1,1,65,2817
13,Metropolitana,13128,Renca,1,1,70,2087
13,Metropolitana,13128,Renca,1,1,75,1587
13,Metropolitana,13128,Renca,1,1,80,798
13,Metropolitana,13128,Renca,1,1,85,479
13,Metropolitana,13128,Renca,1,2,0,3752
13,Metropolitana,13128,Renca,1,2,5,4709
13,Metropolitana,13128,Renca,1,2,10,5135
13,Metropolitana,13128,Renca,1,2,15,5048
13,Metropolitana,13128,Renca,1,2,20,5182
13,Metropolitana,13128,Renca,1,2,25,5487
13,Metropolitana,13128,Renca,1,2,30,5422
13,Metropolitana,13128,Renca,1,2,35,5081
13,Metropolitana,13128,Renca,1,2,40,5070
13,Metropolitana,13128,Renca,1,2,45,4819
13,Metropolitana,13128,Renca,1,2,50,4880
13,Metropolitana,13128,Renca,1,2,55,4282
13,Metropolitana,13128,Renca,1,2,60,4150
13,Metropolitana,13128,Renca,1,2,65,3465
13,Metropolitana,13128,Renca,1,2,70,2691
13,Metropolitana,13128,Renca,1,2,75,2032
13,Metropolitana,13128,Renca,1,2,80,1391
13,Metropolitana,13128,Renca,1,2,85,1041
13,Metropolitana,13129,San Joaquín,1,1,0,2068
13,Metropolitana,13129,San Joaquín,1,1,5,2624
13,Metropolitana,13129,San Joaquín,1,1,10,2833
13,Metropolitana,13129,San Joaquín,1,1,15,3096
13,Metropolitana,13129,San Joaquín,1,1,20,3551
13,Metropolitana,13129,San Joaquín,1,1,25,3744
13,Metropolitana,13129,San Joaquín,1,1,30,4032
13,Metropolitana,13129,San Joaquín,1,1,35,3528
13,Metropolitana,13129,San Joaquín,1,1,40,3057
13,Metropolitana,13129,San Joaquín,1,1,45,2579
13,Metropolitana,13129,San Joaquín,1,1,50,2783
13,Metropolitana,13129,San Joaquín,1,1,55,2819
13,Metropolitana,13129,San Joaquín,1,1,60,2842
13,Metropolitana,13129,San Joaquín,1,1,65,2191
13,Metropolitana,13129,San Joaquín,1,1,70,1560
13,Metropolitana,13129,San Joaquín,1,1,75,1239
13,Metropolitana,13129,San Joaquín,1,1,80,850
13,Metropolitana,13129,San Joaquín,1,1,85,587
13,Metropolitana,13129,San Joaquín,1,2,0,1934
13,Metropolitana,13129,San Joaquín,1,2,5,2632
13,Metropolitana,13129,San Joaquín,1,2,10,2761
13,Metropolitana,13129,San Joaquín,1,2,15,2765
13,Metropolitana,13129,San Joaquín,1,2,20,3394
13,Metropolitana,13129,San Joaquín,1,2,25,3812
13,Metropolitana,13129,San Joaquín,1,2,30,4096
13,Metropolitana,13129,San Joaquín,1,2,35,3512
13,Metropolitana,13129,San Joaquín,1,2,40,3163
13,Metropolitana,13129,San Joaquín,1,2,45,2776
13,Metropolitana,13129,San Joaquín,1,2,50,3020
13,Metropolitana,13129,San Joaquín,1,2,55,3134
13,Metropolitana,13129,San Joaquín,1,2,60,3254
13,Metropolitana,13129,San Joaquín,1,2,65,2704
13,Metropolitana,13129,San Joaquín,1,2,70,2142
13,Metropolitana,13129,San Joaquín,1,2,75,1837
13,Metropolitana,13129,San Joaquín,1,2,80,1298
13,Metropolitana,13129,San Joaquín,1,2,85,1385
13,Metropolitana,13130,San Miguel,1,1,0,3786
13,Metropolitana,13130,San Miguel,1,1,5,4193
13,Metropolitana,13130,San Miguel,1,1,10,4108
13,Metropolitana,13130,San Miguel,1,1,15,3803
13,Metropolitana,13130,San Miguel,1,1,20,4594
13,Metropolitana,13130,San Miguel,1,1,25,6591
13,Metropolitana,13130,San Miguel,1,1,30,9114
13,Metropolitana,13130,San Miguel,1,1,35,8266
13,Metropolitana,13130,San Miguel,1,1,40,5972
13,Metropolitana,13130,San Miguel,1,1,45,4296
13,Metropolitana,13130,San Miguel,1,1,50,3640
13,Metropolitana,13130,San Miguel,1,1,55,3208
13,Metropolitana,13130,San Miguel,1,1,60,3036
13,Metropolitana,13130,San Miguel,1,1,65,2270
13,Metropolitana,13130,San Miguel,1,1,70,1661
13,Metropolitana,13130,San Miguel,1,1,75,1187
13,Metropolitana,13130,San Miguel,1,1,80,845
13,Metropolitana,13130,San Miguel,1,1,85,659
13,Metropolitana,13130,San Miguel,1,2,0,3535
13,Metropolitana,13130,San Miguel,1,2,5,4019
13,Metropolitana,13130,San Miguel,1,2,10,3921
13,Metropolitana,13130,San Miguel,1,2,15,3775
13,Metropolitana,13130,San Miguel,1,2,20,5042
13,Metropolitana,13130,San Miguel,1,2,25,7392
13,Metropolitana,13130,San Miguel,1,2,30,9697
13,Metropolitana,13130,San Miguel,1,2,35,8211
13,Metropolitana,13130,San Miguel,1,2,40,6126
13,Metropolitana,13130,San Miguel,1,2,45,4782
13,Metropolitana,13130,San Miguel,1,2,50,4322
13,Metropolitana,13130,San Miguel,1,2,55,4010
13,Metropolitana,13130,San Miguel,1,2,60,4067
13,Metropolitana,13130,San Miguel,1,2,65,3273
13,Metropolitana,13130,San Miguel,1,2,70,2384
13,Metropolitana,13130,San Miguel,1,2,75,1901
13,Metropolitana,13130,San Miguel,1,2,80,1453
13,Metropolitana,13130,San Miguel,1,2,85,1690
13,Metropolitana,13131,San Ramón,1,1,0,1695
13,Metropolitana,13131,San Ramón,1,1,5,2307
13,Metropolitana,13131,San Ramón,1,1,10,2433
13,Metropolitana,13131,San Ramón,1,1,15,2593
13,Metropolitana,13131,San Ramón,1,1,20,2836
13,Metropolitana,13131,San Ramón,1,1,25,2945
13,Metropolitana,13131,San Ramón,1,1,30,2901
13,Metropolitana,13131,San Ramón,1,1,35,2435
13,Metropolitana,13131,San Ramón,1,1,40,2192
13,Metropolitana,13131,San Ramón,1,1,45,2128
13,Metropolitana,13131,San Ramón,1,1,50,2770
13,Metropolitana,13131,San Ramón,1,1,55,2654
13,Metropolitana,13131,San Ramón,1,1,60,2266
13,Metropolitana,13131,San Ramón,1,1,65,1564
13,Metropolitana,13131,San Ramón,1,1,70,1253
13,Metropolitana,13131,San Ramón,1,1,75,1149
13,Metropolitana,13131,San Ramón,1,1,80,822
13,Metropolitana,13131,San Ramón,1,1,85,474
13,Metropolitana,13131,San Ramón,1,2,0,1589
13,Metropolitana,13131,San Ramón,1,2,5,2182
13,Metropolitana,13131,San Ramón,1,2,10,2285
13,Metropolitana,13131,San Ramón,1,2,15,2362
13,Metropolitana,13131,San Ramón,1,2,20,2745
13,Metropolitana,13131,San Ramón,1,2,25,2773
13,Metropolitana,13131,San Ramón,1,2,30,2696
13,Metropolitana,13131,San Ramón,1,2,35,2345
13,Metropolitana,13131,San Ramón,1,2,40,2177
13,Metropolitana,13131,San Ramón,1,2,45,2180
13,Metropolitana,13131,San Ramón,1,2,50,2609
13,Metropolitana,13131,San Ramón,1,2,55,2773
13,Metropolitana,13131,San Ramón,1,2,60,2400
13,Metropolitana,13131,San Ramón,1,2,65,1847
13,Metropolitana,13131,San Ramón,1,2,70,1710
13,Metropolitana,13131,San Ramón,1,2,75,1675
13,Metropolitana,13131,San Ramón,1,2,80,1207
13,Metropolitana,13131,San Ramón,1,2,85,1030
13,Metropolitana,13132,Vitacura,1,1,0,2513
13,Metropolitana,13132,Vitacura,1,1,5,2589
13,Metropolitana,13132,Vitacura,1,1,10,2480
13,Metropolitana,13132,Vitacura,1,1,15,2632
13,Metropolitana,13132,Vitacura,1,1,20,2689
13,Metropolitana,13132,Vitacura,1,1,25,2704
13,Metropolitana,13132,Vitacura,1,1,30,2796
13,Metropolitana,13132,Vitacura,1,1,35,2948
13,Metropolitana,13132,Vitacura,1,1,40,2832
13,Metropolitana,13132,Vitacura,1,1,45,2549
13,Metropolitana,13132,Vitacura,1,1,50,2418
13,Metropolitana,13132,Vitacura,1,1,55,2080
13,Metropolitana,13132,Vitacura,1,1,60,1953
13,Metropolitana,13132,Vitacura,1,1,65,1655
13,Metropolitana,13132,Vitacura,1,1,70,1456
13,Metropolitana,13132,Vitacura,1,1,75,1472
13,Metropolitana,13132,Vitacura,1,1,80,1129
13,Metropolitana,13132,Vitacura,1,1,85,1019
13,Metropolitana,13132,Vitacura,1,2,0,2478
13,Metropolitana,13132,Vitacura,1,2,5,2550
13,Metropolitana,13132,Vitacura,1,2,10,2405
13,Metropolitana,13132,Vitacura,1,2,15,2643
13,Metropolitana,13132,Vitacura,1,2,20,2723
13,Metropolitana,13132,Vitacura,1,2,25,2773
13,Metropolitana,13132,Vitacura,1,2,30,3007
13,Metropolitana,13132,Vitacura,1,2,35,3186
13,Metropolitana,13132,Vitacura,1,2,40,3128
13,Metropolitana,13132,Vitacura,1,2,45,3159
13,Metropolitana,13132,Vitacura,1,2,50,3140
13,Metropolitana,13132,Vitacura,1,2,55,2729
13,Metropolitana,13132,Vitacura,1,2,60,2689
13,Metropolitana,13132,Vitacura,1,2,65,2377
13,Metropolitana,13132,Vitacura,1,2,70,2097
13,Metropolitana,13132,Vitacura,1,2,75,2001
13,Metropolitana,13132,Vitacura,1,2,80,1653
13,Metropolitana,13132,Vitacura,1,2,85,1768
13,Metropolitana,13201,Puente Alto,1,1,0,13458
13,Metropolitana,13201,Puente Alto,1,1,5,19051
13,Metropolitana,13201,Puente Alto,1,1,10,20932
13,Metropolitana,13201,Puente Alto,2,1,15,1
13,Metropolitana,13201,Puente Alto,1,1,15,20899
13,Metropolitana,13201,Puente Alto,1,1,20,21870
13,Metropolitana,13201,Puente Alto,1,1,25,22199
13,Metropolitana,13201,Puente Alto,1,1,30,23230
13,Metropolitana,13201,Puente Alto,1,1,35,20432
13,Metropolitana,13201,Puente Alto,1,1,40,18289
13,Metropolitana,13201,Puente Alto,2,1,40,2
13,Metropolitana,13201,Puente Alto,1,1,45,15592
13,Metropolitana,13201,Puente Alto,2,1,45,1
13,Metropolitana,13201,Puente Alto,1,1,50,16462
13,Metropolitana,13201,Puente Alto,1,1,55,16574
13,Metropolitana,13201,Puente Alto,2,1,55,1
13,Metropolitana,13201,Puente Alto,2,1,60,1
13,Metropolitana,13201,Puente Alto,1,1,60,16671
13,Metropolitana,13201,Puente Alto,1,1,65,12427
13,Metropolitana,13201,Puente Alto,2,1,70,2
13,Metropolitana,13201,Puente Alto,1,1,70,7583
13,Metropolitana,13201,Puente Alto,1,1,75,4437
13,Metropolitana,13201,Puente Alto,1,1,80,2305
13,Metropolitana,13201,Puente Alto,1,1,85,1509
13,Metropolitana,13201,Puente Alto,2,2,0,2
13,Metropolitana,13201,Puente Alto,1,2,0,12762
13,Metropolitana,13201,Puente Alto,1,2,5,18067
13,Metropolitana,13201,Puente Alto,2,2,10,3
13,Metropolitana,13201,Puente Alto,1,2,10,20026
13,Metropolitana,13201,Puente Alto,1,2,15,19482
13,Metropolitana,13201,Puente Alto,1,2,20,20661
13,Metropolitana,13201,Puente Alto,1,2,25,21208
13,Metropolitana,13201,Puente Alto,1,2,30,22807
13,Metropolitana,13201,Puente Alto,2,2,30,2
13,Metropolitana,13201,Puente Alto,1,2,35,21481
13,Metropolitana,13201,Puente Alto,2,2,40,1
13,Metropolitana,13201,Puente Alto,1,2,40,19988
13,Metropolitana,13201,Puente Alto,1,2,45,18121
13,Metropolitana,13201,Puente Alto,1,2,50,19815
13,Metropolitana,13201,Puente Alto,2,2,55,1
13,Metropolitana,13201,Puente Alto,1,2,55,20902
13,Metropolitana,13201,Puente Alto,1,2,60,20486
13,Metropolitana,13201,Puente Alto,1,2,65,14745
13,Metropolitana,13201,Puente Alto,2,2,65,1
13,Metropolitana,13201,Puente Alto,1,2,70,9630
13,Metropolitana,13201,Puente Alto,1,2,75,6357
13,Metropolitana,13201,Puente Alto,1,2,80,3994
13,Metropolitana,13201,Puente Alto,1,2,85,3616
13,Metropolitana,13202,Pirque,2,1,0,403
13,Metropolitana,13202,Pirque,1,1,0,302
13,Metropolitana,13202,Pirque,2,1,5,539
13,Metropolitana,13202,Pirque,1,1,5,470
13,Metropolitana,13202,Pirque,2,1,10,638
13,Metropolitana,13202,Pirque,1,1,10,451
13,Metropolitana,13202,Pirque,1,1,15,443
13,Metropolitana,13202,Pirque,2,1,15,550
13,Metropolitana,13202,Pirque,2,1,20,533
13,Metropolitana,13202,Pirque,1,1,20,453
13,Metropolitana,13202,Pirque,1,1,25,423
13,Metropolitana,13202,Pirque,2,1,25,527
13,Metropolitana,13202,Pirque,2,1,30,594
13,Metropolitana,13202,Pirque,1,1,30,456
13,Metropolitana,13202,Pirque,2,1,35,555
13,Metropolitana,13202,Pirque,1,1,35,457
13,Metropolitana,13202,Pirque,1,1,40,364
13,Metropolitana,13202,Pirque,2,1,40,545
13,Metropolitana,13202,Pirque,1,1,45,379
13,Metropolitana,13202,Pirque,2,1,45,524
13,Metropolitana,13202,Pirque,1,1,50,380
13,Metropolitana,13202,Pirque,2,1,50,564
13,Metropolitana,13202,Pirque,2,1,55,565
13,Metropolitana,13202,Pirque,1,1,55,388
13,Metropolitana,13202,Pirque,1,1,60,391
13,Metropolitana,13202,Pirque,2,1,60,553
13,Metropolitana,13202,Pirque,2,1,65,430
13,Metropolitana,13202,Pirque,1,1,65,302
13,Metropolitana,13202,Pirque,2,1,70,314
13,Metropolitana,13202,Pirque,1,1,70,203
13,Metropolitana,13202,Pirque,2,1,75,216
13,Metropolitana,13202,Pirque,1,1,75,142
13,Metropolitana,13202,Pirque,1,1,80,97
13,Metropolitana,13202,Pirque,2,1,80,118
13,Metropolitana,13202,Pirque,2,1,85,76
13,Metropolitana,13202,Pirque,1,1,85,54
13,Metropolitana,13202,Pirque,2,2,0,386
13,Metropolitana,13202,Pirque,1,2,0,326
13,Metropolitana,13202,Pirque,2,2,5,524
13,Metropolitana,13202,Pirque,1,2,5,408
13,Metropolitana,13202,Pirque,1,2,10,423
13,Metropolitana,13202,Pirque,2,2,10,579
13,Metropolitana,13202,Pirque,2,2,15,508
13,Metropolitana,13202,Pirque,1,2,15,439
13,Metropolitana,13202,Pirque,1,2,20,389
13,Metropolitana,13202,Pirque,2,2,20,568
13,Metropolitana,13202,Pirque,2,2,25,496
13,Metropolitana,13202,Pirque,1,2,25,463
13,Metropolitana,13202,Pirque,1,2,30,470
13,Metropolitana,13202,Pirque,2,2,30,568
13,Metropolitana,13202,Pirque,1,2,35,472
13,Metropolitana,13202,Pirque,2,2,35,632
13,Metropolitana,13202,Pirque,2,2,40,618
13,Metropolitana,13202,Pirque,1,2,40,376
13,Metropolitana,13202,Pirque,2,2,45,556
13,Metropolitana,13202,Pirque,1,2,45,396
13,Metropolitana,13202,Pirque,1,2,50,406
13,Metropolitana,13202,Pirque,2,2,50,628
13,Metropolitana,13202,Pirque,2,2,55,573
13,Metropolitana,13202,Pirque,1,2,55,436
13,Metropolitana,13202,Pirque,1,2,60,412
13,Metropolitana,13202,Pirque,2,2,60,567
13,Metropolitana,13202,Pirque,2,2,65,417
13,Metropolitana,13202,Pirque,1,2,65,283
13,Metropolitana,13202,Pirque,2,2,70,299
13,Metropolitana,13202,Pirque,1,2,70,222
13,Metropolitana,13202,Pirque,2,2,75,193
13,Metropolitana,13202,Pirque,1,2,75,143
13,Metropolitana,13202,Pirque,1,2,80,103
13,Metropolitana,13202,Pirque,2,2,80,134
13,Metropolitana,13202,Pirque,1,2,85,86
13,Metropolitana,13202,Pirque,2,2,85,162
13,Metropolitana,13203,San José de Maipo,2,1,0,140
13,Metropolitana,13203,San José de Maipo,1,1,0,249
13,Metropolitana,13203,San José de Maipo,1,1,5,342
13,Metropolitana,13203,San José de Maipo,2,1,5,210
13,Metropolitana,13203,San José de Maipo,1,1,10,373
13,Metropolitana,13203,San José de Maipo,2,1,10,191
13,Metropolitana,13203,San José de Maipo,1,1,15,380
13,Metropolitana,13203,San José de Maipo,2,1,15,188
13,Metropolitana,13203,San José de Maipo,2,1,20,164
13,Metropolitana,13203,San José de Maipo,1,1,20,435
13,Metropolitana,13203,San José de Maipo,1,1,25,443
13,Metropolitana,13203,San José de Maipo,2,1,25,186
13,Metropolitana,13203,San José de Maipo,2,1,30,201
13,Metropolitana,13203,San José de Maipo,1,1,30,430
13,Metropolitana,13203,San José de Maipo,2,1,35,189
13,Metropolitana,13203,San José de Maipo,1,1,35,375
13,Metropolitana,13203,San José de Maipo,1,1,40,400
13,Metropolitana,13203,San José de Maipo,2,1,40,199
13,Metropolitana,13203,San José de Maipo,1,1,45,369
13,Metropolitana,13203,San José de Maipo,2,1,45,189
13,Metropolitana,13203,San José de Maipo,2,1,50,202
13,Metropolitana,13203,San José de Maipo,1,1,50,402
13,Metropolitana,13203,San José de Maipo,2,1,55,189
13,Metropolitana,13203,San José de Maipo,1,1,55,387
13,Metropolitana,13203,San José de Maipo,1,1,60,339
13,Metropolitana,13203,San José de Maipo,2,1,60,195
13,Metropolitana,13203,San José de Maipo,2,1,65,164
13,Metropolitana,13203,San José de Maipo,1,1,65,313
13,Metropolitana,13203,San José de Maipo,1,1,70,206
13,Metropolitana,13203,San José de Maipo,2,1,70,108
13,Metropolitana,13203,San José de Maipo,2,1,75,87
13,Metropolitana,13203,San José de Maipo,1,1,75,172
13,Metropolitana,13203,San José de Maipo,1,1,80,101
13,Metropolitana,13203,San José de Maipo,2,1,80,49
13,Metropolitana,13203,San José de Maipo,1,1,85,80
13,Metropolitana,13203,San José de Maipo,2,1,85,27
13,Metropolitana,13203,San José de Maipo,2,2,0,137
13,Metropolitana,13203,San José de Maipo,1,2,0,250
13,Metropolitana,13203,San José de Maipo,1,2,5,344
13,Metropolitana,13203,San José de Maipo,2,2,5,167
13,Metropolitana,13203,San José de Maipo,1,2,10,355
13,Metropolitana,13203,San José de Maipo,2,2,10,174
13,Metropolitana,13203,San José de Maipo,2,2,15,170
13,Metropolitana,13203,San José de Maipo,1,2,15,349
13,Metropolitana,13203,San José de Maipo,2,2,20,175
13,Metropolitana,13203,San José de Maipo,1,2,20,388
13,Metropolitana,13203,San José de Maipo,2,2,25,172
13,Metropolitana,13203,San José de Maipo,1,2,25,402
13,Metropolitana,13203,San José de Maipo,1,2,30,435
13,Metropolitana,13203,San José de Maipo,2,2,30,215
13,Metropolitana,13203,San José de Maipo,1,2,35,402
13,Metropolitana,13203,San José de Maipo,2,2,35,218
13,Metropolitana,13203,San José de Maipo,2,2,40,204
13,Metropolitana,13203,San José de Maipo,1,2,40,412
13,Metropolitana,13203,San José de Maipo,2,2,45,204
13,Metropolitana,13203,San José de Maipo,1,2,45,374
13,Metropolitana,13203,San José de Maipo,2,2,50,181
13,Metropolitana,13203,San José de Maipo,1,2,50,435
13,Metropolitana,13203,San José de Maipo,2,2,55,185
13,Metropolitana,13203,San José de Maipo,1,2,55,376
13,Metropolitana,13203,San José de Maipo,1,2,60,398
13,Metropolitana,13203,San José de Maipo,2,2,60,191
13,Metropolitana,13203,San José de Maipo,1,2,65,335
13,Metropolitana,13203,San José de Maipo,2,2,65,153
13,Metropolitana,13203,San José de Maipo,1,2,70,229
13,Metropolitana,13203,San José de Maipo,2,2,70,102
13,Metropolitana,13203,San José de Maipo,1,2,75,206
13,Metropolitana,13203,San José de Maipo,2,2,75,73
13,Metropolitana,13203,San José de Maipo,1,2,80,149
13,Metropolitana,13203,San José de Maipo,2,2,80,53
13,Metropolitana,13203,San José de Maipo,1,2,85,107
13,Metropolitana,13203,San José de Maipo,2,2,85,47
13,Metropolitana,13301,Colina,1,1,0,5099
13,Metropolitana,13301,Colina,2,1,0,617
13,Metropolitana,13301,Colina,1,1,5,6513
13,Metropolitana,13301,Colina,2,1,5,1045
13,Metropolitana,13301,Colina,1,1,10,6470
13,Metropolitana,13301,Colina,2,1,10,1277
13,Metropolitana,13301,Colina,2,1,15,1364
13,Metropolitana,13301,Colina,1,1,15,5413
13,Metropolitana,13301,Colina,1,1,20,4844
13,Metropolitana,13301,Colina,2,1,20,1241
13,Metropolitana,13301,Colina,2,1,25,915
13,Metropolitana,13301,Colina,1,1,25,5063
13,Metropolitana,13301,Colina,1,1,30,5913
13,Metropolitana,13301,Colina,2,1,30,671
13,Metropolitana,13301,Colina,2,1,35,744
13,Metropolitana,13301,Colina,1,1,35,6634
13,Metropolitana,13301,Colina,2,1,40,928
13,Metropolitana,13301,Colina,1,1,40,6566
13,Metropolitana,13301,Colina,2,1,45,1001
13,Metropolitana,13301,Colina,1,1,45,5407
13,Metropolitana,13301,Colina,2,1,50,1177
13,Metropolitana,13301,Colina,1,1,50,4504
13,Metropolitana,13301,Colina,1,1,55,3187
13,Metropolitana,13301,Colina,2,1,55,968
13,Metropolitana,13301,Colina,2,1,60,788
13,Metropolitana,13301,Colina,1,1,60,2471
13,Metropolitana,13301,Colina,1,1,65,1808
13,Metropolitana,13301,Colina,2,1,65,545
13,Metropolitana,13301,Colina,1,1,70,1308
13,Metropolitana,13301,Colina,2,1,70,348
13,Metropolitana,13301,Colina,1,1,75,831
13,Metropolitana,13301,Colina,2,1,75,234
13,Metropolitana,13301,Colina,2,1,80,165
13,Metropolitana,13301,Colina,1,1,80,458
13,Metropolitana,13301,Colina,1,1,85,283
13,Metropolitana,13301,Colina,2,1,85,125
13,Metropolitana,13301,Colina,1,2,0,4987
13,Metropolitana,13301,Colina,2,2,0,616
13,Metropolitana,13301,Colina,2,2,5,990
13,Metropolitana,13301,Colina,1,2,5,6353
13,Metropolitana,13301,Colina,1,2,10,6136
13,Metropolitana,13301,Colina,2,2,10,1103
13,Metropolitana,13301,Colina,2,2,15,1199
13,Metropolitana,13301,Colina,1,2,15,5148
13,Metropolitana,13301,Colina,1,2,20,4472
13,Metropolitana,13301,Colina,2,2,20,1162
13,Metropolitana,13301,Colina,2,2,25,816
13,Metropolitana,13301,Colina,1,2,25,4474
13,Metropolitana,13301,Colina,1,2,30,5652
13,Metropolitana,13301,Colina,2,2,30,736
13,Metropolitana,13301,Colina,1,2,35,6737
13,Metropolitana,13301,Colina,2,2,35,865
13,Metropolitana,13301,Colina,1,2,40,6501
13,Metropolitana,13301,Colina,2,2,40,1089
13,Metropolitana,13301,Colina,1,2,45,5386
13,Metropolitana,13301,Colina,2,2,45,1241
13,Metropolitana,13301,Colina,2,2,50,1276
13,Metropolitana,13301,Colina,1,2,50,4564
13,Metropolitana,13301,Colina,1,2,55,3317
13,Metropolitana,13301,Colina,2,2,55,955
13,Metropolitana,13301,Colina,2,2,60,707
13,Metropolitana,13301,Colina,1,2,60,2745
13,Metropolitana,13301,Colina,1,2,65,2152
13,Metropolitana,13301,Colina,2,2,65,489
13,Metropolitana,13301,Colina,2,2,70,336
13,Metropolitana,13301,Colina,1,2,70,1480
13,Metropolitana,13301,Colina,1,2,75,972
13,Metropolitana,13301,Colina,2,2,75,273
13,Metropolitana,13301,Colina,2,2,80,212
13,Metropolitana,13301,Colina,1,2,80,589
13,Metropolitana,13301,Colina,1,2,85,438
13,Metropolitana,13301,Colina,2,2,85,200
13,Metropolitana,13302,Lampa,2,1,0,788
13,Metropolitana,13302,Lampa,1,1,0,4327
13,Metropolitana,13302,Lampa,1,1,5,5287
13,Metropolitana,13302,Lampa,2,1,5,1067
13,Metropolitana,13302,Lampa,1,1,10,5419
13,Metropolitana,13302,Lampa,2,1,10,1133
13,Metropolitana,13302,Lampa,1,1,15,4606
13,Metropolitana,13302,Lampa,2,1,15,1041
13,Metropolitana,13302,Lampa,1,1,20,3866
13,Metropolitana,13302,Lampa,2,1,20,949
13,Metropolitana,13302,Lampa,2,1,25,912
13,Metropolitana,13302,Lampa,1,1,25,4098
13,Metropolitana,13302,Lampa,2,1,30,956
13,Metropolitana,13302,Lampa,1,1,30,5702
13,Metropolitana,13302,Lampa,2,1,35,1026
13,Metropolitana,13302,Lampa,1,1,35,5842
13,Metropolitana,13302,Lampa,2,1,40,1030
13,Metropolitana,13302,Lampa,1,1,40,4829
13,Metropolitana,13302,Lampa,2,1,45,977
13,Metropolitana,13302,Lampa,1,1,45,3689
13,Metropolitana,13302,Lampa,2,1,50,1027
13,Metropolitana,13302,Lampa,1,1,50,3102
13,Metropolitana,13302,Lampa,2,1,55,862
13,Metropolitana,13302,Lampa,1,1,55,2470
13,Metropolitana,13302,Lampa,1,1,60,1993
13,Metropolitana,13302,Lampa,2,1,60,773
13,Metropolitana,13302,Lampa,2,1,65,548
13,Metropolitana,13302,Lampa,1,1,65,1341
13,Metropolitana,13302,Lampa,2,1,70,362
13,Metropolitana,13302,Lampa,1,1,70,803
13,Metropolitana,13302,Lampa,2,1,75,234
13,Metropolitana,13302,Lampa,1,1,75,544
13,Metropolitana,13302,Lampa,1,1,80,306
13,Metropolitana,13302,Lampa,2,1,80,146
13,Metropolitana,13302,Lampa,2,1,85,91
13,Metropolitana,13302,Lampa,1,1,85,182
13,Metropolitana,13302,Lampa,2,2,0,744
13,Metropolitana,13302,Lampa,1,2,0,4202
13,Metropolitana,13302,Lampa,2,2,5,990
13,Metropolitana,13302,Lampa,1,2,5,5078
13,Metropolitana,13302,Lampa,1,2,10,4918
13,Metropolitana,13302,Lampa,2,2,10,1109
13,Metropolitana,13302,Lampa,1,2,15,4389
13,Metropolitana,13302,Lampa,2,2,15,938
13,Metropolitana,13302,Lampa,2,2,20,906
13,Metropolitana,13302,Lampa,1,2,20,3876
13,Metropolitana,13302,Lampa,1,2,25,4380
13,Metropolitana,13302,Lampa,2,2,25,913
13,Metropolitana,13302,Lampa,1,2,30,6246
13,Metropolitana,13302,Lampa,2,2,30,966
13,Metropolitana,13302,Lampa,2,2,35,1025
13,Metropolitana,13302,Lampa,1,2,35,5947
13,Metropolitana,13302,Lampa,2,2,40,1046
13,Metropolitana,13302,Lampa,1,2,40,5038
13,Metropolitana,13302,Lampa,2,2,45,940
13,Metropolitana,13302,Lampa,1,2,45,3872
13,Metropolitana,13302,Lampa,1,2,50,3174
13,Metropolitana,13302,Lampa,2,2,50,883
13,Metropolitana,13302,Lampa,2,2,55,795
13,Metropolitana,13302,Lampa,1,2,55,2484
13,Metropolitana,13302,Lampa,1,2,60,2115
13,Metropolitana,13302,Lampa,2,2,60,674
13,Metropolitana,13302,Lampa,1,2,65,1491
13,Metropolitana,13302,Lampa,2,2,65,528
13,Metropolitana,13302,Lampa,1,2,70,964
13,Metropolitana,13302,Lampa,2,2,70,356
13,Metropolitana,13302,Lampa,1,2,75,622
13,Metropolitana,13302,Lampa,2,2,75,234
13,Metropolitana,13302,Lampa,2,2,80,150
13,Metropolitana,13302,Lampa,1,2,80,381
13,Metropolitana,13302,Lampa,2,2,85,127
13,Metropolitana,13302,Lampa,1,2,85,331
13,Metropolitana,13303,Tiltil,1,1,0,432
13,Metropolitana,13303,Tiltil,2,1,0,137
13,Metropolitana,13303,Tiltil,2,1,5,177
13,Metropolitana,13303,Tiltil,1,1,5,549
13,Metropolitana,13303,Tiltil,1,1,10,539
13,Metropolitana,13303,Tiltil,2,1,10,173
13,Metropolitana,13303,Tiltil,1,1,15,557
13,Metropolitana,13303,Tiltil,2,1,15,192
13,Metropolitana,13303,Tiltil,1,1,20,490
13,Metropolitana,13303,Tiltil,2,1,20,183
13,Metropolitana,13303,Tiltil,1,1,25,546
13,Metropolitana,13303,Tiltil,2,1,25,140
13,Metropolitana,13303,Tiltil,1,1,30,608
13,Metropolitana,13303,Tiltil,2,1,30,196
13,Metropolitana,13303,Tiltil,2,1,35,137
13,Metropolitana,13303,Tiltil,1,1,35,569
13,Metropolitana,13303,Tiltil,1,1,40,482
13,Metropolitana,13303,Tiltil,2,1,40,166
13,Metropolitana,13303,Tiltil,1,1,45,419
13,Metropolitana,13303,Tiltil,2,1,45,141
13,Metropolitana,13303,Tiltil,2,1,50,155
13,Metropolitana,13303,Tiltil,1,1,50,438
13,Metropolitana,13303,Tiltil,2,1,55,168
13,Metropolitana,13303,Tiltil,1,1,55,419
13,Metropolitana,13303,Tiltil,2,1,60,156
13,Metropolitana,13303,Tiltil,1,1,60,402
13,Metropolitana,13303,Tiltil,2,1,65,154
13,Metropolitana,13303,Tiltil,1,1,65,278
13,Metropolitana,13303,Tiltil,2,1,70,163
13,Metropolitana,13303,Tiltil,1,1,70,228
13,Metropolitana,13303,Tiltil,1,1,75,154
13,Metropolitana,13303,Tiltil,2,1,75,109
13,Metropolitana,13303,Tiltil,2,1,80,74
13,Metropolitana,13303,Tiltil,1,1,80,86
13,Metropolitana,13303,Tiltil,1,1,85,60
13,Metropolitana,13303,Tiltil,2,1,85,63
13,Metropolitana,13303,Tiltil,2,2,0,136
13,Metropolitana,13303,Tiltil,1,2,0,402
13,Metropolitana,13303,Tiltil,1,2,5,525
13,Metropolitana,13303,Tiltil,2,2,5,177
13,Metropolitana,13303,Tiltil,2,2,10,158
13,Metropolitana,13303,Tiltil,1,2,10,496
13,Metropolitana,13303,Tiltil,1,2,15,492
13,Metropolitana,13303,Tiltil,2,2,15,140
13,Metropolitana,13303,Tiltil,2,2,20,134
13,Metropolitana,13303,Tiltil,1,2,20,488
13,Metropolitana,13303,Tiltil,1,2,25,540
13,Metropolitana,13303,Tiltil,2,2,25,162
13,Metropolitana,13303,Tiltil,2,2,30,169
13,Metropolitana,13303,Tiltil,1,2,30,598
13,Metropolitana,13303,Tiltil,2,2,35,175
13,Metropolitana,13303,Tiltil,1,2,35,598
13,Metropolitana,13303,Tiltil,2,2,40,151
13,Metropolitana,13303,Tiltil,1,2,40,548
13,Metropolitana,13303,Tiltil,2,2,45,135
13,Metropolitana,13303,Tiltil,1,2,45,458
13,Metropolitana,13303,Tiltil,1,2,50,468
13,Metropolitana,13303,Tiltil,2,2,50,125
13,Metropolitana,13303,Tiltil,2,2,55,162
13,Metropolitana,13303,Tiltil,1,2,55,465
13,Metropolitana,13303,Tiltil,1,2,60,405
13,Metropolitana,13303,Tiltil,2,2,60,157
13,Metropolitana,13303,Tiltil,2,2,65,134
13,Metropolitana,13303,Tiltil,1,2,65,343
13,Metropolitana,13303,Tiltil,1,2,70,234
13,Metropolitana,13303,Tiltil,2,2,70,97
13,Metropolitana,13303,Tiltil,2,2,75,72
13,Metropolitana,13303,Tiltil,1,2,75,170
13,Metropolitana,13303,Tiltil,2,2,80,40
13,Metropolitana,13303,Tiltil,1,2,80,112
13,Metropolitana,13303,Tiltil,2,2,85,42
13,Metropolitana,13303,Tiltil,1,2,85,94
13,Metropolitana,13401,San Bernardo,2,1,0,120
13,Metropolitana,13401,San Bernardo,1,1,0,8059
13,Metropolitana,13401,San Bernardo,2,1,5,146
13,Metropolitana,13401,San Bernardo,1,1,5,10631
13,Metropolitana,13401,San Bernardo,1,1,10,11801
13,Metropolitana,13401,San Bernardo,2,1,10,171
13,Metropolitana,13401,San Bernardo,1,1,15,11524
13,Metropolitana,13401,San Bernardo,2,1,15,156
13,Metropolitana,13401,San Bernardo,2,1,20,155
13,Metropolitana,13401,San Bernardo,1,1,20,11440
13,Metropolitana,13401,San Bernardo,1,1,25,11761
13,Metropolitana,13401,San Bernardo,2,1,25,152
13,Metropolitana,13401,San Bernardo,2,1,30,167
13,Metropolitana,13401,San Bernardo,1,1,30,12158
13,Metropolitana,13401,San Bernardo,1,1,35,11051
13,Metropolitana,13401,San Bernardo,2,1,35,145
13,Metropolitana,13401,San Bernardo,1,1,40,10117
13,Metropolitana,13401,San Bernardo,2,1,40,127
13,Metropolitana,13401,San Bernardo,1,1,45,8767
13,Metropolitana,13401,San Bernardo,2,1,45,133
13,Metropolitana,13401,San Bernardo,1,1,50,9061
13,Metropolitana,13401,San Bernardo,2,1,50,136
13,Metropolitana,13401,San Bernardo,2,1,55,163
13,Metropolitana,13401,San Bernardo,1,1,55,8149
13,Metropolitana,13401,San Bernardo,1,1,60,7347
13,Metropolitana,13401,San Bernardo,2,1,60,135
13,Metropolitana,13401,San Bernardo,2,1,65,133
13,Metropolitana,13401,San Bernardo,1,1,65,5716
13,Metropolitana,13401,San Bernardo,2,1,70,84
13,Metropolitana,13401,San Bernardo,1,1,70,3868
13,Metropolitana,13401,San Bernardo,2,1,75,69
13,Metropolitana,13401,San Bernardo,1,1,75,2650
13,Metropolitana,13401,San Bernardo,1,1,80,1417
13,Metropolitana,13401,San Bernardo,2,1,80,27
13,Metropolitana,13401,San Bernardo,1,1,85,927
13,Metropolitana,13401,San Bernardo,2,1,85,33
13,Metropolitana,13401,San Bernardo,1,2,0,7744
13,Metropolitana,13401,San Bernardo,2,2,0,113
13,Metropolitana,13401,San Bernardo,2,2,5,130
13,Metropolitana,13401,San Bernardo,1,2,5,10302
13,Metropolitana,13401,San Bernardo,2,2,10,148
13,Metropolitana,13401,San Bernardo,1,2,10,11440
13,Metropolitana,13401,San Bernardo,1,2,15,11155
13,Metropolitana,13401,San Bernardo,2,2,15,116
13,Metropolitana,13401,San Bernardo,2,2,20,140
13,Metropolitana,13401,San Bernardo,1,2,20,11144
13,Metropolitana,13401,San Bernardo,1,2,25,11449
13,Metropolitana,13401,San Bernardo,2,2,25,159
13,Metropolitana,13401,San Bernardo,2,2,30,155
13,Metropolitana,13401,San Bernardo,1,2,30,12577
13,Metropolitana,13401,San Bernardo,1,2,35,11673
13,Metropolitana,13401,San Bernardo,2,2,35,134
13,Metropolitana,13401,San Bernardo,2,2,40,133
13,Metropolitana,13401,San Bernardo,1,2,40,10736
13,Metropolitana,13401,San Bernardo,2,2,45,134
13,Metropolitana,13401,San Bernardo,1,2,45,9414
13,Metropolitana,13401,San Bernardo,2,2,50,133
13,Metropolitana,13401,San Bernardo,1,2,50,10432
13,Metropolitana,13401,San Bernardo,1,2,55,9407
13,Metropolitana,13401,San Bernardo,2,2,55,138
13,Metropolitana,13401,San Bernardo,2,2,60,143
13,Metropolitana,13401,San Bernardo,1,2,60,8666
13,Metropolitana,13401,San Bernardo,2,2,65,124
13,Metropolitana,13401,San Bernardo,1,2,65,6763
13,Metropolitana,13401,San Bernardo,2,2,70,80
13,Metropolitana,13401,San Bernardo,1,2,70,4782
13,Metropolitana,13401,San Bernardo,2,2,75,57
13,Metropolitana,13401,San Bernardo,1,2,75,3626
13,Metropolitana,13401,San Bernardo,2,2,80,41
13,Metropolitana,13401,San Bernardo,1,2,80,2292
13,Metropolitana,13401,San Bernardo,1,2,85,1951
13,Metropolitana,13401,San Bernardo,2,2,85,44
13,Metropolitana,13402,Buin,2,1,0,350
13,Metropolitana,13402,Buin,1,1,0,3264
13,Metropolitana,13402,Buin,1,1,5,3973
13,Metropolitana,13402,Buin,2,1,5,485
13,Metropolitana,13402,Buin,2,1,10,528
13,Metropolitana,13402,Buin,1,1,10,3984
13,Metropolitana,13402,Buin,1,1,15,3533
13,Metropolitana,13402,Buin,2,1,15,450
13,Metropolitana,13402,Buin,2,1,20,488
13,Metropolitana,13402,Buin,1,1,20,3208
13,Metropolitana,13402,Buin,1,1,25,3377
13,Metropolitana,13402,Buin,2,1,25,451
13,Metropolitana,13402,Buin,2,1,30,494
13,Metropolitana,13402,Buin,1,1,30,4709
13,Metropolitana,13402,Buin,2,1,35,454
13,Metropolitana,13402,Buin,1,1,35,4890
13,Metropolitana,13402,Buin,1,1,40,3926
13,Metropolitana,13402,Buin,2,1,40,449
13,Metropolitana,13402,Buin,1,1,45,3045
13,Metropolitana,13402,Buin,2,1,45,418
13,Metropolitana,13402,Buin,1,1,50,2752
13,Metropolitana,13402,Buin,2,1,50,454
13,Metropolitana,13402,Buin,2,1,55,436
13,Metropolitana,13402,Buin,1,1,55,2478
13,Metropolitana,13402,Buin,1,1,60,2285
13,Metropolitana,13402,Buin,2,1,60,401
13,Metropolitana,13402,Buin,2,1,65,325
13,Metropolitana,13402,Buin,1,1,65,1698
13,Metropolitana,13402,Buin,2,1,70,240
13,Metropolitana,13402,Buin,1,1,70,1172
13,Metropolitana,13402,Buin,2,1,75,149
13,Metropolitana,13402,Buin,1,1,75,766
13,Metropolitana,13402,Buin,1,1,80,466
13,Metropolitana,13402,Buin,2,1,80,88
13,Metropolitana,13402,Buin,2,1,85,69
13,Metropolitana,13402,Buin,1,1,85,309
13,Metropolitana,13402,Buin,1,2,0,3235
13,Metropolitana,13402,Buin,2,2,0,330
13,Metropolitana,13402,Buin,2,2,5,460
13,Metropolitana,13402,Buin,1,2,5,3959
13,Metropolitana,13402,Buin,2,2,10,498
13,Metropolitana,13402,Buin,1,2,10,3853
13,Metropolitana,13402,Buin,2,2,15,441
13,Metropolitana,13402,Buin,1,2,15,3357
13,Metropolitana,13402,Buin,1,2,20,3188
13,Metropolitana,13402,Buin,2,2,20,465
13,Metropolitana,13402,Buin,2,2,25,466
13,Metropolitana,13402,Buin,1,2,25,3552
13,Metropolitana,13402,Buin,2,2,30,461
13,Metropolitana,13402,Buin,1,2,30,5330
13,Metropolitana,13402,Buin,1,2,35,5196
13,Metropolitana,13402,Buin,2,2,35,454
13,Metropolitana,13402,Buin,1,2,40,4197
13,Metropolitana,13402,Buin,2,2,40,455
13,Metropolitana,13402,Buin,2,2,45,448
13,Metropolitana,13402,Buin,1,2,45,3277
13,Metropolitana,13402,Buin,2,2,50,457
13,Metropolitana,13402,Buin,1,2,50,3093
13,Metropolitana,13402,Buin,1,2,55,2892
13,Metropolitana,13402,Buin,2,2,55,465
13,Metropolitana,13402,Buin,2,2,60,403
13,Metropolitana,13402,Buin,1,2,60,2628
13,Metropolitana,13402,Buin,1,2,65,2084
13,Metropolitana,13402,Buin,2,2,65,297
13,Metropolitana,13402,Buin,2,2,70,207
13,Metropolitana,13402,Buin,1,2,70,1487
13,Metropolitana,13402,Buin,2,2,75,152
13,Metropolitana,13402,Buin,1,2,75,1069
13,Metropolitana,13402,Buin,2,2,80,92
13,Metropolitana,13402,Buin,1,2,80,724
13,Metropolitana,13402,Buin,1,2,85,638
13,Metropolitana,13402,Buin,2,2,85,95
13,Metropolitana,13403,Calera de Tango,1,1,0,248
13,Metropolitana,13403,Calera de Tango,2,1,0,371
13,Metropolitana,13403,Calera de Tango,1,1,5,348
13,Metropolitana,13403,Calera de Tango,2,1,5,467
13,Metropolitana,13403,Calera de Tango,1,1,10,382
13,Metropolitana,13403,Calera de Tango,2,1,10,531
13,Metropolitana,13403,Calera de Tango,1,1,15,352
13,Metropolitana,13403,Calera de Tango,2,1,15,642
13,Metropolitana,13403,Calera de Tango,1,1,20,364
13,Metropolitana,13403,Calera de Tango,2,1,20,562
13,Metropolitana,13403,Calera de Tango,1,1,25,361
13,Metropolitana,13403,Calera de Tango,2,1,25,532
13,Metropolitana,13403,Calera de Tango,1,1,30,414
13,Metropolitana,13403,Calera de Tango,2,1,30,541
13,Metropolitana,13403,Calera de Tango,1,1,35,375
13,Metropolitana,13403,Calera de Tango,2,1,35,439
13,Metropolitana,13403,Calera de Tango,1,1,40,325
13,Metropolitana,13403,Calera de Tango,2,1,40,504
13,Metropolitana,13403,Calera de Tango,2,1,45,500
13,Metropolitana,13403,Calera de Tango,1,1,45,300
13,Metropolitana,13403,Calera de Tango,1,1,50,326
13,Metropolitana,13403,Calera de Tango,2,1,50,531
13,Metropolitana,13403,Calera de Tango,1,1,55,304
13,Metropolitana,13403,Calera de Tango,2,1,55,514
13,Metropolitana,13403,Calera de Tango,2,1,60,487
13,Metropolitana,13403,Calera de Tango,1,1,60,291
13,Metropolitana,13403,Calera de Tango,2,1,65,381
13,Metropolitana,13403,Calera de Tango,1,1,65,237
13,Metropolitana,13403,Calera de Tango,2,1,70,255
13,Metropolitana,13403,Calera de Tango,1,1,70,163
13,Metropolitana,13403,Calera de Tango,2,1,75,171
13,Metropolitana,13403,Calera de Tango,1,1,75,103
13,Metropolitana,13403,Calera de Tango,1,1,80,70
13,Metropolitana,13403,Calera de Tango,2,1,80,85
13,Metropolitana,13403,Calera de Tango,1,1,85,41
13,Metropolitana,13403,Calera de Tango,2,1,85,90
13,Metropolitana,13403,Calera de Tango,2,2,0,338
13,Metropolitana,13403,Calera de Tango,1,2,0,238
13,Metropolitana,13403,Calera de Tango,2,2,5,441
13,Metropolitana,13403,Calera de Tango,1,2,5,355
13,Metropolitana,13403,Calera de Tango,1,2,10,358
13,Metropolitana,13403,Calera de Tango,2,2,10,516
13,Metropolitana,13403,Calera de Tango,1,2,15,341
13,Metropolitana,13403,Calera de Tango,2,2,15,506
13,Metropolitana,13403,Calera de Tango,1,2,20,327
13,Metropolitana,13403,Calera de Tango,2,2,20,515
13,Metropolitana,13403,Calera de Tango,1,2,25,381
13,Metropolitana,13403,Calera de Tango,2,2,25,503
13,Metropolitana,13403,Calera de Tango,2,2,30,494
13,Metropolitana,13403,Calera de Tango,1,2,30,410
13,Metropolitana,13403,Calera de Tango,1,2,35,359
13,Metropolitana,13403,Calera de Tango,2,2,35,506
13,Metropolitana,13403,Calera de Tango,1,2,40,349
13,Metropolitana,13403,Calera de Tango,2,2,40,548
13,Metropolitana,13403,Calera de Tango,2,2,45,543
13,Metropolitana,13403,Calera de Tango,1,2,45,332
13,Metropolitana,13403,Calera de Tango,1,2,50,362
13,Metropolitana,13403,Calera de Tango,2,2,50,530
13,Metropolitana,13403,Calera de Tango,2,2,55,558
13,Metropolitana,13403,Calera de Tango,1,2,55,368
13,Metropolitana,13403,Calera de Tango,1,2,60,341
13,Metropolitana,13403,Calera de Tango,2,2,60,526
13,Metropolitana,13403,Calera de Tango,2,2,65,375
13,Metropolitana,13403,Calera de Tango,1,2,65,282
13,Metropolitana,13403,Calera de Tango,2,2,70,237
13,Metropolitana,13403,Calera de Tango,1,2,70,189
13,Metropolitana,13403,Calera de Tango,2,2,75,165
13,Metropolitana,13403,Calera de Tango,1,2,75,142
13,Metropolitana,13403,Calera de Tango,1,2,80,79
13,Metropolitana,13403,Calera de Tango,2,2,80,131
13,Metropolitana,13403,Calera de Tango,1,2,85,69
13,Metropolitana,13403,Calera de Tango,2,2,85,170
13,Metropolitana,13404,Paine,1,1,0,1391
13,Metropolitana,13404,Paine,2,1,0,649
13,Metropolitana,13404,Paine,1,1,5,1784
13,Metropolitana,13404,Paine,2,1,5,951
13,Metropolitana,13404,Paine,2,1,10,1024
13,Metropolitana,13404,Paine,1,1,10,2020
13,Metropolitana,13404,Paine,2,1,15,853
13,Metropolitana,13404,Paine,1,1,15,1918
13,Metropolitana,13404,Paine,1,1,20,1984
13,Metropolitana,13404,Paine,2,1,20,876
13,Metropolitana,13404,Paine,2,1,25,808
13,Metropolitana,13404,Paine,1,1,25,1933
13,Metropolitana,13404,Paine,1,1,30,2075
13,Metropolitana,13404,Paine,2,1,30,956
13,Metropolitana,13404,Paine,2,1,35,953
13,Metropolitana,13404,Paine,1,1,35,1884
13,Metropolitana,13404,Paine,1,1,40,1712
13,Metropolitana,13404,Paine,2,1,40,931
13,Metropolitana,13404,Paine,1,1,45,1543
13,Metropolitana,13404,Paine,2,1,45,878
13,Metropolitana,13404,Paine,2,1,50,906
13,Metropolitana,13404,Paine,1,1,50,1513
13,Metropolitana,13404,Paine,1,1,55,1480
13,Metropolitana,13404,Paine,2,1,55,861
13,Metropolitana,13404,Paine,2,1,60,869
13,Metropolitana,13404,Paine,1,1,60,1322
13,Metropolitana,13404,Paine,1,1,65,1021
13,Metropolitana,13404,Paine,2,1,65,786
13,Metropolitana,13404,Paine,2,1,70,553
13,Metropolitana,13404,Paine,1,1,70,695
13,Metropolitana,13404,Paine,1,1,75,500
13,Metropolitana,13404,Paine,2,1,75,400
13,Metropolitana,13404,Paine,2,1,80,232
13,Metropolitana,13404,Paine,1,1,80,300
13,Metropolitana,13404,Paine,2,1,85,137
13,Metropolitana,13404,Paine,1,1,85,175
13,Metropolitana,13404,Paine,1,2,0,1284
13,Metropolitana,13404,Paine,2,2,0,712
13,Metropolitana,13404,Paine,2,2,5,854
13,Metropolitana,13404,Paine,1,2,5,1767
13,Metropolitana,13404,Paine,2,2,10,934
13,Metropolitana,13404,Paine,1,2,10,1969
13,Metropolitana,13404,Paine,1,2,15,1873
13,Metropolitana,13404,Paine,2,2,15,862
13,Metropolitana,13404,Paine,1,2,20,1940
13,Metropolitana,13404,Paine,2,2,20,785
13,Metropolitana,13404,Paine,1,2,25,1982
13,Metropolitana,13404,Paine,2,2,25,817
13,Metropolitana,13404,Paine,2,2,30,958
13,Metropolitana,13404,Paine,1,2,30,2136
13,Metropolitana,13404,Paine,2,2,35,977
13,Metropolitana,13404,Paine,1,2,35,2011
13,Metropolitana,13404,Paine,1,2,40,1889
13,Metropolitana,13404,Paine,2,2,40,982
13,Metropolitana,13404,Paine,1,2,45,1643
13,Metropolitana,13404,Paine,2,2,45,835
13,Metropolitana,13404,Paine,2,2,50,852
13,Metropolitana,13404,Paine,1,2,50,1752
13,Metropolitana,13404,Paine,1,2,55,1662
13,Metropolitana,13404,Paine,2,2,55,893
13,Metropolitana,13404,Paine,2,2,60,837
13,Metropolitana,13404,Paine,1,2,60,1470
13,Metropolitana,13404,Paine,1,2,65,1191
13,Metropolitana,13404,Paine,2,2,65,696
13,Metropolitana,13404,Paine,1,2,70,837
13,Metropolitana,13404,Paine,2,2,70,518
13,Metropolitana,13404,Paine,1,2,75,573
13,Metropolitana,13404,Paine,2,2,75,349
13,Metropolitana,13404,Paine,1,2,80,369
13,Metropolitana,13404,Paine,2,2,80,211
13,Metropolitana,13404,Paine,2,2,85,212
13,Metropolitana,13404,Paine,1,2,85,323
13,Metropolitana,13501,Melipilla,2,1,0,1098
13,Metropolitana,13501,Melipilla,1,1,0,2709
13,Metropolitana,13501,Melipilla,2,1,5,1403
13,Metropolitana,13501,Melipilla,1,1,5,3280
13,Metropolitana,13501,Melipilla,2,1,10,1456
13,Metropolitana,13501,Melipilla,1,1,10,3550
13,Metropolitana,13501,Melipilla,1,1,15,3258
13,Metropolitana,13501,Melipilla,2,1,15,1382
13,Metropolitana,13501,Melipilla,1,1,20,3509
13,Metropolitana,13501,Melipilla,2,1,20,1289
13,Metropolitana,13501,Melipilla,2,1,25,1293
13,Metropolitana,13501,Melipilla,1,1,25,3708
13,Metropolitana,13501,Melipilla,2,1,30,1362
13,Metropolitana,13501,Melipilla,1,1,30,3972
13,Metropolitana,13501,Melipilla,1,1,35,3438
13,Metropolitana,13501,Melipilla,2,1,35,1403
13,Metropolitana,13501,Melipilla,1,1,40,3073
13,Metropolitana,13501,Melipilla,2,1,40,1419
13,Metropolitana,13501,Melipilla,1,1,45,2648
13,Metropolitana,13501,Melipilla,2,1,45,1276
13,Metropolitana,13501,Melipilla,2,1,50,1360
13,Metropolitana,13501,Melipilla,1,1,50,2443
13,Metropolitana,13501,Melipilla,2,1,55,1482
13,Metropolitana,13501,Melipilla,1,1,55,2349
13,Metropolitana,13501,Melipilla,2,1,60,1460
13,Metropolitana,13501,Melipilla,1,1,60,2249
13,Metropolitana,13501,Melipilla,2,1,65,1270
13,Metropolitana,13501,Melipilla,1,1,65,1867
13,Metropolitana,13501,Melipilla,2,1,70,968
13,Metropolitana,13501,Melipilla,1,1,70,1336
13,Metropolitana,13501,Melipilla,2,1,75,710
13,Metropolitana,13501,Melipilla,1,1,75,938
13,Metropolitana,13501,Melipilla,2,1,80,451
13,Metropolitana,13501,Melipilla,1,1,80,578
13,Metropolitana,13501,Melipilla,1,1,85,443
13,Metropolitana,13501,Melipilla,2,1,85,329
13,Metropolitana,13501,Melipilla,1,2,0,2597
13,Metropolitana,13501,Melipilla,2,2,0,1046
13,Metropolitana,13501,Melipilla,2,2,5,1327
13,Metropolitana,13501,Melipilla,1,2,5,3173
13,Metropolitana,13501,Melipilla,2,2,10,1439
13,Metropolitana,13501,Melipilla,1,2,10,3341
13,Metropolitana,13501,Melipilla,2,2,15,1248
13,Metropolitana,13501,Melipilla,1,2,15,3071
13,Metropolitana,13501,Melipilla,2,2,20,1219
13,Metropolitana,13501,Melipilla,1,2,20,3363
13,Metropolitana,13501,Melipilla,2,2,25,1302
13,Metropolitana,13501,Melipilla,1,2,25,3772
13,Metropolitana,13501,Melipilla,1,2,30,3975
13,Metropolitana,13501,Melipilla,2,2,30,1489
13,Metropolitana,13501,Melipilla,1,2,35,3707
13,Metropolitana,13501,Melipilla,2,2,35,1475
13,Metropolitana,13501,Melipilla,2,2,40,1416
13,Metropolitana,13501,Melipilla,1,2,40,3366
13,Metropolitana,13501,Melipilla,2,2,45,1273
13,Metropolitana,13501,Melipilla,1,2,45,2993
13,Metropolitana,13501,Melipilla,1,2,50,2852
13,Metropolitana,13501,Melipilla,2,2,50,1360
13,Metropolitana,13501,Melipilla,1,2,55,2716
13,Metropolitana,13501,Melipilla,2,2,55,1586
13,Metropolitana,13501,Melipilla,1,2,60,2543
13,Metropolitana,13501,Melipilla,2,2,60,1496
13,Metropolitana,13501,Melipilla,1,2,65,2298
13,Metropolitana,13501,Melipilla,2,2,65,1203
13,Metropolitana,13501,Melipilla,2,2,70,945
13,Metropolitana,13501,Melipilla,1,2,70,1607
13,Metropolitana,13501,Melipilla,1,2,75,1252
13,Metropolitana,13501,Melipilla,2,2,75,657
13,Metropolitana,13501,Melipilla,2,2,80,467
13,Metropolitana,13501,Melipilla,1,2,80,853
13,Metropolitana,13501,Melipilla,1,2,85,740
13,Metropolitana,13501,Melipilla,2,2,85,399
13,Metropolitana,13502,Alhué,2,1,0,132
13,Metropolitana,13502,Alhué,1,1,0,117
13,Metropolitana,13502,Alhué,2,1,5,128
13,Metropolitana,13502,Alhué,1,1,5,163
13,Metropolitana,13502,Alhué,2,1,10,128
13,Metropolitana,13502,Alhué,1,1,10,160
13,Metropolitana,13502,Alhué,1,1,15,131
13,Metropolitana,13502,Alhué,2,1,15,106
13,Metropolitana,13502,Alhué,2,1,20,125
13,Metropolitana,13502,Alhué,1,1,20,120
13,Metropolitana,13502,Alhué,2,1,25,155
13,Metropolitana,13502,Alhué,1,1,25,155
13,Metropolitana,13502,Alhué,1,1,30,148
13,Metropolitana,13502,Alhué,2,1,30,171
13,Metropolitana,13502,Alhué,1,1,35,148
13,Metropolitana,13502,Alhué,2,1,35,134
13,Metropolitana,13502,Alhué,1,1,40,138
13,Metropolitana,13502,Alhué,2,1,40,130
13,Metropolitana,13502,Alhué,1,1,45,125
13,Metropolitana,13502,Alhué,2,1,45,99
13,Metropolitana,13502,Alhué,2,1,50,101
13,Metropolitana,13502,Alhué,1,1,50,106
13,Metropolitana,13502,Alhué,2,1,55,104
13,Metropolitana,13502,Alhué,1,1,55,137
13,Metropolitana,13502,Alhué,1,1,60,113
13,Metropolitana,13502,Alhué,2,1,60,95
13,Metropolitana,13502,Alhué,1,1,65,99
13,Metropolitana,13502,Alhué,2,1,65,85
13,Metropolitana,13502,Alhué,2,1,70,59
13,Metropolitana,13502,Alhué,1,1,70,67
13,Metropolitana,13502,Alhué,1,1,75,43
13,Metropolitana,13502,Alhué,2,1,75,37
13,Metropolitana,13502,Alhué,2,1,80,30
13,Metropolitana,13502,Alhué,1,1,80,31
13,Metropolitana,13502,Alhué,1,1,85,17
13,Metropolitana,13502,Alhué,2,1,85,26
13,Metropolitana,13502,Alhué,2,2,0,125
13,Metropolitana,13502,Alhué,1,2,0,126
13,Metropolitana,13502,Alhué,1,2,5,121
13,Metropolitana,13502,Alhué,2,2,5,122
13,Metropolitana,13502,Alhué,1,2,10,162
13,Metropolitana,13502,Alhué,2,2,10,127
13,Metropolitana,13502,Alhué,1,2,15,128
13,Metropolitana,13502,Alhué,2,2,15,93
13,Metropolitana,13502,Alhué,1,2,20,103
13,Metropolitana,13502,Alhué,2,2,20,107
13,Metropolitana,13502,Alhué,2,2,25,171
13,Metropolitana,13502,Alhué,1,2,25,158
13,Metropolitana,13502,Alhué,2,2,30,160
13,Metropolitana,13502,Alhué,1,2,30,191
13,Metropolitana,13502,Alhué,1,2,35,191
13,Metropolitana,13502,Alhué,2,2,35,144
13,Metropolitana,13502,Alhué,1,2,40,131
13,Metropolitana,13502,Alhué,2,2,40,121
13,Metropolitana,13502,Alhué,1,2,45,132
13,Metropolitana,13502,Alhué,2,2,45,97
13,Metropolitana,13502,Alhué,1,2,50,113
13,Metropolitana,13502,Alhué,2,2,50,102
13,Metropolitana,13502,Alhué,2,2,55,92
13,Metropolitana,13502,Alhué,1,2,55,128
13,Metropolitana,13502,Alhué,2,2,60,108
13,Metropolitana,13502,Alhué,1,2,60,135
13,Metropolitana,13502,Alhué,2,2,65,69
13,Metropolitana,13502,Alhué,1,2,65,88
13,Metropolitana,13502,Alhué,1,2,70,68
13,Metropolitana,13502,Alhué,2,2,70,63
13,Metropolitana,13502,Alhué,2,2,75,44
13,Metropolitana,13502,Alhué,1,2,75,47
13,Metropolitana,13502,Alhué,1,2,80,39
13,Metropolitana,13502,Alhué,2,2,80,33
13,Metropolitana,13502,Alhué,1,2,85,35
13,Metropolitana,13502,Alhué,2,2,85,31
13,Metropolitana,13503,Curacaví,2,1,0,353
13,Metropolitana,13503,Curacaví,1,1,0,480
13,Metropolitana,13503,Curacaví,2,1,5,451
13,Metropolitana,13503,Curacaví,1,1,5,694
13,Metropolitana,13503,Curacaví,1,1,10,732
13,Metropolitana,13503,Curacaví,2,1,10,536
13,Metropolitana,13503,Curacaví,1,1,15,692
13,Metropolitana,13503,Curacaví,2,1,15,463
13,Metropolitana,13503,Curacaví,2,1,20,440
13,Metropolitana,13503,Curacaví,1,1,20,728
13,Metropolitana,13503,Curacaví,2,1,25,446
13,Metropolitana,13503,Curacaví,1,1,25,740
13,Metropolitana,13503,Curacaví,2,1,30,501
13,Metropolitana,13503,Curacaví,1,1,30,813
13,Metropolitana,13503,Curacaví,1,1,35,660
13,Metropolitana,13503,Curacaví,2,1,35,513
13,Metropolitana,13503,Curacaví,2,1,40,528
13,Metropolitana,13503,Curacaví,1,1,40,612
13,Metropolitana,13503,Curacaví,1,1,45,578
13,Metropolitana,13503,Curacaví,2,1,45,501
13,Metropolitana,13503,Curacaví,2,1,50,479
13,Metropolitana,13503,Curacaví,1,1,50,536
13,Metropolitana,13503,Curacaví,2,1,55,518
13,Metropolitana,13503,Curacaví,1,1,55,623
13,Metropolitana,13503,Curacaví,1,1,60,587
13,Metropolitana,13503,Curacaví,2,1,60,536
13,Metropolitana,13503,Curacaví,2,1,65,435
13,Metropolitana,13503,Curacaví,1,1,65,435
13,Metropolitana,13503,Curacaví,2,1,70,302
13,Metropolitana,13503,Curacaví,1,1,70,339
13,Metropolitana,13503,Curacaví,2,1,75,273
13,Metropolitana,13503,Curacaví,1,1,75,213
13,Metropolitana,13503,Curacaví,1,1,80,144
13,Metropolitana,13503,Curacaví,2,1,80,141
13,Metropolitana,13503,Curacaví,1,1,85,94
13,Metropolitana,13503,Curacaví,2,1,85,110
13,Metropolitana,13503,Curacaví,2,2,0,331
13,Metropolitana,13503,Curacaví,1,2,0,518
13,Metropolitana,13503,Curacaví,2,2,5,493
13,Metropolitana,13503,Curacaví,1,2,5,667
13,Metropolitana,13503,Curacaví,2,2,10,451
13,Metropolitana,13503,Curacaví,1,2,10,750
13,Metropolitana,13503,Curacaví,1,2,15,686
13,Metropolitana,13503,Curacaví,2,2,15,421
13,Metropolitana,13503,Curacaví,1,2,20,643
13,Metropolitana,13503,Curacaví,2,2,20,413
13,Metropolitana,13503,Curacaví,2,2,25,418
13,Metropolitana,13503,Curacaví,1,2,25,768
13,Metropolitana,13503,Curacaví,1,2,30,816
13,Metropolitana,13503,Curacaví,2,2,30,499
13,Metropolitana,13503,Curacaví,1,2,35,810
13,Metropolitana,13503,Curacaví,2,2,35,529
13,Metropolitana,13503,Curacaví,1,2,40,705
13,Metropolitana,13503,Curacaví,2,2,40,530
13,Metropolitana,13503,Curacaví,1,2,45,647
13,Metropolitana,13503,Curacaví,2,2,45,449
13,Metropolitana,13503,Curacaví,2,2,50,519
13,Metropolitana,13503,Curacaví,1,2,50,646
13,Metropolitana,13503,Curacaví,2,2,55,507
13,Metropolitana,13503,Curacaví,1,2,55,707
13,Metropolitana,13503,Curacaví,1,2,60,679
13,Metropolitana,13503,Curacaví,2,2,60,513
13,Metropolitana,13503,Curacaví,1,2,65,527
13,Metropolitana,13503,Curacaví,2,2,65,403
13,Metropolitana,13503,Curacaví,2,2,70,331
13,Metropolitana,13503,Curacaví,1,2,70,377
13,Metropolitana,13503,Curacaví,1,2,75,297
13,Metropolitana,13503,Curacaví,2,2,75,242
13,Metropolitana,13503,Curacaví,1,2,80,184
13,Metropolitana,13503,Curacaví,2,2,80,154
13,Metropolitana,13503,Curacaví,1,2,85,165
13,Metropolitana,13503,Curacaví,2,2,85,144
13,Metropolitana,13504,María Pinto,2,1,0,214
13,Metropolitana,13504,María Pinto,1,1,0,193
13,Metropolitana,13504,María Pinto,1,1,5,196
13,Metropolitana,13504,María Pinto,2,1,5,281
13,Metropolitana,13504,María Pinto,2,1,10,311
13,Metropolitana,13504,María Pinto,1,1,10,249
13,Metropolitana,13504,María Pinto,1,1,15,233
13,Metropolitana,13504,María Pinto,2,1,15,282
13,Metropolitana,13504,María Pinto,2,1,20,245
13,Metropolitana,13504,María Pinto,1,1,20,231
13,Metropolitana,13504,María Pinto,2,1,25,251
13,Metropolitana,13504,María Pinto,1,1,25,223
13,Metropolitana,13504,María Pinto,2,1,30,305
13,Metropolitana,13504,María Pinto,1,1,30,257
13,Metropolitana,13504,María Pinto,1,1,35,232
13,Metropolitana,13504,María Pinto,2,1,35,313
13,Metropolitana,13504,María Pinto,2,1,40,312
13,Metropolitana,13504,María Pinto,1,1,40,175
13,Metropolitana,13504,María Pinto,2,1,45,283
13,Metropolitana,13504,María Pinto,1,1,45,172
13,Metropolitana,13504,María Pinto,2,1,50,263
13,Metropolitana,13504,María Pinto,1,1,50,211
13,Metropolitana,13504,María Pinto,2,1,55,285
13,Metropolitana,13504,María Pinto,1,1,55,222
13,Metropolitana,13504,María Pinto,1,1,60,203
13,Metropolitana,13504,María Pinto,2,1,60,283
13,Metropolitana,13504,María Pinto,2,1,65,242
13,Metropolitana,13504,María Pinto,1,1,65,153
13,Metropolitana,13504,María Pinto,1,1,70,96
13,Metropolitana,13504,María Pinto,2,1,70,176
13,Metropolitana,13504,María Pinto,2,1,75,161
13,Metropolitana,13504,María Pinto,1,1,75,74
13,Metropolitana,13504,María Pinto,1,1,80,59
13,Metropolitana,13504,María Pinto,2,1,80,68
13,Metropolitana,13504,María Pinto,1,1,85,48
13,Metropolitana,13504,María Pinto,2,1,85,57
13,Metropolitana,13504,María Pinto,1,2,0,183
13,Metropolitana,13504,María Pinto,2,2,0,229
13,Metropolitana,13504,María Pinto,2,2,5,293
13,Metropolitana,13504,María Pinto,1,2,5,224
13,Metropolitana,13504,María Pinto,1,2,10,248
13,Metropolitana,13504,María Pinto,2,2,10,279
13,Metropolitana,13504,María Pinto,1,2,15,239
13,Metropolitana,13504,María Pinto,2,2,15,234
13,Metropolitana,13504,María Pinto,2,2,20,242
13,Metropolitana,13504,María Pinto,1,2,20,221
13,Metropolitana,13504,María Pinto,2,2,25,285
13,Metropolitana,13504,María Pinto,1,2,25,244
13,Metropolitana,13504,María Pinto,1,2,30,249
13,Metropolitana,13504,María Pinto,2,2,30,318
13,Metropolitana,13504,María Pinto,2,2,35,349
13,Metropolitana,13504,María Pinto,1,2,35,216
13,Metropolitana,13504,María Pinto,2,2,40,309
13,Metropolitana,13504,María Pinto,1,2,40,207
13,Metropolitana,13504,María Pinto,2,2,45,280
13,Metropolitana,13504,María Pinto,1,2,45,200
13,Metropolitana,13504,María Pinto,1,2,50,232
13,Metropolitana,13504,María Pinto,2,2,50,240
13,Metropolitana,13504,María Pinto,1,2,55,233
13,Metropolitana,13504,María Pinto,2,2,55,291
13,Metropolitana,13504,María Pinto,1,2,60,215
13,Metropolitana,13504,María Pinto,2,2,60,301
13,Metropolitana,13504,María Pinto,1,2,65,150
13,Metropolitana,13504,María Pinto,2,2,65,280
13,Metropolitana,13504,María Pinto,2,2,70,195
13,Metropolitana,13504,María Pinto,1,2,70,121
13,Metropolitana,13504,María Pinto,1,2,75,85
13,Metropolitana,13504,María Pinto,2,2,75,138
13,Metropolitana,13504,María Pinto,1,2,80,61
13,Metropolitana,13504,María Pinto,2,2,80,74
13,Metropolitana,13504,María Pinto,2,2,85,68
13,Metropolitana,13504,María Pinto,1,2,85,60
13,Metropolitana,13505,San Pedro,2,1,0,302
13,Metropolitana,13505,San Pedro,2,1,5,393
13,Metropolitana,13505,San Pedro,2,1,10,385
13,Metropolitana,13505,San Pedro,2,1,15,358
13,Metropolitana,13505,San Pedro,2,1,20,381
13,Metropolitana,13505,San Pedro,2,1,25,376
13,Metropolitana,13505,San Pedro,2,1,30,395
13,Metropolitana,13505,San Pedro,2,1,35,405
13,Metropolitana,13505,San Pedro,2,1,40,345
13,Metropolitana,13505,San Pedro,2,1,45,340
13,Metropolitana,13505,San Pedro,2,1,50,331
13,Metropolitana,13505,San Pedro,2,1,55,352
13,Metropolitana,13505,San Pedro,2,1,60,353
13,Metropolitana,13505,San Pedro,2,1,65,327
13,Metropolitana,13505,San Pedro,2,1,70,252
13,Metropolitana,13505,San Pedro,2,1,75,177
13,Metropolitana,13505,San Pedro,2,1,80,133
13,Metropolitana,13505,San Pedro,2,1,85,91
13,Metropolitana,13505,San Pedro,2,2,0,313
13,Metropolitana,13505,San Pedro,2,2,5,373
13,Metropolitana,13505,San Pedro,2,2,10,368
13,Metropolitana,13505,San Pedro,2,2,15,347
13,Metropolitana,13505,San Pedro,2,2,20,344
13,Metropolitana,13505,San Pedro,2,2,25,370
13,Metropolitana,13505,San Pedro,2,2,30,362
13,Metropolitana,13505,San Pedro,2,2,35,415
13,Metropolitana,13505,San Pedro,2,2,40,329
13,Metropolitana,13505,San Pedro,2,2,45,330
13,Metropolitana,13505,San Pedro,2,2,50,316
13,Metropolitana,13505,San Pedro,2,2,55,323
13,Metropolitana,13505,San Pedro,2,2,60,311
13,Metropolitana,13505,San Pedro,2,2,65,283
13,Metropolitana,13505,San Pedro,2,2,70,224
13,Metropolitana,13505,San Pedro,2,2,75,175
13,Metropolitana,13505,San Pedro,2,2,80,122
13,Metropolitana,13505,San Pedro,2,2,85,107
13,Metropolitana,13601,Talagante,1,1,0,1487
13,Metropolitana,13601,Talagante,2,1,0,370
13,Metropolitana,13601,Talagante,2,1,5,583
13,Metropolitana,13601,Talagante,1,1,5,2007
13,Metropolitana,13601,Talagante,2,1,10,664
13,Metropolitana,13601,Talagante,1,1,10,2248
13,Metropolitana,13601,Talagante,2,1,15,553
13,Metropolitana,13601,Talagante,1,1,15,2130
13,Metropolitana,13601,Talagante,2,1,20,543
13,Metropolitana,13601,Talagante,1,1,20,2194
13,Metropolitana,13601,Talagante,1,1,25,2375
13,Metropolitana,13601,Talagante,2,1,25,487
13,Metropolitana,13601,Talagante,1,1,30,2563
13,Metropolitana,13601,Talagante,2,1,30,487
13,Metropolitana,13601,Talagante,1,1,35,2234
13,Metropolitana,13601,Talagante,2,1,35,506
13,Metropolitana,13601,Talagante,1,1,40,2047
13,Metropolitana,13601,Talagante,2,1,40,570
13,Metropolitana,13601,Talagante,1,1,45,1656
13,Metropolitana,13601,Talagante,2,1,45,619
13,Metropolitana,13601,Talagante,2,1,50,623
13,Metropolitana,13601,Talagante,1,1,50,1757
13,Metropolitana,13601,Talagante,1,1,55,1672
13,Metropolitana,13601,Talagante,2,1,55,556
13,Metropolitana,13601,Talagante,2,1,60,509
13,Metropolitana,13601,Talagante,1,1,60,1703
13,Metropolitana,13601,Talagante,1,1,65,1300
13,Metropolitana,13601,Talagante,2,1,65,407
13,Metropolitana,13601,Talagante,2,1,70,302
13,Metropolitana,13601,Talagante,1,1,70,812
13,Metropolitana,13601,Talagante,1,1,75,555
13,Metropolitana,13601,Talagante,2,1,75,183
13,Metropolitana,13601,Talagante,1,1,80,345
13,Metropolitana,13601,Talagante,2,1,80,118
13,Metropolitana,13601,Talagante,1,1,85,247
13,Metropolitana,13601,Talagante,2,1,85,76
13,Metropolitana,13601,Talagante,2,2,0,406
13,Metropolitana,13601,Talagante,1,2,0,1494
13,Metropolitana,13601,Talagante,2,2,5,529
13,Metropolitana,13601,Talagante,1,2,5,2016
13,Metropolitana,13601,Talagante,1,2,10,2069
13,Metropolitana,13601,Talagante,2,2,10,600
13,Metropolitana,13601,Talagante,1,2,15,2064
13,Metropolitana,13601,Talagante,2,2,15,515
13,Metropolitana,13601,Talagante,2,2,20,516
13,Metropolitana,13601,Talagante,1,2,20,2026
13,Metropolitana,13601,Talagante,1,2,25,2216
13,Metropolitana,13601,Talagante,2,2,25,457
13,Metropolitana,13601,Talagante,1,2,30,2444
13,Metropolitana,13601,Talagante,2,2,30,536
13,Metropolitana,13601,Talagante,1,2,35,2320
13,Metropolitana,13601,Talagante,2,2,35,504
13,Metropolitana,13601,Talagante,1,2,40,2021
13,Metropolitana,13601,Talagante,2,2,40,634
13,Metropolitana,13601,Talagante,1,2,45,1809
13,Metropolitana,13601,Talagante,2,2,45,656
13,Metropolitana,13601,Talagante,1,2,50,1843
13,Metropolitana,13601,Talagante,2,2,50,593
13,Metropolitana,13601,Talagante,2,2,55,514
13,Metropolitana,13601,Talagante,1,2,55,2156
13,Metropolitana,13601,Talagante,1,2,60,1958
13,Metropolitana,13601,Talagante,2,2,60,513
13,Metropolitana,13601,Talagante,1,2,65,1525
13,Metropolitana,13601,Talagante,2,2,65,402
13,Metropolitana,13601,Talagante,1,2,70,1053
13,Metropolitana,13601,Talagante,2,2,70,340
13,Metropolitana,13601,Talagante,2,2,75,183
13,Metropolitana,13601,Talagante,1,2,75,787
13,Metropolitana,13601,Talagante,1,2,80,524
13,Metropolitana,13601,Talagante,2,2,80,142
13,Metropolitana,13601,Talagante,1,2,85,460
13,Metropolitana,13601,Talagante,2,2,85,116
13,Metropolitana,13602,El Monte,2,1,0,167
13,Metropolitana,13602,El Monte,1,1,0,811
13,Metropolitana,13602,El Monte,1,1,5,1107
13,Metropolitana,13602,El Monte,2,1,5,233
13,Metropolitana,13602,El Monte,2,1,10,244
13,Metropolitana,13602,El Monte,1,1,10,1294
13,Metropolitana,13602,El Monte,1,1,15,1127
13,Metropolitana,13602,El Monte,2,1,15,187
13,Metropolitana,13602,El Monte,1,1,20,1028
13,Metropolitana,13602,El Monte,2,1,20,198
13,Metropolitana,13602,El Monte,2,1,25,194
13,Metropolitana,13602,El Monte,1,1,25,1117
13,Metropolitana,13602,El Monte,2,1,30,219
13,Metropolitana,13602,El Monte,1,1,30,1182
13,Metropolitana,13602,El Monte,2,1,35,236
13,Metropolitana,13602,El Monte,1,1,35,1154
13,Metropolitana,13602,El Monte,2,1,40,235
13,Metropolitana,13602,El Monte,1,1,40,966
13,Metropolitana,13602,El Monte,2,1,45,196
13,Metropolitana,13602,El Monte,1,1,45,888
13,Metropolitana,13602,El Monte,1,1,50,861
13,Metropolitana,13602,El Monte,2,1,50,236
13,Metropolitana,13602,El Monte,2,1,55,231
13,Metropolitana,13602,El Monte,1,1,55,876
13,Metropolitana,13602,El Monte,1,1,60,839
13,Metropolitana,13602,El Monte,2,1,60,229
13,Metropolitana,13602,El Monte,2,1,65,216
13,Metropolitana,13602,El Monte,1,1,65,637
13,Metropolitana,13602,El Monte,2,1,70,111
13,Metropolitana,13602,El Monte,1,1,70,461
13,Metropolitana,13602,El Monte,2,1,75,98
13,Metropolitana,13602,El Monte,1,1,75,336
13,Metropolitana,13602,El Monte,2,1,80,56
13,Metropolitana,13602,El Monte,1,1,80,203
13,Metropolitana,13602,El Monte,2,1,85,44
13,Metropolitana,13602,El Monte,1,1,85,130
13,Metropolitana,13602,El Monte,2,2,0,158
13,Metropolitana,13602,El Monte,1,2,0,751
13,Metropolitana,13602,El Monte,1,2,5,1158
13,Metropolitana,13602,El Monte,2,2,5,209
13,Metropolitana,13602,El Monte,2,2,10,219
13,Metropolitana,13602,El Monte,1,2,10,1177
13,Metropolitana,13602,El Monte,1,2,15,1086
13,Metropolitana,13602,El Monte,2,2,15,200
13,Metropolitana,13602,El Monte,2,2,20,203
13,Metropolitana,13602,El Monte,1,2,20,966
13,Metropolitana,13602,El Monte,1,2,25,1084
13,Metropolitana,13602,El Monte,2,2,25,207
13,Metropolitana,13602,El Monte,1,2,30,1312
13,Metropolitana,13602,El Monte,2,2,30,229
13,Metropolitana,13602,El Monte,2,2,35,237
13,Metropolitana,13602,El Monte,1,2,35,1239
13,Metropolitana,13602,El Monte,2,2,40,217
13,Metropolitana,13602,El Monte,1,2,40,1053
13,Metropolitana,13602,El Monte,1,2,45,949
13,Metropolitana,13602,El Monte,2,2,45,214
13,Metropolitana,13602,El Monte,1,2,50,948
13,Metropolitana,13602,El Monte,2,2,50,212
13,Metropolitana,13602,El Monte,2,2,55,245
13,Metropolitana,13602,El Monte,1,2,55,1009
13,Metropolitana,13602,El Monte,1,2,60,928
13,Metropolitana,13602,El Monte,2,2,60,221
13,Metropolitana,13602,El Monte,1,2,65,689
13,Metropolitana,13602,El Monte,2,2,65,185
13,Metropolitana,13602,El Monte,1,2,70,531
13,Metropolitana,13602,El Monte,2,2,70,128
13,Metropolitana,13602,El Monte,1,2,75,425
13,Metropolitana,13602,El Monte,2,2,75,95
13,Metropolitana,13602,El Monte,1,2,80,295
13,Metropolitana,13602,El Monte,2,2,80,57
13,Metropolitana,13602,El Monte,2,2,85,61
13,Metropolitana,13602,El Monte,1,2,85,253
13,Metropolitana,13603,Isla de Maipo,2,1,0,225
13,Metropolitana,13603,Isla de Maipo,1,1,0,784
13,Metropolitana,13603,Isla de Maipo,2,1,5,331
13,Metropolitana,13603,Isla de Maipo,1,1,5,996
13,Metropolitana,13603,Isla de Maipo,2,1,10,360
13,Metropolitana,13603,Isla de Maipo,1,1,10,1133
13,Metropolitana,13603,Isla de Maipo,1,1,15,1076
13,Metropolitana,13603,Isla de Maipo,2,1,15,307
13,Metropolitana,13603,Isla de Maipo,1,1,20,1032
13,Metropolitana,13603,Isla de Maipo,2,1,20,302
13,Metropolitana,13603,Isla de Maipo,2,1,25,313
13,Metropolitana,13603,Isla de Maipo,1,1,25,1087
13,Metropolitana,13603,Isla de Maipo,1,1,30,1172
13,Metropolitana,13603,Isla de Maipo,2,1,30,353
13,Metropolitana,13603,Isla de Maipo,2,1,35,355
13,Metropolitana,13603,Isla de Maipo,1,1,35,1131
13,Metropolitana,13603,Isla de Maipo,1,1,40,944
13,Metropolitana,13603,Isla de Maipo,2,1,40,337
13,Metropolitana,13603,Isla de Maipo,1,1,45,854
13,Metropolitana,13603,Isla de Maipo,2,1,45,333
13,Metropolitana,13603,Isla de Maipo,2,1,50,320
13,Metropolitana,13603,Isla de Maipo,1,1,50,890
13,Metropolitana,13603,Isla de Maipo,1,1,55,843
13,Metropolitana,13603,Isla de Maipo,2,1,55,343
13,Metropolitana,13603,Isla de Maipo,2,1,60,353
13,Metropolitana,13603,Isla de Maipo,1,1,60,795
13,Metropolitana,13603,Isla de Maipo,1,1,65,615
13,Metropolitana,13603,Isla de Maipo,2,1,65,269
13,Metropolitana,13603,Isla de Maipo,2,1,70,213
13,Metropolitana,13603,Isla de Maipo,1,1,70,409
13,Metropolitana,13603,Isla de Maipo,1,1,75,323
13,Metropolitana,13603,Isla de Maipo,2,1,75,130
13,Metropolitana,13603,Isla de Maipo,2,1,80,77
13,Metropolitana,13603,Isla de Maipo,1,1,80,185
13,Metropolitana,13603,Isla de Maipo,2,1,85,58
13,Metropolitana,13603,Isla de Maipo,1,1,85,153
13,Metropolitana,13603,Isla de Maipo,2,2,0,221
13,Metropolitana,13603,Isla de Maipo,1,2,0,751
13,Metropolitana,13603,Isla de Maipo,1,2,5,978
13,Metropolitana,13603,Isla de Maipo,2,2,5,301
13,Metropolitana,13603,Isla de Maipo,2,2,10,336
13,Metropolitana,13603,Isla de Maipo,1,2,10,1091
13,Metropolitana,13603,Isla de Maipo,1,2,15,1029
13,Metropolitana,13603,Isla de Maipo,2,2,15,255
13,Metropolitana,13603,Isla de Maipo,2,2,20,283
13,Metropolitana,13603,Isla de Maipo,1,2,20,998
13,Metropolitana,13603,Isla de Maipo,2,2,25,292
13,Metropolitana,13603,Isla de Maipo,1,2,25,1027
13,Metropolitana,13603,Isla de Maipo,2,2,30,328
13,Metropolitana,13603,Isla de Maipo,1,2,30,1219
13,Metropolitana,13603,Isla de Maipo,2,2,35,329
13,Metropolitana,13603,Isla de Maipo,1,2,35,1178
13,Metropolitana,13603,Isla de Maipo,2,2,40,365
13,Metropolitana,13603,Isla de Maipo,1,2,40,1011
13,Metropolitana,13603,Isla de Maipo,2,2,45,339
13,Metropolitana,13603,Isla de Maipo,1,2,45,970
13,Metropolitana,13603,Isla de Maipo,1,2,50,970
13,Metropolitana,13603,Isla de Maipo,2,2,50,345
13,Metropolitana,13603,Isla de Maipo,2,2,55,335
13,Metropolitana,13603,Isla de Maipo,1,2,55,983
13,Metropolitana,13603,Isla de Maipo,2,2,60,326
13,Metropolitana,13603,Isla de Maipo,1,2,60,893
13,Metropolitana,13603,Isla de Maipo,2,2,65,266
13,Metropolitana,13603,Isla de Maipo,1,2,65,679
13,Metropolitana,13603,Isla de Maipo,1,2,70,491
13,Metropolitana,13603,Isla de Maipo,2,2,70,166
13,Metropolitana,13603,Isla de Maipo,2,2,75,140
13,Metropolitana,13603,Isla de Maipo,1,2,75,368
13,Metropolitana,13603,Isla de Maipo,1,2,80,220
13,Metropolitana,13603,Isla de Maipo,2,2,80,89
13,Metropolitana,13603,Isla de Maipo,2,2,85,80
13,Metropolitana,13603,Isla de Maipo,1,2,85,221
13,Metropolitana,13604,Padre Hurtado,1,1,0,2354
13,Metropolitana,13604,Padre Hurtado,2,1,0,149
13,Metropolitana,13604,Padre Hurtado,2,1,5,181
13,Metropolitana,13604,Padre Hurtado,1,1,5,3080
13,Metropolitana,13604,Padre Hurtado,2,1,10,228
13,Metropolitana,13604,Padre Hurtado,1,1,10,3005
13,Metropolitana,13604,Padre Hurtado,2,1,15,199
13,Metropolitana,13604,Padre Hurtado,1,1,15,2571
13,Metropolitana,13604,Padre Hurtado,1,1,20,2395
13,Metropolitana,13604,Padre Hurtado,2,1,20,212
13,Metropolitana,13604,Padre Hurtado,2,1,25,198
13,Metropolitana,13604,Padre Hurtado,1,1,25,2566
13,Metropolitana,13604,Padre Hurtado,1,1,30,3576
13,Metropolitana,13604,Padre Hurtado,2,1,30,208
13,Metropolitana,13604,Padre Hurtado,1,1,35,3608
13,Metropolitana,13604,Padre Hurtado,2,1,35,206
13,Metropolitana,13604,Padre Hurtado,1,1,40,2890
13,Metropolitana,13604,Padre Hurtado,2,1,40,158
13,Metropolitana,13604,Padre Hurtado,1,1,45,2355
13,Metropolitana,13604,Padre Hurtado,2,1,45,197
13,Metropolitana,13604,Padre Hurtado,2,1,50,193
13,Metropolitana,13604,Padre Hurtado,1,1,50,2002
13,Metropolitana,13604,Padre Hurtado,1,1,55,1874
13,Metropolitana,13604,Padre Hurtado,2,1,55,195
13,Metropolitana,13604,Padre Hurtado,2,1,60,187
13,Metropolitana,13604,Padre Hurtado,1,1,60,1572
13,Metropolitana,13604,Padre Hurtado,2,1,65,126
13,Metropolitana,13604,Padre Hurtado,1,1,65,1136
13,Metropolitana,13604,Padre Hurtado,2,1,70,85
13,Metropolitana,13604,Padre Hurtado,1,1,70,833
13,Metropolitana,13604,Padre Hurtado,1,1,75,532
13,Metropolitana,13604,Padre Hurtado,2,1,75,57
13,Metropolitana,13604,Padre Hurtado,2,1,80,42
13,Metropolitana,13604,Padre Hurtado,1,1,80,344
13,Metropolitana,13604,Padre Hurtado,1,1,85,242
13,Metropolitana,13604,Padre Hurtado,2,1,85,25
13,Metropolitana,13604,Padre Hurtado,2,2,0,126
13,Metropolitana,13604,Padre Hurtado,1,2,0,2298
13,Metropolitana,13604,Padre Hurtado,1,2,5,2920
13,Metropolitana,13604,Padre Hurtado,2,2,5,178
13,Metropolitana,13604,Padre Hurtado,1,2,10,2782
13,Metropolitana,13604,Padre Hurtado,2,2,10,180
13,Metropolitana,13604,Padre Hurtado,1,2,15,2491
13,Metropolitana,13604,Padre Hurtado,2,2,15,180
13,Metropolitana,13604,Padre Hurtado,2,2,20,180
13,Metropolitana,13604,Padre Hurtado,1,2,20,2330
13,Metropolitana,13604,Padre Hurtado,1,2,25,2772
13,Metropolitana,13604,Padre Hurtado,2,2,25,192
13,Metropolitana,13604,Padre Hurtado,1,2,30,3946
13,Metropolitana,13604,Padre Hurtado,2,2,30,224
13,Metropolitana,13604,Padre Hurtado,2,2,35,190
13,Metropolitana,13604,Padre Hurtado,1,2,35,3803
13,Metropolitana,13604,Padre Hurtado,1,2,40,2915
13,Metropolitana,13604,Padre Hurtado,2,2,40,181
13,Metropolitana,13604,Padre Hurtado,1,2,45,2351
13,Metropolitana,13604,Padre Hurtado,2,2,45,194
13,Metropolitana,13604,Padre Hurtado,2,2,50,195
13,Metropolitana,13604,Padre Hurtado,1,2,50,2111
13,Metropolitana,13604,Padre Hurtado,2,2,55,188
13,Metropolitana,13604,Padre Hurtado,1,2,55,2149
13,Metropolitana,13604,Padre Hurtado,1,2,60,1841
13,Metropolitana,13604,Padre Hurtado,2,2,60,188
13,Metropolitana,13604,Padre Hurtado,1,2,65,1320
13,Metropolitana,13604,Padre Hurtado,2,2,65,113
13,Metropolitana,13604,Padre Hurtado,2,2,70,91
13,Metropolitana,13604,Padre Hurtado,1,2,70,1079
13,Metropolitana,13604,Padre Hurtado,1,2,75,708
13,Metropolitana,13604,Padre Hurtado,2,2,75,79
13,Metropolitana,13604,Padre Hurtado,1,2,80,481
13,Metropolitana,13604,Padre Hurtado,2,2,80,47
13,Metropolitana,13604,Padre Hurtado,2,2,85,51
13,Metropolitana,13604,Padre Hurtado,1,2,85,388
13,Metropolitana,13605,Peñaflor,1,1,0,2171
13,Metropolitana,13605,Peñaflor,2,1,0,171
13,Metropolitana,13605,Peñaflor,2,1,5,236
13,Metropolitana,13605,Peñaflor,1,1,5,3017
13,Metropolitana,13605,Peñaflor,1,1,10,3174
13,Metropolitana,13605,Peñaflor,2,1,10,225
13,Metropolitana,13605,Peñaflor,1,1,15,3171
13,Metropolitana,13605,Peñaflor,2,1,15,272
13,Metropolitana,13605,Peñaflor,2,1,20,251
13,Metropolitana,13605,Peñaflor,1,1,20,3092
13,Metropolitana,13605,Peñaflor,1,1,25,3273
13,Metropolitana,13605,Peñaflor,2,1,25,237
13,Metropolitana,13605,Peñaflor,1,1,30,3369
13,Metropolitana,13605,Peñaflor,2,1,30,221
13,Metropolitana,13605,Peñaflor,1,1,35,3054
13,Metropolitana,13605,Peñaflor,2,1,35,219
13,Metropolitana,13605,Peñaflor,1,1,40,2648
13,Metropolitana,13605,Peñaflor,2,1,40,243
13,Metropolitana,13605,Peñaflor,1,1,45,2691
13,Metropolitana,13605,Peñaflor,2,1,45,247
13,Metropolitana,13605,Peñaflor,2,1,50,297
13,Metropolitana,13605,Peñaflor,1,1,50,2893
13,Metropolitana,13605,Peñaflor,1,1,55,2489
13,Metropolitana,13605,Peñaflor,2,1,55,250
13,Metropolitana,13605,Peñaflor,2,1,60,264
13,Metropolitana,13605,Peñaflor,1,1,60,2280
13,Metropolitana,13605,Peñaflor,1,1,65,1654
13,Metropolitana,13605,Peñaflor,2,1,65,193
13,Metropolitana,13605,Peñaflor,2,1,70,132
13,Metropolitana,13605,Peñaflor,1,1,70,1216
13,Metropolitana,13605,Peñaflor,1,1,75,904
13,Metropolitana,13605,Peñaflor,2,1,75,83
13,Metropolitana,13605,Peñaflor,1,1,80,517
13,Metropolitana,13605,Peñaflor,2,1,80,68
13,Metropolitana,13605,Peñaflor,1,1,85,344
13,Metropolitana,13605,Peñaflor,2,1,85,46
13,Metropolitana,13605,Peñaflor,2,2,0,159
13,Metropolitana,13605,Peñaflor,1,2,0,2000
13,Metropolitana,13605,Peñaflor,1,2,5,2937
13,Metropolitana,13605,Peñaflor,2,2,5,236
13,Metropolitana,13605,Peñaflor,1,2,10,3123
13,Metropolitana,13605,Peñaflor,2,2,10,296
13,Metropolitana,13605,Peñaflor,2,2,15,217
13,Metropolitana,13605,Peñaflor,1,2,15,3075
13,Metropolitana,13605,Peñaflor,1,2,20,2939
13,Metropolitana,13605,Peñaflor,2,2,20,248
13,Metropolitana,13605,Peñaflor,1,2,25,3179
13,Metropolitana,13605,Peñaflor,2,2,25,255
13,Metropolitana,13605,Peñaflor,2,2,30,194
13,Metropolitana,13605,Peñaflor,1,2,30,3456
13,Metropolitana,13605,Peñaflor,1,2,35,3318
13,Metropolitana,13605,Peñaflor,2,2,35,219
13,Metropolitana,13605,Peñaflor,1,2,40,3088
13,Metropolitana,13605,Peñaflor,2,2,40,244
13,Metropolitana,13605,Peñaflor,1,2,45,3106
13,Metropolitana,13605,Peñaflor,2,2,45,267
13,Metropolitana,13605,Peñaflor,2,2,50,303
13,Metropolitana,13605,Peñaflor,1,2,50,3038
13,Metropolitana,13605,Peñaflor,2,2,55,249
13,Metropolitana,13605,Peñaflor,1,2,55,2858
13,Metropolitana,13605,Peñaflor,2,2,60,249
13,Metropolitana,13605,Peñaflor,1,2,60,2646
13,Metropolitana,13605,Peñaflor,2,2,65,192
13,Metropolitana,13605,Peñaflor,1,2,65,2049
13,Metropolitana,13605,Peñaflor,1,2,70,1562
13,Metropolitana,13605,Peñaflor,2,2,70,118
13,Metropolitana,13605,Peñaflor,2,2,75,106
13,Metropolitana,13605,Peñaflor,1,2,75,1165
13,Metropolitana,13605,Peñaflor,1,2,80,829
13,Metropolitana,13605,Peñaflor,2,2,80,76
13,Metropolitana,13605,Peñaflor,1,2,85,712
13,Metropolitana,13605,Peñaflor,2,2,85,82
14,Los Ríos,14101,Valdivia,1,1,0,3067
14,Los Ríos,14101,Valdivia,2,1,0,479
14,Los Ríos,14101,Valdivia,2,1,5,647
14,Los Ríos,14101,Valdivia,1,1,5,4236
14,Los Ríos,14101,Valdivia,1,1,10,4894
14,Los Ríos,14101,Valdivia,2,1,10,651
14,Los Ríos,14101,Valdivia,2,1,15,607
14,Los Ríos,14101,Valdivia,1,1,15,5283
14,Los Ríos,14101,Valdivia,2,1,20,499
14,Los Ríos,14101,Valdivia,1,1,20,6370
14,Los Ríos,14101,Valdivia,2,1,25,530
14,Los Ríos,14101,Valdivia,1,1,25,6280
14,Los Ríos,14101,Valdivia,1,1,30,6286
14,Los Ríos,14101,Valdivia,2,1,30,728
14,Los Ríos,14101,Valdivia,1,1,35,5431
14,Los Ríos,14101,Valdivia,2,1,35,719
14,Los Ríos,14101,Valdivia,2,1,40,697
14,Los Ríos,14101,Valdivia,1,1,40,4894
14,Los Ríos,14101,Valdivia,2,1,45,666
14,Los Ríos,14101,Valdivia,1,1,45,4154
14,Los Ríos,14101,Valdivia,1,1,50,4125
14,Los Ríos,14101,Valdivia,2,1,50,652
14,Los Ríos,14101,Valdivia,2,1,55,652
14,Los Ríos,14101,Valdivia,1,1,55,4270
14,Los Ríos,14101,Valdivia,1,1,60,4037
14,Los Ríos,14101,Valdivia,2,1,60,553
14,Los Ríos,14101,Valdivia,1,1,65,3287
14,Los Ríos,14101,Valdivia,2,1,65,480
14,Los Ríos,14101,Valdivia,1,1,70,2321
14,Los Ríos,14101,Valdivia,2,1,70,327
14,Los Ríos,14101,Valdivia,1,1,75,1668
14,Los Ríos,14101,Valdivia,2,1,75,202
14,Los Ríos,14101,Valdivia,2,1,80,105
14,Los Ríos,14101,Valdivia,1,1,80,1041
14,Los Ríos,14101,Valdivia,1,1,85,747
14,Los Ríos,14101,Valdivia,2,1,85,75
14,Los Ríos,14101,Valdivia,1,2,0,2984
14,Los Ríos,14101,Valdivia,2,2,0,444
14,Los Ríos,14101,Valdivia,2,2,5,620
14,Los Ríos,14101,Valdivia,1,2,5,4148
14,Los Ríos,14101,Valdivia,1,2,10,4654
14,Los Ríos,14101,Valdivia,2,2,10,653
14,Los Ríos,14101,Valdivia,2,2,15,592
14,Los Ríos,14101,Valdivia,1,2,15,5278
14,Los Ríos,14101,Valdivia,1,2,20,6469
14,Los Ríos,14101,Valdivia,2,2,20,582
14,Los Ríos,14101,Valdivia,1,2,25,5936
14,Los Ríos,14101,Valdivia,2,2,25,547
14,Los Ríos,14101,Valdivia,1,2,30,6212
14,Los Ríos,14101,Valdivia,2,2,30,768
14,Los Ríos,14101,Valdivia,2,2,35,776
14,Los Ríos,14101,Valdivia,1,2,35,5691
14,Los Ríos,14101,Valdivia,1,2,40,5413
14,Los Ríos,14101,Valdivia,2,2,40,720
14,Los Ríos,14101,Valdivia,1,2,45,4678
14,Los Ríos,14101,Valdivia,2,2,45,674
14,Los Ríos,14101,Valdivia,2,2,50,639
14,Los Ríos,14101,Valdivia,1,2,50,4819
14,Los Ríos,14101,Valdivia,1,2,55,5059
14,Los Ríos,14101,Valdivia,2,2,55,600
14,Los Ríos,14101,Valdivia,2,2,60,556
14,Los Ríos,14101,Valdivia,1,2,60,4952
14,Los Ríos,14101,Valdivia,1,2,65,3875
14,Los Ríos,14101,Valdivia,2,2,65,412
14,Los Ríos,14101,Valdivia,1,2,70,3134
14,Los Ríos,14101,Valdivia,2,2,70,300
14,Los Ríos,14101,Valdivia,1,2,75,2370
14,Los Ríos,14101,Valdivia,2,2,75,206
14,Los Ríos,14101,Valdivia,2,2,80,135
14,Los Ríos,14101,Valdivia,1,2,80,1643
14,Los Ríos,14101,Valdivia,2,2,85,153
14,Los Ríos,14101,Valdivia,1,2,85,1691
14,Los Ríos,14102,Corral,2,1,0,61
14,Los Ríos,14102,Corral,1,1,0,46
14,Los Ríos,14102,Corral,1,1,5,68
14,Los Ríos,14102,Corral,2,1,5,65
14,Los Ríos,14102,Corral,1,1,10,73
14,Los Ríos,14102,Corral,2,1,10,99
14,Los Ríos,14102,Corral,2,1,15,106
14,Los Ríos,14102,Corral,1,1,15,88
14,Los Ríos,14102,Corral,2,1,20,68
14,Los Ríos,14102,Corral,1,1,20,95
14,Los Ríos,14102,Corral,1,1,25,82
14,Los Ríos,14102,Corral,2,1,25,79
14,Los Ríos,14102,Corral,2,1,30,78
14,Los Ríos,14102,Corral,1,1,30,98
14,Los Ríos,14102,Corral,2,1,35,88
14,Los Ríos,14102,Corral,1,1,35,92
14,Los Ríos,14102,Corral,2,1,40,73
14,Los Ríos,14102,Corral,1,1,40,60
14,Los Ríos,14102,Corral,2,1,45,84
14,Los Ríos,14102,Corral,1,1,45,55
14,Los Ríos,14102,Corral,2,1,50,90
14,Los Ríos,14102,Corral,1,1,50,120
14,Los Ríos,14102,Corral,2,1,55,123
14,Los Ríos,14102,Corral,1,1,55,126
14,Los Ríos,14102,Corral,2,1,60,96
14,Los Ríos,14102,Corral,1,1,60,104
14,Los Ríos,14102,Corral,2,1,65,106
14,Los Ríos,14102,Corral,1,1,65,90
14,Los Ríos,14102,Corral,1,1,70,68
14,Los Ríos,14102,Corral,2,1,70,79
14,Los Ríos,14102,Corral,2,1,75,45
14,Los Ríos,14102,Corral,1,1,75,38
14,Los Ríos,14102,Corral,2,1,80,26
14,Los Ríos,14102,Corral,1,1,80,31
14,Los Ríos,14102,Corral,2,1,85,24
14,Los Ríos,14102,Corral,1,1,85,22
14,Los Ríos,14102,Corral,2,2,0,49
14,Los Ríos,14102,Corral,1,2,0,59
14,Los Ríos,14102,Corral,2,2,5,79
14,Los Ríos,14102,Corral,1,2,5,71
14,Los Ríos,14102,Corral,2,2,10,93
14,Los Ríos,14102,Corral,1,2,10,102
14,Los Ríos,14102,Corral,1,2,15,88
14,Los Ríos,14102,Corral,2,2,15,70
14,Los Ríos,14102,Corral,2,2,20,66
14,Los Ríos,14102,Corral,1,2,20,78
14,Los Ríos,14102,Corral,2,2,25,54
14,Los Ríos,14102,Corral,1,2,25,89
14,Los Ríos,14102,Corral,1,2,30,107
14,Los Ríos,14102,Corral,2,2,30,91
14,Los Ríos,14102,Corral,1,2,35,90
14,Los Ríos,14102,Corral,2,2,35,109
14,Los Ríos,14102,Corral,1,2,40,75
14,Los Ríos,14102,Corral,2,2,40,69
14,Los Ríos,14102,Corral,1,2,45,75
14,Los Ríos,14102,Corral,2,2,45,75
14,Los Ríos,14102,Corral,1,2,50,112
14,Los Ríos,14102,Corral,2,2,50,89
14,Los Ríos,14102,Corral,2,2,55,110
14,Los Ríos,14102,Corral,1,2,55,124
14,Los Ríos,14102,Corral,2,2,60,112
14,Los Ríos,14102,Corral,1,2,60,100
14,Los Ríos,14102,Corral,1,2,65,82
14,Los Ríos,14102,Corral,2,2,65,86
14,Los Ríos,14102,Corral,2,2,70,53
14,Los Ríos,14102,Corral,1,2,70,62
14,Los Ríos,14102,Corral,1,2,75,55
14,Los Ríos,14102,Corral,2,2,75,30
14,Los Ríos,14102,Corral,2,2,80,37
14,Los Ríos,14102,Corral,1,2,80,48
14,Los Ríos,14102,Corral,1,2,85,32
14,Los Ríos,14102,Corral,2,2,85,34
14,Los Ríos,14103,Lanco,2,1,0,133
14,Los Ríos,14103,Lanco,1,1,0,250
14,Los Ríos,14103,Lanco,1,1,5,367
14,Los Ríos,14103,Lanco,2,1,5,183
14,Los Ríos,14103,Lanco,1,1,10,400
14,Los Ríos,14103,Lanco,2,1,10,200
14,Los Ríos,14103,Lanco,2,1,15,201
14,Los Ríos,14103,Lanco,1,1,15,425
14,Los Ríos,14103,Lanco,1,1,20,385
14,Los Ríos,14103,Lanco,2,1,20,184
14,Los Ríos,14103,Lanco,1,1,25,378
14,Los Ríos,14103,Lanco,2,1,25,164
14,Los Ríos,14103,Lanco,2,1,30,169
14,Los Ríos,14103,Lanco,1,1,30,376
14,Los Ríos,14103,Lanco,1,1,35,330
14,Los Ríos,14103,Lanco,2,1,35,183
14,Los Ríos,14103,Lanco,2,1,40,188
14,Los Ríos,14103,Lanco,1,1,40,291
14,Los Ríos,14103,Lanco,2,1,45,206
14,Los Ríos,14103,Lanco,1,1,45,277
14,Los Ríos,14103,Lanco,2,1,50,216
14,Los Ríos,14103,Lanco,1,1,50,302
14,Los Ríos,14103,Lanco,2,1,55,243
14,Los Ríos,14103,Lanco,1,1,55,320
14,Los Ríos,14103,Lanco,2,1,60,218
14,Los Ríos,14103,Lanco,1,1,60,303
14,Los Ríos,14103,Lanco,2,1,65,173
14,Los Ríos,14103,Lanco,1,1,65,246
14,Los Ríos,14103,Lanco,1,1,70,189
14,Los Ríos,14103,Lanco,2,1,70,145
14,Los Ríos,14103,Lanco,2,1,75,101
14,Los Ríos,14103,Lanco,1,1,75,128
14,Los Ríos,14103,Lanco,2,1,80,52
14,Los Ríos,14103,Lanco,1,1,80,83
14,Los Ríos,14103,Lanco,1,1,85,79
14,Los Ríos,14103,Lanco,2,1,85,45
14,Los Ríos,14103,Lanco,2,2,0,135
14,Los Ríos,14103,Lanco,1,2,0,257
14,Los Ríos,14103,Lanco,1,2,5,354
14,Los Ríos,14103,Lanco,2,2,5,176
14,Los Ríos,14103,Lanco,1,2,10,414
14,Los Ríos,14103,Lanco,2,2,10,191
14,Los Ríos,14103,Lanco,1,2,15,365
14,Los Ríos,14103,Lanco,2,2,15,163
14,Los Ríos,14103,Lanco,1,2,20,380
14,Los Ríos,14103,Lanco,2,2,20,155
14,Los Ríos,14103,Lanco,2,2,25,172
14,Los Ríos,14103,Lanco,1,2,25,405
14,Los Ríos,14103,Lanco,1,2,30,426
14,Los Ríos,14103,Lanco,2,2,30,189
14,Los Ríos,14103,Lanco,2,2,35,201
14,Los Ríos,14103,Lanco,1,2,35,379
14,Los Ríos,14103,Lanco,1,2,40,380
14,Los Ríos,14103,Lanco,2,2,40,200
14,Los Ríos,14103,Lanco,1,2,45,332
14,Los Ríos,14103,Lanco,2,2,45,189
14,Los Ríos,14103,Lanco,2,2,50,223
14,Los Ríos,14103,Lanco,1,2,50,345
14,Los Ríos,14103,Lanco,2,2,55,242
14,Los Ríos,14103,Lanco,1,2,55,390
14,Los Ríos,14103,Lanco,1,2,60,401
14,Los Ríos,14103,Lanco,2,2,60,197
14,Los Ríos,14103,Lanco,1,2,65,305
14,Los Ríos,14103,Lanco,2,2,65,158
14,Los Ríos,14103,Lanco,1,2,70,225
14,Los Ríos,14103,Lanco,2,2,70,120
14,Los Ríos,14103,Lanco,1,2,75,164
14,Los Ríos,14103,Lanco,2,2,75,95
14,Los Ríos,14103,Lanco,1,2,80,130
14,Los Ríos,14103,Lanco,2,2,80,82
14,Los Ríos,14103,Lanco,2,2,85,72
14,Los Ríos,14103,Lanco,1,2,85,131
14,Los Ríos,14104,Los Lagos,2,1,0,276
14,Los Ríos,14104,Los Lagos,1,1,0,262
14,Los Ríos,14104,Los Lagos,2,1,5,317
14,Los Ríos,14104,Los Lagos,1,1,5,316
14,Los Ríos,14104,Los Lagos,2,1,10,398
14,Los Ríos,14104,Los Lagos,1,1,10,382
14,Los Ríos,14104,Los Lagos,1,1,15,358
14,Los Ríos,14104,Los Lagos,2,1,15,434
14,Los Ríos,14104,Los Lagos,2,1,20,309
14,Los Ríos,14104,Los Lagos,1,1,20,366
14,Los Ríos,14104,Los Lagos,2,1,25,317
14,Los Ríos,14104,Los Lagos,1,1,25,359
14,Los Ríos,14104,Los Lagos,1,1,30,377
14,Los Ríos,14104,Los Lagos,2,1,30,381
14,Los Ríos,14104,Los Lagos,1,1,35,349
14,Los Ríos,14104,Los Lagos,2,1,35,362
14,Los Ríos,14104,Los Lagos,1,1,40,266
14,Los Ríos,14104,Los Lagos,2,1,40,372
14,Los Ríos,14104,Los Lagos,1,1,45,304
14,Los Ríos,14104,Los Lagos,2,1,45,360
14,Los Ríos,14104,Los Lagos,2,1,50,423
14,Los Ríos,14104,Los Lagos,1,1,50,318
14,Los Ríos,14104,Los Lagos,2,1,55,392
14,Los Ríos,14104,Los Lagos,1,1,55,293
14,Los Ríos,14104,Los Lagos,1,1,60,290
14,Los Ríos,14104,Los Lagos,2,1,60,388
14,Los Ríos,14104,Los Lagos,1,1,65,242
14,Los Ríos,14104,Los Lagos,2,1,65,358
14,Los Ríos,14104,Los Lagos,2,1,70,260
14,Los Ríos,14104,Los Lagos,1,1,70,149
14,Los Ríos,14104,Los Lagos,1,1,75,131
14,Los Ríos,14104,Los Lagos,2,1,75,187
14,Los Ríos,14104,Los Lagos,2,1,80,101
14,Los Ríos,14104,Los Lagos,1,1,80,81
14,Los Ríos,14104,Los Lagos,1,1,85,54
14,Los Ríos,14104,Los Lagos,2,1,85,64
14,Los Ríos,14104,Los Lagos,2,2,0,257
14,Los Ríos,14104,Los Lagos,1,2,0,239
14,Los Ríos,14104,Los Lagos,2,2,5,317
14,Los Ríos,14104,Los Lagos,1,2,5,338
14,Los Ríos,14104,Los Lagos,1,2,10,395
14,Los Ríos,14104,Los Lagos,2,2,10,403
14,Los Ríos,14104,Los Lagos,2,2,15,302
14,Los Ríos,14104,Los Lagos,1,2,15,379
14,Los Ríos,14104,Los Lagos,1,2,20,361
14,Los Ríos,14104,Los Lagos,2,2,20,284
14,Los Ríos,14104,Los Lagos,1,2,25,393
14,Los Ríos,14104,Los Lagos,2,2,25,285
14,Los Ríos,14104,Los Lagos,2,2,30,374
14,Los Ríos,14104,Los Lagos,1,2,30,394
14,Los Ríos,14104,Los Lagos,2,2,35,409
14,Los Ríos,14104,Los Lagos,1,2,35,406
14,Los Ríos,14104,Los Lagos,1,2,40,321
14,Los Ríos,14104,Los Lagos,2,2,40,381
14,Los Ríos,14104,Los Lagos,1,2,45,320
14,Los Ríos,14104,Los Lagos,2,2,45,326
14,Los Ríos,14104,Los Lagos,2,2,50,385
14,Los Ríos,14104,Los Lagos,1,2,50,325
14,Los Ríos,14104,Los Lagos,2,2,55,395
14,Los Ríos,14104,Los Lagos,1,2,55,353
14,Los Ríos,14104,Los Lagos,2,2,60,417
14,Los Ríos,14104,Los Lagos,1,2,60,335
14,Los Ríos,14104,Los Lagos,2,2,65,302
14,Los Ríos,14104,Los Lagos,1,2,65,238
14,Los Ríos,14104,Los Lagos,2,2,70,232
14,Los Ríos,14104,Los Lagos,1,2,70,202
14,Los Ríos,14104,Los Lagos,2,2,75,166
14,Los Ríos,14104,Los Lagos,1,2,75,147
14,Los Ríos,14104,Los Lagos,2,2,80,115
14,Los Ríos,14104,Los Lagos,1,2,80,130
14,Los Ríos,14104,Los Lagos,2,2,85,96
14,Los Ríos,14104,Los Lagos,1,2,85,113
14,Los Ríos,14105,Máfil,2,1,0,92
14,Los Ríos,14105,Máfil,1,1,0,95
14,Los Ríos,14105,Máfil,1,1,5,137
14,Los Ríos,14105,Máfil,2,1,5,109
14,Los Ríos,14105,Máfil,1,1,10,167
14,Los Ríos,14105,Máfil,2,1,10,120
14,Los Ríos,14105,Máfil,1,1,15,183
14,Los Ríos,14105,Máfil,2,1,15,109
14,Los Ríos,14105,Máfil,2,1,20,85
14,Los Ríos,14105,Máfil,1,1,20,151
14,Los Ríos,14105,Máfil,1,1,25,137
14,Los Ríos,14105,Máfil,2,1,25,101
14,Los Ríos,14105,Máfil,1,1,30,187
14,Los Ríos,14105,Máfil,2,1,30,138
14,Los Ríos,14105,Máfil,2,1,35,116
14,Los Ríos,14105,Máfil,1,1,35,149
14,Los Ríos,14105,Máfil,2,1,40,115
14,Los Ríos,14105,Máfil,1,1,40,128
14,Los Ríos,14105,Máfil,2,1,45,95
14,Los Ríos,14105,Máfil,1,1,45,116
14,Los Ríos,14105,Máfil,1,1,50,114
14,Los Ríos,14105,Máfil,2,1,50,130
14,Los Ríos,14105,Máfil,2,1,55,139
14,Los Ríos,14105,Máfil,1,1,55,147
14,Los Ríos,14105,Máfil,1,1,60,110
14,Los Ríos,14105,Máfil,2,1,60,142
14,Los Ríos,14105,Máfil,1,1,65,110
14,Los Ríos,14105,Máfil,2,1,65,128
14,Los Ríos,14105,Máfil,1,1,70,76
14,Los Ríos,14105,Máfil,2,1,70,82
14,Los Ríos,14105,Máfil,1,1,75,54
14,Los Ríos,14105,Máfil,2,1,75,61
14,Los Ríos,14105,Máfil,2,1,80,30
14,Los Ríos,14105,Máfil,1,1,80,46
14,Los Ríos,14105,Máfil,2,1,85,28
14,Los Ríos,14105,Máfil,1,1,85,20
14,Los Ríos,14105,Máfil,1,2,0,116
14,Los Ríos,14105,Máfil,2,2,0,75
14,Los Ríos,14105,Máfil,2,2,5,101
14,Los Ríos,14105,Máfil,1,2,5,143
14,Los Ríos,14105,Máfil,2,2,10,129
14,Los Ríos,14105,Máfil,1,2,10,157
14,Los Ríos,14105,Máfil,1,2,15,193
14,Los Ríos,14105,Máfil,2,2,15,100
14,Los Ríos,14105,Máfil,1,2,20,171
14,Los Ríos,14105,Máfil,2,2,20,97
14,Los Ríos,14105,Máfil,2,2,25,92
14,Los Ríos,14105,Máfil,1,2,25,140
14,Los Ríos,14105,Máfil,2,2,30,144
14,Los Ríos,14105,Máfil,1,2,30,187
14,Los Ríos,14105,Máfil,1,2,35,185
14,Los Ríos,14105,Máfil,2,2,35,112
14,Los Ríos,14105,Máfil,1,2,40,151
14,Los Ríos,14105,Máfil,2,2,40,96
14,Los Ríos,14105,Máfil,1,2,45,128
14,Los Ríos,14105,Máfil,2,2,45,87
14,Los Ríos,14105,Máfil,2,2,50,117
14,Los Ríos,14105,Máfil,1,2,50,127
14,Los Ríos,14105,Máfil,1,2,55,177
14,Los Ríos,14105,Máfil,2,2,55,139
14,Los Ríos,14105,Máfil,1,2,60,137
14,Los Ríos,14105,Máfil,2,2,60,142
14,Los Ríos,14105,Máfil,2,2,65,94
14,Los Ríos,14105,Máfil,1,2,65,117
14,Los Ríos,14105,Máfil,2,2,70,70
14,Los Ríos,14105,Máfil,1,2,70,100
14,Los Ríos,14105,Máfil,2,2,75,49
14,Los Ríos,14105,Máfil,1,2,75,75
14,Los Ríos,14105,Máfil,2,2,80,38
14,Los Ríos,14105,Máfil,1,2,80,59
14,Los Ríos,14105,Máfil,1,2,85,45
14,Los Ríos,14105,Máfil,2,2,85,37
14,Los Ríos,14106,Mariquina,1,1,0,288
14,Los Ríos,14106,Mariquina,2,1,0,295
14,Los Ríos,14106,Mariquina,1,1,5,387
14,Los Ríos,14106,Mariquina,2,1,5,424
14,Los Ríos,14106,Mariquina,1,1,10,395
14,Los Ríos,14106,Mariquina,2,1,10,494
14,Los Ríos,14106,Mariquina,2,1,15,470
14,Los Ríos,14106,Mariquina,1,1,15,421
14,Los Ríos,14106,Mariquina,1,1,20,349
14,Los Ríos,14106,Mariquina,2,1,20,404
14,Los Ríos,14106,Mariquina,1,1,25,377
14,Los Ríos,14106,Mariquina,2,1,25,390
14,Los Ríos,14106,Mariquina,1,1,30,351
14,Los Ríos,14106,Mariquina,2,1,30,436
14,Los Ríos,14106,Mariquina,2,1,35,413
14,Los Ríos,14106,Mariquina,1,1,35,325
14,Los Ríos,14106,Mariquina,2,1,40,403
14,Los Ríos,14106,Mariquina,1,1,40,260
14,Los Ríos,14106,Mariquina,2,1,45,375
14,Los Ríos,14106,Mariquina,1,1,45,241
14,Los Ríos,14106,Mariquina,2,1,50,439
14,Los Ríos,14106,Mariquina,1,1,50,256
14,Los Ríos,14106,Mariquina,1,1,55,274
14,Los Ríos,14106,Mariquina,2,1,55,482
14,Los Ríos,14106,Mariquina,2,1,60,415
14,Los Ríos,14106,Mariquina,1,1,60,231
14,Los Ríos,14106,Mariquina,1,1,65,161
14,Los Ríos,14106,Mariquina,2,1,65,385
14,Los Ríos,14106,Mariquina,1,1,70,116
14,Los Ríos,14106,Mariquina,2,1,70,311
14,Los Ríos,14106,Mariquina,1,1,75,95
14,Los Ríos,14106,Mariquina,2,1,75,188
14,Los Ríos,14106,Mariquina,2,1,80,120
14,Los Ríos,14106,Mariquina,1,1,80,67
14,Los Ríos,14106,Mariquina,2,1,85,79
14,Los Ríos,14106,Mariquina,1,1,85,63
14,Los Ríos,14106,Mariquina,1,2,0,297
14,Los Ríos,14106,Mariquina,2,2,0,331
14,Los Ríos,14106,Mariquina,1,2,5,319
14,Los Ríos,14106,Mariquina,2,2,5,413
14,Los Ríos,14106,Mariquina,2,2,10,489
14,Los Ríos,14106,Mariquina,1,2,10,446
14,Los Ríos,14106,Mariquina,1,2,15,426
14,Los Ríos,14106,Mariquina,2,2,15,455
14,Los Ríos,14106,Mariquina,1,2,20,356
14,Los Ríos,14106,Mariquina,2,2,20,369
14,Los Ríos,14106,Mariquina,2,2,25,423
14,Los Ríos,14106,Mariquina,1,2,25,394
14,Los Ríos,14106,Mariquina,1,2,30,478
14,Los Ríos,14106,Mariquina,2,2,30,455
14,Los Ríos,14106,Mariquina,2,2,35,408
14,Los Ríos,14106,Mariquina,1,2,35,324
14,Los Ríos,14106,Mariquina,2,2,40,409
14,Los Ríos,14106,Mariquina,1,2,40,363
14,Los Ríos,14106,Mariquina,2,2,45,412
14,Los Ríos,14106,Mariquina,1,2,45,319
14,Los Ríos,14106,Mariquina,1,2,50,312
14,Los Ríos,14106,Mariquina,2,2,50,449
14,Los Ríos,14106,Mariquina,2,2,55,439
14,Los Ríos,14106,Mariquina,1,2,55,318
14,Los Ríos,14106,Mariquina,1,2,60,272
14,Los Ríos,14106,Mariquina,2,2,60,416
14,Los Ríos,14106,Mariquina,1,2,65,212
14,Los Ríos,14106,Mariquina,2,2,65,324
14,Los Ríos,14106,Mariquina,2,2,70,236
14,Los Ríos,14106,Mariquina,1,2,70,159
14,Los Ríos,14106,Mariquina,1,2,75,151
14,Los Ríos,14106,Mariquina,2,2,75,181
14,Los Ríos,14106,Mariquina,2,2,80,134
14,Los Ríos,14106,Mariquina,1,2,80,97
14,Los Ríos,14106,Mariquina,2,2,85,108
14,Los Ríos,14106,Mariquina,1,2,85,99
14,Los Ríos,14107,Paillaco,1,1,0,238
14,Los Ríos,14107,Paillaco,2,1,0,234
14,Los Ríos,14107,Paillaco,1,1,5,327
14,Los Ríos,14107,Paillaco,2,1,5,269
14,Los Ríos,14107,Paillaco,2,1,10,327
14,Los Ríos,14107,Paillaco,1,1,10,396
14,Los Ríos,14107,Paillaco,2,1,15,300
14,Los Ríos,14107,Paillaco,1,1,15,414
14,Los Ríos,14107,Paillaco,2,1,20,207
14,Los Ríos,14107,Paillaco,1,1,20,398
14,Los Ríos,14107,Paillaco,2,1,25,222
14,Los Ríos,14107,Paillaco,1,1,25,352
14,Los Ríos,14107,Paillaco,2,1,30,278
14,Los Ríos,14107,Paillaco,1,1,30,360
14,Los Ríos,14107,Paillaco,2,1,35,269
14,Los Ríos,14107,Paillaco,1,1,35,327
14,Los Ríos,14107,Paillaco,1,1,40,302
14,Los Ríos,14107,Paillaco,2,1,40,252
14,Los Ríos,14107,Paillaco,1,1,45,308
14,Los Ríos,14107,Paillaco,2,1,45,270
14,Los Ríos,14107,Paillaco,2,1,50,308
14,Los Ríos,14107,Paillaco,1,1,50,288
14,Los Ríos,14107,Paillaco,1,1,55,375
14,Los Ríos,14107,Paillaco,2,1,55,338
14,Los Ríos,14107,Paillaco,1,1,60,307
14,Los Ríos,14107,Paillaco,2,1,60,317
14,Los Ríos,14107,Paillaco,2,1,65,282
14,Los Ríos,14107,Paillaco,1,1,65,244
14,Los Ríos,14107,Paillaco,2,1,70,201
14,Los Ríos,14107,Paillaco,1,1,70,210
14,Los Ríos,14107,Paillaco,2,1,75,141
14,Los Ríos,14107,Paillaco,1,1,75,141
14,Los Ríos,14107,Paillaco,2,1,80,96
14,Los Ríos,14107,Paillaco,1,1,80,86
14,Los Ríos,14107,Paillaco,2,1,85,79
14,Los Ríos,14107,Paillaco,1,1,85,72
14,Los Ríos,14107,Paillaco,2,2,0,199
14,Los Ríos,14107,Paillaco,1,2,0,233
14,Los Ríos,14107,Paillaco,2,2,5,241
14,Los Ríos,14107,Paillaco,1,2,5,325
14,Los Ríos,14107,Paillaco,1,2,10,398
14,Los Ríos,14107,Paillaco,2,2,10,294
14,Los Ríos,14107,Paillaco,1,2,15,382
14,Los Ríos,14107,Paillaco,2,2,15,286
14,Los Ríos,14107,Paillaco,2,2,20,237
14,Los Ríos,14107,Paillaco,1,2,20,388
14,Los Ríos,14107,Paillaco,1,2,25,389
14,Los Ríos,14107,Paillaco,2,2,25,261
14,Los Ríos,14107,Paillaco,1,2,30,396
14,Los Ríos,14107,Paillaco,2,2,30,321
14,Los Ríos,14107,Paillaco,1,2,35,386
14,Los Ríos,14107,Paillaco,2,2,35,281
14,Los Ríos,14107,Paillaco,1,2,40,361
14,Los Ríos,14107,Paillaco,2,2,40,268
14,Los Ríos,14107,Paillaco,1,2,45,347
14,Los Ríos,14107,Paillaco,2,2,45,253
14,Los Ríos,14107,Paillaco,2,2,50,287
14,Los Ríos,14107,Paillaco,1,2,50,392
14,Los Ríos,14107,Paillaco,2,2,55,352
14,Los Ríos,14107,Paillaco,1,2,55,401
14,Los Ríos,14107,Paillaco,1,2,60,391
14,Los Ríos,14107,Paillaco,2,2,60,300
14,Los Ríos,14107,Paillaco,1,2,65,331
14,Los Ríos,14107,Paillaco,2,2,65,267
14,Los Ríos,14107,Paillaco,1,2,70,273
14,Los Ríos,14107,Paillaco,2,2,70,201
14,Los Ríos,14107,Paillaco,1,2,75,219
14,Los Ríos,14107,Paillaco,2,2,75,139
14,Los Ríos,14107,Paillaco,1,2,80,137
14,Los Ríos,14107,Paillaco,2,2,80,100
14,Los Ríos,14107,Paillaco,1,2,85,133
14,Los Ríos,14107,Paillaco,2,2,85,98
14,Los Ríos,14108,Panguipulli,2,1,0,507
14,Los Ríos,14108,Panguipulli,1,1,0,360
14,Los Ríos,14108,Panguipulli,1,1,5,453
14,Los Ríos,14108,Panguipulli,2,1,5,721
14,Los Ríos,14108,Panguipulli,1,1,10,529
14,Los Ríos,14108,Panguipulli,2,1,10,754
14,Los Ríos,14108,Panguipulli,2,1,15,695
14,Los Ríos,14108,Panguipulli,1,1,15,475
14,Los Ríos,14108,Panguipulli,2,1,20,552
14,Los Ríos,14108,Panguipulli,1,1,20,412
14,Los Ríos,14108,Panguipulli,1,1,25,441
14,Los Ríos,14108,Panguipulli,2,1,25,591
14,Los Ríos,14108,Panguipulli,2,1,30,701
14,Los Ríos,14108,Panguipulli,1,1,30,499
14,Los Ríos,14108,Panguipulli,1,1,35,485
14,Los Ríos,14108,Panguipulli,2,1,35,703
14,Los Ríos,14108,Panguipulli,1,1,40,385
14,Los Ríos,14108,Panguipulli,2,1,40,691
14,Los Ríos,14108,Panguipulli,1,1,45,356
14,Los Ríos,14108,Panguipulli,2,1,45,730
14,Los Ríos,14108,Panguipulli,2,1,50,773
14,Los Ríos,14108,Panguipulli,1,1,50,398
14,Los Ríos,14108,Panguipulli,2,1,55,783
14,Los Ríos,14108,Panguipulli,1,1,55,435
14,Los Ríos,14108,Panguipulli,2,1,60,695
14,Los Ríos,14108,Panguipulli,1,1,60,380
14,Los Ríos,14108,Panguipulli,2,1,65,568
14,Los Ríos,14108,Panguipulli,1,1,65,304
14,Los Ríos,14108,Panguipulli,2,1,70,438
14,Los Ríos,14108,Panguipulli,1,1,70,213
14,Los Ríos,14108,Panguipulli,2,1,75,316
14,Los Ríos,14108,Panguipulli,1,1,75,155
14,Los Ríos,14108,Panguipulli,1,1,80,91
14,Los Ríos,14108,Panguipulli,2,1,80,209
14,Los Ríos,14108,Panguipulli,1,1,85,83
14,Los Ríos,14108,Panguipulli,2,1,85,163
14,Los Ríos,14108,Panguipulli,2,2,0,528
14,Los Ríos,14108,Panguipulli,1,2,0,324
14,Los Ríos,14108,Panguipulli,1,2,5,426
14,Los Ríos,14108,Panguipulli,2,2,5,647
14,Los Ríos,14108,Panguipulli,2,2,10,783
14,Los Ríos,14108,Panguipulli,1,2,10,500
14,Los Ríos,14108,Panguipulli,2,2,15,685
14,Los Ríos,14108,Panguipulli,1,2,15,465
14,Los Ríos,14108,Panguipulli,1,2,20,424
14,Los Ríos,14108,Panguipulli,2,2,20,530
14,Los Ríos,14108,Panguipulli,1,2,25,484
14,Los Ríos,14108,Panguipulli,2,2,25,625
14,Los Ríos,14108,Panguipulli,2,2,30,765
14,Los Ríos,14108,Panguipulli,1,2,30,619
14,Los Ríos,14108,Panguipulli,2,2,35,785
14,Los Ríos,14108,Panguipulli,1,2,35,535
14,Los Ríos,14108,Panguipulli,1,2,40,499
14,Los Ríos,14108,Panguipulli,2,2,40,750
14,Los Ríos,14108,Panguipulli,1,2,45,450
14,Los Ríos,14108,Panguipulli,2,2,45,671
14,Los Ríos,14108,Panguipulli,2,2,50,749
14,Los Ríos,14108,Panguipulli,1,2,50,463
14,Los Ríos,14108,Panguipulli,2,2,55,786
14,Los Ríos,14108,Panguipulli,1,2,55,478
14,Los Ríos,14108,Panguipulli,2,2,60,702
14,Los Ríos,14108,Panguipulli,1,2,60,444
14,Los Ríos,14108,Panguipulli,1,2,65,389
14,Los Ríos,14108,Panguipulli,2,2,65,579
14,Los Ríos,14108,Panguipulli,2,2,70,438
14,Los Ríos,14108,Panguipulli,1,2,70,304
14,Los Ríos,14108,Panguipulli,1,2,75,212
14,Los Ríos,14108,Panguipulli,2,2,75,316
14,Los Ríos,14108,Panguipulli,1,2,80,152
14,Los Ríos,14108,Panguipulli,2,2,80,210
14,Los Ríos,14108,Panguipulli,1,2,85,134
14,Los Ríos,14108,Panguipulli,2,2,85,203
14,Los Ríos,14201,La Unión,1,1,0,559
14,Los Ríos,14201,La Unión,2,1,0,254
14,Los Ríos,14201,La Unión,2,1,5,396
14,Los Ríos,14201,La Unión,1,1,5,822
14,Los Ríos,14201,La Unión,2,1,10,462
14,Los Ríos,14201,La Unión,1,1,10,915
14,Los Ríos,14201,La Unión,1,1,15,989
14,Los Ríos,14201,La Unión,2,1,15,412
14,Los Ríos,14201,La Unión,2,1,20,323
14,Los Ríos,14201,La Unión,1,1,20,828
14,Los Ríos,14201,La Unión,2,1,25,348
14,Los Ríos,14201,La Unión,1,1,25,840
14,Los Ríos,14201,La Unión,1,1,30,918
14,Los Ríos,14201,La Unión,2,1,30,387
14,Los Ríos,14201,La Unión,1,1,35,912
14,Los Ríos,14201,La Unión,2,1,35,423
14,Los Ríos,14201,La Unión,2,1,40,430
14,Los Ríos,14201,La Unión,1,1,40,742
14,Los Ríos,14201,La Unión,2,1,45,416
14,Los Ríos,14201,La Unión,1,1,45,681
14,Los Ríos,14201,La Unión,1,1,50,758
14,Los Ríos,14201,La Unión,2,1,50,478
14,Los Ríos,14201,La Unión,1,1,55,737
14,Los Ríos,14201,La Unión,2,1,55,580
14,Los Ríos,14201,La Unión,2,1,60,570
14,Los Ríos,14201,La Unión,1,1,60,712
14,Los Ríos,14201,La Unión,1,1,65,588
14,Los Ríos,14201,La Unión,2,1,65,443
14,Los Ríos,14201,La Unión,2,1,70,330
14,Los Ríos,14201,La Unión,1,1,70,458
14,Los Ríos,14201,La Unión,1,1,75,331
14,Los Ríos,14201,La Unión,2,1,75,240
14,Los Ríos,14201,La Unión,1,1,80,186
14,Los Ríos,14201,La Unión,2,1,80,140
14,Los Ríos,14201,La Unión,2,1,85,100
14,Los Ríos,14201,La Unión,1,1,85,157
14,Los Ríos,14201,La Unión,2,2,0,279
14,Los Ríos,14201,La Unión,1,2,0,548
14,Los Ríos,14201,La Unión,1,2,5,823
14,Los Ríos,14201,La Unión,2,2,5,348
14,Los Ríos,14201,La Unión,1,2,10,902
14,Los Ríos,14201,La Unión,2,2,10,410
14,Los Ríos,14201,La Unión,1,2,15,918
14,Los Ríos,14201,La Unión,2,2,15,355
14,Los Ríos,14201,La Unión,2,2,20,291
14,Los Ríos,14201,La Unión,1,2,20,824
14,Los Ríos,14201,La Unión,2,2,25,352
14,Los Ríos,14201,La Unión,1,2,25,903
14,Los Ríos,14201,La Unión,2,2,30,424
14,Los Ríos,14201,La Unión,1,2,30,1072
14,Los Ríos,14201,La Unión,2,2,35,412
14,Los Ríos,14201,La Unión,1,2,35,996
14,Los Ríos,14201,La Unión,2,2,40,400
14,Los Ríos,14201,La Unión,1,2,40,889
14,Los Ríos,14201,La Unión,2,2,45,391
14,Los Ríos,14201,La Unión,1,2,45,858
14,Los Ríos,14201,La Unión,2,2,50,483
14,Los Ríos,14201,La Unión,1,2,50,815
14,Los Ríos,14201,La Unión,2,2,55,525
14,Los Ríos,14201,La Unión,1,2,55,919
14,Los Ríos,14201,La Unión,1,2,60,865
14,Los Ríos,14201,La Unión,2,2,60,512
14,Los Ríos,14201,La Unión,2,2,65,400
14,Los Ríos,14201,La Unión,1,2,65,665
14,Los Ríos,14201,La Unión,2,2,70,312
14,Los Ríos,14201,La Unión,1,2,70,593
14,Los Ríos,14201,La Unión,2,2,75,215
14,Los Ríos,14201,La Unión,1,2,75,432
14,Los Ríos,14201,La Unión,2,2,80,164
14,Los Ríos,14201,La Unión,1,2,80,298
14,Los Ríos,14201,La Unión,2,2,85,143
14,Los Ríos,14201,La Unión,1,2,85,306
14,Los Ríos,14202,Futrono,1,1,0,204
14,Los Ríos,14202,Futrono,2,1,0,201
14,Los Ríos,14202,Futrono,1,1,5,282
14,Los Ríos,14202,Futrono,2,1,5,272
14,Los Ríos,14202,Futrono,1,1,10,335
14,Los Ríos,14202,Futrono,2,1,10,294
14,Los Ríos,14202,Futrono,1,1,15,273
14,Los Ríos,14202,Futrono,2,1,15,240
14,Los Ríos,14202,Futrono,1,1,20,242
14,Los Ríos,14202,Futrono,2,1,20,183
14,Los Ríos,14202,Futrono,1,1,25,261
14,Los Ríos,14202,Futrono,2,1,25,214
14,Los Ríos,14202,Futrono,1,1,30,267
14,Los Ríos,14202,Futrono,2,1,30,260
14,Los Ríos,14202,Futrono,1,1,35,264
14,Los Ríos,14202,Futrono,2,1,35,253
14,Los Ríos,14202,Futrono,1,1,40,248
14,Los Ríos,14202,Futrono,2,1,40,220
14,Los Ríos,14202,Futrono,2,1,45,234
14,Los Ríos,14202,Futrono,1,1,45,216
14,Los Ríos,14202,Futrono,1,1,50,242
14,Los Ríos,14202,Futrono,2,1,50,298
14,Los Ríos,14202,Futrono,1,1,55,210
14,Los Ríos,14202,Futrono,2,1,55,295
14,Los Ríos,14202,Futrono,2,1,60,303
14,Los Ríos,14202,Futrono,1,1,60,227
14,Los Ríos,14202,Futrono,1,1,65,171
14,Los Ríos,14202,Futrono,2,1,65,224
14,Los Ríos,14202,Futrono,1,1,70,111
14,Los Ríos,14202,Futrono,2,1,70,134
14,Los Ríos,14202,Futrono,1,1,75,100
14,Los Ríos,14202,Futrono,2,1,75,100
14,Los Ríos,14202,Futrono,2,1,80,70
14,Los Ríos,14202,Futrono,1,1,80,52
14,Los Ríos,14202,Futrono,2,1,85,73
14,Los Ríos,14202,Futrono,1,1,85,42
14,Los Ríos,14202,Futrono,1,2,0,177
14,Los Ríos,14202,Futrono,2,2,0,182
14,Los Ríos,14202,Futrono,2,2,5,268
14,Los Ríos,14202,Futrono,1,2,5,286
14,Los Ríos,14202,Futrono,1,2,10,339
14,Los Ríos,14202,Futrono,2,2,10,296
14,Los Ríos,14202,Futrono,1,2,15,283
14,Los Ríos,14202,Futrono,2,2,15,216
14,Los Ríos,14202,Futrono,2,2,20,196
14,Los Ríos,14202,Futrono,1,2,20,228
14,Los Ríos,14202,Futrono,1,2,25,298
14,Los Ríos,14202,Futrono,2,2,25,234
14,Los Ríos,14202,Futrono,2,2,30,301
14,Los Ríos,14202,Futrono,1,2,30,360
14,Los Ríos,14202,Futrono,1,2,35,310
14,Los Ríos,14202,Futrono,2,2,35,232
14,Los Ríos,14202,Futrono,2,2,40,222
14,Los Ríos,14202,Futrono,1,2,40,276
14,Los Ríos,14202,Futrono,2,2,45,240
14,Los Ríos,14202,Futrono,1,2,45,267
14,Los Ríos,14202,Futrono,2,2,50,269
14,Los Ríos,14202,Futrono,1,2,50,264
14,Los Ríos,14202,Futrono,1,2,55,273
14,Los Ríos,14202,Futrono,2,2,55,295
14,Los Ríos,14202,Futrono,1,2,60,232
14,Los Ríos,14202,Futrono,2,2,60,276
14,Los Ríos,14202,Futrono,2,2,65,207
14,Los Ríos,14202,Futrono,1,2,65,198
14,Los Ríos,14202,Futrono,2,2,70,160
14,Los Ríos,14202,Futrono,1,2,70,165
14,Los Ríos,14202,Futrono,2,2,75,96
14,Los Ríos,14202,Futrono,1,2,75,112
14,Los Ríos,14202,Futrono,2,2,80,70
14,Los Ríos,14202,Futrono,1,2,80,69
14,Los Ríos,14202,Futrono,1,2,85,63
14,Los Ríos,14202,Futrono,2,2,85,60
14,Los Ríos,14203,Lago Ranco,1,1,0,41
14,Los Ríos,14203,Lago Ranco,2,1,0,210
14,Los Ríos,14203,Lago Ranco,1,1,5,62
14,Los Ríos,14203,Lago Ranco,2,1,5,258
14,Los Ríos,14203,Lago Ranco,1,1,10,69
14,Los Ríos,14203,Lago Ranco,2,1,10,303
14,Los Ríos,14203,Lago Ranco,2,1,15,281
14,Los Ríos,14203,Lago Ranco,1,1,15,70
14,Los Ríos,14203,Lago Ranco,2,1,20,182
14,Los Ríos,14203,Lago Ranco,1,1,20,58
14,Los Ríos,14203,Lago Ranco,1,1,25,66
14,Los Ríos,14203,Lago Ranco,2,1,25,228
14,Los Ríos,14203,Lago Ranco,2,1,30,294
14,Los Ríos,14203,Lago Ranco,1,1,30,88
14,Los Ríos,14203,Lago Ranco,2,1,35,248
14,Los Ríos,14203,Lago Ranco,1,1,35,55
14,Los Ríos,14203,Lago Ranco,1,1,40,47
14,Los Ríos,14203,Lago Ranco,2,1,40,282
14,Los Ríos,14203,Lago Ranco,1,1,45,56
14,Los Ríos,14203,Lago Ranco,2,1,45,274
14,Los Ríos,14203,Lago Ranco,1,1,50,52
14,Los Ríos,14203,Lago Ranco,2,1,50,310
14,Los Ríos,14203,Lago Ranco,2,1,55,336
14,Los Ríos,14203,Lago Ranco,1,1,55,57
14,Los Ríos,14203,Lago Ranco,1,1,60,56
14,Los Ríos,14203,Lago Ranco,2,1,60,307
14,Los Ríos,14203,Lago Ranco,2,1,65,265
14,Los Ríos,14203,Lago Ranco,1,1,65,50
14,Los Ríos,14203,Lago Ranco,1,1,70,44
14,Los Ríos,14203,Lago Ranco,2,1,70,186
14,Los Ríos,14203,Lago Ranco,2,1,75,138
14,Los Ríos,14203,Lago Ranco,1,1,75,32
14,Los Ríos,14203,Lago Ranco,1,1,80,17
14,Los Ríos,14203,Lago Ranco,2,1,80,66
14,Los Ríos,14203,Lago Ranco,2,1,85,77
14,Los Ríos,14203,Lago Ranco,1,1,85,16
14,Los Ríos,14203,Lago Ranco,1,2,0,55
14,Los Ríos,14203,Lago Ranco,2,2,0,207
14,Los Ríos,14203,Lago Ranco,1,2,5,62
14,Los Ríos,14203,Lago Ranco,2,2,5,291
14,Los Ríos,14203,Lago Ranco,2,2,10,284
14,Los Ríos,14203,Lago Ranco,1,2,10,60
14,Los Ríos,14203,Lago Ranco,1,2,15,54
14,Los Ríos,14203,Lago Ranco,2,2,15,267
14,Los Ríos,14203,Lago Ranco,2,2,20,206
14,Los Ríos,14203,Lago Ranco,1,2,20,53
14,Los Ríos,14203,Lago Ranco,1,2,25,60
14,Los Ríos,14203,Lago Ranco,2,2,25,241
14,Los Ríos,14203,Lago Ranco,2,2,30,318
14,Los Ríos,14203,Lago Ranco,1,2,30,84
14,Los Ríos,14203,Lago Ranco,2,2,35,272
14,Los Ríos,14203,Lago Ranco,1,2,35,69
14,Los Ríos,14203,Lago Ranco,1,2,40,60
14,Los Ríos,14203,Lago Ranco,2,2,40,267
14,Los Ríos,14203,Lago Ranco,2,2,45,287
14,Los Ríos,14203,Lago Ranco,1,2,45,62
14,Los Ríos,14203,Lago Ranco,2,2,50,340
14,Los Ríos,14203,Lago Ranco,1,2,50,68
14,Los Ríos,14203,Lago Ranco,1,2,55,64
14,Los Ríos,14203,Lago Ranco,2,2,55,329
14,Los Ríos,14203,Lago Ranco,2,2,60,268
14,Los Ríos,14203,Lago Ranco,1,2,60,84
14,Los Ríos,14203,Lago Ranco,2,2,65,240
14,Los Ríos,14203,Lago Ranco,1,2,65,57
14,Los Ríos,14203,Lago Ranco,1,2,70,65
14,Los Ríos,14203,Lago Ranco,2,2,70,189
14,Los Ríos,14203,Lago Ranco,2,2,75,122
14,Los Ríos,14203,Lago Ranco,1,2,75,35
14,Los Ríos,14203,Lago Ranco,2,2,80,94
14,Los Ríos,14203,Lago Ranco,1,2,80,27
14,Los Ríos,14203,Lago Ranco,2,2,85,76
14,Los Ríos,14203,Lago Ranco,1,2,85,29
14,Los Ríos,14204,Río Bueno,1,1,0,446
14,Los Ríos,14204,Río Bueno,2,1,0,289
14,Los Ríos,14204,Río Bueno,2,1,5,417
14,Los Ríos,14204,Río Bueno,1,1,5,556
14,Los Ríos,14204,Río Bueno,1,1,10,690
14,Los Ríos,14204,Río Bueno,2,1,10,497
14,Los Ríos,14204,Río Bueno,2,1,15,423
14,Los Ríos,14204,Río Bueno,1,1,15,611
14,Los Ríos,14204,Río Bueno,1,1,20,592
14,Los Ríos,14204,Río Bueno,2,1,20,375
14,Los Ríos,14204,Río Bueno,2,1,25,419
14,Los Ríos,14204,Río Bueno,1,1,25,674
14,Los Ríos,14204,Río Bueno,1,1,30,696
14,Los Ríos,14204,Río Bueno,2,1,30,491
14,Los Ríos,14204,Río Bueno,1,1,35,634
14,Los Ríos,14204,Río Bueno,2,1,35,390
14,Los Ríos,14204,Río Bueno,1,1,40,486
14,Los Ríos,14204,Río Bueno,2,1,40,435
14,Los Ríos,14204,Río Bueno,1,1,45,464
14,Los Ríos,14204,Río Bueno,2,1,45,526
14,Los Ríos,14204,Río Bueno,2,1,50,636
14,Los Ríos,14204,Río Bueno,1,1,50,472
14,Los Ríos,14204,Río Bueno,1,1,55,523
14,Los Ríos,14204,Río Bueno,2,1,55,679
14,Los Ríos,14204,Río Bueno,1,1,60,468
14,Los Ríos,14204,Río Bueno,2,1,60,706
14,Los Ríos,14204,Río Bueno,1,1,65,408
14,Los Ríos,14204,Río Bueno,2,1,65,536
14,Los Ríos,14204,Río Bueno,2,1,70,404
14,Los Ríos,14204,Río Bueno,1,1,70,273
14,Los Ríos,14204,Río Bueno,1,1,75,195
14,Los Ríos,14204,Río Bueno,2,1,75,287
14,Los Ríos,14204,Río Bueno,2,1,80,170
14,Los Ríos,14204,Río Bueno,1,1,80,146
14,Los Ríos,14204,Río Bueno,1,1,85,107
14,Los Ríos,14204,Río Bueno,2,1,85,111
14,Los Ríos,14204,Río Bueno,2,2,0,296
14,Los Ríos,14204,Río Bueno,1,2,0,399
14,Los Ríos,14204,Río Bueno,2,2,5,400
14,Los Ríos,14204,Río Bueno,1,2,5,543
14,Los Ríos,14204,Río Bueno,1,2,10,647
14,Los Ríos,14204,Río Bueno,2,2,10,442
14,Los Ríos,14204,Río Bueno,2,2,15,418
14,Los Ríos,14204,Río Bueno,1,2,15,628
14,Los Ríos,14204,Río Bueno,2,2,20,360
14,Los Ríos,14204,Río Bueno,1,2,20,611
14,Los Ríos,14204,Río Bueno,2,2,25,406
14,Los Ríos,14204,Río Bueno,1,2,25,673
14,Los Ríos,14204,Río Bueno,1,2,30,789
14,Los Ríos,14204,Río Bueno,2,2,30,471
14,Los Ríos,14204,Río Bueno,1,2,35,656
14,Los Ríos,14204,Río Bueno,2,2,35,442
14,Los Ríos,14204,Río Bueno,1,2,40,626
14,Los Ríos,14204,Río Bueno,2,2,40,386
14,Los Ríos,14204,Río Bueno,1,2,45,609
14,Los Ríos,14204,Río Bueno,2,2,45,465
14,Los Ríos,14204,Río Bueno,2,2,50,554
14,Los Ríos,14204,Río Bueno,1,2,50,663
14,Los Ríos,14204,Río Bueno,2,2,55,582
14,Los Ríos,14204,Río Bueno,1,2,55,649
14,Los Ríos,14204,Río Bueno,1,2,60,564
14,Los Ríos,14204,Río Bueno,2,2,60,648
14,Los Ríos,14204,Río Bueno,1,2,65,503
14,Los Ríos,14204,Río Bueno,2,2,65,483
14,Los Ríos,14204,Río Bueno,2,2,70,381
14,Los Ríos,14204,Río Bueno,1,2,70,388
14,Los Ríos,14204,Río Bueno,1,2,75,337
14,Los Ríos,14204,Río Bueno,2,2,75,263
14,Los Ríos,14204,Río Bueno,2,2,80,196
14,Los Ríos,14204,Río Bueno,1,2,80,205
14,Los Ríos,14204,Río Bueno,1,2,85,272
14,Los Ríos,14204,Río Bueno,2,2,85,176
15,Arica y Parinacota,15101,Arica,2,1,0,855
15,Arica y Parinacota,15101,Arica,1,1,0,5466
15,Arica y Parinacota,15101,Arica,2,1,5,883
15,Arica y Parinacota,15101,Arica,1,1,5,7381
15,Arica y Parinacota,15101,Arica,2,1,10,856
15,Arica y Parinacota,15101,Arica,1,1,10,8687
15,Arica y Parinacota,15101,Arica,1,1,15,7994
15,Arica y Parinacota,15101,Arica,2,1,15,711
15,Arica y Parinacota,15101,Arica,1,1,20,8130
15,Arica y Parinacota,15101,Arica,2,1,20,1064
15,Arica y Parinacota,15101,Arica,2,1,25,1204
15,Arica y Parinacota,15101,Arica,1,1,25,8635
15,Arica y Parinacota,15101,Arica,1,1,30,8789
15,Arica y Parinacota,15101,Arica,2,1,30,1210
15,Arica y Parinacota,15101,Arica,1,1,35,8379
15,Arica y Parinacota,15101,Arica,2,1,35,1147
15,Arica y Parinacota,15101,Arica,1,1,40,7071
15,Arica y Parinacota,15101,Arica,2,1,40,958
15,Arica y Parinacota,15101,Arica,1,1,45,6358
15,Arica y Parinacota,15101,Arica,2,1,45,794
15,Arica y Parinacota,15101,Arica,1,1,50,6584
15,Arica y Parinacota,15101,Arica,2,1,50,634
15,Arica y Parinacota,15101,Arica,2,1,55,493
15,Arica y Parinacota,15101,Arica,1,1,55,5351
15,Arica y Parinacota,15101,Arica,2,1,60,396
15,Arica y Parinacota,15101,Arica,1,1,60,5065
15,Arica y Parinacota,15101,Arica,1,1,65,4532
15,Arica y Parinacota,15101,Arica,2,1,65,326
15,Arica y Parinacota,15101,Arica,2,1,70,222
15,Arica y Parinacota,15101,Arica,1,1,70,3377
15,Arica y Parinacota,15101,Arica,1,1,75,2464
15,Arica y Parinacota,15101,Arica,2,1,75,178
15,Arica y Parinacota,15101,Arica,2,1,80,72
15,Arica y Parinacota,15101,Arica,1,1,80,1524
15,Arica y Parinacota,15101,Arica,1,1,85,995
15,Arica y Parinacota,15101,Arica,2,1,85,59
15,Arica y Parinacota,15101,Arica,2,2,0,802
15,Arica y Parinacota,15101,Arica,1,2,0,5548
15,Arica y Parinacota,15101,Arica,2,2,5,822
15,Arica y Parinacota,15101,Arica,1,2,5,7160
15,Arica y Parinacota,15101,Arica,2,2,10,865
15,Arica y Parinacota,15101,Arica,1,2,10,8226
15,Arica y Parinacota,15101,Arica,1,2,15,7699
15,Arica y Parinacota,15101,Arica,2,2,15,658
15,Arica y Parinacota,15101,Arica,2,2,20,728
15,Arica y Parinacota,15101,Arica,1,2,20,7950
15,Arica y Parinacota,15101,Arica,1,2,25,8443
15,Arica y Parinacota,15101,Arica,2,2,25,920
15,Arica y Parinacota,15101,Arica,1,2,30,8746
15,Arica y Parinacota,15101,Arica,2,2,30,823
15,Arica y Parinacota,15101,Arica,2,2,35,790
15,Arica y Parinacota,15101,Arica,1,2,35,8468
15,Arica y Parinacota,15101,Arica,1,2,40,7820
15,Arica y Parinacota,15101,Arica,2,2,40,699
15,Arica y Parinacota,15101,Arica,1,2,45,6985
15,Arica y Parinacota,15101,Arica,2,2,45,538
15,Arica y Parinacota,15101,Arica,1,2,50,7421
15,Arica y Parinacota,15101,Arica,2,2,50,484
15,Arica y Parinacota,15101,Arica,2,2,55,362
15,Arica y Parinacota,15101,Arica,1,2,55,6383
15,Arica y Parinacota,15101,Arica,1,2,60,6235
15,Arica y Parinacota,15101,Arica,2,2,60,347
15,Arica y Parinacota,15101,Arica,2,2,65,199
15,Arica y Parinacota,15101,Arica,1,2,65,5010
15,Arica y Parinacota,15101,Arica,1,2,70,4074
15,Arica y Parinacota,15101,Arica,2,2,70,177
15,Arica y Parinacota,15101,Arica,2,2,75,134
15,Arica y Parinacota,15101,Arica,1,2,75,3114
15,Arica y Parinacota,15101,Arica,1,2,80,2101
15,Arica y Parinacota,15101,Arica,2,2,80,88
15,Arica y Parinacota,15101,Arica,2,2,85,63
15,Arica y Parinacota,15101,Arica,1,2,85,1927
15,Arica y Parinacota,15102,Camarones,2,1,0,17
15,Arica y Parinacota,15102,Camarones,2,1,5,14
15,Arica y Parinacota,15102,Camarones,2,1,10,23
15,Arica y Parinacota,15102,Camarones,2,1,15,22
15,Arica y Parinacota,15102,Camarones,2,1,20,17
15,Arica y Parinacota,15102,Camarones,2,1,25,22
15,Arica y Parinacota,15102,Camarones,2,1,30,20
15,Arica y Parinacota,15102,Camarones,2,1,35,23
15,Arica y Parinacota,15102,Camarones,2,1,40,24
15,Arica y Parinacota,15102,Camarones,2,1,45,33
15,Arica y Parinacota,15102,Camarones,2,1,50,36
15,Arica y Parinacota,15102,Camarones,2,1,55,27
15,Arica y Parinacota,15102,Camarones,2,1,60,41
15,Arica y Parinacota,15102,Camarones,2,1,65,32
15,Arica y Parinacota,15102,Camarones,2,1,70,28
15,Arica y Parinacota,15102,Camarones,2,1,75,32
15,Arica y Parinacota,15102,Camarones,2,1,80,12
15,Arica y Parinacota,15102,Camarones,2,1,85,7
15,Arica y Parinacota,15102,Camarones,2,2,0,9
15,Arica y Parinacota,15102,Camarones,2,2,5,23
15,Arica y Parinacota,15102,Camarones,2,2,10,20
15,Arica y Parinacota,15102,Camarones,2,2,15,24
15,Arica y Parinacota,15102,Camarones,2,2,20,18
15,Arica y Parinacota,15102,Camarones,2,2,25,11
15,Arica y Parinacota,15102,Camarones,2,2,30,23
15,Arica y Parinacota,15102,Camarones,2,2,35,23
15,Arica y Parinacota,15102,Camarones,2,2,40,26
15,Arica y Parinacota,15102,Camarones,2,2,45,24
15,Arica y Parinacota,15102,Camarones,2,2,50,36
15,Arica y Parinacota,15102,Camarones,2,2,55,34
15,Arica y Parinacota,15102,Camarones,2,2,60,43
15,Arica y Parinacota,15102,Camarones,2,2,65,37
15,Arica y Parinacota,15102,Camarones,2,2,70,29
15,Arica y Parinacota,15102,Camarones,2,2,75,34
15,Arica y Parinacota,15102,Camarones,2,2,80,7
15,Arica y Parinacota,15102,Camarones,2,2,85,10
15,Arica y Parinacota,15201,Putre,1,1,0,39
15,Arica y Parinacota,15201,Putre,2,1,0,3
15,Arica y Parinacota,15201,Putre,2,1,5,7
15,Arica y Parinacota,15201,Putre,1,1,5,37
15,Arica y Parinacota,15201,Putre,1,1,10,37
15,Arica y Parinacota,15201,Putre,2,1,10,11
15,Arica y Parinacota,15201,Putre,2,1,15,13
15,Arica y Parinacota,15201,Putre,1,1,15,93
15,Arica y Parinacota,15201,Putre,2,1,20,8
15,Arica y Parinacota,15201,Putre,1,1,20,70
15,Arica y Parinacota,15201,Putre,2,1,25,7
15,Arica y Parinacota,15201,Putre,1,1,25,50
15,Arica y Parinacota,15201,Putre,2,1,30,7
15,Arica y Parinacota,15201,Putre,1,1,30,48
15,Arica y Parinacota,15201,Putre,1,1,35,46
15,Arica y Parinacota,15201,Putre,2,1,35,5
15,Arica y Parinacota,15201,Putre,1,1,40,35
15,Arica y Parinacota,15201,Putre,2,1,40,7
15,Arica y Parinacota,15201,Putre,1,1,45,37
15,Arica y Parinacota,15201,Putre,2,1,45,13
15,Arica y Parinacota,15201,Putre,1,1,50,28
15,Arica y Parinacota,15201,Putre,2,1,50,25
15,Arica y Parinacota,15201,Putre,1,1,55,29
15,Arica y Parinacota,15201,Putre,2,1,55,27
15,Arica y Parinacota,15201,Putre,1,1,60,19
15,Arica y Parinacota,15201,Putre,2,1,60,15
15,Arica y Parinacota,15201,Putre,2,1,65,29
15,Arica y Parinacota,15201,Putre,1,1,65,14
15,Arica y Parinacota,15201,Putre,1,1,70,15
15,Arica y Parinacota,15201,Putre,2,1,70,26
15,Arica y Parinacota,15201,Putre,2,1,75,14
15,Arica y Parinacota,15201,Putre,1,1,75,3
15,Arica y Parinacota,15201,Putre,2,1,80,12
15,Arica y Parinacota,15201,Putre,1,1,80,6
15,Arica y Parinacota,15201,Putre,1,1,85,4
15,Arica y Parinacota,15201,Putre,2,1,85,7
15,Arica y Parinacota,15201,Putre,2,2,0,10
15,Arica y Parinacota,15201,Putre,1,2,0,26
15,Arica y Parinacota,15201,Putre,1,2,5,33
15,Arica y Parinacota,15201,Putre,2,2,5,7
15,Arica y Parinacota,15201,Putre,1,2,10,29
15,Arica y Parinacota,15201,Putre,2,2,10,11
15,Arica y Parinacota,15201,Putre,2,2,15,11
15,Arica y Parinacota,15201,Putre,1,2,15,49
15,Arica y Parinacota,15201,Putre,2,2,20,5
15,Arica y Parinacota,15201,Putre,1,2,20,49
15,Arica y Parinacota,15201,Putre,1,2,25,47
15,Arica y Parinacota,15201,Putre,2,2,25,9
15,Arica y Parinacota,15201,Putre,2,2,30,8
15,Arica y Parinacota,15201,Putre,1,2,30,38
15,Arica y Parinacota,15201,Putre,1,2,35,32
15,Arica y Parinacota,15201,Putre,2,2,35,12
15,Arica y Parinacota,15201,Putre,1,2,40,31
15,Arica y Parinacota,15201,Putre,2,2,40,9
15,Arica y Parinacota,15201,Putre,1,2,45,23
15,Arica y Parinacota,15201,Putre,2,2,45,9
15,Arica y Parinacota,15201,Putre,1,2,50,22
15,Arica y Parinacota,15201,Putre,2,2,50,26
15,Arica y Parinacota,15201,Putre,2,2,55,21
15,Arica y Parinacota,15201,Putre,1,2,55,17
15,Arica y Parinacota,15201,Putre,2,2,60,19
15,Arica y Parinacota,15201,Putre,1,2,60,22
15,Arica y Parinacota,15201,Putre,2,2,65,23
15,Arica y Parinacota,15201,Putre,1,2,65,16
15,Arica y Parinacota,15201,Putre,1,2,70,12
15,Arica y Parinacota,15201,Putre,2,2,70,18
15,Arica y Parinacota,15201,Putre,2,2,75,13
15,Arica y Parinacota,15201,Putre,1,2,75,11
15,Arica y Parinacota,15201,Putre,1,2,80,9
15,Arica y Parinacota,15201,Putre,2,2,80,13
15,Arica y Parinacota,15201,Putre,1,2,85,4
15,Arica y Parinacota,15201,Putre,2,2,85,7
15,Arica y Parinacota,15202,General Lagos,2,1,0,25
15,Arica y Parinacota,15202,General Lagos,2,1,5,21
15,Arica y Parinacota,15202,General Lagos,2,1,10,14
15,Arica y Parinacota,15202,General Lagos,2,1,15,11
15,Arica y Parinacota,15202,General Lagos,2,1,20,11
15,Arica y Parinacota,15202,General Lagos,2,1,25,17
15,Arica y Parinacota,15202,General Lagos,2,1,30,16
15,Arica y Parinacota,15202,General Lagos,2,1,35,9
15,Arica y Parinacota,15202,General Lagos,2,1,40,13
15,Arica y Parinacota,15202,General Lagos,2,1,45,13
15,Arica y Parinacota,15202,General Lagos,2,1,50,13
15,Arica y Parinacota,15202,General Lagos,2,1,55,14
15,Arica y Parinacota,15202,General Lagos,2,1,60,25
15,Arica y Parinacota,15202,General Lagos,2,1,65,15
15,Arica y Parinacota,15202,General Lagos,2,1,70,17
15,Arica y Parinacota,15202,General Lagos,2,1,75,18
15,Arica y Parinacota,15202,General Lagos,2,1,80,6
15,Arica y Parinacota,15202,General Lagos,2,1,85,3
15,Arica y Parinacota,15202,General Lagos,2,2,0,19
15,Arica y Parinacota,15202,General Lagos,2,2,5,26
15,Arica y Parinacota,15202,General Lagos,2,2,10,18
15,Arica y Parinacota,15202,General Lagos,2,2,15,9
15,Arica y Parinacota,15202,General Lagos,2,2,20,9
15,Arica y Parinacota,15202,General Lagos,2,2,25,14
15,Arica y Parinacota,15202,General Lagos,2,2,30,11
15,Arica y Parinacota,15202,General Lagos,2,2,35,12
15,Arica y Parinacota,15202,General Lagos,2,2,40,7
15,Arica y Parinacota,15202,General Lagos,2,2,45,15
15,Arica y Parinacota,15202,General Lagos,2,2,50,16
15,Arica y Parinacota,15202,General Lagos,2,2,55,18
15,Arica y Parinacota,15202,General Lagos,2,2,60,16
15,Arica y Parinacota,15202,General Lagos,2,2,65,21
15,Arica y Parinacota,15202,General Lagos,2,2,70,14
15,Arica y Parinacota,15202,General Lagos,2,2,75,10
15,Arica y Parinacota,15202,General Lagos,2,2,80,8
15,Arica y Parinacota,15202,General Lagos,2,2,85,4
16,Ñuble,16101,Chillán,2,1,0,521
16,Ñuble,16101,Chillán,1,1,0,4023
16,Ñuble,16101,Chillán,2,1,5,619
16,Ñuble,16101,Chillán,1,1,5,5246
16,Ñuble,16101,Chillán,1,1,10,5754
16,Ñuble,16101,Chillán,2,1,10,720
16,Ñuble,16101,Chillán,1,1,15,5731
16,Ñuble,16101,Chillán,2,1,15,707
16,Ñuble,16101,Chillán,2,1,20,564
16,Ñuble,16101,Chillán,1,1,20,5615
16,Ñuble,16101,Chillán,2,1,25,624
16,Ñuble,16101,Chillán,1,1,25,5951
16,Ñuble,16101,Chillán,1,1,30,6520
16,Ñuble,16101,Chillán,2,1,30,656
16,Ñuble,16101,Chillán,1,1,35,5930
16,Ñuble,16101,Chillán,2,1,35,718
16,Ñuble,16101,Chillán,2,1,40,673
16,Ñuble,16101,Chillán,1,1,40,5152
16,Ñuble,16101,Chillán,2,1,45,647
16,Ñuble,16101,Chillán,1,1,45,4603
16,Ñuble,16101,Chillán,1,1,50,5009
16,Ñuble,16101,Chillán,2,1,50,768
16,Ñuble,16101,Chillán,2,1,55,831
16,Ñuble,16101,Chillán,1,1,55,4912
16,Ñuble,16101,Chillán,2,1,60,763
16,Ñuble,16101,Chillán,1,1,60,4375
16,Ñuble,16101,Chillán,1,1,65,3529
16,Ñuble,16101,Chillán,2,1,65,626
16,Ñuble,16101,Chillán,2,1,70,470
16,Ñuble,16101,Chillán,1,1,70,2608
16,Ñuble,16101,Chillán,1,1,75,1959
16,Ñuble,16101,Chillán,2,1,75,315
16,Ñuble,16101,Chillán,1,1,80,1201
16,Ñuble,16101,Chillán,2,1,80,209
16,Ñuble,16101,Chillán,1,1,85,821
16,Ñuble,16101,Chillán,2,1,85,112
16,Ñuble,16101,Chillán,2,2,0,485
16,Ñuble,16101,Chillán,1,2,0,3916
16,Ñuble,16101,Chillán,2,2,5,622
16,Ñuble,16101,Chillán,1,2,5,5100
16,Ñuble,16101,Chillán,1,2,10,5508
16,Ñuble,16101,Chillán,2,2,10,607
16,Ñuble,16101,Chillán,2,2,15,670
16,Ñuble,16101,Chillán,1,2,15,5424
16,Ñuble,16101,Chillán,1,2,20,5518
16,Ñuble,16101,Chillán,2,2,20,589
16,Ñuble,16101,Chillán,1,2,25,6272
16,Ñuble,16101,Chillán,2,2,25,613
16,Ñuble,16101,Chillán,1,2,30,6975
16,Ñuble,16101,Chillán,2,2,30,715
16,Ñuble,16101,Chillán,1,2,35,6657
16,Ñuble,16101,Chillán,2,2,35,752
16,Ñuble,16101,Chillán,2,2,40,717
16,Ñuble,16101,Chillán,1,2,40,6158
16,Ñuble,16101,Chillán,2,2,45,734
16,Ñuble,16101,Chillán,1,2,45,5699
16,Ñuble,16101,Chillán,1,2,50,6271
16,Ñuble,16101,Chillán,2,2,50,759
16,Ñuble,16101,Chillán,2,2,55,799
16,Ñuble,16101,Chillán,1,2,55,6041
16,Ñuble,16101,Chillán,1,2,60,5623
16,Ñuble,16101,Chillán,2,2,60,710
16,Ñuble,16101,Chillán,1,2,65,4751
16,Ñuble,16101,Chillán,2,2,65,589
16,Ñuble,16101,Chillán,2,2,70,439
16,Ñuble,16101,Chillán,1,2,70,3646
16,Ñuble,16101,Chillán,2,2,75,297
16,Ñuble,16101,Chillán,1,2,75,2869
16,Ñuble,16101,Chillán,1,2,80,2027
16,Ñuble,16101,Chillán,2,2,80,209
16,Ñuble,16101,Chillán,1,2,85,1924
16,Ñuble,16101,Chillán,2,2,85,215
16,Ñuble,16102,Bulnes,1,1,0,332
16,Ñuble,16102,Bulnes,2,1,0,220
16,Ñuble,16102,Bulnes,1,1,5,482
16,Ñuble,16102,Bulnes,2,1,5,273
16,Ñuble,16102,Bulnes,2,1,10,269
16,Ñuble,16102,Bulnes,1,1,10,469
16,Ñuble,16102,Bulnes,2,1,15,323
16,Ñuble,16102,Bulnes,1,1,15,486
16,Ñuble,16102,Bulnes,2,1,20,228
16,Ñuble,16102,Bulnes,1,1,20,442
16,Ñuble,16102,Bulnes,2,1,25,265
16,Ñuble,16102,Bulnes,1,1,25,456
16,Ñuble,16102,Bulnes,1,1,30,486
16,Ñuble,16102,Bulnes,2,1,30,293
16,Ñuble,16102,Bulnes,2,1,35,265
16,Ñuble,16102,Bulnes,1,1,35,436
16,Ñuble,16102,Bulnes,2,1,40,281
16,Ñuble,16102,Bulnes,1,1,40,422
16,Ñuble,16102,Bulnes,1,1,45,345
16,Ñuble,16102,Bulnes,2,1,45,327
16,Ñuble,16102,Bulnes,2,1,50,396
16,Ñuble,16102,Bulnes,1,1,50,399
16,Ñuble,16102,Bulnes,1,1,55,434
16,Ñuble,16102,Bulnes,2,1,55,401
16,Ñuble,16102,Bulnes,2,1,60,428
16,Ñuble,16102,Bulnes,1,1,60,426
16,Ñuble,16102,Bulnes,1,1,65,383
16,Ñuble,16102,Bulnes,2,1,65,298
16,Ñuble,16102,Bulnes,1,1,70,233
16,Ñuble,16102,Bulnes,2,1,70,250
16,Ñuble,16102,Bulnes,1,1,75,190
16,Ñuble,16102,Bulnes,2,1,75,172
16,Ñuble,16102,Bulnes,2,1,80,94
16,Ñuble,16102,Bulnes,1,1,80,123
16,Ñuble,16102,Bulnes,2,1,85,65
16,Ñuble,16102,Bulnes,1,1,85,80
16,Ñuble,16102,Bulnes,1,2,0,336
16,Ñuble,16102,Bulnes,2,2,0,226
16,Ñuble,16102,Bulnes,2,2,5,279
16,Ñuble,16102,Bulnes,1,2,5,480
16,Ñuble,16102,Bulnes,2,2,10,313
16,Ñuble,16102,Bulnes,1,2,10,460
16,Ñuble,16102,Bulnes,2,2,15,260
16,Ñuble,16102,Bulnes,1,2,15,451
16,Ñuble,16102,Bulnes,1,2,20,418
16,Ñuble,16102,Bulnes,2,2,20,239
16,Ñuble,16102,Bulnes,2,2,25,289
16,Ñuble,16102,Bulnes,1,2,25,500
16,Ñuble,16102,Bulnes,2,2,30,290
16,Ñuble,16102,Bulnes,1,2,30,540
16,Ñuble,16102,Bulnes,1,2,35,541
16,Ñuble,16102,Bulnes,2,2,35,312
16,Ñuble,16102,Bulnes,1,2,40,473
16,Ñuble,16102,Bulnes,2,2,40,317
16,Ñuble,16102,Bulnes,1,2,45,466
16,Ñuble,16102,Bulnes,2,2,45,297
16,Ñuble,16102,Bulnes,2,2,50,365
16,Ñuble,16102,Bulnes,1,2,50,559
16,Ñuble,16102,Bulnes,1,2,55,551
16,Ñuble,16102,Bulnes,2,2,55,364
16,Ñuble,16102,Bulnes,2,2,60,344
16,Ñuble,16102,Bulnes,1,2,60,496
16,Ñuble,16102,Bulnes,2,2,65,297
16,Ñuble,16102,Bulnes,1,2,65,433
16,Ñuble,16102,Bulnes,2,2,70,217
16,Ñuble,16102,Bulnes,1,2,70,327
16,Ñuble,16102,Bulnes,2,2,75,155
16,Ñuble,16102,Bulnes,1,2,75,260
16,Ñuble,16102,Bulnes,1,2,80,181
16,Ñuble,16102,Bulnes,2,2,80,98
16,Ñuble,16102,Bulnes,1,2,85,168
16,Ñuble,16102,Bulnes,2,2,85,89
16,Ñuble,16103,Chillán Viejo,1,1,0,658
16,Ñuble,16103,Chillán Viejo,2,1,0,141
16,Ñuble,16103,Chillán Viejo,2,1,5,176
16,Ñuble,16103,Chillán Viejo,1,1,5,926
16,Ñuble,16103,Chillán Viejo,2,1,10,176
16,Ñuble,16103,Chillán Viejo,1,1,10,954
16,Ñuble,16103,Chillán Viejo,2,1,15,195
16,Ñuble,16103,Chillán Viejo,1,1,15,1001
16,Ñuble,16103,Chillán Viejo,1,1,20,1011
16,Ñuble,16103,Chillán Viejo,2,1,20,153
16,Ñuble,16103,Chillán Viejo,2,1,25,179
16,Ñuble,16103,Chillán Viejo,1,1,25,951
16,Ñuble,16103,Chillán Viejo,1,1,30,942
16,Ñuble,16103,Chillán Viejo,2,1,30,207
16,Ñuble,16103,Chillán Viejo,1,1,35,875
16,Ñuble,16103,Chillán Viejo,2,1,35,206
16,Ñuble,16103,Chillán Viejo,2,1,40,194
16,Ñuble,16103,Chillán Viejo,1,1,40,802
16,Ñuble,16103,Chillán Viejo,2,1,45,169
16,Ñuble,16103,Chillán Viejo,1,1,45,807
16,Ñuble,16103,Chillán Viejo,2,1,50,221
16,Ñuble,16103,Chillán Viejo,1,1,50,869
16,Ñuble,16103,Chillán Viejo,1,1,55,792
16,Ñuble,16103,Chillán Viejo,2,1,55,223
16,Ñuble,16103,Chillán Viejo,2,1,60,205
16,Ñuble,16103,Chillán Viejo,1,1,60,664
16,Ñuble,16103,Chillán Viejo,1,1,65,487
16,Ñuble,16103,Chillán Viejo,2,1,65,173
16,Ñuble,16103,Chillán Viejo,2,1,70,103
16,Ñuble,16103,Chillán Viejo,1,1,70,377
16,Ñuble,16103,Chillán Viejo,1,1,75,269
16,Ñuble,16103,Chillán Viejo,2,1,75,64
16,Ñuble,16103,Chillán Viejo,2,1,80,30
16,Ñuble,16103,Chillán Viejo,1,1,80,157
16,Ñuble,16103,Chillán Viejo,1,1,85,100
16,Ñuble,16103,Chillán Viejo,2,1,85,29
16,Ñuble,16103,Chillán Viejo,1,2,0,636
16,Ñuble,16103,Chillán Viejo,2,2,0,148
16,Ñuble,16103,Chillán Viejo,1,2,5,850
16,Ñuble,16103,Chillán Viejo,2,2,5,170
16,Ñuble,16103,Chillán Viejo,1,2,10,990
16,Ñuble,16103,Chillán Viejo,2,2,10,187
16,Ñuble,16103,Chillán Viejo,1,2,15,960
16,Ñuble,16103,Chillán Viejo,2,2,15,175
16,Ñuble,16103,Chillán Viejo,1,2,20,999
16,Ñuble,16103,Chillán Viejo,2,2,20,139
16,Ñuble,16103,Chillán Viejo,2,2,25,156
16,Ñuble,16103,Chillán Viejo,1,2,25,1012
16,Ñuble,16103,Chillán Viejo,2,2,30,208
16,Ñuble,16103,Chillán Viejo,1,2,30,1066
16,Ñuble,16103,Chillán Viejo,2,2,35,195
16,Ñuble,16103,Chillán Viejo,1,2,35,1038
16,Ñuble,16103,Chillán Viejo,2,2,40,171
16,Ñuble,16103,Chillán Viejo,1,2,40,1071
16,Ñuble,16103,Chillán Viejo,2,2,45,169
16,Ñuble,16103,Chillán Viejo,1,2,45,978
16,Ñuble,16103,Chillán Viejo,1,2,50,1122
16,Ñuble,16103,Chillán Viejo,2,2,50,202
16,Ñuble,16103,Chillán Viejo,1,2,55,1060
16,Ñuble,16103,Chillán Viejo,2,2,55,211
16,Ñuble,16103,Chillán Viejo,1,2,60,762
16,Ñuble,16103,Chillán Viejo,2,2,60,181
16,Ñuble,16103,Chillán Viejo,2,2,65,147
16,Ñuble,16103,Chillán Viejo,1,2,65,643
16,Ñuble,16103,Chillán Viejo,2,2,70,105
16,Ñuble,16103,Chillán Viejo,1,2,70,498
16,Ñuble,16103,Chillán Viejo,2,2,75,59
16,Ñuble,16103,Chillán Viejo,1,2,75,373
16,Ñuble,16103,Chillán Viejo,1,2,80,237
16,Ñuble,16103,Chillán Viejo,2,2,80,44
16,Ñuble,16103,Chillán Viejo,2,2,85,42
16,Ñuble,16103,Chillán Viejo,1,2,85,198
16,Ñuble,16104,El Carmen,2,1,0,157
16,Ñuble,16104,El Carmen,1,1,0,155
16,Ñuble,16104,El Carmen,1,1,5,205
16,Ñuble,16104,El Carmen,2,1,5,209
16,Ñuble,16104,El Carmen,1,1,10,199
16,Ñuble,16104,El Carmen,2,1,10,216
16,Ñuble,16104,El Carmen,1,1,15,205
16,Ñuble,16104,El Carmen,2,1,15,221
16,Ñuble,16104,El Carmen,2,1,20,201
16,Ñuble,16104,El Carmen,1,1,20,188
16,Ñuble,16104,El Carmen,2,1,25,204
16,Ñuble,16104,El Carmen,1,1,25,191
16,Ñuble,16104,El Carmen,2,1,30,211
16,Ñuble,16104,El Carmen,1,1,30,216
16,Ñuble,16104,El Carmen,2,1,35,227
16,Ñuble,16104,El Carmen,1,1,35,148
16,Ñuble,16104,El Carmen,2,1,40,252
16,Ñuble,16104,El Carmen,1,1,40,184
16,Ñuble,16104,El Carmen,2,1,45,263
16,Ñuble,16104,El Carmen,1,1,45,136
16,Ñuble,16104,El Carmen,1,1,50,167
16,Ñuble,16104,El Carmen,2,1,50,344
16,Ñuble,16104,El Carmen,2,1,55,317
16,Ñuble,16104,El Carmen,1,1,55,156
16,Ñuble,16104,El Carmen,2,1,60,326
16,Ñuble,16104,El Carmen,1,1,60,153
16,Ñuble,16104,El Carmen,2,1,65,233
16,Ñuble,16104,El Carmen,1,1,65,116
16,Ñuble,16104,El Carmen,2,1,70,213
16,Ñuble,16104,El Carmen,1,1,70,74
16,Ñuble,16104,El Carmen,2,1,75,139
16,Ñuble,16104,El Carmen,1,1,75,61
16,Ñuble,16104,El Carmen,1,1,80,48
16,Ñuble,16104,El Carmen,2,1,80,104
16,Ñuble,16104,El Carmen,2,1,85,79
16,Ñuble,16104,El Carmen,1,1,85,30
16,Ñuble,16104,El Carmen,2,2,0,156
16,Ñuble,16104,El Carmen,1,2,0,137
16,Ñuble,16104,El Carmen,1,2,5,182
16,Ñuble,16104,El Carmen,2,2,5,191
16,Ñuble,16104,El Carmen,1,2,10,177
16,Ñuble,16104,El Carmen,2,2,10,211
16,Ñuble,16104,El Carmen,1,2,15,195
16,Ñuble,16104,El Carmen,2,2,15,211
16,Ñuble,16104,El Carmen,2,2,20,198
16,Ñuble,16104,El Carmen,1,2,20,193
16,Ñuble,16104,El Carmen,1,2,25,221
16,Ñuble,16104,El Carmen,2,2,25,183
16,Ñuble,16104,El Carmen,2,2,30,204
16,Ñuble,16104,El Carmen,1,2,30,210
16,Ñuble,16104,El Carmen,2,2,35,212
16,Ñuble,16104,El Carmen,1,2,35,237
16,Ñuble,16104,El Carmen,2,2,40,227
16,Ñuble,16104,El Carmen,1,2,40,186
16,Ñuble,16104,El Carmen,2,2,45,259
16,Ñuble,16104,El Carmen,1,2,45,205
16,Ñuble,16104,El Carmen,2,2,50,276
16,Ñuble,16104,El Carmen,1,2,50,200
16,Ñuble,16104,El Carmen,2,2,55,322
16,Ñuble,16104,El Carmen,1,2,55,209
16,Ñuble,16104,El Carmen,2,2,60,279
16,Ñuble,16104,El Carmen,1,2,60,161
16,Ñuble,16104,El Carmen,2,2,65,195
16,Ñuble,16104,El Carmen,1,2,65,130
16,Ñuble,16104,El Carmen,1,2,70,117
16,Ñuble,16104,El Carmen,2,2,70,192
16,Ñuble,16104,El Carmen,2,2,75,133
16,Ñuble,16104,El Carmen,1,2,75,85
16,Ñuble,16104,El Carmen,1,2,80,59
16,Ñuble,16104,El Carmen,2,2,80,131
16,Ñuble,16104,El Carmen,2,2,85,81
16,Ñuble,16104,El Carmen,1,2,85,73
16,Ñuble,16105,Pemuco,1,1,0,99
16,Ñuble,16105,Pemuco,2,1,0,129
16,Ñuble,16105,Pemuco,1,1,5,143
16,Ñuble,16105,Pemuco,2,1,5,113
16,Ñuble,16105,Pemuco,1,1,10,151
16,Ñuble,16105,Pemuco,2,1,10,146
16,Ñuble,16105,Pemuco,2,1,15,157
16,Ñuble,16105,Pemuco,1,1,15,137
16,Ñuble,16105,Pemuco,1,1,20,143
16,Ñuble,16105,Pemuco,2,1,20,148
16,Ñuble,16105,Pemuco,1,1,25,137
16,Ñuble,16105,Pemuco,2,1,25,156
16,Ñuble,16105,Pemuco,1,1,30,148
16,Ñuble,16105,Pemuco,2,1,30,127
16,Ñuble,16105,Pemuco,2,1,35,131
16,Ñuble,16105,Pemuco,1,1,35,116
16,Ñuble,16105,Pemuco,2,1,40,132
16,Ñuble,16105,Pemuco,1,1,40,145
16,Ñuble,16105,Pemuco,2,1,45,170
16,Ñuble,16105,Pemuco,1,1,45,104
16,Ñuble,16105,Pemuco,1,1,50,131
16,Ñuble,16105,Pemuco,2,1,50,194
16,Ñuble,16105,Pemuco,1,1,55,118
16,Ñuble,16105,Pemuco,2,1,55,183
16,Ñuble,16105,Pemuco,2,1,60,174
16,Ñuble,16105,Pemuco,1,1,60,156
16,Ñuble,16105,Pemuco,1,1,65,119
16,Ñuble,16105,Pemuco,2,1,65,141
16,Ñuble,16105,Pemuco,2,1,70,102
16,Ñuble,16105,Pemuco,1,1,70,65
16,Ñuble,16105,Pemuco,1,1,75,66
16,Ñuble,16105,Pemuco,2,1,75,74
16,Ñuble,16105,Pemuco,1,1,80,48
16,Ñuble,16105,Pemuco,2,1,80,50
16,Ñuble,16105,Pemuco,2,1,85,31
16,Ñuble,16105,Pemuco,1,1,85,32
16,Ñuble,16105,Pemuco,2,2,0,95
16,Ñuble,16105,Pemuco,1,2,0,115
16,Ñuble,16105,Pemuco,1,2,5,124
16,Ñuble,16105,Pemuco,2,2,5,129
16,Ñuble,16105,Pemuco,2,2,10,146
16,Ñuble,16105,Pemuco,1,2,10,127
16,Ñuble,16105,Pemuco,1,2,15,141
16,Ñuble,16105,Pemuco,2,2,15,147
16,Ñuble,16105,Pemuco,1,2,20,119
16,Ñuble,16105,Pemuco,2,2,20,128
16,Ñuble,16105,Pemuco,2,2,25,130
16,Ñuble,16105,Pemuco,1,2,25,176
16,Ñuble,16105,Pemuco,1,2,30,141
16,Ñuble,16105,Pemuco,2,2,30,154
16,Ñuble,16105,Pemuco,2,2,35,137
16,Ñuble,16105,Pemuco,1,2,35,147
16,Ñuble,16105,Pemuco,1,2,40,142
16,Ñuble,16105,Pemuco,2,2,40,151
16,Ñuble,16105,Pemuco,1,2,45,141
16,Ñuble,16105,Pemuco,2,2,45,159
16,Ñuble,16105,Pemuco,2,2,50,188
16,Ñuble,16105,Pemuco,1,2,50,137
16,Ñuble,16105,Pemuco,2,2,55,168
16,Ñuble,16105,Pemuco,1,2,55,174
16,Ñuble,16105,Pemuco,2,2,60,163
16,Ñuble,16105,Pemuco,1,2,60,160
16,Ñuble,16105,Pemuco,1,2,65,127
16,Ñuble,16105,Pemuco,2,2,65,135
16,Ñuble,16105,Pemuco,2,2,70,92
16,Ñuble,16105,Pemuco,1,2,70,87
16,Ñuble,16105,Pemuco,1,2,75,74
16,Ñuble,16105,Pemuco,2,2,75,66
16,Ñuble,16105,Pemuco,1,2,80,41
16,Ñuble,16105,Pemuco,2,2,80,62
16,Ñuble,16105,Pemuco,2,2,85,43
16,Ñuble,16105,Pemuco,1,2,85,48
16,Ñuble,16106,Pinto,2,1,0,159
16,Ñuble,16106,Pinto,1,1,0,148
16,Ñuble,16106,Pinto,1,1,5,159
16,Ñuble,16106,Pinto,2,1,5,179
16,Ñuble,16106,Pinto,2,1,10,200
16,Ñuble,16106,Pinto,1,1,10,184
16,Ñuble,16106,Pinto,1,1,15,174
16,Ñuble,16106,Pinto,2,1,15,191
16,Ñuble,16106,Pinto,1,1,20,171
16,Ñuble,16106,Pinto,2,1,20,164
16,Ñuble,16106,Pinto,1,1,25,189
16,Ñuble,16106,Pinto,2,1,25,184
16,Ñuble,16106,Pinto,2,1,30,228
16,Ñuble,16106,Pinto,1,1,30,187
16,Ñuble,16106,Pinto,2,1,35,213
16,Ñuble,16106,Pinto,1,1,35,187
16,Ñuble,16106,Pinto,2,1,40,222
16,Ñuble,16106,Pinto,1,1,40,178
16,Ñuble,16106,Pinto,2,1,45,226
16,Ñuble,16106,Pinto,1,1,45,160
16,Ñuble,16106,Pinto,1,1,50,185
16,Ñuble,16106,Pinto,2,1,50,257
16,Ñuble,16106,Pinto,2,1,55,274
16,Ñuble,16106,Pinto,1,1,55,189
16,Ñuble,16106,Pinto,2,1,60,252
16,Ñuble,16106,Pinto,1,1,60,172
16,Ñuble,16106,Pinto,2,1,65,226
16,Ñuble,16106,Pinto,1,1,65,155
16,Ñuble,16106,Pinto,1,1,70,111
16,Ñuble,16106,Pinto,2,1,70,173
16,Ñuble,16106,Pinto,2,1,75,124
16,Ñuble,16106,Pinto,1,1,75,90
16,Ñuble,16106,Pinto,2,1,80,66
16,Ñuble,16106,Pinto,1,1,80,63
16,Ñuble,16106,Pinto,2,1,85,45
16,Ñuble,16106,Pinto,1,1,85,35
16,Ñuble,16106,Pinto,1,2,0,143
16,Ñuble,16106,Pinto,2,2,0,138
16,Ñuble,16106,Pinto,2,2,5,182
16,Ñuble,16106,Pinto,1,2,5,141
16,Ñuble,16106,Pinto,1,2,10,178
16,Ñuble,16106,Pinto,2,2,10,195
16,Ñuble,16106,Pinto,2,2,15,209
16,Ñuble,16106,Pinto,1,2,15,185
16,Ñuble,16106,Pinto,2,2,20,164
16,Ñuble,16106,Pinto,1,2,20,172
16,Ñuble,16106,Pinto,2,2,25,193
16,Ñuble,16106,Pinto,1,2,25,178
16,Ñuble,16106,Pinto,2,2,30,242
16,Ñuble,16106,Pinto,1,2,30,211
16,Ñuble,16106,Pinto,1,2,35,225
16,Ñuble,16106,Pinto,2,2,35,256
16,Ñuble,16106,Pinto,2,2,40,210
16,Ñuble,16106,Pinto,1,2,40,167
16,Ñuble,16106,Pinto,2,2,45,202
16,Ñuble,16106,Pinto,1,2,45,204
16,Ñuble,16106,Pinto,1,2,50,227
16,Ñuble,16106,Pinto,2,2,50,263
16,Ñuble,16106,Pinto,1,2,55,209
16,Ñuble,16106,Pinto,2,2,55,257
16,Ñuble,16106,Pinto,1,2,60,224
16,Ñuble,16106,Pinto,2,2,60,258
16,Ñuble,16106,Pinto,2,2,65,202
16,Ñuble,16106,Pinto,1,2,65,158
16,Ñuble,16106,Pinto,1,2,70,126
16,Ñuble,16106,Pinto,2,2,70,141
16,Ñuble,16106,Pinto,2,2,75,117
16,Ñuble,16106,Pinto,1,2,75,108
16,Ñuble,16106,Pinto,2,2,80,74
16,Ñuble,16106,Pinto,1,2,80,78
16,Ñuble,16106,Pinto,1,2,85,89
16,Ñuble,16106,Pinto,2,2,85,56
16,Ñuble,16107,Quillón,1,1,0,271
16,Ñuble,16107,Quillón,2,1,0,137
16,Ñuble,16107,Quillón,2,1,5,196
16,Ñuble,16107,Quillón,1,1,5,376
16,Ñuble,16107,Quillón,1,1,10,371
16,Ñuble,16107,Quillón,2,1,10,208
16,Ñuble,16107,Quillón,2,1,15,200
16,Ñuble,16107,Quillón,1,1,15,360
16,Ñuble,16107,Quillón,1,1,20,352
16,Ñuble,16107,Quillón,2,1,20,197
16,Ñuble,16107,Quillón,1,1,25,326
16,Ñuble,16107,Quillón,2,1,25,177
16,Ñuble,16107,Quillón,1,1,30,358
16,Ñuble,16107,Quillón,2,1,30,204
16,Ñuble,16107,Quillón,1,1,35,369
16,Ñuble,16107,Quillón,2,1,35,254
16,Ñuble,16107,Quillón,2,1,40,221
16,Ñuble,16107,Quillón,1,1,40,326
16,Ñuble,16107,Quillón,2,1,45,241
16,Ñuble,16107,Quillón,1,1,45,281
16,Ñuble,16107,Quillón,2,1,50,326
16,Ñuble,16107,Quillón,1,1,50,333
16,Ñuble,16107,Quillón,1,1,55,323
16,Ñuble,16107,Quillón,2,1,55,360
16,Ñuble,16107,Quillón,1,1,60,332
16,Ñuble,16107,Quillón,2,1,60,391
16,Ñuble,16107,Quillón,1,1,65,271
16,Ñuble,16107,Quillón,2,1,65,384
16,Ñuble,16107,Quillón,2,1,70,280
16,Ñuble,16107,Quillón,1,1,70,185
16,Ñuble,16107,Quillón,1,1,75,165
16,Ñuble,16107,Quillón,2,1,75,203
16,Ñuble,16107,Quillón,2,1,80,127
16,Ñuble,16107,Quillón,1,1,80,117
16,Ñuble,16107,Quillón,1,1,85,69
16,Ñuble,16107,Quillón,2,1,85,84
16,Ñuble,16107,Quillón,2,2,0,142
16,Ñuble,16107,Quillón,1,2,0,236
16,Ñuble,16107,Quillón,2,2,5,163
16,Ñuble,16107,Quillón,1,2,5,342
16,Ñuble,16107,Quillón,1,2,10,361
16,Ñuble,16107,Quillón,2,2,10,209
16,Ñuble,16107,Quillón,2,2,15,190
16,Ñuble,16107,Quillón,1,2,15,365
16,Ñuble,16107,Quillón,2,2,20,154
16,Ñuble,16107,Quillón,1,2,20,324
16,Ñuble,16107,Quillón,2,2,25,170
16,Ñuble,16107,Quillón,1,2,25,358
16,Ñuble,16107,Quillón,1,2,30,440
16,Ñuble,16107,Quillón,2,2,30,234
16,Ñuble,16107,Quillón,1,2,35,418
16,Ñuble,16107,Quillón,2,2,35,199
16,Ñuble,16107,Quillón,2,2,40,243
16,Ñuble,16107,Quillón,1,2,40,369
16,Ñuble,16107,Quillón,2,2,45,231
16,Ñuble,16107,Quillón,1,2,45,334
16,Ñuble,16107,Quillón,1,2,50,352
16,Ñuble,16107,Quillón,2,2,50,298
16,Ñuble,16107,Quillón,1,2,55,387
16,Ñuble,16107,Quillón,2,2,55,359
16,Ñuble,16107,Quillón,1,2,60,370
16,Ñuble,16107,Quillón,2,2,60,374
16,Ñuble,16107,Quillón,1,2,65,320
16,Ñuble,16107,Quillón,2,2,65,367
16,Ñuble,16107,Quillón,1,2,70,256
16,Ñuble,16107,Quillón,2,2,70,291
16,Ñuble,16107,Quillón,1,2,75,185
16,Ñuble,16107,Quillón,2,2,75,178
16,Ñuble,16107,Quillón,2,2,80,153
16,Ñuble,16107,Quillón,1,2,80,153
16,Ñuble,16107,Quillón,1,2,85,131
16,Ñuble,16107,Quillón,2,2,85,134
16,Ñuble,16108,San Ignacio,1,1,0,112
16,Ñuble,16108,San Ignacio,2,1,0,261
16,Ñuble,16108,San Ignacio,2,1,5,293
16,Ñuble,16108,San Ignacio,1,1,5,183
16,Ñuble,16108,San Ignacio,2,1,10,375
16,Ñuble,16108,San Ignacio,1,1,10,194
16,Ñuble,16108,San Ignacio,2,1,15,350
16,Ñuble,16108,San Ignacio,1,1,15,182
16,Ñuble,16108,San Ignacio,2,1,20,319
16,Ñuble,16108,San Ignacio,1,1,20,198
16,Ñuble,16108,San Ignacio,1,1,25,159
16,Ñuble,16108,San Ignacio,2,1,25,313
16,Ñuble,16108,San Ignacio,1,1,30,201
16,Ñuble,16108,San Ignacio,2,1,30,362
16,Ñuble,16108,San Ignacio,1,1,35,195
16,Ñuble,16108,San Ignacio,2,1,35,371
16,Ñuble,16108,San Ignacio,1,1,40,164
16,Ñuble,16108,San Ignacio,2,1,40,358
16,Ñuble,16108,San Ignacio,1,1,45,156
16,Ñuble,16108,San Ignacio,2,1,45,345
16,Ñuble,16108,San Ignacio,2,1,50,442
16,Ñuble,16108,San Ignacio,1,1,50,189
16,Ñuble,16108,San Ignacio,1,1,55,180
16,Ñuble,16108,San Ignacio,2,1,55,485
16,Ñuble,16108,San Ignacio,2,1,60,465
16,Ñuble,16108,San Ignacio,1,1,60,206
16,Ñuble,16108,San Ignacio,1,1,65,145
16,Ñuble,16108,San Ignacio,2,1,65,385
16,Ñuble,16108,San Ignacio,2,1,70,284
16,Ñuble,16108,San Ignacio,1,1,70,109
16,Ñuble,16108,San Ignacio,1,1,75,85
16,Ñuble,16108,San Ignacio,2,1,75,183
16,Ñuble,16108,San Ignacio,1,1,80,65
16,Ñuble,16108,San Ignacio,2,1,80,120
16,Ñuble,16108,San Ignacio,1,1,85,46
16,Ñuble,16108,San Ignacio,2,1,85,76
16,Ñuble,16108,San Ignacio,1,2,0,132
16,Ñuble,16108,San Ignacio,2,2,0,244
16,Ñuble,16108,San Ignacio,1,2,5,170
16,Ñuble,16108,San Ignacio,2,2,5,329
16,Ñuble,16108,San Ignacio,2,2,10,321
16,Ñuble,16108,San Ignacio,1,2,10,178
16,Ñuble,16108,San Ignacio,2,2,15,349
16,Ñuble,16108,San Ignacio,1,2,15,200
16,Ñuble,16108,San Ignacio,2,2,20,330
16,Ñuble,16108,San Ignacio,1,2,20,178
16,Ñuble,16108,San Ignacio,2,2,25,320
16,Ñuble,16108,San Ignacio,1,2,25,181
16,Ñuble,16108,San Ignacio,2,2,30,382
16,Ñuble,16108,San Ignacio,1,2,30,234
16,Ñuble,16108,San Ignacio,1,2,35,201
16,Ñuble,16108,San Ignacio,2,2,35,323
16,Ñuble,16108,San Ignacio,1,2,40,189
16,Ñuble,16108,San Ignacio,2,2,40,366
16,Ñuble,16108,San Ignacio,1,2,45,190
16,Ñuble,16108,San Ignacio,2,2,45,367
16,Ñuble,16108,San Ignacio,1,2,50,237
16,Ñuble,16108,San Ignacio,2,2,50,437
16,Ñuble,16108,San Ignacio,1,2,55,218
16,Ñuble,16108,San Ignacio,2,2,55,460
16,Ñuble,16108,San Ignacio,1,2,60,206
16,Ñuble,16108,San Ignacio,2,2,60,435
16,Ñuble,16108,San Ignacio,2,2,65,400
16,Ñuble,16108,San Ignacio,1,2,65,185
16,Ñuble,16108,San Ignacio,2,2,70,245
16,Ñuble,16108,San Ignacio,1,2,70,128
16,Ñuble,16108,San Ignacio,1,2,75,114
16,Ñuble,16108,San Ignacio,2,2,75,194
16,Ñuble,16108,San Ignacio,2,2,80,126
16,Ñuble,16108,San Ignacio,1,2,80,83
16,Ñuble,16108,San Ignacio,1,2,85,69
16,Ñuble,16108,San Ignacio,2,2,85,128
16,Ñuble,16109,Yungay,2,1,0,87
16,Ñuble,16109,Yungay,1,1,0,314
16,Ñuble,16109,Yungay,1,1,5,430
16,Ñuble,16109,Yungay,2,1,5,139
16,Ñuble,16109,Yungay,2,1,10,167
16,Ñuble,16109,Yungay,1,1,10,449
16,Ñuble,16109,Yungay,2,1,15,150
16,Ñuble,16109,Yungay,1,1,15,469
16,Ñuble,16109,Yungay,2,1,20,110
16,Ñuble,16109,Yungay,1,1,20,397
16,Ñuble,16109,Yungay,2,1,25,94
16,Ñuble,16109,Yungay,1,1,25,429
16,Ñuble,16109,Yungay,2,1,30,133
16,Ñuble,16109,Yungay,1,1,30,475
16,Ñuble,16109,Yungay,2,1,35,132
16,Ñuble,16109,Yungay,1,1,35,489
16,Ñuble,16109,Yungay,1,1,40,405
16,Ñuble,16109,Yungay,2,1,40,165
16,Ñuble,16109,Yungay,1,1,45,387
16,Ñuble,16109,Yungay,2,1,45,154
16,Ñuble,16109,Yungay,2,1,50,213
16,Ñuble,16109,Yungay,1,1,50,521
16,Ñuble,16109,Yungay,2,1,55,235
16,Ñuble,16109,Yungay,1,1,55,463
16,Ñuble,16109,Yungay,2,1,60,230
16,Ñuble,16109,Yungay,1,1,60,418
16,Ñuble,16109,Yungay,2,1,65,212
16,Ñuble,16109,Yungay,1,1,65,307
16,Ñuble,16109,Yungay,1,1,70,233
16,Ñuble,16109,Yungay,2,1,70,153
16,Ñuble,16109,Yungay,2,1,75,119
16,Ñuble,16109,Yungay,1,1,75,193
16,Ñuble,16109,Yungay,1,1,80,133
16,Ñuble,16109,Yungay,2,1,80,66
16,Ñuble,16109,Yungay,2,1,85,46
16,Ñuble,16109,Yungay,1,1,85,115
16,Ñuble,16109,Yungay,1,2,0,275
16,Ñuble,16109,Yungay,2,2,0,90
16,Ñuble,16109,Yungay,2,2,5,128
16,Ñuble,16109,Yungay,1,2,5,404
16,Ñuble,16109,Yungay,1,2,10,456
16,Ñuble,16109,Yungay,2,2,10,126
16,Ñuble,16109,Yungay,2,2,15,128
16,Ñuble,16109,Yungay,1,2,15,409
16,Ñuble,16109,Yungay,1,2,20,387
16,Ñuble,16109,Yungay,2,2,20,80
16,Ñuble,16109,Yungay,2,2,25,104
16,Ñuble,16109,Yungay,1,2,25,490
16,Ñuble,16109,Yungay,1,2,30,546
16,Ñuble,16109,Yungay,2,2,30,134
16,Ñuble,16109,Yungay,1,2,35,470
16,Ñuble,16109,Yungay,2,2,35,136
16,Ñuble,16109,Yungay,2,2,40,141
16,Ñuble,16109,Yungay,1,2,40,481
16,Ñuble,16109,Yungay,2,2,45,151
16,Ñuble,16109,Yungay,1,2,45,457
16,Ñuble,16109,Yungay,2,2,50,176
16,Ñuble,16109,Yungay,1,2,50,531
16,Ñuble,16109,Yungay,1,2,55,529
16,Ñuble,16109,Yungay,2,2,55,219
16,Ñuble,16109,Yungay,1,2,60,412
16,Ñuble,16109,Yungay,2,2,60,196
16,Ñuble,16109,Yungay,1,2,65,376
16,Ñuble,16109,Yungay,2,2,65,193
16,Ñuble,16109,Yungay,2,2,70,153
16,Ñuble,16109,Yungay,1,2,70,273
16,Ñuble,16109,Yungay,1,2,75,230
16,Ñuble,16109,Yungay,2,2,75,103
16,Ñuble,16109,Yungay,2,2,80,59
16,Ñuble,16109,Yungay,1,2,80,157
16,Ñuble,16109,Yungay,1,2,85,184
16,Ñuble,16109,Yungay,2,2,85,64
16,Ñuble,16201,Quirihue,1,1,0,236
16,Ñuble,16201,Quirihue,2,1,0,31
16,Ñuble,16201,Quirihue,1,1,5,267
16,Ñuble,16201,Quirihue,2,1,5,44
16,Ñuble,16201,Quirihue,1,1,10,326
16,Ñuble,16201,Quirihue,2,1,10,56
16,Ñuble,16201,Quirihue,2,1,15,58
16,Ñuble,16201,Quirihue,1,1,15,320
16,Ñuble,16201,Quirihue,2,1,20,42
16,Ñuble,16201,Quirihue,1,1,20,260
16,Ñuble,16201,Quirihue,1,1,25,297
16,Ñuble,16201,Quirihue,2,1,25,38
16,Ñuble,16201,Quirihue,2,1,30,63
16,Ñuble,16201,Quirihue,1,1,30,326
16,Ñuble,16201,Quirihue,2,1,35,79
16,Ñuble,16201,Quirihue,1,1,35,313
16,Ñuble,16201,Quirihue,2,1,40,77
16,Ñuble,16201,Quirihue,1,1,40,295
16,Ñuble,16201,Quirihue,2,1,45,79
16,Ñuble,16201,Quirihue,1,1,45,261
16,Ñuble,16201,Quirihue,1,1,50,308
16,Ñuble,16201,Quirihue,2,1,50,111
16,Ñuble,16201,Quirihue,1,1,55,271
16,Ñuble,16201,Quirihue,2,1,55,102
16,Ñuble,16201,Quirihue,2,1,60,115
16,Ñuble,16201,Quirihue,1,1,60,282
16,Ñuble,16201,Quirihue,2,1,65,109
16,Ñuble,16201,Quirihue,1,1,65,230
16,Ñuble,16201,Quirihue,2,1,70,81
16,Ñuble,16201,Quirihue,1,1,70,185
16,Ñuble,16201,Quirihue,2,1,75,65
16,Ñuble,16201,Quirihue,1,1,75,119
16,Ñuble,16201,Quirihue,2,1,80,41
16,Ñuble,16201,Quirihue,1,1,80,91
16,Ñuble,16201,Quirihue,2,1,85,43
16,Ñuble,16201,Quirihue,1,1,85,64
16,Ñuble,16201,Quirihue,1,2,0,209
16,Ñuble,16201,Quirihue,2,2,0,37
16,Ñuble,16201,Quirihue,2,2,5,60
16,Ñuble,16201,Quirihue,1,2,5,276
16,Ñuble,16201,Quirihue,1,2,10,312
16,Ñuble,16201,Quirihue,2,2,10,61
16,Ñuble,16201,Quirihue,1,2,15,315
16,Ñuble,16201,Quirihue,2,2,15,47
16,Ñuble,16201,Quirihue,1,2,20,270
16,Ñuble,16201,Quirihue,2,2,20,37
16,Ñuble,16201,Quirihue,2,2,25,45
16,Ñuble,16201,Quirihue,1,2,25,308
16,Ñuble,16201,Quirihue,1,2,30,330
16,Ñuble,16201,Quirihue,2,2,30,49
16,Ñuble,16201,Quirihue,2,2,35,74
16,Ñuble,16201,Quirihue,1,2,35,371
16,Ñuble,16201,Quirihue,1,2,40,345
16,Ñuble,16201,Quirihue,2,2,40,57
16,Ñuble,16201,Quirihue,2,2,45,74
16,Ñuble,16201,Quirihue,1,2,45,328
16,Ñuble,16201,Quirihue,2,2,50,79
16,Ñuble,16201,Quirihue,1,2,50,357
16,Ñuble,16201,Quirihue,2,2,55,82
16,Ñuble,16201,Quirihue,1,2,55,319
16,Ñuble,16201,Quirihue,1,2,60,307
16,Ñuble,16201,Quirihue,2,2,60,113
16,Ñuble,16201,Quirihue,1,2,65,255
16,Ñuble,16201,Quirihue,2,2,65,77
16,Ñuble,16201,Quirihue,1,2,70,244
16,Ñuble,16201,Quirihue,2,2,70,77
16,Ñuble,16201,Quirihue,1,2,75,163
16,Ñuble,16201,Quirihue,2,2,75,55
16,Ñuble,16201,Quirihue,1,2,80,125
16,Ñuble,16201,Quirihue,2,2,80,50
16,Ñuble,16201,Quirihue,2,2,85,39
16,Ñuble,16201,Quirihue,1,2,85,114
16,Ñuble,16202,Cobquecura,1,1,0,39
16,Ñuble,16202,Cobquecura,2,1,0,62
16,Ñuble,16202,Cobquecura,2,1,5,83
16,Ñuble,16202,Cobquecura,1,1,5,40
16,Ñuble,16202,Cobquecura,2,1,10,89
16,Ñuble,16202,Cobquecura,1,1,10,59
16,Ñuble,16202,Cobquecura,2,1,15,86
16,Ñuble,16202,Cobquecura,1,1,15,46
16,Ñuble,16202,Cobquecura,1,1,20,34
16,Ñuble,16202,Cobquecura,2,1,20,71
16,Ñuble,16202,Cobquecura,1,1,25,56
16,Ñuble,16202,Cobquecura,2,1,25,90
16,Ñuble,16202,Cobquecura,1,1,30,52
16,Ñuble,16202,Cobquecura,2,1,30,115
16,Ñuble,16202,Cobquecura,2,1,35,123
16,Ñuble,16202,Cobquecura,1,1,35,55
16,Ñuble,16202,Cobquecura,2,1,40,143
16,Ñuble,16202,Cobquecura,1,1,40,51
16,Ñuble,16202,Cobquecura,2,1,45,120
16,Ñuble,16202,Cobquecura,1,1,45,51
16,Ñuble,16202,Cobquecura,2,1,50,156
16,Ñuble,16202,Cobquecura,1,1,50,45
16,Ñuble,16202,Cobquecura,1,1,55,51
16,Ñuble,16202,Cobquecura,2,1,55,123
16,Ñuble,16202,Cobquecura,2,1,60,176
16,Ñuble,16202,Cobquecura,1,1,60,48
16,Ñuble,16202,Cobquecura,1,1,65,31
16,Ñuble,16202,Cobquecura,2,1,65,158
16,Ñuble,16202,Cobquecura,2,1,70,128
16,Ñuble,16202,Cobquecura,1,1,70,32
16,Ñuble,16202,Cobquecura,1,1,75,28
16,Ñuble,16202,Cobquecura,2,1,75,109
16,Ñuble,16202,Cobquecura,1,1,80,16
16,Ñuble,16202,Cobquecura,2,1,80,65
16,Ñuble,16202,Cobquecura,2,1,85,51
16,Ñuble,16202,Cobquecura,1,1,85,11
16,Ñuble,16202,Cobquecura,1,2,0,32
16,Ñuble,16202,Cobquecura,2,2,0,71
16,Ñuble,16202,Cobquecura,1,2,5,56
16,Ñuble,16202,Cobquecura,2,2,5,58
16,Ñuble,16202,Cobquecura,1,2,10,61
16,Ñuble,16202,Cobquecura,2,2,10,88
16,Ñuble,16202,Cobquecura,2,2,15,89
16,Ñuble,16202,Cobquecura,1,2,15,51
16,Ñuble,16202,Cobquecura,1,2,20,53
16,Ñuble,16202,Cobquecura,2,2,20,70
16,Ñuble,16202,Cobquecura,1,2,25,62
16,Ñuble,16202,Cobquecura,2,2,25,96
16,Ñuble,16202,Cobquecura,1,2,30,69
16,Ñuble,16202,Cobquecura,2,2,30,110
16,Ñuble,16202,Cobquecura,1,2,35,80
16,Ñuble,16202,Cobquecura,2,2,35,123
16,Ñuble,16202,Cobquecura,2,2,40,117
16,Ñuble,16202,Cobquecura,1,2,40,71
16,Ñuble,16202,Cobquecura,1,2,45,56
16,Ñuble,16202,Cobquecura,2,2,45,110
16,Ñuble,16202,Cobquecura,2,2,50,131
16,Ñuble,16202,Cobquecura,1,2,50,65
16,Ñuble,16202,Cobquecura,1,2,55,68
16,Ñuble,16202,Cobquecura,2,2,55,149
16,Ñuble,16202,Cobquecura,1,2,60,61
16,Ñuble,16202,Cobquecura,2,2,60,143
16,Ñuble,16202,Cobquecura,1,2,65,58
16,Ñuble,16202,Cobquecura,2,2,65,141
16,Ñuble,16202,Cobquecura,1,2,70,41
16,Ñuble,16202,Cobquecura,2,2,70,112
16,Ñuble,16202,Cobquecura,1,2,75,27
16,Ñuble,16202,Cobquecura,2,2,75,97
16,Ñuble,16202,Cobquecura,1,2,80,24
16,Ñuble,16202,Cobquecura,2,2,80,61
16,Ñuble,16202,Cobquecura,1,2,85,27
16,Ñuble,16202,Cobquecura,2,2,85,74
16,Ñuble,16203,Coelemu,1,1,0,237
16,Ñuble,16203,Coelemu,2,1,0,127
16,Ñuble,16203,Coelemu,1,1,5,364
16,Ñuble,16203,Coelemu,2,1,5,138
16,Ñuble,16203,Coelemu,1,1,10,377
16,Ñuble,16203,Coelemu,2,1,10,154
16,Ñuble,16203,Coelemu,2,1,15,154
16,Ñuble,16203,Coelemu,1,1,15,380
16,Ñuble,16203,Coelemu,2,1,20,135
16,Ñuble,16203,Coelemu,1,1,20,323
16,Ñuble,16203,Coelemu,1,1,25,347
16,Ñuble,16203,Coelemu,2,1,25,129
16,Ñuble,16203,Coelemu,1,1,30,354
16,Ñuble,16203,Coelemu,2,1,30,134
16,Ñuble,16203,Coelemu,2,1,35,138
16,Ñuble,16203,Coelemu,1,1,35,320
16,Ñuble,16203,Coelemu,2,1,40,151
16,Ñuble,16203,Coelemu,1,1,40,313
16,Ñuble,16203,Coelemu,2,1,45,136
16,Ñuble,16203,Coelemu,1,1,45,321
16,Ñuble,16203,Coelemu,2,1,50,195
16,Ñuble,16203,Coelemu,1,1,50,332
16,Ñuble,16203,Coelemu,1,1,55,371
16,Ñuble,16203,Coelemu,2,1,55,197
16,Ñuble,16203,Coelemu,2,1,60,196
16,Ñuble,16203,Coelemu,1,1,60,370
16,Ñuble,16203,Coelemu,1,1,65,279
16,Ñuble,16203,Coelemu,2,1,65,194
16,Ñuble,16203,Coelemu,1,1,70,200
16,Ñuble,16203,Coelemu,2,1,70,146
16,Ñuble,16203,Coelemu,1,1,75,153
16,Ñuble,16203,Coelemu,2,1,75,102
16,Ñuble,16203,Coelemu,2,1,80,71
16,Ñuble,16203,Coelemu,1,1,80,97
16,Ñuble,16203,Coelemu,2,1,85,47
16,Ñuble,16203,Coelemu,1,1,85,78
16,Ñuble,16203,Coelemu,1,2,0,234
16,Ñuble,16203,Coelemu,2,2,0,108
16,Ñuble,16203,Coelemu,1,2,5,294
16,Ñuble,16203,Coelemu,2,2,5,157
16,Ñuble,16203,Coelemu,1,2,10,359
16,Ñuble,16203,Coelemu,2,2,10,148
16,Ñuble,16203,Coelemu,2,2,15,140
16,Ñuble,16203,Coelemu,1,2,15,353
16,Ñuble,16203,Coelemu,1,2,20,348
16,Ñuble,16203,Coelemu,2,2,20,119
16,Ñuble,16203,Coelemu,1,2,25,353
16,Ñuble,16203,Coelemu,2,2,25,134
16,Ñuble,16203,Coelemu,2,2,30,167
16,Ñuble,16203,Coelemu,1,2,30,367
16,Ñuble,16203,Coelemu,2,2,35,131
16,Ñuble,16203,Coelemu,1,2,35,412
16,Ñuble,16203,Coelemu,2,2,40,161
16,Ñuble,16203,Coelemu,1,2,40,375
16,Ñuble,16203,Coelemu,2,2,45,155
16,Ñuble,16203,Coelemu,1,2,45,365
16,Ñuble,16203,Coelemu,1,2,50,348
16,Ñuble,16203,Coelemu,2,2,50,156
16,Ñuble,16203,Coelemu,1,2,55,390
16,Ñuble,16203,Coelemu,2,2,55,182
16,Ñuble,16203,Coelemu,1,2,60,397
16,Ñuble,16203,Coelemu,2,2,60,193
16,Ñuble,16203,Coelemu,2,2,65,183
16,Ñuble,16203,Coelemu,1,2,65,339
16,Ñuble,16203,Coelemu,1,2,70,233
16,Ñuble,16203,Coelemu,2,2,70,119
16,Ñuble,16203,Coelemu,2,2,75,107
16,Ñuble,16203,Coelemu,1,2,75,213
16,Ñuble,16203,Coelemu,1,2,80,146
16,Ñuble,16203,Coelemu,2,2,80,67
16,Ñuble,16203,Coelemu,2,2,85,60
16,Ñuble,16203,Coelemu,1,2,85,122
16,Ñuble,16204,Ninhue,1,1,0,37
16,Ñuble,16204,Ninhue,2,1,0,66
16,Ñuble,16204,Ninhue,2,1,5,95
16,Ñuble,16204,Ninhue,1,1,5,45
16,Ñuble,16204,Ninhue,1,1,10,58
16,Ñuble,16204,Ninhue,2,1,10,101
16,Ñuble,16204,Ninhue,2,1,15,124
16,Ñuble,16204,Ninhue,1,1,15,54
16,Ñuble,16204,Ninhue,1,1,20,55
16,Ñuble,16204,Ninhue,2,1,20,104
16,Ñuble,16204,Ninhue,2,1,25,96
16,Ñuble,16204,Ninhue,1,1,25,44
16,Ñuble,16204,Ninhue,2,1,30,104
16,Ñuble,16204,Ninhue,1,1,30,55
16,Ñuble,16204,Ninhue,2,1,35,118
16,Ñuble,16204,Ninhue,1,1,35,50
16,Ñuble,16204,Ninhue,2,1,40,118
16,Ñuble,16204,Ninhue,1,1,40,38
16,Ñuble,16204,Ninhue,1,1,45,50
16,Ñuble,16204,Ninhue,2,1,45,134
16,Ñuble,16204,Ninhue,1,1,50,41
16,Ñuble,16204,Ninhue,2,1,50,153
16,Ñuble,16204,Ninhue,1,1,55,51
16,Ñuble,16204,Ninhue,2,1,55,201
16,Ñuble,16204,Ninhue,1,1,60,47
16,Ñuble,16204,Ninhue,2,1,60,184
16,Ñuble,16204,Ninhue,2,1,65,152
16,Ñuble,16204,Ninhue,1,1,65,47
16,Ñuble,16204,Ninhue,1,1,70,34
16,Ñuble,16204,Ninhue,2,1,70,128
16,Ñuble,16204,Ninhue,2,1,75,82
16,Ñuble,16204,Ninhue,1,1,75,22
16,Ñuble,16204,Ninhue,2,1,80,78
16,Ñuble,16204,Ninhue,1,1,80,16
16,Ñuble,16204,Ninhue,2,1,85,37
16,Ñuble,16204,Ninhue,1,1,85,12
16,Ñuble,16204,Ninhue,2,2,0,84
16,Ñuble,16204,Ninhue,1,2,0,25
16,Ñuble,16204,Ninhue,1,2,5,52
16,Ñuble,16204,Ninhue,2,2,5,100
16,Ñuble,16204,Ninhue,1,2,10,51
16,Ñuble,16204,Ninhue,2,2,10,129
16,Ñuble,16204,Ninhue,1,2,15,50
16,Ñuble,16204,Ninhue,2,2,15,123
16,Ñuble,16204,Ninhue,1,2,20,54
16,Ñuble,16204,Ninhue,2,2,20,97
16,Ñuble,16204,Ninhue,2,2,25,91
16,Ñuble,16204,Ninhue,1,2,25,55
16,Ñuble,16204,Ninhue,2,2,30,123
16,Ñuble,16204,Ninhue,1,2,30,48
16,Ñuble,16204,Ninhue,2,2,35,125
16,Ñuble,16204,Ninhue,1,2,35,64
16,Ñuble,16204,Ninhue,1,2,40,54
16,Ñuble,16204,Ninhue,2,2,40,118
16,Ñuble,16204,Ninhue,1,2,45,50
16,Ñuble,16204,Ninhue,2,2,45,123
16,Ñuble,16204,Ninhue,2,2,50,177
16,Ñuble,16204,Ninhue,1,2,50,65
16,Ñuble,16204,Ninhue,2,2,55,169
16,Ñuble,16204,Ninhue,1,2,55,62
16,Ñuble,16204,Ninhue,1,2,60,52
16,Ñuble,16204,Ninhue,2,2,60,172
16,Ñuble,16204,Ninhue,2,2,65,129
16,Ñuble,16204,Ninhue,1,2,65,63
16,Ñuble,16204,Ninhue,2,2,70,108
16,Ñuble,16204,Ninhue,1,2,70,40
16,Ñuble,16204,Ninhue,2,2,75,100
16,Ñuble,16204,Ninhue,1,2,75,26
16,Ñuble,16204,Ninhue,1,2,80,20
16,Ñuble,16204,Ninhue,2,2,80,57
16,Ñuble,16204,Ninhue,2,2,85,54
16,Ñuble,16204,Ninhue,1,2,85,22
16,Ñuble,16205,Portezuelo,2,1,0,44
16,Ñuble,16205,Portezuelo,1,1,0,45
16,Ñuble,16205,Portezuelo,2,1,5,81
16,Ñuble,16205,Portezuelo,1,1,5,57
16,Ñuble,16205,Portezuelo,1,1,10,57
16,Ñuble,16205,Portezuelo,2,1,10,83
16,Ñuble,16205,Portezuelo,1,1,15,64
16,Ñuble,16205,Portezuelo,2,1,15,99
16,Ñuble,16205,Portezuelo,2,1,20,84
16,Ñuble,16205,Portezuelo,1,1,20,47
16,Ñuble,16205,Portezuelo,2,1,25,82
16,Ñuble,16205,Portezuelo,1,1,25,72
16,Ñuble,16205,Portezuelo,1,1,30,65
16,Ñuble,16205,Portezuelo,2,1,30,85
16,Ñuble,16205,Portezuelo,2,1,35,83
16,Ñuble,16205,Portezuelo,1,1,35,53
16,Ñuble,16205,Portezuelo,2,1,40,95
16,Ñuble,16205,Portezuelo,1,1,40,61
16,Ñuble,16205,Portezuelo,2,1,45,99
16,Ñuble,16205,Portezuelo,1,1,45,52
16,Ñuble,16205,Portezuelo,2,1,50,127
16,Ñuble,16205,Portezuelo,1,1,50,56
16,Ñuble,16205,Portezuelo,2,1,55,166
16,Ñuble,16205,Portezuelo,1,1,55,58
16,Ñuble,16205,Portezuelo,1,1,60,72
16,Ñuble,16205,Portezuelo,2,1,60,146
16,Ñuble,16205,Portezuelo,1,1,65,56
16,Ñuble,16205,Portezuelo,2,1,65,131
16,Ñuble,16205,Portezuelo,2,1,70,108
16,Ñuble,16205,Portezuelo,1,1,70,43
16,Ñuble,16205,Portezuelo,1,1,75,26
16,Ñuble,16205,Portezuelo,2,1,75,70
16,Ñuble,16205,Portezuelo,1,1,80,22
16,Ñuble,16205,Portezuelo,2,1,80,43
16,Ñuble,16205,Portezuelo,1,1,85,19
16,Ñuble,16205,Portezuelo,2,1,85,37
16,Ñuble,16205,Portezuelo,2,2,0,61
16,Ñuble,16205,Portezuelo,1,2,0,32
16,Ñuble,16205,Portezuelo,1,2,5,66
16,Ñuble,16205,Portezuelo,2,2,5,67
16,Ñuble,16205,Portezuelo,1,2,10,65
16,Ñuble,16205,Portezuelo,2,2,10,80
16,Ñuble,16205,Portezuelo,1,2,15,69
16,Ñuble,16205,Portezuelo,2,2,15,77
16,Ñuble,16205,Portezuelo,1,2,20,62
16,Ñuble,16205,Portezuelo,2,2,20,70
16,Ñuble,16205,Portezuelo,1,2,25,65
16,Ñuble,16205,Portezuelo,2,2,25,77
16,Ñuble,16205,Portezuelo,1,2,30,71
16,Ñuble,16205,Portezuelo,2,2,30,85
16,Ñuble,16205,Portezuelo,2,2,35,90
16,Ñuble,16205,Portezuelo,1,2,35,68
16,Ñuble,16205,Portezuelo,2,2,40,85
16,Ñuble,16205,Portezuelo,1,2,40,54
16,Ñuble,16205,Portezuelo,2,2,45,77
16,Ñuble,16205,Portezuelo,1,2,45,69
16,Ñuble,16205,Portezuelo,2,2,50,123
16,Ñuble,16205,Portezuelo,1,2,50,86
16,Ñuble,16205,Portezuelo,2,2,55,155
16,Ñuble,16205,Portezuelo,1,2,55,68
16,Ñuble,16205,Portezuelo,2,2,60,151
16,Ñuble,16205,Portezuelo,1,2,60,73
16,Ñuble,16205,Portezuelo,1,2,65,76
16,Ñuble,16205,Portezuelo,2,2,65,99
16,Ñuble,16205,Portezuelo,1,2,70,48
16,Ñuble,16205,Portezuelo,2,2,70,69
16,Ñuble,16205,Portezuelo,1,2,75,30
16,Ñuble,16205,Portezuelo,2,2,75,76
16,Ñuble,16205,Portezuelo,1,2,80,31
16,Ñuble,16205,Portezuelo,2,2,80,57
16,Ñuble,16205,Portezuelo,2,2,85,58
16,Ñuble,16205,Portezuelo,1,2,85,25
16,Ñuble,16206,Ránquil,1,1,0,46
16,Ñuble,16206,Ránquil,2,1,0,88
16,Ñuble,16206,Ránquil,2,1,5,135
16,Ñuble,16206,Ránquil,1,1,5,63
16,Ñuble,16206,Ránquil,2,1,10,148
16,Ñuble,16206,Ránquil,1,1,10,79
16,Ñuble,16206,Ránquil,2,1,15,112
16,Ñuble,16206,Ránquil,1,1,15,60
16,Ñuble,16206,Ránquil,1,1,20,45
16,Ñuble,16206,Ránquil,2,1,20,117
16,Ñuble,16206,Ránquil,2,1,25,106
16,Ñuble,16206,Ránquil,1,1,25,45
16,Ñuble,16206,Ránquil,1,1,30,61
16,Ñuble,16206,Ránquil,2,1,30,117
16,Ñuble,16206,Ránquil,1,1,35,48
16,Ñuble,16206,Ránquil,2,1,35,131
16,Ñuble,16206,Ránquil,1,1,40,49
16,Ñuble,16206,Ránquil,2,1,40,139
16,Ñuble,16206,Ránquil,1,1,45,47
16,Ñuble,16206,Ránquil,2,1,45,142
16,Ñuble,16206,Ránquil,2,1,50,162
16,Ñuble,16206,Ránquil,1,1,50,50
16,Ñuble,16206,Ránquil,1,1,55,62
16,Ñuble,16206,Ránquil,2,1,55,192
16,Ñuble,16206,Ránquil,1,1,60,43
16,Ñuble,16206,Ránquil,2,1,60,213
16,Ñuble,16206,Ránquil,1,1,65,42
16,Ñuble,16206,Ránquil,2,1,65,199
16,Ñuble,16206,Ránquil,2,1,70,155
16,Ñuble,16206,Ránquil,1,1,70,30
16,Ñuble,16206,Ránquil,1,1,75,31
16,Ñuble,16206,Ránquil,2,1,75,104
16,Ñuble,16206,Ránquil,2,1,80,61
16,Ñuble,16206,Ránquil,1,1,80,16
16,Ñuble,16206,Ránquil,1,1,85,17
16,Ñuble,16206,Ránquil,2,1,85,42
16,Ñuble,16206,Ránquil,2,2,0,81
16,Ñuble,16206,Ránquil,1,2,0,44
16,Ñuble,16206,Ránquil,1,2,5,42
16,Ñuble,16206,Ránquil,2,2,5,132
16,Ñuble,16206,Ránquil,1,2,10,62
16,Ñuble,16206,Ránquil,2,2,10,129
16,Ñuble,16206,Ránquil,1,2,15,45
16,Ñuble,16206,Ránquil,2,2,15,116
16,Ñuble,16206,Ránquil,1,2,20,47
16,Ñuble,16206,Ránquil,2,2,20,96
16,Ñuble,16206,Ránquil,2,2,25,115
16,Ñuble,16206,Ránquil,1,2,25,60
16,Ñuble,16206,Ránquil,1,2,30,65
16,Ñuble,16206,Ránquil,2,2,30,139
16,Ñuble,16206,Ránquil,1,2,35,62
16,Ñuble,16206,Ránquil,2,2,35,130
16,Ñuble,16206,Ránquil,1,2,40,55
16,Ñuble,16206,Ránquil,2,2,40,142
16,Ñuble,16206,Ránquil,1,2,45,61
16,Ñuble,16206,Ránquil,2,2,45,146
16,Ñuble,16206,Ránquil,2,2,50,158
16,Ñuble,16206,Ránquil,1,2,50,61
16,Ñuble,16206,Ránquil,2,2,55,210
16,Ñuble,16206,Ránquil,1,2,55,66
16,Ñuble,16206,Ránquil,2,2,60,191
16,Ñuble,16206,Ránquil,1,2,60,69
16,Ñuble,16206,Ránquil,1,2,65,57
16,Ñuble,16206,Ránquil,2,2,65,202
16,Ñuble,16206,Ránquil,1,2,70,52
16,Ñuble,16206,Ránquil,2,2,70,145
16,Ñuble,16206,Ránquil,1,2,75,33
16,Ñuble,16206,Ránquil,2,2,75,105
16,Ñuble,16206,Ránquil,2,2,80,65
16,Ñuble,16206,Ránquil,1,2,80,31
16,Ñuble,16206,Ránquil,2,2,85,74
16,Ñuble,16206,Ránquil,1,2,85,23
16,Ñuble,16207,Treguaco,2,1,0,78
16,Ñuble,16207,Treguaco,1,1,0,68
16,Ñuble,16207,Treguaco,2,1,5,98
16,Ñuble,16207,Treguaco,1,1,5,75
16,Ñuble,16207,Treguaco,1,1,10,94
16,Ñuble,16207,Treguaco,2,1,10,100
16,Ñuble,16207,Treguaco,2,1,15,110
16,Ñuble,16207,Treguaco,1,1,15,95
16,Ñuble,16207,Treguaco,2,1,20,86
16,Ñuble,16207,Treguaco,1,1,20,96
16,Ñuble,16207,Treguaco,1,1,25,79
16,Ñuble,16207,Treguaco,2,1,25,110
16,Ñuble,16207,Treguaco,1,1,30,89
16,Ñuble,16207,Treguaco,2,1,30,102
16,Ñuble,16207,Treguaco,1,1,35,80
16,Ñuble,16207,Treguaco,2,1,35,101
16,Ñuble,16207,Treguaco,1,1,40,63
16,Ñuble,16207,Treguaco,2,1,40,98
16,Ñuble,16207,Treguaco,1,1,45,64
16,Ñuble,16207,Treguaco,2,1,45,123
16,Ñuble,16207,Treguaco,2,1,50,170
16,Ñuble,16207,Treguaco,1,1,50,72
16,Ñuble,16207,Treguaco,2,1,55,175
16,Ñuble,16207,Treguaco,1,1,55,68
16,Ñuble,16207,Treguaco,1,1,60,53
16,Ñuble,16207,Treguaco,2,1,60,154
16,Ñuble,16207,Treguaco,1,1,65,47
16,Ñuble,16207,Treguaco,2,1,65,141
16,Ñuble,16207,Treguaco,2,1,70,110
16,Ñuble,16207,Treguaco,1,1,70,34
16,Ñuble,16207,Treguaco,1,1,75,29
16,Ñuble,16207,Treguaco,2,1,75,89
16,Ñuble,16207,Treguaco,2,1,80,57
16,Ñuble,16207,Treguaco,1,1,80,19
16,Ñuble,16207,Treguaco,1,1,85,7
16,Ñuble,16207,Treguaco,2,1,85,35
16,Ñuble,16207,Treguaco,1,2,0,59
16,Ñuble,16207,Treguaco,2,2,0,53
16,Ñuble,16207,Treguaco,1,2,5,76
16,Ñuble,16207,Treguaco,2,2,5,75
16,Ñuble,16207,Treguaco,1,2,10,87
16,Ñuble,16207,Treguaco,2,2,10,82
16,Ñuble,16207,Treguaco,1,2,15,91
16,Ñuble,16207,Treguaco,2,2,15,84
16,Ñuble,16207,Treguaco,2,2,20,94
16,Ñuble,16207,Treguaco,1,2,20,74
16,Ñuble,16207,Treguaco,1,2,25,92
16,Ñuble,16207,Treguaco,2,2,25,81
16,Ñuble,16207,Treguaco,1,2,30,115
16,Ñuble,16207,Treguaco,2,2,30,102
16,Ñuble,16207,Treguaco,2,2,35,105
16,Ñuble,16207,Treguaco,1,2,35,96
16,Ñuble,16207,Treguaco,2,2,40,110
16,Ñuble,16207,Treguaco,1,2,40,112
16,Ñuble,16207,Treguaco,2,2,45,125
16,Ñuble,16207,Treguaco,1,2,45,89
16,Ñuble,16207,Treguaco,1,2,50,71
16,Ñuble,16207,Treguaco,2,2,50,123
16,Ñuble,16207,Treguaco,1,2,55,80
16,Ñuble,16207,Treguaco,2,2,55,165
16,Ñuble,16207,Treguaco,1,2,60,71
16,Ñuble,16207,Treguaco,2,2,60,139
16,Ñuble,16207,Treguaco,1,2,65,45
16,Ñuble,16207,Treguaco,2,2,65,132
16,Ñuble,16207,Treguaco,1,2,70,43
16,Ñuble,16207,Treguaco,2,2,70,114
16,Ñuble,16207,Treguaco,1,2,75,31
16,Ñuble,16207,Treguaco,2,2,75,79
16,Ñuble,16207,Treguaco,1,2,80,23
16,Ñuble,16207,Treguaco,2,2,80,69
16,Ñuble,16207,Treguaco,2,2,85,57
16,Ñuble,16207,Treguaco,1,2,85,11
16,Ñuble,16301,San Carlos,2,1,0,456
16,Ñuble,16301,San Carlos,1,1,0,838
16,Ñuble,16301,San Carlos,2,1,5,619
16,Ñuble,16301,San Carlos,1,1,5,1056
16,Ñuble,16301,San Carlos,1,1,10,1203
16,Ñuble,16301,San Carlos,2,1,10,635
16,Ñuble,16301,San Carlos,1,1,15,1160
16,Ñuble,16301,San Carlos,2,1,15,676
16,Ñuble,16301,San Carlos,1,1,20,1100
16,Ñuble,16301,San Carlos,2,1,20,637
16,Ñuble,16301,San Carlos,1,1,25,1118
16,Ñuble,16301,San Carlos,2,1,25,574
16,Ñuble,16301,San Carlos,2,1,30,703
16,Ñuble,16301,San Carlos,1,1,30,1260
16,Ñuble,16301,San Carlos,1,1,35,1108
16,Ñuble,16301,San Carlos,2,1,35,669
16,Ñuble,16301,San Carlos,2,1,40,631
16,Ñuble,16301,San Carlos,1,1,40,928
16,Ñuble,16301,San Carlos,2,1,45,658
16,Ñuble,16301,San Carlos,1,1,45,867
16,Ñuble,16301,San Carlos,1,1,50,966
16,Ñuble,16301,San Carlos,2,1,50,840
16,Ñuble,16301,San Carlos,1,1,55,999
16,Ñuble,16301,San Carlos,2,1,55,844
16,Ñuble,16301,San Carlos,2,1,60,870
16,Ñuble,16301,San Carlos,1,1,60,971
16,Ñuble,16301,San Carlos,2,1,65,697
16,Ñuble,16301,San Carlos,1,1,65,773
16,Ñuble,16301,San Carlos,1,1,70,624
16,Ñuble,16301,San Carlos,2,1,70,534
16,Ñuble,16301,San Carlos,2,1,75,422
16,Ñuble,16301,San Carlos,1,1,75,428
16,Ñuble,16301,San Carlos,1,1,80,258
16,Ñuble,16301,San Carlos,2,1,80,251
16,Ñuble,16301,San Carlos,1,1,85,194
16,Ñuble,16301,San Carlos,2,1,85,178
16,Ñuble,16301,San Carlos,1,2,0,860
16,Ñuble,16301,San Carlos,2,2,0,446
16,Ñuble,16301,San Carlos,1,2,5,1059
16,Ñuble,16301,San Carlos,2,2,5,541
16,Ñuble,16301,San Carlos,2,2,10,692
16,Ñuble,16301,San Carlos,1,2,10,1101
16,Ñuble,16301,San Carlos,1,2,15,1189
16,Ñuble,16301,San Carlos,2,2,15,598
16,Ñuble,16301,San Carlos,2,2,20,577
16,Ñuble,16301,San Carlos,1,2,20,1047
16,Ñuble,16301,San Carlos,1,2,25,1270
16,Ñuble,16301,San Carlos,2,2,25,617
16,Ñuble,16301,San Carlos,2,2,30,644
16,Ñuble,16301,San Carlos,1,2,30,1385
16,Ñuble,16301,San Carlos,2,2,35,730
16,Ñuble,16301,San Carlos,1,2,35,1292
16,Ñuble,16301,San Carlos,2,2,40,614
16,Ñuble,16301,San Carlos,1,2,40,1172
16,Ñuble,16301,San Carlos,2,2,45,701
16,Ñuble,16301,San Carlos,1,2,45,1105
16,Ñuble,16301,San Carlos,1,2,50,1251
16,Ñuble,16301,San Carlos,2,2,50,834
16,Ñuble,16301,San Carlos,1,2,55,1338
16,Ñuble,16301,San Carlos,2,2,55,881
16,Ñuble,16301,San Carlos,2,2,60,808
16,Ñuble,16301,San Carlos,1,2,60,1200
16,Ñuble,16301,San Carlos,2,2,65,680
16,Ñuble,16301,San Carlos,1,2,65,956
16,Ñuble,16301,San Carlos,1,2,70,768
16,Ñuble,16301,San Carlos,2,2,70,467
16,Ñuble,16301,San Carlos,2,2,75,383
16,Ñuble,16301,San Carlos,1,2,75,583
16,Ñuble,16301,San Carlos,2,2,80,272
16,Ñuble,16301,San Carlos,1,2,80,449
16,Ñuble,16301,San Carlos,2,2,85,212
16,Ñuble,16301,San Carlos,1,2,85,380
16,Ñuble,16302,Coihueco,1,1,0,223
16,Ñuble,16302,Coihueco,2,1,0,519
16,Ñuble,16302,Coihueco,2,1,5,646
16,Ñuble,16302,Coihueco,1,1,5,296
16,Ñuble,16302,Coihueco,1,1,10,336
16,Ñuble,16302,Coihueco,2,1,10,761
16,Ñuble,16302,Coihueco,2,1,15,693
16,Ñuble,16302,Coihueco,1,1,15,346
16,Ñuble,16302,Coihueco,1,1,20,342
16,Ñuble,16302,Coihueco,2,1,20,627
16,Ñuble,16302,Coihueco,1,1,25,350
16,Ñuble,16302,Coihueco,2,1,25,610
16,Ñuble,16302,Coihueco,2,1,30,692
16,Ñuble,16302,Coihueco,1,1,30,353
16,Ñuble,16302,Coihueco,1,1,35,244
16,Ñuble,16302,Coihueco,2,1,35,683
16,Ñuble,16302,Coihueco,1,1,40,253
16,Ñuble,16302,Coihueco,2,1,40,666
16,Ñuble,16302,Coihueco,1,1,45,219
16,Ñuble,16302,Coihueco,2,1,45,673
16,Ñuble,16302,Coihueco,1,1,50,284
16,Ñuble,16302,Coihueco,2,1,50,774
16,Ñuble,16302,Coihueco,1,1,55,281
16,Ñuble,16302,Coihueco,2,1,55,745
16,Ñuble,16302,Coihueco,2,1,60,718
16,Ñuble,16302,Coihueco,1,1,60,247
16,Ñuble,16302,Coihueco,2,1,65,568
16,Ñuble,16302,Coihueco,1,1,65,180
16,Ñuble,16302,Coihueco,2,1,70,415
16,Ñuble,16302,Coihueco,1,1,70,118
16,Ñuble,16302,Coihueco,2,1,75,330
16,Ñuble,16302,Coihueco,1,1,75,96
16,Ñuble,16302,Coihueco,2,1,80,164
16,Ñuble,16302,Coihueco,1,1,80,66
16,Ñuble,16302,Coihueco,1,1,85,39
16,Ñuble,16302,Coihueco,2,1,85,124
16,Ñuble,16302,Coihueco,1,2,0,244
16,Ñuble,16302,Coihueco,2,2,0,504
16,Ñuble,16302,Coihueco,2,2,5,643
16,Ñuble,16302,Coihueco,1,2,5,328
16,Ñuble,16302,Coihueco,2,2,10,643
16,Ñuble,16302,Coihueco,1,2,10,349
16,Ñuble,16302,Coihueco,1,2,15,334
16,Ñuble,16302,Coihueco,2,2,15,676
16,Ñuble,16302,Coihueco,1,2,20,339
16,Ñuble,16302,Coihueco,2,2,20,617
16,Ñuble,16302,Coihueco,2,2,25,672
16,Ñuble,16302,Coihueco,1,2,25,343
16,Ñuble,16302,Coihueco,2,2,30,705
16,Ñuble,16302,Coihueco,1,2,30,363
16,Ñuble,16302,Coihueco,2,2,35,771
16,Ñuble,16302,Coihueco,1,2,35,350
16,Ñuble,16302,Coihueco,2,2,40,678
16,Ñuble,16302,Coihueco,1,2,40,313
16,Ñuble,16302,Coihueco,2,2,45,696
16,Ñuble,16302,Coihueco,1,2,45,314
16,Ñuble,16302,Coihueco,2,2,50,776
16,Ñuble,16302,Coihueco,1,2,50,326
16,Ñuble,16302,Coihueco,1,2,55,314
16,Ñuble,16302,Coihueco,2,2,55,699
16,Ñuble,16302,Coihueco,2,2,60,667
16,Ñuble,16302,Coihueco,1,2,60,288
16,Ñuble,16302,Coihueco,2,2,65,547
16,Ñuble,16302,Coihueco,1,2,65,195
16,Ñuble,16302,Coihueco,2,2,70,384
16,Ñuble,16302,Coihueco,1,2,70,173
16,Ñuble,16302,Coihueco,2,2,75,230
16,Ñuble,16302,Coihueco,1,2,75,113
16,Ñuble,16302,Coihueco,2,2,80,195
16,Ñuble,16302,Coihueco,1,2,80,80
16,Ñuble,16302,Coihueco,2,2,85,154
16,Ñuble,16302,Coihueco,1,2,85,62
16,Ñuble,16303,Ñiquén,2,1,0,221
16,Ñuble,16303,Ñiquén,1,1,0,27
16,Ñuble,16303,Ñiquén,1,1,5,40
16,Ñuble,16303,Ñiquén,2,1,5,296
16,Ñuble,16303,Ñiquén,2,1,10,364
16,Ñuble,16303,Ñiquén,1,1,10,45
16,Ñuble,16303,Ñiquén,1,1,15,42
16,Ñuble,16303,Ñiquén,2,1,15,319
16,Ñuble,16303,Ñiquén,2,1,20,306
16,Ñuble,16303,Ñiquén,1,1,20,45
16,Ñuble,16303,Ñiquén,1,1,25,41
16,Ñuble,16303,Ñiquén,2,1,25,278
16,Ñuble,16303,Ñiquén,2,1,30,307
16,Ñuble,16303,Ñiquén,1,1,30,26
16,Ñuble,16303,Ñiquén,2,1,35,320
16,Ñuble,16303,Ñiquén,1,1,35,40
16,Ñuble,16303,Ñiquén,2,1,40,312
16,Ñuble,16303,Ñiquén,1,1,40,38
16,Ñuble,16303,Ñiquén,2,1,45,361
16,Ñuble,16303,Ñiquén,1,1,45,40
16,Ñuble,16303,Ñiquén,1,1,50,46
16,Ñuble,16303,Ñiquén,2,1,50,447
16,Ñuble,16303,Ñiquén,2,1,55,479
16,Ñuble,16303,Ñiquén,1,1,55,37
16,Ñuble,16303,Ñiquén,2,1,60,487
16,Ñuble,16303,Ñiquén,1,1,60,44
16,Ñuble,16303,Ñiquén,2,1,65,463
16,Ñuble,16303,Ñiquén,1,1,65,40
16,Ñuble,16303,Ñiquén,1,1,70,36
16,Ñuble,16303,Ñiquén,2,1,70,340
16,Ñuble,16303,Ñiquén,2,1,75,238
16,Ñuble,16303,Ñiquén,1,1,75,31
16,Ñuble,16303,Ñiquén,2,1,80,137
16,Ñuble,16303,Ñiquén,1,1,80,18
16,Ñuble,16303,Ñiquén,2,1,85,90
16,Ñuble,16303,Ñiquén,1,1,85,15
16,Ñuble,16303,Ñiquén,1,2,0,25
16,Ñuble,16303,Ñiquén,2,2,0,232
16,Ñuble,16303,Ñiquén,1,2,5,50
16,Ñuble,16303,Ñiquén,2,2,5,307
16,Ñuble,16303,Ñiquén,2,2,10,331
16,Ñuble,16303,Ñiquén,1,2,10,38
16,Ñuble,16303,Ñiquén,1,2,15,44
16,Ñuble,16303,Ñiquén,2,2,15,338
16,Ñuble,16303,Ñiquén,1,2,20,43
16,Ñuble,16303,Ñiquén,2,2,20,287
16,Ñuble,16303,Ñiquén,1,2,25,36
16,Ñuble,16303,Ñiquén,2,2,25,291
16,Ñuble,16303,Ñiquén,1,2,30,38
16,Ñuble,16303,Ñiquén,2,2,30,305
16,Ñuble,16303,Ñiquén,2,2,35,355
16,Ñuble,16303,Ñiquén,1,2,35,53
16,Ñuble,16303,Ñiquén,2,2,40,344
16,Ñuble,16303,Ñiquén,1,2,40,59
16,Ñuble,16303,Ñiquén,2,2,45,334
16,Ñuble,16303,Ñiquén,1,2,45,39
16,Ñuble,16303,Ñiquén,2,2,50,404
16,Ñuble,16303,Ñiquén,1,2,50,47
16,Ñuble,16303,Ñiquén,1,2,55,54
16,Ñuble,16303,Ñiquén,2,2,55,456
16,Ñuble,16303,Ñiquén,2,2,60,441
16,Ñuble,16303,Ñiquén,1,2,60,57
16,Ñuble,16303,Ñiquén,1,2,65,50
16,Ñuble,16303,Ñiquén,2,2,65,400
16,Ñuble,16303,Ñiquén,2,2,70,301
16,Ñuble,16303,Ñiquén,1,2,70,40
16,Ñuble,16303,Ñiquén,1,2,75,35
16,Ñuble,16303,Ñiquén,2,2,75,214
16,Ñuble,16303,Ñiquén,2,2,80,142
16,Ñuble,16303,Ñiquén,1,2,80,18
16,Ñuble,16303,Ñiquén,2,2,85,141
16,Ñuble,16303,Ñiquén,1,2,85,32
16,Ñuble,16304,San Fabián,2,1,0,78
16,Ñuble,16304,San Fabián,1,1,0,53
16,Ñuble,16304,San Fabián,2,1,5,101
16,Ñuble,16304,San Fabián,1,1,5,69
16,Ñuble,16304,San Fabián,1,1,10,62
16,Ñuble,16304,San Fabián,2,1,10,115
16,Ñuble,16304,San Fabián,1,1,15,45
16,Ñuble,16304,San Fabián,2,1,15,98
16,Ñuble,16304,San Fabián,2,1,20,85
16,Ñuble,16304,San Fabián,1,1,20,53
16,Ñuble,16304,San Fabián,1,1,25,51
16,Ñuble,16304,San Fabián,2,1,25,92
16,Ñuble,16304,San Fabián,1,1,30,86
16,Ñuble,16304,San Fabián,2,1,30,104
16,Ñuble,16304,San Fabián,2,1,35,107
16,Ñuble,16304,San Fabián,1,1,35,55
16,Ñuble,16304,San Fabián,1,1,40,55
16,Ñuble,16304,San Fabián,2,1,40,124
16,Ñuble,16304,San Fabián,1,1,45,45
16,Ñuble,16304,San Fabián,2,1,45,113
16,Ñuble,16304,San Fabián,1,1,50,56
16,Ñuble,16304,San Fabián,2,1,50,121
16,Ñuble,16304,San Fabián,1,1,55,57
16,Ñuble,16304,San Fabián,2,1,55,124
16,Ñuble,16304,San Fabián,1,1,60,46
16,Ñuble,16304,San Fabián,2,1,60,116
16,Ñuble,16304,San Fabián,1,1,65,46
16,Ñuble,16304,San Fabián,2,1,65,89
16,Ñuble,16304,San Fabián,1,1,70,36
16,Ñuble,16304,San Fabián,2,1,70,89
16,Ñuble,16304,San Fabián,1,1,75,33
16,Ñuble,16304,San Fabián,2,1,75,61
16,Ñuble,16304,San Fabián,1,1,80,26
16,Ñuble,16304,San Fabián,2,1,80,39
16,Ñuble,16304,San Fabián,2,1,85,20
16,Ñuble,16304,San Fabián,1,1,85,19
16,Ñuble,16304,San Fabián,2,2,0,73
16,Ñuble,16304,San Fabián,1,2,0,47
16,Ñuble,16304,San Fabián,1,2,5,51
16,Ñuble,16304,San Fabián,2,2,5,92
16,Ñuble,16304,San Fabián,1,2,10,75
16,Ñuble,16304,San Fabián,2,2,10,134
16,Ñuble,16304,San Fabián,2,2,15,87
16,Ñuble,16304,San Fabián,1,2,15,59
16,Ñuble,16304,San Fabián,2,2,20,73
16,Ñuble,16304,San Fabián,1,2,20,38
16,Ñuble,16304,San Fabián,2,2,25,83
16,Ñuble,16304,San Fabián,1,2,25,77
16,Ñuble,16304,San Fabián,2,2,30,132
16,Ñuble,16304,San Fabián,1,2,30,77
16,Ñuble,16304,San Fabián,2,2,35,106
16,Ñuble,16304,San Fabián,1,2,35,88
16,Ñuble,16304,San Fabián,1,2,40,75
16,Ñuble,16304,San Fabián,2,2,40,118
16,Ñuble,16304,San Fabián,1,2,45,56
16,Ñuble,16304,San Fabián,2,2,45,98
16,Ñuble,16304,San Fabián,1,2,50,69
16,Ñuble,16304,San Fabián,2,2,50,101
16,Ñuble,16304,San Fabián,2,2,55,122
16,Ñuble,16304,San Fabián,1,2,55,70
16,Ñuble,16304,San Fabián,2,2,60,115
16,Ñuble,16304,San Fabián,1,2,60,58
16,Ñuble,16304,San Fabián,2,2,65,95
16,Ñuble,16304,San Fabián,1,2,65,59
16,Ñuble,16304,San Fabián,1,2,70,57
16,Ñuble,16304,San Fabián,2,2,70,62
16,Ñuble,16304,San Fabián,2,2,75,51
16,Ñuble,16304,San Fabián,1,2,75,40
16,Ñuble,16304,San Fabián,1,2,80,31
16,Ñuble,16304,San Fabián,2,2,80,45
16,Ñuble,16304,San Fabián,2,2,85,30
16,Ñuble,16304,San Fabián,1,2,85,32
16,Ñuble,16305,San Nicolás,1,1,0,125
16,Ñuble,16305,San Nicolás,2,1,0,225
16,Ñuble,16305,San Nicolás,2,1,5,323
16,Ñuble,16305,San Nicolás,1,1,5,152
16,Ñuble,16305,San Nicolás,2,1,10,357
16,Ñuble,16305,San Nicolás,1,1,10,158
16,Ñuble,16305,San Nicolás,2,1,15,341
16,Ñuble,16305,San Nicolás,1,1,15,159
16,Ñuble,16305,San Nicolás,2,1,20,319
16,Ñuble,16305,San Nicolás,1,1,20,145
16,Ñuble,16305,San Nicolás,1,1,25,135
16,Ñuble,16305,San Nicolás,2,1,25,241
16,Ñuble,16305,San Nicolás,1,1,30,166
16,Ñuble,16305,San Nicolás,2,1,30,347
16,Ñuble,16305,San Nicolás,2,1,35,316
16,Ñuble,16305,San Nicolás,1,1,35,142
16,Ñuble,16305,San Nicolás,2,1,40,310
16,Ñuble,16305,San Nicolás,1,1,40,158
16,Ñuble,16305,San Nicolás,2,1,45,304
16,Ñuble,16305,San Nicolás,1,1,45,151
16,Ñuble,16305,San Nicolás,2,1,50,417
16,Ñuble,16305,San Nicolás,1,1,50,174
16,Ñuble,16305,San Nicolás,1,1,55,173
16,Ñuble,16305,San Nicolás,2,1,55,367
16,Ñuble,16305,San Nicolás,1,1,60,132
16,Ñuble,16305,San Nicolás,2,1,60,407
16,Ñuble,16305,San Nicolás,1,1,65,111
16,Ñuble,16305,San Nicolás,2,1,65,343
16,Ñuble,16305,San Nicolás,1,1,70,106
16,Ñuble,16305,San Nicolás,2,1,70,216
16,Ñuble,16305,San Nicolás,1,1,75,75
16,Ñuble,16305,San Nicolás,2,1,75,179
16,Ñuble,16305,San Nicolás,2,1,80,102
16,Ñuble,16305,San Nicolás,1,1,80,38
16,Ñuble,16305,San Nicolás,2,1,85,66
16,Ñuble,16305,San Nicolás,1,1,85,36
16,Ñuble,16305,San Nicolás,1,2,0,120
16,Ñuble,16305,San Nicolás,2,2,0,223
16,Ñuble,16305,San Nicolás,2,2,5,267
16,Ñuble,16305,San Nicolás,1,2,5,125
16,Ñuble,16305,San Nicolás,2,2,10,335
16,Ñuble,16305,San Nicolás,1,2,10,178
16,Ñuble,16305,San Nicolás,1,2,15,142
16,Ñuble,16305,San Nicolás,2,2,15,338
16,Ñuble,16305,San Nicolás,1,2,20,143
16,Ñuble,16305,San Nicolás,2,2,20,264
16,Ñuble,16305,San Nicolás,2,2,25,278
16,Ñuble,16305,San Nicolás,1,2,25,192
16,Ñuble,16305,San Nicolás,1,2,30,165
16,Ñuble,16305,San Nicolás,2,2,30,327
16,Ñuble,16305,San Nicolás,1,2,35,170
16,Ñuble,16305,San Nicolás,2,2,35,333
16,Ñuble,16305,San Nicolás,2,2,40,378
16,Ñuble,16305,San Nicolás,1,2,40,157
16,Ñuble,16305,San Nicolás,2,2,45,312
16,Ñuble,16305,San Nicolás,1,2,45,178
16,Ñuble,16305,San Nicolás,2,2,50,391
16,Ñuble,16305,San Nicolás,1,2,50,209
16,Ñuble,16305,San Nicolás,1,2,55,162
16,Ñuble,16305,San Nicolás,2,2,55,362
16,Ñuble,16305,San Nicolás,2,2,60,355
16,Ñuble,16305,San Nicolás,1,2,60,170
16,Ñuble,16305,San Nicolás,1,2,65,144
16,Ñuble,16305,San Nicolás,2,2,65,300
16,Ñuble,16305,San Nicolás,2,2,70,208
16,Ñuble,16305,San Nicolás,1,2,70,103
16,Ñuble,16305,San Nicolás,1,2,75,99
16,Ñuble,16305,San Nicolás,2,2,75,148
16,Ñuble,16305,San Nicolás,2,2,80,124
16,Ñuble,16305,San Nicolás,1,2,80,59
16,Ñuble,16305,San Nicolás,2,2,85,81
16,Ñuble,16305,San Nicolás,1,2,85,43
