anio,edad,sexo,poblacion
1992,0,H,150195
1992,1,H,152691
1992,2,H,153753
1992,3,H,150531
1992,4,H,144149
1992,5,H,137641
1992,6,H,132968
1992,7,H,130633
1992,8,H,130517
1992,9,H,132999
1992,10,H,135067
1992,11,H,133448
1992,12,H,128157
1992,13,H,122780
1992,14,H,119910
1992,15,H,120693
1992,16,H,123906
1992,17,H,127706
1992,18,H,131038
1992,19,H,131070
1992,20,H,127998
1992,21,H,124747
1992,22,H,122846
1992,23,H,123018
1992,24,H,124531
1992,25,H,125430
1992,26,H,125629
1992,27,H,125515
1992,28,H,125020
1992,29,H,123498
1992,30,H,121267
1992,31,H,118905
1992,32,H,115885
1992,33,H,112092
1992,34,H,107397
1992,35,H,102150
1992,36,H,97785
1992,37,H,94265
1992,38,H,92191
1992,39,H,89059
1992,40,H,83964
1992,41,H,80173
1992,42,H,78272
1992,43,H,76601
1992,44,H,72333
1992,45,H,67942
1992,46,H,66376
1992,47,H,65423
1992,48,H,63843
1992,49,H,62055
1992,50,H,59618
1992,51,H,57048
1992,52,H,54732
1992,53,H,51779
1992,54,H,48793
1992,55,H,46756
1992,56,H,45269
1992,57,H,43932
1992,58,H,42671
1992,59,H,42012
1992,60,H,42004
1992,61,H,43187
1992,62,H,42887
1992,63,H,40504
1992,64,H,37492
1992,65,H,33482
1992,66,H,30382
1992,67,H,29032
1992,68,H,27248
1992,69,H,25276
1992,70,H,23678
1992,71,H,22156
1992,72,H,20242
1992,73,H,18422
1992,74,H,17504
1992,75,H,16591
1992,76,H,15278
1992,77,H,14082
1992,78,H,13087
1992,79,H,11581
1992,80,H,10122
1992,81,H,9139
1992,82,H,7852
1992,83,H,6565
1992,84,H,5577
1992,85,H,4670
1992,86,H,3698
1992,87,H,2875
1992,88,H,2378
1992,89,H,1929
1992,90,H,1451
1992,91,H,1124
1992,92,H,805
1992,93,H,506
1992,94,H,326
1992,95,H,235
1992,96,H,178
1992,97,H,113
1992,98,H,67
1992,99,H,45
1992,100,H,82
1992,0,M,143707
1992,1,M,146337
1992,2,M,147740
1992,3,M,144867
1992,4,M,138831
1992,5,M,132680
1992,6,M,128285
1992,7,M,126113
1992,8,M,126085
1992,9,M,128559
1992,10,M,130646
1992,11,M,129150
1992,12,M,124160
1992,13,M,119087
1992,14,M,116438
1992,15,M,117336
1992,16,M,120622
1992,17,M,124568
1992,18,M,128289
1992,19,M,128935
1992,20,M,126513
1992,21,M,123833
1992,22,M,122495
1992,23,M,123290
1992,24,M,125434
1992,25,M,127028
1992,26,M,127998
1992,27,M,128617
1992,28,M,128612
1992,29,M,127294
1992,30,M,125167
1992,31,M,122899
1992,32,M,119795
1992,33,M,115841
1992,34,M,111053
1992,35,M,105706
1992,36,M,101192
1992,37,M,97563
1992,38,M,95392
1992,39,M,92275
1992,40,M,87211
1992,41,M,83383
1992,42,M,81481
1992,43,M,79947
1992,44,M,75794
1992,45,M,71401
1992,46,M,69882
1992,47,M,69100
1992,48,M,67542
1992,49,M,65790
1992,50,M,63499
1992,51,M,60942
1992,52,M,58534
1992,53,M,55487
1992,54,M,52477
1992,55,M,50459
1992,56,M,48993
1992,57,M,47778
1992,58,M,46770
1992,59,M,46259
1992,60,M,46712
1992,61,M,48249
1992,62,M,48096
1992,63,M,46266
1992,64,M,43599
1992,65,M,39269
1992,66,M,35949
1992,67,M,34745
1992,68,M,33107
1992,69,M,31479
1992,70,M,29805
1992,71,M,28248
1992,72,M,26565
1992,73,M,24836
1992,74,M,24138
1992,75,M,23287
1992,76,M,22184
1992,77,M,21032
1992,78,M,19790
1992,79,M,18261
1992,80,M,16308
1992,81,M,14714
1992,82,M,13085
1992,83,M,11233
1992,84,M,9835
1992,85,M,8733
1992,86,M,7494
1992,87,M,6098
1992,88,M,5040
1992,89,M,4218
1992,90,M,3274
1992,91,M,2626
1992,92,M,1977
1992,93,M,1422
1992,94,M,1048
1992,95,M,768
1992,96,M,541
1992,97,M,376
1992,98,M,243
1992,99,M,164
1992,100,M,294
1993,0,H,147488
1993,1,H,149778
1993,2,H,152575
1993,3,H,153691
1993,4,H,150520
1993,5,H,144150
1993,6,H,137641
1993,7,H,132977
1993,8,H,130637
1993,9,H,130517
1993,10,H,132998
1993,11,H,135063
1993,12,H,133430
1993,13,H,128148
1993,14,H,122765
1993,15,H,119882
1993,16,H,120636
1993,17,H,123821
1993,18,H,127576
1993,19,H,130878
1993,20,H,130839
1993,21,H,127745
1993,22,H,124481
1993,23,H,122571
1993,24,H,122736
1993,25,H,124276
1993,26,H,125163
1993,27,H,125379
1993,28,H,125300
1993,29,H,124803
1993,30,H,123291
1993,31,H,121059
1993,32,H,118715
1993,33,H,115728
1993,34,H,111942
1993,35,H,107227
1993,36,H,102014
1993,37,H,97642
1993,38,H,94124
1993,39,H,92074
1993,40,H,88926
1993,41,H,83812
1993,42,H,80008
1993,43,H,78088
1993,44,H,76423
1993,45,H,72131
1993,46,H,67724
1993,47,H,66157
1993,48,H,65189
1993,49,H,63590
1993,50,H,61767
1993,51,H,59307
1993,52,H,56715
1993,53,H,54381
1993,54,H,51420
1993,55,H,48389
1993,56,H,46354
1993,57,H,44826
1993,58,H,43443
1993,59,H,42181
1993,60,H,41445
1993,61,H,41382
1993,62,H,42452
1993,63,H,42131
1993,64,H,39678
1993,65,H,36636
1993,66,H,32698
1993,67,H,29589
1993,68,H,28148
1993,69,H,26403
1993,70,H,24400
1993,71,H,22785
1993,72,H,21191
1993,73,H,19284
1993,74,H,17478
1993,75,H,16497
1993,76,H,15555
1993,77,H,14267
1993,78,H,13080
1993,79,H,12075
1993,80,H,10563
1993,81,H,9206
1993,82,H,8220
1993,83,H,6957
1993,84,H,5759
1993,85,H,4851
1993,86,H,4006
1993,87,H,3083
1993,88,H,2436
1993,89,H,1989
1993,90,H,1555
1993,91,H,1163
1993,92,H,881
1993,93,H,633
1993,94,H,391
1993,95,H,244
1993,96,H,172
1993,97,H,132
1993,98,H,79
1993,99,H,42
1993,100,H,86
1993,0,M,141017
1993,1,M,143388
1993,2,M,146269
1993,3,M,147712
1993,4,M,144879
1993,5,M,138852
1993,6,M,132699
1993,7,M,128308
1993,8,M,126140
1993,9,M,126101
1993,10,M,128582
1993,11,M,130664
1993,12,M,129164
1993,13,M,124177
1993,14,M,119097
1993,15,M,116436
1993,16,M,117322
1993,17,M,120583
1993,18,M,124532
1993,19,M,128225
1993,20,M,128851
1993,21,M,126406
1993,22,M,123723
1993,23,M,122381
1993,24,M,123194
1993,25,M,125339
1993,26,M,126921
1993,27,M,127918
1993,28,M,128539
1993,29,M,128550
1993,30,M,127231
1993,31,M,125112
1993,32,M,122858
1993,33,M,119761
1993,34,M,115808
1993,35,M,111018
1993,36,M,105674
1993,37,M,101165
1993,38,M,97519
1993,39,M,95344
1993,40,M,92219
1993,41,M,87152
1993,42,M,83298
1993,43,M,81396
1993,44,M,79869
1993,45,M,75699
1993,46,M,71280
1993,47,M,69770
1993,48,M,68945
1993,49,M,67403
1993,50,M,65617
1993,51,M,63314
1993,52,M,60720
1993,53,M,58317
1993,54,M,55275
1993,55,M,52252
1993,56,M,50212
1993,57,M,48720
1993,58,M,47488
1993,59,M,46472
1993,60,M,45945
1993,61,M,46358
1993,62,M,47824
1993,63,M,47585
1993,64,M,45728
1993,65,M,43031
1993,66,M,38681
1993,67,M,35388
1993,68,M,34184
1993,69,M,32500
1993,70,M,30839
1993,71,M,29105
1993,72,M,27542
1993,73,M,25815
1993,74,M,24020
1993,75,M,23307
1993,76,M,22373
1993,77,M,21206
1993,78,M,20036
1993,79,M,18769
1993,80,M,17257
1993,81,M,15288
1993,82,M,13678
1993,83,M,12031
1993,84,M,10262
1993,85,M,8913
1993,86,M,7835
1993,87,M,6635
1993,88,M,5326
1993,89,M,4356
1993,90,M,3539
1993,91,M,2743
1993,92,M,2151
1993,93,M,1603
1993,94,M,1110
1993,95,M,814
1993,96,M,577
1993,97,M,402
1993,98,M,275
1993,99,M,174
1993,100,M,312
1994,0,H,145230
1994,1,H,147121
1994,2,H,149680
1994,3,H,152533
1994,4,H,153678
1994,5,H,150506
1994,6,H,144139
1994,7,H,137637
1994,8,H,132986
1994,9,H,130632
1994,10,H,130520
1994,11,H,132991
1994,12,H,135046
1994,13,H,133418
1994,14,H,128129
1994,15,H,122735
1994,16,H,119825
1994,17,H,120548
1994,18,H,123680
1994,19,H,127433
1994,20,H,130659
1994,21,H,130597
1994,22,H,127481
1994,23,H,124218
1994,24,H,122300
1994,25,H,122483
1994,26,H,124010
1994,27,H,124905
1994,28,H,125154
1994,29,H,125073
1994,30,H,124575
1994,31,H,123091
1994,32,H,120875
1994,33,H,118539
1994,34,H,115566
1994,35,H,111786
1994,36,H,107075
1994,37,H,101857
1994,38,H,97497
1994,39,H,93986
1994,40,H,91933
1994,41,H,88760
1994,42,H,83637
1994,43,H,79831
1994,44,H,77924
1994,45,H,76211
1994,46,H,71892
1994,47,H,67474
1994,48,H,65902
1994,49,H,64907
1994,50,H,63307
1994,51,H,61440
1994,52,H,58968
1994,53,H,56319
1994,54,H,53969
1994,55,H,50996
1994,56,H,47966
1994,57,H,45874
1994,58,H,44350
1994,59,H,42928
1994,60,H,41604
1994,61,H,40831
1994,62,H,40704
1994,63,H,41707
1994,64,H,41323
1994,65,H,38817
1994,66,H,35764
1994,67,H,31843
1994,68,H,28671
1994,69,H,27283
1994,70,H,25510
1994,71,H,23484
1994,72,H,21833
1994,73,H,20215
1994,74,H,18302
1994,75,H,16476
1994,76,H,15485
1994,77,H,14561
1994,78,H,13280
1994,79,H,12060
1994,80,H,11029
1994,81,H,9612
1994,82,H,8309
1994,83,H,7301
1994,84,H,6133
1994,85,H,5033
1994,86,H,4166
1994,87,H,3392
1994,88,H,2605
1994,89,H,2039
1994,90,H,1609
1994,91,H,1236
1994,92,H,919
1994,93,H,695
1994,94,H,493
1994,95,H,303
1994,96,H,183
1994,97,H,122
1994,98,H,94
1994,99,H,52
1994,100,H,93
1994,0,M,139088
1994,1,M,140722
1994,2,M,143335
1994,3,M,146243
1994,4,M,147722
1994,5,M,144893
1994,6,M,138860
1994,7,M,132718
1994,8,M,128332
1994,9,M,126156
1994,10,M,126118
1994,11,M,128598
1994,12,M,130674
1994,13,M,129177
1994,14,M,124183
1994,15,M,119090
1994,16,M,116416
1994,17,M,117294
1994,18,M,120554
1994,19,M,124484
1994,20,M,128154
1994,21,M,128759
1994,22,M,126309
1994,23,M,123625
1994,24,M,122288
1994,25,M,123106
1994,26,M,125253
1994,27,M,126853
1994,28,M,127845
1994,29,M,128481
1994,30,M,128492
1994,31,M,127177
1994,32,M,125071
1994,33,M,122831
1994,34,M,119735
1994,35,M,115772
1994,36,M,110996
1994,37,M,105643
1994,38,M,101118
1994,39,M,97473
1994,40,M,95294
1994,41,M,92154
1994,42,M,87067
1994,43,M,83222
1994,44,M,81317
1994,45,M,79756
1994,46,M,75581
1994,47,M,71145
1994,48,M,69605
1994,49,M,68791
1994,50,M,67227
1994,51,M,65418
1994,52,M,63110
1994,53,M,60496
1994,54,M,58082
1994,55,M,55043
1994,56,M,52000
1994,57,M,49933
1994,58,M,48421
1994,59,M,47177
1994,60,M,46159
1994,61,M,45572
1994,62,M,45953
1994,63,M,47350
1994,64,M,47055
1994,65,M,45138
1994,66,M,42437
1994,67,M,38087
1994,68,M,34801
1994,69,M,33581
1994,70,M,31846
1994,71,M,30189
1994,72,M,28403
1994,73,M,26811
1994,74,M,25018
1994,75,M,23208
1994,76,M,22439
1994,77,M,21447
1994,78,M,20252
1994,79,M,19023
1994,80,M,17704
1994,81,M,16185
1994,82,M,14270
1994,83,M,12615
1994,84,M,11018
1994,85,M,9330
1994,86,M,8021
1994,87,M,6946
1994,88,M,5802
1994,89,M,4610
1994,90,M,3685
1994,91,M,2972
1994,92,M,2262
1994,93,M,1761
1994,94,M,1273
1994,95,M,877
1994,96,M,619
1994,97,M,440
1994,98,M,302
1994,99,M,202
1994,100,M,336
1995,0,H,141777
1995,1,H,144904
1995,2,H,147029
1995,3,H,149637
1995,4,H,152514
1995,5,H,153657
1995,6,H,150500
1995,7,H,144140
1995,8,H,137642
1995,9,H,132986
1995,10,H,130634
1995,11,H,130523
1995,12,H,132986
1995,13,H,135027
1995,14,H,133402
1995,15,H,128082
1995,16,H,122671
1995,17,H,119746
1995,18,H,120420
1995,19,H,123551
1995,20,H,127245
1995,21,H,130431
1995,22,H,130332
1995,23,H,127198
1995,24,H,123968
1995,25,H,122066
1995,26,H,122246
1995,27,H,123763
1995,28,H,124668
1995,29,H,124934
1995,30,H,124857
1995,31,H,124373
1995,32,H,122909
1995,33,H,120689
1995,34,H,118367
1995,35,H,115421
1995,36,H,111635
1995,37,H,106915
1995,38,H,101696
1995,39,H,97341
1995,40,H,93819
1995,41,H,91763
1995,42,H,88567
1995,43,H,83439
1995,44,H,79649
1995,45,H,77719
1995,46,H,75943
1995,47,H,71608
1995,48,H,67195
1995,49,H,65589
1995,50,H,64572
1995,51,H,62942
1995,52,H,61087
1995,53,H,58545
1995,54,H,55884
1995,55,H,53516
1995,56,H,50517
1995,57,H,47487
1995,58,H,45370
1995,59,H,43809
1995,60,H,42323
1995,61,H,40983
1995,62,H,40152
1995,63,H,39977
1995,64,H,40906
1995,65,H,40452
1995,66,H,37887
1995,67,H,34780
1995,68,H,30900
1995,69,H,27795
1995,70,H,26346
1995,71,H,24535
1995,72,H,22494
1995,73,H,20872
1995,74,H,19222
1995,75,H,17266
1995,76,H,15513
1995,77,H,14506
1995,78,H,13582
1995,79,H,12260
1995,80,H,11024
1995,81,H,10036
1995,82,H,8680
1995,83,H,7427
1995,84,H,6463
1995,85,H,5379
1995,86,H,4337
1995,87,H,3564
1995,88,H,2864
1995,89,H,2173
1995,90,H,1690
1995,91,H,1285
1995,92,H,985
1995,93,H,728
1995,94,H,532
1995,95,H,372
1995,96,H,229
1995,97,H,135
1995,98,H,93
1995,99,H,64
1995,100,H,105
1995,0,M,135973
1995,1,M,138817
1995,2,M,140666
1995,3,M,143317
1995,4,M,146238
1995,5,M,147730
1995,6,M,144903
1995,7,M,138876
1995,8,M,132738
1995,9,M,128349
1995,10,M,126173
1995,11,M,126132
1995,12,M,128614
1995,13,M,130681
1995,14,M,129176
1995,15,M,124176
1995,16,M,119071
1995,17,M,116402
1995,18,M,117269
1995,19,M,120515
1995,20,M,124429
1995,21,M,128072
1995,22,M,128674
1995,23,M,126219
1995,24,M,123539
1995,25,M,122208
1995,26,M,123033
1995,27,M,125187
1995,28,M,126785
1995,29,M,127789
1995,30,M,128431
1995,31,M,128452
1995,32,M,127143
1995,33,M,125041
1995,34,M,122806
1995,35,M,119703
1995,36,M,115736
1995,37,M,110967
1995,38,M,105592
1995,39,M,101071
1995,40,M,97426
1995,41,M,95237
1995,42,M,92067
1995,43,M,86995
1995,44,M,83136
1995,45,M,81192
1995,46,M,79649
1995,47,M,75436
1995,48,M,71004
1995,49,M,69444
1995,50,M,68611
1995,51,M,67039
1995,52,M,65227
1995,53,M,62880
1995,54,M,60267
1995,55,M,57816
1995,56,M,54772
1995,57,M,51716
1995,58,M,49618
1995,59,M,48125
1995,60,M,46848
1995,61,M,45756
1995,62,M,45173
1995,63,M,45512
1995,64,M,46817
1995,65,M,46470
1995,66,M,44557
1995,67,M,41798
1995,68,M,37453
1995,69,M,34188
1995,70,M,32915
1995,71,M,31200
1995,72,M,29459
1995,73,M,27671
1995,74,M,25999
1995,75,M,24212
1995,76,M,22363
1995,77,M,21571
1995,78,M,20504
1995,79,M,19250
1995,80,M,17979
1995,81,M,16616
1995,82,M,15132
1995,83,M,13232
1995,84,M,11598
1995,85,M,10003
1995,86,M,8434
1995,87,M,7129
1995,88,M,6096
1995,89,M,5050
1995,90,M,3937
1995,91,M,3113
1995,92,M,2453
1995,93,M,1860
1995,94,M,1412
1995,95,M,1024
1995,96,M,684
1995,97,M,482
1995,98,M,327
1995,99,M,224
1995,100,M,377
1996,0,H,138776
1996,1,H,141481
1996,2,H,144827
1996,3,H,146994
1996,4,H,149625
1996,5,H,152500
1996,6,H,153654
1996,7,H,150504
1996,8,H,144145
1996,9,H,137643
1996,10,H,132983
1996,11,H,130637
1996,12,H,130527
1996,13,H,132972
1996,14,H,134999
1996,15,H,133344
1996,16,H,128017
1996,17,H,122591
1996,18,H,119648
1996,19,H,120292
1996,20,H,123375
1996,21,H,127025
1996,22,H,130163
1996,23,H,130038
1996,24,H,126939
1996,25,H,123733
1996,26,H,121837
1996,27,H,122013
1996,28,H,123546
1996,29,H,124458
1996,30,H,124717
1996,31,H,124643
1996,32,H,124196
1996,33,H,122746
1996,34,H,120521
1996,35,H,118206
1996,36,H,115284
1996,37,H,111479
1996,38,H,106744
1996,39,H,101545
1996,40,H,97154
1996,41,H,93647
1996,42,H,91573
1996,43,H,88343
1996,44,H,83225
1996,45,H,79434
1996,46,H,77454
1996,47,H,75677
1996,48,H,71316
1996,49,H,66865
1996,50,H,65254
1996,51,H,64178
1996,52,H,62562
1996,53,H,60649
1996,54,H,58113
1996,55,H,55404
1996,56,H,53002
1996,57,H,50017
1996,58,H,46966
1996,59,H,44816
1996,60,H,43222
1996,61,H,41703
1996,62,H,40301
1996,63,H,39411
1996,64,H,39165
1996,65,H,40026
1996,66,H,39442
1996,67,H,36881
1996,68,H,33768
1996,69,H,29965
1996,70,H,26802
1996,71,H,25349
1996,72,H,23497
1996,73,H,21506
1996,74,H,19888
1996,75,H,18143
1996,76,H,16252
1996,77,H,14542
1996,78,H,13524
1996,79,H,12541
1996,80,H,11202
1996,81,H,10035
1996,82,H,9057
1996,83,H,7734
1996,84,H,6597
1996,85,H,5669
1996,86,H,4623
1996,87,H,3710
1996,88,H,3020
1996,89,H,2398
1996,90,H,1813
1996,91,H,1356
1996,92,H,1026
1996,93,H,782
1996,94,H,562
1996,95,H,391
1996,96,H,280
1996,97,H,171
1996,98,H,103
1996,99,H,66
1996,100,H,119
1996,0,M,132568
1996,1,M,135738
1996,2,M,138768
1996,3,M,140655
1996,4,M,143309
1996,5,M,146249
1996,6,M,147748
1996,7,M,144921
1996,8,M,138897
1996,9,M,132757
1996,10,M,128365
1996,11,M,126189
1996,12,M,126149
1996,13,M,128621
1996,14,M,130681
1996,15,M,129173
1996,16,M,124170
1996,17,M,119059
1996,18,M,116379
1996,19,M,117239
1996,20,M,120473
1996,21,M,124365
1996,22,M,128002
1996,23,M,128589
1996,24,M,126151
1996,25,M,123475
1996,26,M,122149
1996,27,M,122970
1996,28,M,125134
1996,29,M,126740
1996,30,M,127741
1996,31,M,128398
1996,32,M,128425
1996,33,M,127110
1996,34,M,125002
1996,35,M,122780
1996,36,M,119676
1996,37,M,115715
1996,38,M,110927
1996,39,M,105537
1996,40,M,101024
1996,41,M,97373
1996,42,M,95167
1996,43,M,91986
1996,44,M,86922
1996,45,M,83037
1996,46,M,81094
1996,47,M,79526
1996,48,M,75293
1996,49,M,70849
1996,50,M,69279
1996,51,M,68411
1996,52,M,66842
1996,53,M,65002
1996,54,M,62636
1996,55,M,60000
1996,56,M,57529
1996,57,M,54499
1996,58,M,51430
1996,59,M,49334
1996,60,M,47780
1996,61,M,46441
1996,62,M,45381
1996,63,M,44747
1996,64,M,45010
1996,65,M,46256
1996,66,M,45851
1996,67,M,43919
1996,68,M,41124
1996,69,M,36816
1996,70,M,33517
1996,71,M,32219
1996,72,M,30446
1996,73,M,28695
1996,74,M,26873
1996,75,M,25190
1996,76,M,23327
1996,77,M,21488
1996,78,M,20610
1996,79,M,19494
1996,80,M,18222
1996,81,M,16885
1996,82,M,15548
1996,83,M,14037
1996,84,M,12152
1996,85,M,10527
1996,86,M,9016
1996,87,M,7533
1996,88,M,6271
1996,89,M,5298
1996,90,M,4319
1996,91,M,3320
1996,92,M,2596
1996,93,M,1992
1996,94,M,1495
1996,95,M,1126
1996,96,M,814
1996,97,M,529
1996,98,M,353
1996,99,M,240
1996,100,M,434
1997,0,H,136512
1997,1,H,138541
1997,2,H,141439
1997,3,H,144802
1997,4,H,146997
1997,5,H,149624
1997,6,H,152499
1997,7,H,153659
1997,8,H,150514
1997,9,H,144154
1997,10,H,137647
1997,11,H,132986
1997,12,H,130641
1997,13,H,130527
1997,14,H,132952
1997,15,H,134963
1997,16,H,133300
1997,17,H,127946
1997,18,H,122525
1997,19,H,119552
1997,20,H,120141
1997,21,H,123183
1997,22,H,126793
1997,23,H,129903
1997,24,H,129790
1997,25,H,126703
1997,26,H,123515
1997,27,H,121636
1997,28,H,121826
1997,29,H,123348
1997,30,H,124256
1997,31,H,124519
1997,32,H,124462
1997,33,H,124037
1997,34,H,122582
1997,35,H,120368
1997,36,H,118071
1997,37,H,115131
1997,38,H,111319
1997,39,H,106599
1997,40,H,101374
1997,41,H,96975
1997,42,H,93453
1997,43,H,91351
1997,44,H,88125
1997,45,H,82999
1997,46,H,79202
1997,47,H,77208
1997,48,H,75403
1997,49,H,71012
1997,50,H,66542
1997,51,H,64873
1997,52,H,63786
1997,53,H,62140
1997,54,H,60225
1997,55,H,57642
1997,56,H,54897
1997,57,H,52493
1997,58,H,49511
1997,59,H,46411
1997,60,H,44261
1997,61,H,42637
1997,62,H,41060
1997,63,H,39609
1997,64,H,38658
1997,65,H,38344
1997,66,H,39076
1997,67,H,38480
1997,68,H,35831
1997,69,H,32765
1997,70,H,28953
1997,71,H,25826
1997,72,H,24338
1997,73,H,22484
1997,74,H,20491
1997,75,H,18856
1997,76,H,17104
1997,77,H,15261
1997,78,H,13557
1997,79,H,12531
1997,80,H,11544
1997,81,H,10216
1997,82,H,9043
1997,83,H,8088
1997,84,H,6874
1997,85,H,5777
1997,86,H,4871
1997,87,H,3953
1997,88,H,3121
1997,89,H,2535
1997,90,H,1987
1997,91,H,1456
1997,92,H,1064
1997,93,H,814
1997,94,H,602
1997,95,H,406
1997,96,H,282
1997,97,H,206
1997,98,H,122
1997,99,H,70
1997,100,H,122
1997,0,M,129885
1997,1,M,132408
1997,2,M,135720
1997,3,M,138759
1997,4,M,140657
1997,5,M,143329
1997,6,M,146272
1997,7,M,147778
1997,8,M,144951
1997,9,M,138922
1997,10,M,132775
1997,11,M,128386
1997,12,M,126207
1997,13,M,126162
1997,14,M,128632
1997,15,M,130682
1997,16,M,129173
1997,17,M,124167
1997,18,M,119051
1997,19,M,116374
1997,20,M,117227
1997,21,M,120448
1997,22,M,124330
1997,23,M,127948
1997,24,M,128543
1997,25,M,126116
1997,26,M,123447
1997,27,M,122114
1997,28,M,122946
1997,29,M,125109
1997,30,M,126715
1997,31,M,127723
1997,32,M,128384
1997,33,M,128413
1997,34,M,127087
1997,35,M,124988
1997,36,M,122776
1997,37,M,119670
1997,38,M,115693
1997,39,M,110890
1997,40,M,105507
1997,41,M,100968
1997,42,M,97321
1997,43,M,95090
1997,44,M,91914
1997,45,M,86844
1997,46,M,82944
1997,47,M,80992
1997,48,M,79389
1997,49,M,75144
1997,50,M,70687
1997,51,M,69079
1997,52,M,68211
1997,53,M,66622
1997,54,M,64761
1997,55,M,62394
1997,56,M,59728
1997,57,M,57256
1997,58,M,54226
1997,59,M,51121
1997,60,M,48999
1997,61,M,47413
1997,62,M,46056
1997,63,M,44982
1997,64,M,44294
1997,65,M,44514
1997,66,M,45676
1997,67,M,45234
1997,68,M,43248
1997,69,M,40439
1997,70,M,36105
1997,71,M,32816
1997,72,M,31471
1997,73,M,29696
1997,74,M,27920
1997,75,M,26095
1997,76,M,24321
1997,77,M,22462
1997,78,M,20576
1997,79,M,19651
1997,80,M,18497
1997,81,M,17165
1997,82,M,15815
1997,83,M,14465
1997,84,M,12917
1997,85,M,11075
1997,86,M,9481
1997,87,M,8095
1997,88,M,6630
1997,89,M,5436
1997,90,M,4516
1997,91,M,3639
1997,92,M,2754
1997,93,M,2113
1997,94,M,1591
1997,95,M,1152
1997,96,M,870
1997,97,M,629
1997,98,M,394
1997,99,M,256
1997,100,M,469
1998,0,H,133638
1998,1,H,136305
1998,2,H,138510
1998,3,H,141414
1998,4,H,144807
1998,5,H,147005
1998,6,H,149632
1998,7,H,152513
1998,8,H,153675
1998,9,H,150535
1998,10,H,144172
1998,11,H,137662
1998,12,H,133000
1998,13,H,130652
1998,14,H,130524
1998,15,H,132932
1998,16,H,134926
1998,17,H,133256
1998,18,H,127899
1998,19,H,122460
1998,20,H,119443
1998,21,H,119996
1998,22,H,123010
1998,23,H,126591
1998,24,H,129684
1998,25,H,129574
1998,26,H,126508
1998,27,H,123340
1998,28,H,121464
1998,29,H,121651
1998,30,H,123185
1998,31,H,124092
1998,32,H,124353
1998,33,H,124306
1998,34,H,123884
1998,35,H,122441
1998,36,H,120230
1998,37,H,117928
1998,38,H,114994
1998,39,H,111183
1998,40,H,106441
1998,41,H,101191
1998,42,H,96783
1998,43,H,93249
1998,44,H,91132
1998,45,H,87910
1998,46,H,82773
1998,47,H,78969
1998,48,H,76965
1998,49,H,75134
1998,50,H,70704
1998,51,H,66206
1998,52,H,64516
1998,53,H,63397
1998,54,H,61713
1998,55,H,59756
1998,56,H,57143
1998,57,H,54391
1998,58,H,51966
1998,59,H,48944
1998,60,H,45828
1998,61,H,43683
1998,62,H,42024
1998,63,H,40403
1998,64,H,38909
1998,65,H,37899
1998,66,H,37522
1998,67,H,38161
1998,68,H,37473
1998,69,H,34788
1998,70,H,31704
1998,71,H,27917
1998,72,H,24830
1998,73,H,23314
1998,74,H,21443
1998,75,H,19456
1998,76,H,17823
1998,77,H,16085
1998,78,H,14245
1998,79,H,12592
1998,80,H,11571
1998,81,H,10544
1998,82,H,9239
1998,83,H,8104
1998,84,H,7186
1998,85,H,5999
1998,86,H,4978
1998,87,H,4143
1998,88,H,3304
1998,89,H,2587
1998,90,H,2056
1998,91,H,1570
1998,92,H,1135
1998,93,H,816
1998,94,H,606
1998,95,H,436
1998,96,H,293
1998,97,H,200
1998,98,H,144
1998,99,H,77
1998,100,H,116
1998,0,M,127658
1998,1,M,129757
1998,2,M,132388
1998,3,M,135698
1998,4,M,138769
1998,5,M,140681
1998,6,M,143360
1998,7,M,146310
1998,8,M,147816
1998,9,M,144984
1998,10,M,138949
1998,11,M,132800
1998,12,M,128411
1998,13,M,126229
1998,14,M,126179
1998,15,M,128642
1998,16,M,130691
1998,17,M,129187
1998,18,M,124189
1998,19,M,119077
1998,20,M,116397
1998,21,M,117238
1998,22,M,120454
1998,23,M,124328
1998,24,M,127944
1998,25,M,128543
1998,26,M,126120
1998,27,M,123453
1998,28,M,122122
1998,29,M,122952
1998,30,M,125116
1998,31,M,126726
1998,32,M,127729
1998,33,M,128396
1998,34,M,128425
1998,35,M,127092
1998,36,M,124990
1998,37,M,122779
1998,38,M,119660
1998,39,M,115676
1998,40,M,110868
1998,41,M,105467
1998,42,M,100915
1998,43,M,97262
1998,44,M,95025
1998,45,M,91835
1998,46,M,86752
1998,47,M,82848
1998,48,M,80873
1998,49,M,79240
1998,50,M,74985
1998,51,M,70514
1998,52,M,68888
1998,53,M,67993
1998,54,M,66389
1998,55,M,64517
1998,56,M,62130
1998,57,M,59452
1998,58,M,56951
1998,59,M,53899
1998,60,M,50789
1998,61,M,48654
1998,62,M,47037
1998,63,M,45636
1998,64,M,44535
1998,65,M,43806
1998,66,M,43990
1998,67,M,45100
1998,68,M,44588
1998,69,M,42550
1998,70,M,39703
1998,71,M,35364
1998,72,M,32069
1998,73,M,30710
1998,74,M,28910
1998,75,M,27091
1998,76,M,25227
1998,77,M,23430
1998,78,M,21543
1998,79,M,19627
1998,80,M,18656
1998,81,M,17446
1998,82,M,16085
1998,83,M,14725
1998,84,M,13370
1998,85,M,11811
1998,86,M,10005
1998,87,M,8467
1998,88,M,7128
1998,89,M,5729
1998,90,M,4627
1998,91,M,3785
1998,92,M,2985
1998,93,M,2224
1998,94,M,1678
1998,95,M,1213
1998,96,M,870
1998,97,M,657
1998,98,M,470
1998,99,M,280
1998,100,M,475
1999,0,H,130440
1999,1,H,133427
1999,2,H,136266
1999,3,H,138479
1999,4,H,141412
1999,5,H,144811
1999,6,H,147015
1999,7,H,149645
1999,8,H,152530
1999,9,H,153695
1999,10,H,150551
1999,11,H,144184
1999,12,H,137674
1999,13,H,133009
1999,14,H,130645
1999,15,H,130500
1999,16,H,132893
1999,17,H,134880
1999,18,H,133209
1999,19,H,127841
1999,20,H,122365
1999,21,H,119324
1999,22,H,119850
1999,23,H,122834
1999,24,H,126399
1999,25,H,129493
1999,26,H,129386
1999,27,H,126328
1999,28,H,123169
1999,29,H,121305
1999,30,H,121499
1999,31,H,123035
1999,32,H,123945
1999,33,H,124211
1999,34,H,124166
1999,35,H,123748
1999,36,H,122305
1999,37,H,120092
1999,38,H,117795
1999,39,H,114857
1999,40,H,111017
1999,41,H,106254
1999,42,H,101003
1999,43,H,96582
1999,44,H,93034
1999,45,H,90914
1999,46,H,87682
1999,47,H,82544
1999,48,H,78723
1999,49,H,76690
1999,50,H,74841
1999,51,H,70391
1999,52,H,65869
1999,53,H,64143
1999,54,H,62966
1999,55,H,61236
1999,56,H,59256
1999,57,H,56633
1999,58,H,53840
1999,59,H,51380
1999,60,H,48357
1999,61,H,45234
1999,62,H,43067
1999,63,H,41370
1999,64,H,39708
1999,65,H,38176
1999,66,H,37112
1999,67,H,36663
1999,68,H,37203
1999,69,H,36420
1999,70,H,33688
1999,71,H,30594
1999,72,H,26825
1999,73,H,23770
1999,74,H,22275
1999,75,H,20396
1999,76,H,18390
1999,77,H,16749
1999,78,H,15009
1999,79,H,13196
1999,80,H,11576
1999,81,H,10577
1999,82,H,9558
1999,83,H,8274
1999,84,H,7167
1999,85,H,6272
1999,86,H,5164
1999,87,H,4221
1999,88,H,3452
1999,89,H,2715
1999,90,H,2074
1999,91,H,1620
1999,92,H,1229
1999,93,H,852
1999,94,H,588
1999,95,H,441
1999,96,H,316
1999,97,H,198
1999,98,H,130
1999,99,H,91
1999,100,H,108
1999,0,M,125029
1999,1,M,127506
1999,2,M,129719
1999,3,M,132356
1999,4,M,135704
1999,5,M,138788
1999,6,M,140707
1999,7,M,143393
1999,8,M,146343
1999,9,M,147843
1999,10,M,145010
1999,11,M,138978
1999,12,M,132827
1999,13,M,128430
1999,14,M,126243
1999,15,M,126189
1999,16,M,128652
1999,17,M,130713
1999,18,M,129224
1999,19,M,124230
1999,20,M,119114
1999,21,M,116427
1999,22,M,117258
1999,23,M,120466
1999,24,M,124342
1999,25,M,127958
1999,26,M,128556
1999,27,M,126133
1999,28,M,123473
1999,29,M,122138
1999,30,M,122963
1999,31,M,125133
1999,32,M,126741
1999,33,M,127746
1999,34,M,128413
1999,35,M,128439
1999,36,M,127099
1999,37,M,124998
1999,38,M,122779
1999,39,M,119644
1999,40,M,115646
1999,41,M,110828
1999,42,M,105419
1999,43,M,100857
1999,44,M,97193
1999,45,M,94945
1999,46,M,91739
1999,47,M,86639
1999,48,M,82720
1999,49,M,80730
1999,50,M,79085
1999,51,M,74814
1999,52,M,70322
1999,53,M,68676
1999,54,M,67757
1999,55,M,66141
1999,56,M,64257
1999,57,M,61851
1999,58,M,59144
1999,59,M,56618
1999,60,M,53558
1999,61,M,50454
1999,62,M,48291
1999,63,M,46616
1999,64,M,45186
1999,65,M,44040
1999,66,M,43274
1999,67,M,43430
1999,68,M,44486
1999,69,M,43904
1999,70,M,41798
1999,71,M,38917
1999,72,M,34567
1999,73,M,31284
1999,74,M,29905
1999,75,M,28042
1999,76,M,26196
1999,77,M,24325
1999,78,M,22485
1999,79,M,20548
1999,80,M,18586
1999,81,M,17563
1999,82,M,16305
1999,83,M,14927
1999,84,M,13567
1999,85,M,12208
1999,86,M,10655
1999,87,M,8888
1999,88,M,7423
1999,89,M,6164
1999,90,M,4873
1999,91,M,3862
1999,92,M,3091
1999,93,M,2397
1999,94,M,1746
1999,95,M,1285
1999,96,M,910
1999,97,M,633
1999,98,M,472
1999,99,M,332
1999,100,M,486
2000,0,H,128372
2000,1,H,130274
2000,2,H,133388
2000,3,H,136235
2000,4,H,138471
2000,5,H,141410
2000,6,H,144822
2000,7,H,147025
2000,8,H,149657
2000,9,H,152544
2000,10,H,153705
2000,11,H,150556
2000,12,H,144188
2000,13,H,137676
2000,14,H,133002
2000,15,H,130624
2000,16,H,130465
2000,17,H,132850
2000,18,H,134833
2000,19,H,133148
2000,20,H,127744
2000,21,H,122246
2000,22,H,119185
2000,23,H,119689
2000,24,H,122662
2000,25,H,126225
2000,26,H,129319
2000,27,H,129217
2000,28,H,126162
2000,29,H,123014
2000,30,H,121160
2000,31,H,121360
2000,32,H,122899
2000,33,H,123808
2000,34,H,124090
2000,35,H,124055
2000,36,H,123625
2000,37,H,122174
2000,38,H,119954
2000,39,H,117639
2000,40,H,114690
2000,41,H,110839
2000,42,H,106064
2000,43,H,100792
2000,44,H,96347
2000,45,H,92789
2000,46,H,90668
2000,47,H,87439
2000,48,H,82283
2000,49,H,78434
2000,50,H,76393
2000,51,H,74527
2000,52,H,70037
2000,53,H,65486
2000,54,H,63719
2000,55,H,62510
2000,56,H,60748
2000,57,H,58741
2000,58,H,56091
2000,59,H,53280
2000,60,H,50806
2000,61,H,47747
2000,62,H,44603
2000,63,H,42431
2000,64,H,40697
2000,65,H,38980
2000,66,H,37414
2000,67,H,36284
2000,68,H,35737
2000,69,H,36196
2000,70,H,35356
2000,71,H,32587
2000,72,H,29451
2000,73,H,25707
2000,74,H,22714
2000,75,H,21218
2000,76,H,19316
2000,77,H,17308
2000,78,H,15685
2000,79,H,13948
2000,80,H,12162
2000,81,H,10604
2000,82,H,9616
2000,83,H,8588
2000,84,H,7335
2000,85,H,6278
2000,86,H,5444
2000,87,H,4398
2000,88,H,3535
2000,89,H,2858
2000,90,H,2209
2000,91,H,1647
2000,92,H,1262
2000,93,H,931
2000,94,H,624
2000,95,H,419
2000,96,H,311
2000,97,H,211
2000,98,H,121
2000,99,H,81
2000,100,H,114
2000,0,M,122296
2000,1,M,124883
2000,2,M,127469
2000,3,M,129693
2000,4,M,132361
2000,5,M,135719
2000,6,M,138812
2000,7,M,140737
2000,8,M,143420
2000,9,M,146365
2000,10,M,147865
2000,11,M,145033
2000,12,M,138999
2000,13,M,132841
2000,14,M,128439
2000,15,M,126248
2000,16,M,126197
2000,17,M,128672
2000,18,M,130753
2000,19,M,129271
2000,20,M,124279
2000,21,M,119157
2000,22,M,116457
2000,23,M,117276
2000,24,M,120484
2000,25,M,124366
2000,26,M,127982
2000,27,M,128572
2000,28,M,126155
2000,29,M,123496
2000,30,M,122159
2000,31,M,122986
2000,32,M,125155
2000,33,M,126765
2000,34,M,127769
2000,35,M,128434
2000,36,M,128452
2000,37,M,127107
2000,38,M,124998
2000,39,M,122766
2000,40,M,119610
2000,41,M,115599
2000,42,M,110783
2000,43,M,105364
2000,44,M,100786
2000,45,M,97117
2000,46,M,94858
2000,47,M,91621
2000,48,M,86512
2000,49,M,82588
2000,50,M,80578
2000,51,M,78915
2000,52,M,74621
2000,53,M,70111
2000,54,M,68444
2000,55,M,67508
2000,56,M,65883
2000,57,M,63982
2000,58,M,61554
2000,59,M,58819
2000,60,M,56272
2000,61,M,53210
2000,62,M,50078
2000,63,M,47875
2000,64,M,46178
2000,65,M,44710
2000,66,M,43523
2000,67,M,42719
2000,68,M,42827
2000,69,M,43823
2000,70,M,43156
2000,71,M,41009
2000,72,M,38103
2000,73,M,33744
2000,74,M,30492
2000,75,M,29086
2000,76,M,27175
2000,77,M,25300
2000,78,M,23364
2000,79,M,21488
2000,80,M,19550
2000,81,M,17554
2000,82,M,16479
2000,83,M,15188
2000,84,M,13801
2000,85,M,12425
2000,86,M,11054
2000,87,M,9540
2000,88,M,7850
2000,89,M,6458
2000,90,M,5276
2000,91,M,4089
2000,92,M,3187
2000,93,M,2492
2000,94,M,1884
2000,95,M,1335
2000,96,M,968
2000,97,M,658
2000,98,M,433
2000,99,M,327
2000,100,M,520
2001,0,H,126818
2001,1,H,128211
2001,2,H,130228
2001,3,H,133364
2001,4,H,136231
2001,5,H,138476
2001,6,H,141428
2001,7,H,144831
2001,8,H,147039
2001,9,H,149671
2001,10,H,152560
2001,11,H,153715
2001,12,H,150564
2001,13,H,144186
2001,14,H,137670
2001,15,H,132987
2001,16,H,130587
2001,17,H,130422
2001,18,H,132793
2001,19,H,134776
2001,20,H,133047
2001,21,H,127618
2001,22,H,122106
2001,23,H,119034
2001,24,H,119537
2001,25,H,122502
2001,26,H,126062
2001,27,H,129177
2001,28,H,129073
2001,29,H,126028
2001,30,H,122881
2001,31,H,121026
2001,32,H,121238
2001,33,H,122778
2001,34,H,123697
2001,35,H,123992
2001,36,H,123941
2001,37,H,123500
2001,38,H,122032
2001,39,H,119770
2001,40,H,117477
2001,41,H,114505
2001,42,H,110647
2001,43,H,105851
2001,44,H,100558
2001,45,H,96098
2001,46,H,92518
2001,47,H,90409
2001,48,H,87170
2001,49,H,82006
2001,50,H,78142
2001,51,H,76043
2001,52,H,74151
2001,53,H,69637
2001,54,H,65052
2001,55,H,63269
2001,56,H,62009
2001,57,H,60217
2001,58,H,58189
2001,59,H,55526
2001,60,H,52663
2001,61,H,50142
2001,62,H,47089
2001,63,H,43952
2001,64,H,41732
2001,65,H,39948
2001,66,H,38212
2001,67,H,36590
2001,68,H,35402
2001,69,H,34759
2001,70,H,35146
2001,71,H,34246
2001,72,H,31399
2001,73,H,28261
2001,74,H,24601
2001,75,H,21628
2001,76,H,20175
2001,77,H,18225
2001,78,H,16271
2001,79,H,14642
2001,80,H,12913
2001,81,H,11143
2001,82,H,9681
2001,83,H,8689
2001,84,H,7687
2001,85,H,6447
2001,86,H,5488
2001,87,H,4696
2001,88,H,3733
2001,89,H,2937
2001,90,H,2364
2001,91,H,1787
2001,92,H,1295
2001,93,H,983
2001,94,H,710
2001,95,H,454
2001,96,H,310
2001,97,H,217
2001,98,H,139
2001,99,H,75
2001,100,H,120
2001,0,M,121358
2001,1,M,122161
2001,2,M,124857
2001,3,M,127459
2001,4,M,129707
2001,5,M,132386
2001,6,M,135749
2001,7,M,138839
2001,8,M,140765
2001,9,M,143448
2001,10,M,146393
2001,11,M,147892
2001,12,M,145051
2001,13,M,139014
2001,14,M,132850
2001,15,M,128437
2001,16,M,126260
2001,17,M,126228
2001,18,M,128723
2001,19,M,130816
2001,20,M,129342
2001,21,M,124338
2001,22,M,119210
2001,23,M,116497
2001,24,M,117323
2001,25,M,120528
2001,26,M,124403
2001,27,M,128011
2001,28,M,128613
2001,29,M,126198
2001,30,M,123542
2001,31,M,122204
2001,32,M,123030
2001,33,M,125188
2001,34,M,126796
2001,35,M,127799
2001,36,M,128446
2001,37,M,128468
2001,38,M,127108
2001,39,M,124982
2001,40,M,122755
2001,41,M,119568
2001,42,M,115549
2001,43,M,110727
2001,44,M,105295
2001,45,M,100700
2001,46,M,97034
2001,47,M,94748
2001,48,M,91493
2001,49,M,86388
2001,50,M,82441
2001,51,M,80420
2001,52,M,78721
2001,53,M,74409
2001,54,M,69876
2001,55,M,68178
2001,56,M,67231
2001,57,M,65588
2001,58,M,63691
2001,59,M,61224
2001,60,M,58460
2001,61,M,55887
2001,62,M,52808
2001,63,M,49655
2001,64,M,47433
2001,65,M,45711
2001,66,M,44189
2001,67,M,42987
2001,68,M,42131
2001,69,M,42165
2001,70,M,43114
2001,71,M,42352
2001,72,M,40204
2001,73,M,37210
2001,74,M,32937
2001,75,M,29691
2001,76,M,28200
2001,77,M,26269
2001,78,M,24323
2001,79,M,22375
2001,80,M,20506
2001,81,M,18514
2001,82,M,16571
2001,83,M,15414
2001,84,M,14094
2001,85,M,12724
2001,86,M,11330
2001,87,M,9939
2001,88,M,8490
2001,89,M,6860
2001,90,M,5580
2001,91,M,4474
2001,92,M,3403
2001,93,M,2584
2001,94,M,1964
2001,95,M,1469
2001,96,M,1023
2001,97,M,714
2001,98,M,473
2001,99,M,303
2001,100,M,559
2002,0,H,123740
2002,1,H,126637
2002,2,H,128171
2002,3,H,130212
2002,4,H,133374
2002,5,H,136240
2002,6,H,138494
2002,7,H,141445
2002,8,H,144850
2002,9,H,147055
2002,10,H,149691
2002,11,H,152573
2002,12,H,153722
2002,13,H,150560
2002,14,H,144171
2002,15,H,137639
2002,16,H,132943
2002,17,H,130545
2002,18,H,130379
2002,19,H,132749
2002,20,H,134682
2002,21,H,132927
2002,22,H,127482
2002,23,H,121961
2002,24,H,118897
2002,25,H,119393
2002,26,H,122358
2002,27,H,125948
2002,28,H,129061
2002,29,H,128948
2002,30,H,125895
2002,31,H,122769
2002,32,H,120923
2002,33,H,121149
2002,34,H,122695
2002,35,H,123605
2002,36,H,123882
2002,37,H,123815
2002,38,H,123364
2002,39,H,121869
2002,40,H,119588
2002,41,H,117286
2002,42,H,114309
2002,43,H,110445
2002,44,H,105619
2002,45,H,100322
2002,46,H,95835
2002,47,H,92262
2002,48,H,90147
2002,49,H,86865
2002,50,H,81698
2002,51,H,77785
2002,52,H,75681
2002,53,H,73759
2002,54,H,69196
2002,55,H,64594
2002,56,H,62779
2002,57,H,61474
2002,58,H,59641
2002,59,H,57589
2002,60,H,54879
2002,61,H,51989
2002,62,H,49478
2002,63,H,46386
2002,64,H,43251
2002,65,H,40959
2002,66,H,39153
2002,67,H,37354
2002,68,H,35726
2002,69,H,34455
2002,70,H,33729
2002,71,H,34038
2002,72,H,33006
2002,73,H,30191
2002,74,H,27050
2002,75,H,23470
2002,76,H,20568
2002,77,H,19052
2002,78,H,17111
2002,79,H,15235
2002,80,H,13598
2002,81,H,11824
2002,82,H,10182
2002,83,H,8747
2002,84,H,7777
2002,85,H,6803
2002,86,H,5659
2002,87,H,4753
2002,88,H,4027
2002,89,H,3112
2002,90,H,2428
2002,91,H,1954
2002,92,H,1411
2002,93,H,1025
2002,94,H,761
2002,95,H,520
2002,96,H,338
2002,97,H,221
2002,98,H,154
2002,99,H,93
2002,100,H,129
2002,0,M,119162
2002,1,M,121230
2002,2,M,122137
2002,3,M,124855
2002,4,M,127476
2002,5,M,129741
2002,6,M,132420
2002,7,M,135782
2002,8,M,138876
2002,9,M,140803
2002,10,M,143479
2002,11,M,146423
2002,12,M,147914
2002,13,M,145075
2002,14,M,139027
2002,15,M,132847
2002,16,M,128454
2002,17,M,126298
2002,18,M,126295
2002,19,M,128803
2002,20,M,130913
2002,21,M,129417
2002,22,M,124412
2002,23,M,119271
2002,24,M,116566
2002,25,M,117388
2002,26,M,120590
2002,27,M,124457
2002,28,M,128075
2002,29,M,128676
2002,30,M,126260
2002,31,M,123613
2002,32,M,122270
2002,33,M,123095
2002,34,M,125233
2002,35,M,126846
2002,36,M,127827
2002,37,M,128480
2002,38,M,128489
2002,39,M,127104
2002,40,M,124986
2002,41,M,122715
2002,42,M,119523
2002,43,M,115496
2002,44,M,110659
2002,45,M,105209
2002,46,M,100607
2002,47,M,96930
2002,48,M,94622
2002,49,M,91362
2002,50,M,86248
2002,51,M,82276
2002,52,M,80240
2002,53,M,78513
2002,54,M,74181
2002,55,M,69598
2002,56,M,67921
2002,57,M,66933
2002,58,M,65275
2002,59,M,63351
2002,60,M,60857
2002,61,M,58078
2002,62,M,55454
2002,63,M,52371
2002,64,M,49220
2002,65,M,46972
2002,66,M,45159
2002,67,M,43648
2002,68,M,42431
2002,69,M,41498
2002,70,M,41459
2002,71,M,42329
2002,72,M,41514
2002,73,M,39273
2002,74,M,36298
2002,75,M,32058
2002,76,M,28781
2002,77,M,27263
2002,78,M,25294
2002,79,M,23338
2002,80,M,21364
2002,81,M,19457
2002,82,M,17446
2002,83,M,15499
2002,84,M,14316
2002,85,M,13013
2002,86,M,11629
2002,87,M,10218
2002,88,M,8870
2002,89,M,7483
2002,90,M,5997
2002,91,M,4789
2002,92,M,3762
2002,93,M,2798
2002,94,M,2067
2002,95,M,1547
2002,96,M,1138
2002,97,M,763
2002,98,M,528
2002,99,M,352
2002,100,M,586
2003,0,H,120900
2003,1,H,123567
2003,2,H,126600
2003,3,H,128166
2003,4,H,130229
2003,5,H,133381
2003,6,H,136258
2003,7,H,138517
2003,8,H,141468
2003,9,H,144866
2003,10,H,147069
2003,11,H,149707
2003,12,H,152576
2003,13,H,153714
2003,14,H,150541
2003,15,H,144137
2003,16,H,137600
2003,17,H,132902
2003,18,H,130525
2003,19,H,130348
2003,20,H,132677
2003,21,H,134569
2003,22,H,132796
2003,23,H,127345
2003,24,H,121840
2003,25,H,118763
2003,26,H,119288
2003,27,H,122274
2003,28,H,125854
2003,29,H,128942
2003,30,H,128834
2003,31,H,125813
2003,32,H,122690
2003,33,H,120862
2003,34,H,121084
2003,35,H,122610
2003,36,H,123506
2003,37,H,123779
2003,38,H,123696
2003,39,H,123231
2003,40,H,121700
2003,41,H,119406
2003,42,H,117095
2003,43,H,114102
2003,44,H,110226
2003,45,H,105382
2003,46,H,100060
2003,47,H,95595
2003,48,H,91999
2003,49,H,89841
2003,50,H,86533
2003,51,H,81359
2003,52,H,77441
2003,53,H,75294
2003,54,H,73315
2003,55,H,68735
2003,56,H,64122
2003,57,H,62235
2003,58,H,60898
2003,59,H,59034
2003,60,H,56943
2003,61,H,54202
2003,62,H,51308
2003,63,H,48750
2003,64,H,45671
2003,65,H,42502
2003,66,H,40157
2003,67,H,38282
2003,68,H,36439
2003,69,H,34832
2003,70,H,33487
2003,71,H,32662
2003,72,H,32847
2003,73,H,31806
2003,74,H,28923
2003,75,H,25814
2003,76,H,22275
2003,77,H,19438
2003,78,H,17879
2003,79,H,16047
2003,80,H,14163
2003,81,H,12494
2003,82,H,10838
2003,83,H,9188
2003,84,H,7851
2003,85,H,6916
2003,86,H,5971
2003,87,H,4892
2003,88,H,4094
2003,89,H,3383
2003,90,H,2550
2003,91,H,2003
2003,92,H,1556
2003,93,H,1125
2003,94,H,780
2003,95,H,557
2003,96,H,388
2003,97,H,250
2003,98,H,158
2003,99,H,106
2003,100,H,148
2003,0,M,115873
2003,1,M,119045
2003,2,M,121219
2003,3,M,122148
2003,4,M,124874
2003,5,M,127510
2003,6,M,129775
2003,7,M,132464
2003,8,M,135828
2003,9,M,138923
2003,10,M,140840
2003,11,M,143512
2003,12,M,146450
2003,13,M,147943
2003,14,M,145089
2003,15,M,139036
2003,16,M,132869
2003,17,M,128496
2003,18,M,126380
2003,19,M,126392
2003,20,M,128905
2003,21,M,131009
2003,22,M,129503
2003,23,M,124494
2003,24,M,119356
2003,25,M,116656
2003,26,M,117484
2003,27,M,120678
2003,28,M,124542
2003,29,M,128157
2003,30,M,128754
2003,31,M,126347
2003,32,M,123696
2003,33,M,122364
2003,34,M,123168
2003,35,M,125306
2003,36,M,126904
2003,37,M,127874
2003,38,M,128515
2003,39,M,128509
2003,40,M,127106
2003,41,M,124958
2003,42,M,122682
2003,43,M,119466
2003,44,M,115444
2003,45,M,110593
2003,46,M,105121
2003,47,M,100498
2003,48,M,96810
2003,49,M,94476
2003,50,M,91219
2003,51,M,86071
2003,52,M,82100
2003,53,M,80033
2003,54,M,78294
2003,55,M,73915
2003,56,M,69359
2003,57,M,67632
2003,58,M,66614
2003,59,M,64941
2003,60,M,62962
2003,61,M,60469
2003,62,M,57642
2003,63,M,54992
2003,64,M,51913
2003,65,M,48744
2003,66,M,46431
2003,67,M,44621
2003,68,M,43091
2003,69,M,41837
2003,70,M,40832
2003,71,M,40728
2003,72,M,41518
2003,73,M,40569
2003,74,M,38315
2003,75,M,35307
2003,76,M,31131
2003,77,M,27819
2003,78,M,26277
2003,79,M,24300
2003,80,M,22309
2003,81,M,20307
2003,82,M,18332
2003,83,M,16317
2003,84,M,14406
2003,85,M,13224
2003,86,M,11926
2003,87,M,10536
2003,88,M,9182
2003,89,M,7823
2003,90,M,6543
2003,91,M,5158
2003,92,M,4057
2003,93,M,3128
2003,94,M,2280
2003,95,M,1646
2003,96,M,1193
2003,97,M,858
2003,98,M,560
2003,99,M,388
2003,100,M,631
2004,0,H,118420
2004,1,H,120721
2004,2,H,123522
2004,3,H,126606
2004,4,H,128179
2004,5,H,130242
2004,6,H,133399
2004,7,H,136273
2004,8,H,138534
2004,9,H,141483
2004,10,H,144875
2004,11,H,147082
2004,12,H,149710
2004,13,H,152572
2004,14,H,153695
2004,15,H,150507
2004,16,H,144104
2004,17,H,137556
2004,18,H,132871
2004,19,H,130483
2004,20,H,130279
2004,21,H,132575
2004,22,H,134447
2004,23,H,132651
2004,24,H,127241
2004,25,H,121725
2004,26,H,118667
2004,27,H,119216
2004,28,H,122197
2004,29,H,125776
2004,30,H,128859
2004,31,H,128768
2004,32,H,125739
2004,33,H,122626
2004,34,H,120794
2004,35,H,121013
2004,36,H,122525
2004,37,H,123422
2004,38,H,123671
2004,39,H,123564
2004,40,H,123084
2004,41,H,121502
2004,42,H,119198
2004,43,H,116885
2004,44,H,113901
2004,45,H,109987
2004,46,H,105116
2004,47,H,99814
2004,48,H,95316
2004,49,H,91707
2004,50,H,89524
2004,51,H,86161
2004,52,H,80993
2004,53,H,77057
2004,54,H,74858
2004,55,H,72841
2004,56,H,68227
2004,57,H,63581
2004,58,H,61660
2004,59,H,60317
2004,60,H,58399
2004,61,H,56264
2004,62,H,53506
2004,63,H,50591
2004,64,H,47970
2004,65,H,44892
2004,66,H,41672
2004,67,H,39294
2004,68,H,37386
2004,69,H,35544
2004,70,H,33865
2004,71,H,32428
2004,72,H,31521
2004,73,H,31622
2004,74,H,30535
2004,75,H,27624
2004,76,H,24519
2004,77,H,21063
2004,78,H,18291
2004,79,H,16705
2004,80,H,14881
2004,81,H,13064
2004,82,H,11438
2004,83,H,9802
2004,84,H,8252
2004,85,H,6980
2004,86,H,6060
2004,87,H,5142
2004,88,H,4179
2004,89,H,3436
2004,90,H,2772
2004,91,H,2074
2004,92,H,1608
2004,93,H,1220
2004,94,H,850
2004,95,H,570
2004,96,H,414
2004,97,H,285
2004,98,H,167
2004,99,H,109
2004,100,H,166
2004,0,M,113644
2004,1,M,115751
2004,2,M,119041
2004,3,M,121231
2004,4,M,122171
2004,5,M,124905
2004,6,M,127550
2004,7,M,129824
2004,8,M,132511
2004,9,M,135872
2004,10,M,138964
2004,11,M,140872
2004,12,M,143543
2004,13,M,146475
2004,14,M,147953
2004,15,M,145099
2004,16,M,139050
2004,17,M,132917
2004,18,M,128580
2004,19,M,126483
2004,20,M,126490
2004,21,M,129011
2004,22,M,131095
2004,23,M,129596
2004,24,M,124595
2004,25,M,119454
2004,26,M,116761
2004,27,M,117586
2004,28,M,120775
2004,29,M,124637
2004,30,M,128249
2004,31,M,128849
2004,32,M,126452
2004,33,M,123794
2004,34,M,122454
2004,35,M,123248
2004,36,M,125367
2004,37,M,126949
2004,38,M,127919
2004,39,M,128549
2004,40,M,128512
2004,41,M,127087
2004,42,M,124923
2004,43,M,122632
2004,44,M,119418
2004,45,M,115388
2004,46,M,110511
2004,47,M,105000
2004,48,M,100385
2004,49,M,96667
2004,50,M,94331
2004,51,M,91040
2004,52,M,85894
2004,53,M,81897
2004,54,M,79829
2004,55,M,78048
2004,56,M,73652
2004,57,M,69083
2004,58,M,67327
2004,59,M,66288
2004,60,M,64552
2004,61,M,62541
2004,62,M,60047
2004,63,M,57193
2004,64,M,54512
2004,65,M,51410
2004,66,M,48221
2004,67,M,45891
2004,68,M,44021
2004,69,M,42482
2004,70,M,41208
2004,71,M,40119
2004,72,M,39956
2004,73,M,40626
2004,74,M,39609
2004,75,M,37301
2004,76,M,34260
2004,77,M,30112
2004,78,M,26813
2004,79,M,25259
2004,80,M,23193
2004,81,M,21171
2004,82,M,19198
2004,83,M,17133
2004,84,M,15152
2004,85,M,13301
2004,86,M,12083
2004,87,M,10790
2004,88,M,9429
2004,89,M,8045
2004,90,M,6816
2004,91,M,5576
2004,92,M,4338
2004,93,M,3362
2004,94,M,2530
2004,95,M,1802
2004,96,M,1282
2004,97,M,905
2004,98,M,631
2004,99,M,393
2004,100,M,693
2005,0,H,117593
2005,1,H,118240
2005,2,H,120682
2005,3,H,123525
2005,4,H,126615
2005,5,H,128196
2005,6,H,130255
2005,7,H,133413
2005,8,H,136288
2005,9,H,138546
2005,10,H,141494
2005,11,H,144885
2005,12,H,147088
2005,13,H,149710
2005,14,H,152553
2005,15,H,153662
2005,16,H,150466
2005,17,H,144054
2005,18,H,137517
2005,19,H,132808
2005,20,H,130413
2005,21,H,130185
2005,22,H,132479
2005,23,H,134309
2005,24,H,132551
2005,25,H,127136
2005,26,H,121630
2005,27,H,118606
2005,28,H,119163
2005,29,H,122157
2005,30,H,125716
2005,31,H,128802
2005,32,H,128711
2005,33,H,125667
2005,34,H,122582
2005,35,H,120727
2005,36,H,120955
2005,37,H,122439
2005,38,H,123327
2005,39,H,123552
2005,40,H,123420
2005,41,H,122895
2005,42,H,121300
2005,43,H,118994
2005,44,H,116678
2005,45,H,113676
2005,46,H,109733
2005,47,H,104841
2005,48,H,99530
2005,49,H,95016
2005,50,H,91418
2005,51,H,89164
2005,52,H,85785
2005,53,H,80628
2005,54,H,76653
2005,55,H,74392
2005,56,H,72344
2005,57,H,67693
2005,58,H,63010
2005,59,H,61104
2005,60,H,59677
2005,61,H,57742
2005,62,H,55592
2005,63,H,52781
2005,64,H,49803
2005,65,H,47147
2005,66,H,44040
2005,67,H,40809
2005,68,H,38423
2005,69,H,36467
2005,70,H,34574
2005,71,H,32821
2005,72,H,31324
2005,73,H,30308
2005,74,H,30387
2005,75,H,29215
2005,76,H,26292
2005,77,H,23189
2005,78,H,19881
2005,79,H,17056
2005,80,H,15518
2005,81,H,13768
2005,82,H,11946
2005,83,H,10408
2005,84,H,8796
2005,85,H,7355
2005,86,H,6136
2005,87,H,5256
2005,88,H,4382
2005,89,H,3507
2005,90,H,2830
2005,91,H,2251
2005,92,H,1650
2005,93,H,1240
2005,94,H,930
2005,95,H,629
2005,96,H,407
2005,97,H,297
2005,98,H,194
2005,99,H,117
2005,100,H,180
2005,0,M,112443
2005,1,M,113530
2005,2,M,115744
2005,3,M,119055
2005,4,M,121263
2005,5,M,122209
2005,6,M,124951
2005,7,M,127592
2005,8,M,129871
2005,9,M,132552
2005,10,M,135908
2005,11,M,138995
2005,12,M,140902
2005,13,M,143567
2005,14,M,146488
2005,15,M,147965
2005,16,M,145106
2005,17,M,139090
2005,18,M,132999
2005,19,M,128681
2005,20,M,126590
2005,21,M,126602
2005,22,M,129110
2005,23,M,131199
2005,24,M,129708
2005,25,M,124703
2005,26,M,119571
2005,27,M,116878
2005,28,M,117698
2005,29,M,120891
2005,30,M,124750
2005,31,M,128363
2005,32,M,128960
2005,33,M,126556
2005,34,M,123887
2005,35,M,122546
2005,36,M,123325
2005,37,M,125410
2005,38,M,126999
2005,39,M,127961
2005,40,M,128550
2005,41,M,128492
2005,42,M,127058
2005,43,M,124897
2005,44,M,122580
2005,45,M,119362
2005,46,M,115309
2005,47,M,110397
2005,48,M,104889
2005,49,M,100256
2005,50,M,96529
2005,51,M,94154
2005,52,M,90860
2005,53,M,85699
2005,54,M,81697
2005,55,M,79604
2005,56,M,77787
2005,57,M,73380
2005,58,M,68782
2005,59,M,67010
2005,60,M,65927
2005,61,M,64144
2005,62,M,62121
2005,63,M,59618
2005,64,M,56706
2005,65,M,53996
2005,66,M,50884
2005,67,M,47674
2005,68,M,45269
2005,69,M,43415
2005,70,M,41864
2005,71,M,40495
2005,72,M,39347
2005,73,M,39152
2005,74,M,39689
2005,75,M,38550
2005,76,M,36217
2005,77,M,33133
2005,78,M,29016
2005,79,M,25773
2005,80,M,24107
2005,81,M,22008
2005,82,M,20049
2005,83,M,18004
2005,84,M,15944
2005,85,M,13977
2005,86,M,12124
2005,87,M,10935
2005,88,M,9599
2005,89,M,8293
2005,90,M,7022
2005,91,M,5831
2005,92,M,4678
2005,93,M,3595
2005,94,M,2732
2005,95,M,1993
2005,96,M,1415
2005,97,M,983
2005,98,M,668
2005,99,M,446
2005,100,M,749
2006,0,H,118161
2006,1,H,117437
2006,2,H,118204
2006,3,H,120674
2006,4,H,123532
2006,5,H,126622
2006,6,H,128210
2006,7,H,130268
2006,8,H,133428
2006,9,H,136303
2006,10,H,138554
2006,11,H,141505
2006,12,H,144891
2006,13,H,147087
2006,14,H,149692
2006,15,H,152518
2006,16,H,153609
2006,17,H,150414
2006,18,H,144021
2006,19,H,137471
2006,20,H,132754
2006,21,H,130318
2006,22,H,130097
2006,23,H,132370
2006,24,H,134214
2006,25,H,132458
2006,26,H,127061
2006,27,H,121582
2006,28,H,118561
2006,29,H,119134
2006,30,H,122123
2006,31,H,125664
2006,32,H,128769
2006,33,H,128667
2006,34,H,125632
2006,35,H,122532
2006,36,H,120694
2006,37,H,120885
2006,38,H,122352
2006,39,H,123214
2006,40,H,123411
2006,41,H,123260
2006,42,H,122718
2006,43,H,121086
2006,44,H,118781
2006,45,H,116444
2006,46,H,113440
2006,47,H,109461
2006,48,H,104569
2006,49,H,99242
2006,50,H,94724
2006,51,H,91095
2006,52,H,88798
2006,53,H,85394
2006,54,H,80239
2006,55,H,76206
2006,56,H,73937
2006,57,H,71816
2006,58,H,67123
2006,59,H,62431
2006,60,H,60487
2006,61,H,59007
2006,62,H,57057
2006,63,H,54846
2006,64,H,52013
2006,65,H,48989
2006,66,H,46274
2006,67,H,43178
2006,68,H,39922
2006,69,H,37512
2006,70,H,35500
2006,71,H,33537
2006,72,H,31770
2006,73,H,30232
2006,74,H,29147
2006,75,H,29079
2006,76,H,27863
2006,77,H,24981
2006,78,H,21888
2006,79,H,18631
2006,80,H,15916
2006,81,H,14377
2006,82,H,12636
2006,83,H,10905
2006,84,H,9404
2006,85,H,7849
2006,86,H,6489
2006,87,H,5365
2006,88,H,4525
2006,89,H,3700
2006,90,H,2918
2006,91,H,2320
2006,92,H,1803
2006,93,H,1278
2006,94,H,952
2006,95,H,693
2006,96,H,458
2006,97,H,297
2006,98,H,218
2006,99,H,135
2006,100,H,198
2006,0,M,112715
2006,1,M,112343
2006,2,M,113526
2006,3,M,115767
2006,4,M,119088
2006,5,M,121303
2006,6,M,122250
2006,7,M,124994
2006,8,M,127641
2006,9,M,129914
2006,10,M,132585
2006,11,M,135937
2006,12,M,139022
2006,13,M,140930
2006,14,M,143582
2006,15,M,146501
2006,16,M,147979
2006,17,M,145146
2006,18,M,139176
2006,19,M,133102
2006,20,M,128799
2006,21,M,126710
2006,22,M,126717
2006,23,M,129226
2006,24,M,131324
2006,25,M,129837
2006,26,M,124838
2006,27,M,119708
2006,28,M,117014
2006,29,M,117835
2006,30,M,121020
2006,31,M,124876
2006,32,M,128482
2006,33,M,129072
2006,34,M,126649
2006,35,M,123981
2006,36,M,122635
2006,37,M,123389
2006,38,M,125467
2006,39,M,127043
2006,40,M,127983
2006,41,M,128555
2006,42,M,128470
2006,43,M,127020
2006,44,M,124844
2006,45,M,122516
2006,46,M,119281
2006,47,M,115207
2006,48,M,110276
2006,49,M,104765
2006,50,M,100101
2006,51,M,96371
2006,52,M,93965
2006,53,M,90653
2006,54,M,85487
2006,55,M,81495
2006,56,M,79341
2006,57,M,77494
2006,58,M,73085
2006,59,M,68461
2006,60,M,66643
2006,61,M,65522
2006,62,M,63750
2006,63,M,61683
2006,64,M,59115
2006,65,M,56199
2006,66,M,53434
2006,67,M,50321
2006,68,M,47064
2006,69,M,44649
2006,70,M,42790
2006,71,M,41162
2006,72,M,39760
2006,73,M,38558
2006,74,M,38294
2006,75,M,38644
2006,76,M,37512
2006,77,M,35070
2006,78,M,31964
2006,79,M,27895
2006,80,M,24687
2006,81,M,22928
2006,82,M,20854
2006,83,M,18860
2006,84,M,16815
2006,85,M,14740
2006,86,M,12778
2006,87,M,11028
2006,88,M,9805
2006,89,M,8515
2006,90,M,7279
2006,91,M,6085
2006,92,M,4941
2006,93,M,3871
2006,94,M,2939
2006,95,M,2192
2006,96,M,1551
2006,97,M,1102
2006,98,M,729
2006,99,M,487
2006,100,M,824
2007,0,H,120162
2007,1,H,118020
2007,2,H,117402
2007,3,H,118194
2007,4,H,120678
2007,5,H,123538
2007,6,H,126633
2007,7,H,128223
2007,8,H,130279
2007,9,H,133441
2007,10,H,136305
2007,11,H,138559
2007,12,H,141507
2007,13,H,144893
2007,14,H,147074
2007,15,H,149649
2007,16,H,152461
2007,17,H,153565
2007,18,H,150381
2007,19,H,143993
2007,20,H,137429
2007,21,H,132674
2007,22,H,130232
2007,23,H,130008
2007,24,H,132281
2007,25,H,134127
2007,26,H,132406
2007,27,H,127022
2007,28,H,121532
2007,29,H,118540
2007,30,H,119119
2007,31,H,122098
2007,32,H,125650
2007,33,H,128759
2007,34,H,128629
2007,35,H,125595
2007,36,H,122484
2007,37,H,120635
2007,38,H,120808
2007,39,H,122242
2007,40,H,123104
2007,41,H,123252
2007,42,H,123079
2007,43,H,122504
2007,44,H,120855
2007,45,H,118531
2007,46,H,116193
2007,47,H,113163
2007,48,H,109185
2007,49,H,104255
2007,50,H,98919
2007,51,H,94378
2007,52,H,90704
2007,53,H,88394
2007,54,H,84960
2007,55,H,79805
2007,56,H,75741
2007,57,H,73438
2007,58,H,71236
2007,59,H,66482
2007,60,H,61805
2007,61,H,59789
2007,62,H,58281
2007,63,H,56268
2007,64,H,54038
2007,65,H,51174
2007,66,H,48116
2007,67,H,45345
2007,68,H,42227
2007,69,H,38971
2007,70,H,36540
2007,71,H,34498
2007,72,H,32476
2007,73,H,30717
2007,74,H,29055
2007,75,H,27872
2007,76,H,27756
2007,77,H,26477
2007,78,H,23629
2007,79,H,20554
2007,80,H,17355
2007,81,H,14722
2007,82,H,13179
2007,83,H,11517
2007,84,H,9859
2007,85,H,8351
2007,86,H,6899
2007,87,H,5647
2007,88,H,4606
2007,89,H,3817
2007,90,H,3077
2007,91,H,2388
2007,92,H,1848
2007,93,H,1391
2007,94,H,975
2007,95,H,699
2007,96,H,500
2007,97,H,341
2007,98,H,217
2007,99,H,141
2007,100,H,221
2007,0,M,115203
2007,1,M,112627
2007,2,M,112343
2007,3,M,113551
2007,4,M,115797
2007,5,M,119129
2007,6,M,121345
2007,7,M,122300
2007,8,M,125039
2007,9,M,127678
2007,10,M,129950
2007,11,M,132616
2007,12,M,135963
2007,13,M,139051
2007,14,M,140947
2007,15,M,143589
2007,16,M,146517
2007,17,M,148019
2007,18,M,145233
2007,19,M,139282
2007,20,M,133223
2007,21,M,128917
2007,22,M,126830
2007,23,M,126841
2007,24,M,129364
2007,25,M,131470
2007,26,M,129992
2007,27,M,124992
2007,28,M,119854
2007,29,M,117169
2007,30,M,117982
2007,31,M,121158
2007,32,M,125014
2007,33,M,128601
2007,34,M,129177
2007,35,M,126752
2007,36,M,124075
2007,37,M,122711
2007,38,M,123458
2007,39,M,125514
2007,40,M,127080
2007,41,M,128003
2007,42,M,128533
2007,43,M,128438
2007,44,M,126970
2007,45,M,124775
2007,46,M,122422
2007,47,M,119182
2007,48,M,115064
2007,49,M,110136
2007,50,M,104600
2007,51,M,99945
2007,52,M,96186
2007,53,M,93753
2007,54,M,90403
2007,55,M,85278
2007,56,M,81207
2007,57,M,79038
2007,58,M,77175
2007,59,M,72749
2007,60,M,68090
2007,61,M,66221
2007,62,M,65115
2007,63,M,63286
2007,64,M,61182
2007,65,M,58579
2007,66,M,55622
2007,67,M,52825
2007,68,M,49684
2007,69,M,46420
2007,70,M,43986
2007,71,M,42086
2007,72,M,40429
2007,73,M,38969
2007,74,M,37712
2007,75,M,37336
2007,76,M,37581
2007,77,M,36361
2007,78,M,33887
2007,79,M,30718
2007,80,M,26735
2007,81,M,23494
2007,82,M,21666
2007,83,M,19626
2007,84,M,17580
2007,85,M,15577
2007,86,M,13446
2007,87,M,11588
2007,88,M,9880
2007,89,M,8726
2007,90,M,7431
2007,91,M,6272
2007,92,M,5153
2007,93,M,4078
2007,94,M,3136
2007,95,M,2332
2007,96,M,1706
2007,97,M,1186
2007,98,M,799
2007,99,M,526
2007,100,M,884
2008,0,H,123711
2008,1,H,120036
2008,2,H,117987
2008,3,H,117393
2008,4,H,118194
2008,5,H,120690
2008,6,H,123542
2008,7,H,126640
2008,8,H,128222
2008,9,H,130286
2008,10,H,133446
2008,11,H,136309
2008,12,H,138554
2008,13,H,141503
2008,14,H,144879
2008,15,H,147034
2008,16,H,149588
2008,17,H,152415
2008,18,H,153535
2008,19,H,150337
2008,20,H,143933
2008,21,H,137351
2008,22,H,132582
2008,23,H,130146
2008,24,H,129921
2008,25,H,132198
2008,26,H,134087
2008,27,H,132371
2008,28,H,126987
2008,29,H,121521
2008,30,H,118534
2008,31,H,119115
2008,32,H,122101
2008,33,H,125631
2008,34,H,128737
2008,35,H,128585
2008,36,H,125542
2008,37,H,122419
2008,38,H,120560
2008,39,H,120716
2008,40,H,122139
2008,41,H,122956
2008,42,H,123070
2008,43,H,122886
2008,44,H,122271
2008,45,H,120606
2008,46,H,118228
2008,47,H,115889
2008,48,H,112867
2008,49,H,108866
2008,50,H,103886
2008,51,H,98549
2008,52,H,93959
2008,53,H,90289
2008,54,H,87904
2008,55,H,84506
2008,56,H,79329
2008,57,H,75236
2008,58,H,72856
2008,59,H,70596
2008,60,H,65795
2008,61,H,61073
2008,62,H,59022
2008,63,H,57475
2008,64,H,55439
2008,65,H,53171
2008,66,H,50279
2008,67,H,47143
2008,68,H,44308
2008,69,H,41226
2008,70,H,38002
2008,71,H,35535
2008,72,H,33436
2008,73,H,31376
2008,74,H,29560
2008,75,H,27843
2008,76,H,26603
2008,77,H,26348
2008,78,H,25124
2008,79,H,22260
2008,80,H,19138
2008,81,H,16085
2008,82,H,13545
2008,83,H,12014
2008,84,H,10389
2008,85,H,8779
2008,86,H,7365
2008,87,H,6040
2008,88,H,4854
2008,89,H,3881
2008,90,H,3183
2008,91,H,2544
2008,92,H,1911
2008,93,H,1449
2008,94,H,1061
2008,95,H,729
2008,96,H,501
2008,97,H,367
2008,98,H,256
2008,99,H,143
2008,100,H,243
2008,0,M,118687
2008,1,M,115120
2008,2,M,112623
2008,3,M,112368
2008,4,M,113580
2008,5,M,115839
2008,6,M,119170
2008,7,M,121390
2008,8,M,122340
2008,9,M,125076
2008,10,M,127713
2008,11,M,129983
2008,12,M,132641
2008,13,M,135985
2008,14,M,139060
2008,15,M,140953
2008,16,M,143595
2008,17,M,146546
2008,18,M,148100
2008,19,M,145343
2008,20,M,139396
2008,21,M,133336
2008,22,M,129043
2008,23,M,126958
2008,24,M,126994
2008,25,M,129527
2008,26,M,131632
2008,27,M,130156
2008,28,M,125144
2008,29,M,120012
2008,30,M,117330
2008,31,M,118132
2008,32,M,121305
2008,33,M,125143
2008,34,M,128725
2008,35,M,129299
2008,36,M,126852
2008,37,M,124146
2008,38,M,122778
2008,39,M,123517
2008,40,M,125547
2008,41,M,127098
2008,42,M,127992
2008,43,M,128522
2008,44,M,128394
2008,45,M,126908
2008,46,M,124692
2008,47,M,122318
2008,48,M,119047
2008,49,M,114937
2008,50,M,109971
2008,51,M,104415
2008,52,M,99765
2008,53,M,95977
2008,54,M,93508
2008,55,M,90164
2008,56,M,85007
2008,57,M,80910
2008,58,M,78705
2008,59,M,76813
2008,60,M,72375
2008,61,M,67702
2008,62,M,65770
2008,63,M,64636
2008,64,M,62788
2008,65,M,60602
2008,66,M,58013
2008,67,M,55010
2008,68,M,52179
2008,69,M,49047
2008,70,M,45771
2008,71,M,43272
2008,72,M,41326
2008,73,M,39635
2008,74,M,38142
2008,75,M,36790
2008,76,M,36308
2008,77,M,36483
2008,78,M,35187
2008,79,M,32602
2008,80,M,29415
2008,81,M,25456
2008,82,M,22241
2008,83,M,20382
2008,84,M,18295
2008,85,M,16294
2008,86,M,14281
2008,87,M,12206
2008,88,M,10373
2008,89,M,8797
2008,90,M,7564
2008,91,M,6380
2008,92,M,5313
2008,93,M,4282
2008,94,M,3313
2008,95,M,2496
2008,96,M,1834
2008,97,M,1303
2008,98,M,868
2008,99,M,584
2008,100,M,965
2009,0,H,126573
2009,1,H,123587
2009,2,H,120007
2009,3,H,117976
2009,4,H,117395
2009,5,H,118208
2009,6,H,120698
2009,7,H,123546
2009,8,H,126641
2009,9,H,128236
2009,10,H,130298
2009,11,H,133455
2009,12,H,136307
2009,13,H,138554
2009,14,H,141484
2009,15,H,144843
2009,16,H,146982
2009,17,H,149544
2009,18,H,152392
2009,19,H,153495
2009,20,H,150279
2009,21,H,143852
2009,22,H,137275
2009,23,H,132513
2009,24,H,130086
2009,25,H,129881
2009,26,H,132186
2009,27,H,134077
2009,28,H,132372
2009,29,H,126999
2009,30,H,121542
2009,31,H,118567
2009,32,H,119149
2009,33,H,122120
2009,34,H,125641
2009,35,H,128721
2009,36,H,128549
2009,37,H,125505
2009,38,H,122351
2009,39,H,120497
2009,40,H,120606
2009,41,H,122014
2009,42,H,122779
2009,43,H,122893
2009,44,H,122669
2009,45,H,122046
2009,46,H,120287
2009,47,H,117933
2009,48,H,115576
2009,49,H,112527
2009,50,H,108479
2009,51,H,103500
2009,52,H,98128
2009,53,H,93527
2009,54,H,89793
2009,55,H,87404
2009,56,H,83998
2009,57,H,78796
2009,58,H,74655
2009,59,H,72261
2009,60,H,69910
2009,61,H,65069
2009,62,H,60315
2009,63,H,58228
2009,64,H,56664
2009,65,H,54564
2009,66,H,52248
2009,67,H,49338
2009,68,H,46132
2009,69,H,43269
2009,70,H,40230
2009,71,H,36991
2009,72,H,34464
2009,73,H,32359
2009,74,H,30268
2009,75,H,28412
2009,76,H,26613
2009,77,H,25311
2009,78,H,25017
2009,79,H,23768
2009,80,H,20888
2009,81,H,17760
2009,82,H,14888
2009,83,H,12402
2009,84,H,10895
2009,85,H,9303
2009,86,H,7800
2009,87,H,6508
2009,88,H,5248
2009,89,H,4126
2009,90,H,3275
2009,91,H,2642
2009,92,H,2063
2009,93,H,1536
2009,94,H,1126
2009,95,H,816
2009,96,H,538
2009,97,H,357
2009,98,H,271
2009,99,H,172
2009,100,H,260
2009,0,M,121654
2009,1,M,118610
2009,2,M,115123
2009,3,M,112655
2009,4,M,112406
2009,5,M,113623
2009,6,M,115884
2009,7,M,119218
2009,8,M,121439
2009,9,M,122386
2009,10,M,125115
2009,11,M,127748
2009,12,M,130019
2009,13,M,132667
2009,14,M,136000
2009,15,M,139070
2009,16,M,140962
2009,17,M,143637
2009,18,M,146642
2009,19,M,148228
2009,20,M,145478
2009,21,M,139538
2009,22,M,133492
2009,23,M,129202
2009,24,M,127138
2009,25,M,127193
2009,26,M,129720
2009,27,M,131835
2009,28,M,130343
2009,29,M,125324
2009,30,M,120200
2009,31,M,117511
2009,32,M,118304
2009,33,M,121465
2009,34,M,125298
2009,35,M,128858
2009,36,M,129416
2009,37,M,126940
2009,38,M,124234
2009,39,M,122856
2009,40,M,123570
2009,41,M,125586
2009,42,M,127114
2009,43,M,127992
2009,44,M,128483
2009,45,M,128341
2009,46,M,126851
2009,47,M,124591
2009,48,M,122207
2009,49,M,118935
2009,50,M,114778
2009,51,M,109790
2009,52,M,104220
2009,53,M,99560
2009,54,M,95749
2009,55,M,93253
2009,56,M,89906
2009,57,M,84714
2009,58,M,80590
2009,59,M,78353
2009,60,M,76434
2009,61,M,72013
2009,62,M,67239
2009,63,M,65299
2009,64,M,64130
2009,65,M,62236
2009,66,M,60028
2009,67,M,57427
2009,68,M,54381
2009,69,M,51530
2009,70,M,48403
2009,71,M,45070
2009,72,M,42531
2009,73,M,40551
2009,74,M,38826
2009,75,M,37269
2009,76,M,35838
2009,77,M,35273
2009,78,M,35385
2009,79,M,33917
2009,80,M,31299
2009,81,M,28043
2009,82,M,24212
2009,83,M,20953
2009,84,M,19104
2009,85,M,17015
2009,86,M,15029
2009,87,M,13039
2009,88,M,10991
2009,89,M,9211
2009,90,M,7699
2009,91,M,6564
2009,92,M,5424
2009,93,M,4453
2009,94,M,3523
2009,95,M,2704
2009,96,M,1962
2009,97,M,1424
2009,98,M,998
2009,99,M,662
2009,100,M,1083
2010,0,H,127503
2010,1,H,126454
2010,2,H,123567
2010,3,H,120008
2010,4,H,117991
2010,5,H,117422
2010,6,H,118228
2010,7,H,120718
2010,8,H,123561
2010,9,H,126665
2010,10,H,128255
2010,11,H,130318
2010,12,H,133465
2010,13,H,136317
2010,14,H,138547
2010,15,H,141461
2010,16,H,144801
2010,17,H,146963
2010,18,H,149536
2010,19,H,152401
2010,20,H,153493
2010,21,H,150247
2010,22,H,143836
2010,23,H,137257
2010,24,H,132521
2010,25,H,130119
2010,26,H,129934
2010,27,H,132256
2010,28,H,134137
2010,29,H,132450
2010,30,H,127086
2010,31,H,121648
2010,32,H,118659
2010,33,H,119248
2010,34,H,122184
2010,35,H,125683
2010,36,H,128722
2010,37,H,128556
2010,38,H,125475
2010,39,H,122303
2010,40,H,120436
2010,41,H,120519
2010,42,H,121851
2010,43,H,122605
2010,44,H,122689
2010,45,H,122471
2010,46,H,121757
2010,47,H,119994
2010,48,H,117603
2010,49,H,115207
2010,50,H,112150
2010,51,H,108079
2010,52,H,103083
2010,53,H,97661
2010,54,H,93059
2010,55,H,89294
2010,56,H,86872
2010,57,H,83416
2010,58,H,78230
2010,59,H,74059
2010,60,H,71595
2010,61,H,69191
2010,62,H,64300
2010,63,H,59503
2010,64,H,57384
2010,65,H,55796
2010,66,H,53631
2010,67,H,51291
2010,68,H,48334
2010,69,H,45065
2010,70,H,42195
2010,71,H,39170
2010,72,H,35903
2010,73,H,33354
2010,74,H,31234
2010,75,H,29054
2010,76,H,27175
2010,77,H,25317
2010,78,H,23941
2010,79,H,23614
2010,80,H,22307
2010,81,H,19419
2010,82,H,16381
2010,83,H,13628
2010,84,H,11265
2010,85,H,9727
2010,86,H,8222
2010,87,H,6835
2010,88,H,5645
2010,89,H,4446
2010,90,H,3452
2010,91,H,2680
2010,92,H,2131
2010,93,H,1636
2010,94,H,1183
2010,95,H,843
2010,96,H,586
2010,97,H,382
2010,98,H,236
2010,99,H,177
2010,100,H,289
2010,0,M,122840
2010,1,M,121591
2010,2,M,118632
2010,3,M,115173
2010,4,M,112711
2010,5,M,112468
2010,6,M,113691
2010,7,M,115950
2010,8,M,119286
2010,9,M,121497
2010,10,M,122437
2010,11,M,125165
2010,12,M,127801
2010,13,M,130061
2010,14,M,132704
2010,15,M,136024
2010,16,M,139098
2010,17,M,141039
2010,18,M,143774
2010,19,M,146817
2010,20,M,148412
2010,21,M,145681
2010,22,M,139759
2010,23,M,133717
2010,24,M,129453
2010,25,M,127411
2010,26,M,127469
2010,27,M,129998
2010,28,M,132091
2010,29,M,130599
2010,30,M,125577
2010,31,M,120447
2010,32,M,117733
2010,33,M,118519
2010,34,M,121672
2010,35,M,125470
2010,36,M,129023
2010,37,M,129549
2010,38,M,127062
2010,39,M,124336
2010,40,M,122935
2010,41,M,123633
2010,42,M,125624
2010,43,M,127126
2010,44,M,127962
2010,45,M,128457
2010,46,M,128308
2010,47,M,126765
2010,48,M,124472
2010,49,M,122081
2010,50,M,118794
2010,51,M,114615
2010,52,M,109569
2010,53,M,104016
2010,54,M,99321
2010,55,M,95515
2010,56,M,92990
2010,57,M,89614
2010,58,M,84387
2010,59,M,80255
2010,60,M,77981
2010,61,M,76039
2010,62,M,71536
2010,63,M,66751
2010,64,M,64778
2010,65,M,63597
2010,66,M,61655
2010,67,M,59417
2010,68,M,56762
2010,69,M,53717
2010,70,M,50828
2010,71,M,47656
2010,72,M,44312
2010,73,M,41736
2010,74,M,39699
2010,75,M,37941
2010,76,M,36317
2010,77,M,34783
2010,78,M,34153
2010,79,M,34132
2010,80,M,32543
2010,81,M,29889
2010,82,M,26604
2010,83,M,22820
2010,84,M,19619
2010,85,M,17737
2010,86,M,15685
2010,87,M,13666
2010,88,M,11691
2010,89,M,9719
2010,90,M,8063
2010,91,M,6674
2010,92,M,5546
2010,93,M,4516
2010,94,M,3615
2010,95,M,2845
2010,96,M,2122
2010,97,M,1505
2010,98,M,1073
2010,99,M,733
2010,100,M,1215
2011,0,H,126527
2011,1,H,127391
2011,2,H,126442
2011,3,H,123583
2011,4,H,120039
2011,5,H,118026
2011,6,H,117453
2011,7,H,118262
2011,8,H,120743
2011,9,H,123592
2011,10,H,126693
2011,11,H,128281
2011,12,H,130339
2011,13,H,133473
2011,14,H,136323
2011,15,H,138531
2011,16,H,141431
2011,17,H,144810
2011,18,H,146984
2011,19,H,149590
2011,20,H,152442
2011,21,H,153537
2011,22,H,150279
2011,23,H,143883
2011,24,H,137332
2011,25,H,132623
2011,26,H,130255
2011,27,H,130090
2011,28,H,132403
2011,29,H,134286
2011,30,H,132590
2011,31,H,127249
2011,32,H,121791
2011,33,H,118810
2011,34,H,119374
2011,35,H,122292
2011,36,H,125732
2011,37,H,128755
2011,38,H,128555
2011,39,H,125445
2011,40,H,122267
2011,41,H,120387
2011,42,H,120406
2011,43,H,121700
2011,44,H,122426
2011,45,H,122509
2011,46,H,122231
2011,47,H,121471
2011,48,H,119687
2011,49,H,117281
2011,50,H,114849
2011,51,H,111758
2011,52,H,107689
2011,53,H,102612
2011,54,H,97202
2011,55,H,92521
2011,56,H,88780
2011,57,H,86280
2011,58,H,82847
2011,59,H,77610
2011,60,H,73409
2011,61,H,70890
2011,62,H,68419
2011,63,H,63477
2011,64,H,58625
2011,65,H,56519
2011,66,H,54869
2011,67,H,52666
2011,68,H,50279
2011,69,H,47270
2011,70,H,43983
2011,71,H,41050
2011,72,H,38113
2011,73,H,34765
2011,74,H,32212
2011,75,H,30026
2011,76,H,27814
2011,77,H,25891
2011,78,H,23959
2011,79,H,22573
2011,80,H,22120
2011,81,H,20822
2011,82,H,17984
2011,83,H,15002
2011,84,H,12385
2011,85,H,10143
2011,86,H,8613
2011,87,H,7222
2011,88,H,5902
2011,89,H,4802
2011,90,H,3708
2011,91,H,2834
2011,92,H,2155
2011,93,H,1684
2011,94,H,1259
2011,95,H,870
2011,96,H,604
2011,97,H,422
2011,98,H,242
2011,99,H,160
2011,100,H,309
2011,0,M,121491
2011,1,M,122794
2011,2,M,121628
2011,3,M,118696
2011,4,M,115240
2011,5,M,112791
2011,6,M,112550
2011,7,M,113769
2011,8,M,116031
2011,9,M,119354
2011,10,M,121557
2011,11,M,122495
2011,12,M,125228
2011,13,M,127855
2011,14,M,130105
2011,15,M,132741
2011,16,M,136068
2011,17,M,139195
2011,18,M,141207
2011,19,M,143995
2011,20,M,147048
2011,21,M,148653
2011,22,M,145951
2011,23,M,140046
2011,24,M,134047
2011,25,M,129802
2011,26,M,127762
2011,27,M,127811
2011,28,M,130326
2011,29,M,132419
2011,30,M,130914
2011,31,M,125883
2011,32,M,120724
2011,33,M,117995
2011,34,M,118778
2011,35,M,121892
2011,36,M,125672
2011,37,M,129194
2011,38,M,129691
2011,39,M,127192
2011,40,M,124434
2011,41,M,123025
2011,42,M,123712
2011,43,M,125649
2011,44,M,127127
2011,45,M,127974
2011,46,M,128422
2011,47,M,128243
2011,48,M,126662
2011,49,M,124357
2011,50,M,121939
2011,51,M,118632
2011,52,M,114429
2011,53,M,109352
2011,54,M,103785
2011,55,M,99086
2011,56,M,95258
2011,57,M,92696
2011,58,M,89264
2011,59,M,84044
2011,60,M,79873
2011,61,M,77570
2011,62,M,75580
2011,63,M,71052
2011,64,M,66211
2011,65,M,64233
2011,66,M,63022
2011,67,M,61027
2011,68,M,58746
2011,69,M,56084
2011,70,M,52965
2011,71,M,50035
2011,72,M,46829
2011,73,M,43464
2011,74,M,40883
2011,75,M,38808
2011,76,M,36979
2011,77,M,35298
2011,78,M,33658
2011,79,M,32919
2011,80,M,32765
2011,81,M,31139
2011,82,M,28387
2011,83,M,25095
2011,84,M,21354
2011,85,M,18207
2011,86,M,16356
2011,87,M,14312
2011,88,M,12290
2011,89,M,10462
2011,90,M,8487
2011,91,M,6965
2011,92,M,5662
2011,93,M,4616
2011,94,M,3650
2011,95,M,2899
2011,96,M,2268
2011,97,M,1636
2011,98,M,1131
2011,99,M,782
2011,100,M,1388
2012,0,H,124732
2012,1,H,126445
2012,2,H,127409
2012,3,H,126484
2012,4,H,123637
2012,5,H,120095
2012,6,H,118079
2012,7,H,117510
2012,8,H,118311
2012,9,H,120786
2012,10,H,123637
2012,11,H,126735
2012,12,H,128321
2012,13,H,130365
2012,14,H,133497
2012,15,H,136327
2012,16,H,138529
2012,17,H,141479
2012,18,H,144904
2012,19,H,147114
2012,20,H,149707
2012,21,H,152586
2012,22,H,153687
2012,23,H,150445
2012,24,H,144089
2012,25,H,137569
2012,26,H,132902
2012,27,H,130533
2012,28,H,130382
2012,29,H,132673
2012,30,H,134530
2012,31,H,132848
2012,32,H,127503
2012,33,H,122019
2012,34,H,119017
2012,35,H,119575
2012,36,H,122418
2012,37,H,125832
2012,38,H,128800
2012,39,H,128571
2012,40,H,125451
2012,41,H,122257
2012,42,H,120350
2012,43,H,120304
2012,44,H,121568
2012,45,H,122273
2012,46,H,122298
2012,47,H,121995
2012,48,H,121206
2012,49,H,119397
2012,50,H,116941
2012,51,H,114468
2012,52,H,111381
2012,53,H,107248
2012,54,H,102141
2012,55,H,96633
2012,56,H,91993
2012,57,H,88217
2012,58,H,85713
2012,59,H,82181
2012,60,H,76958
2012,61,H,72742
2012,62,H,70160
2012,63,H,67666
2012,64,H,62637
2012,65,H,57735
2012,66,H,55609
2012,67,H,53878
2012,68,H,51657
2012,69,H,49181
2012,70,H,46165
2012,71,H,42868
2012,72,H,39915
2012,73,H,36978
2012,74,H,33593
2012,75,H,31023
2012,76,H,28763
2012,77,H,26530
2012,78,H,24602
2012,79,H,22641
2012,80,H,21174
2012,81,H,20691
2012,82,H,19358
2012,83,H,16556
2012,84,H,13624
2012,85,H,11223
2012,86,H,9038
2012,87,H,7624
2012,88,H,6254
2012,89,H,5047
2012,90,H,4043
2012,91,H,3047
2012,92,H,2283
2012,93,H,1722
2012,94,H,1322
2012,95,H,945
2012,96,H,650
2012,97,H,435
2012,98,H,288
2012,99,H,173
2012,100,H,304
2012,0,M,119766
2012,1,M,121481
2012,2,M,122866
2012,3,M,121725
2012,4,M,118794
2012,5,M,115348
2012,6,M,112901
2012,7,M,112652
2012,8,M,113876
2012,9,M,116124
2012,10,M,119438
2012,11,M,121638
2012,12,M,122574
2012,13,M,125306
2012,14,M,127921
2012,15,M,130161
2012,16,M,132813
2012,17,M,136201
2012,18,M,139424
2012,19,M,141505
2012,20,M,144326
2012,21,M,147383
2012,22,M,149029
2012,23,M,146367
2012,24,M,140493
2012,25,M,134528
2012,26,M,130283
2012,27,M,128229
2012,28,M,128268
2012,29,M,130771
2012,30,M,132848
2012,31,M,131314
2012,32,M,126258
2012,33,M,121058
2012,34,M,118333
2012,35,M,119075
2012,36,M,122151
2012,37,M,125910
2012,38,M,129389
2012,39,M,129867
2012,40,M,127346
2012,41,M,124572
2012,42,M,123151
2012,43,M,123776
2012,44,M,125700
2012,45,M,127151
2012,46,M,127966
2012,47,M,128401
2012,48,M,128190
2012,49,M,126577
2012,50,M,124239
2012,51,M,121792
2012,52,M,118481
2012,53,M,114245
2012,54,M,109135
2012,55,M,103545
2012,56,M,98843
2012,57,M,94953
2012,58,M,92357
2012,59,M,88899
2012,60,M,83666
2012,61,M,79485
2012,62,M,77151
2012,63,M,75115
2012,64,M,70502
2012,65,M,65644
2012,66,M,63650
2012,67,M,62355
2012,68,M,60365
2012,69,M,58054
2012,70,M,55317
2012,71,M,52186
2012,72,M,49180
2012,73,M,45950
2012,74,M,42596
2012,75,M,39952
2012,76,M,37845
2012,77,M,35946
2012,78,M,34189
2012,79,M,32435
2012,80,M,31632
2012,81,M,31365
2012,82,M,29620
2012,83,M,26859
2012,84,M,23530
2012,85,M,19875
2012,86,M,16758
2012,87,M,14928
2012,88,M,12938
2012,89,M,11038
2012,90,M,9182
2012,91,M,7310
2012,92,M,5956
2012,93,M,4717
2012,94,M,3780
2012,95,M,2936
2012,96,M,2292
2012,97,M,1754
2012,98,M,1247
2012,99,M,837
2012,100,M,1548
2013,0,H,123178
2013,1,H,124706
2013,2,H,126499
2013,3,H,127490
2013,4,H,126565
2013,5,H,123730
2013,6,H,120175
2013,7,H,118161
2013,8,H,117582
2013,9,H,118380
2013,10,H,120854
2013,11,H,123710
2013,12,H,126793
2013,13,H,128377
2013,14,H,130416
2013,15,H,133526
2013,16,H,136357
2013,17,H,138636
2013,18,H,141652
2013,19,H,145135
2013,20,H,147338
2013,21,H,149980
2013,22,H,152889
2013,23,H,154012
2013,24,H,150826
2013,25,H,144510
2013,26,H,138020
2013,27,H,133358
2013,28,H,130999
2013,29,H,130825
2013,30,H,133085
2013,31,H,134931
2013,32,H,133235
2013,33,H,127844
2013,34,H,122339
2013,35,H,119313
2013,36,H,119809
2013,37,H,122599
2013,38,H,125951
2013,39,H,128887
2013,40,H,128644
2013,41,H,125482
2013,42,H,122246
2013,43,H,120303
2013,44,H,120229
2013,45,H,121447
2013,46,H,122094
2013,47,H,122104
2013,48,H,121742
2013,49,H,120900
2013,50,H,119064
2013,51,H,116581
2013,52,H,114056
2013,53,H,110937
2013,54,H,106757
2013,55,H,101602
2013,56,H,96089
2013,57,H,91416
2013,58,H,87642
2013,59,H,85040
2013,60,H,81501
2013,61,H,76265
2013,62,H,72001
2013,63,H,69403
2013,64,H,66827
2013,65,H,61735
2013,66,H,56775
2013,67,H,54619
2013,68,H,52839
2013,69,H,50552
2013,70,H,48016
2013,71,H,45027
2013,72,H,41649
2013,73,H,38696
2013,74,H,35748
2013,75,H,32375
2013,76,H,29737
2013,77,H,27480
2013,78,H,25227
2013,79,H,23272
2013,80,H,21296
2013,81,H,19819
2013,82,H,19183
2013,83,H,17835
2013,84,H,15128
2013,85,H,12305
2013,86,H,10052
2013,87,H,7998
2013,88,H,6626
2013,89,H,5347
2013,90,H,4244
2013,91,H,3348
2013,92,H,2485
2013,93,H,1823
2013,94,H,1355
2013,95,H,1027
2013,96,H,723
2013,97,H,471
2013,98,H,312
2013,99,H,207
2013,100,H,301
2013,0,M,118750
2013,1,M,119801
2013,2,M,121599
2013,3,M,123006
2013,4,M,121867
2013,5,M,118940
2013,6,M,115495
2013,7,M,113040
2013,8,M,112791
2013,9,M,114005
2013,10,M,116239
2013,11,M,119553
2013,12,M,121744
2013,13,M,122680
2013,14,M,125401
2013,15,M,128003
2013,16,M,130266
2013,17,M,133004
2013,18,M,136511
2013,19,M,139818
2013,20,M,141955
2013,21,M,144799
2013,22,M,147908
2013,23,M,149606
2013,24,M,146978
2013,25,M,141147
2013,26,M,135174
2013,27,M,130913
2013,28,M,128845
2013,29,M,128860
2013,30,M,131349
2013,31,M,133374
2013,32,M,131807
2013,33,M,126706
2013,34,M,121488
2013,35,M,118734
2013,36,M,119426
2013,37,M,122467
2013,38,M,126183
2013,39,M,129621
2013,40,M,130089
2013,41,M,127537
2013,42,M,124729
2013,43,M,123276
2013,44,M,123859
2013,45,M,125759
2013,46,M,127190
2013,47,M,127994
2013,48,M,128375
2013,49,M,128120
2013,50,M,126494
2013,51,M,124116
2013,52,M,121649
2013,53,M,118322
2013,54,M,114025
2013,55,M,108910
2013,56,M,103292
2013,57,M,98557
2013,58,M,94658
2013,59,M,91988
2013,60,M,88521
2013,61,M,83273
2013,62,M,79067
2013,63,M,76706
2013,64,M,74576
2013,65,M,69947
2013,66,M,65045
2013,67,M,62979
2013,68,M,61690
2013,69,M,59643
2013,70,M,57258
2013,71,M,54539
2013,72,M,51339
2013,73,M,48278
2013,74,M,45002
2013,75,M,41626
2013,76,M,38944
2013,77,M,36784
2013,78,M,34801
2013,79,M,33041
2013,80,M,31181
2013,81,M,30274
2013,82,M,29871
2013,83,M,28040
2013,84,M,25269
2013,85,M,21962
2013,86,M,18359
2013,87,M,15260
2013,88,M,13513
2013,89,M,11561
2013,90,M,9730
2013,91,M,7949
2013,92,M,6220
2013,93,M,4937
2013,94,M,3893
2013,95,M,3026
2013,96,M,2289
2013,97,M,1761
2013,98,M,1316
2013,99,M,907
2013,100,M,1662
2014,0,H,125246
2014,1,H,123197
2014,2,H,124801
2014,3,H,126620
2014,4,H,127610
2014,5,H,126693
2014,6,H,123844
2014,7,H,120281
2014,8,H,118265
2014,9,H,117687
2014,10,H,118479
2014,11,H,120954
2014,12,H,123794
2014,13,H,126880
2014,14,H,128457
2014,15,H,130472
2014,16,H,133589
2014,17,H,136534
2014,18,H,138893
2014,19,H,141991
2014,20,H,145503
2014,21,H,147766
2014,22,H,150443
2014,23,H,153402
2014,24,H,154590
2014,25,H,151454
2014,26,H,145172
2014,27,H,138688
2014,28,H,134022
2014,29,H,131645
2014,30,H,131433
2014,31,H,133676
2014,32,H,135479
2014,33,H,133734
2014,34,H,128276
2014,35,H,122735
2014,36,H,119659
2014,37,H,120092
2014,38,H,122833
2014,39,H,126125
2014,40,H,129016
2014,41,H,128724
2014,42,H,125510
2014,43,H,122274
2014,44,H,120284
2014,45,H,120166
2014,46,H,121318
2014,47,H,121923
2014,48,H,121891
2014,49,H,121463
2014,50,H,120602
2014,51,H,118720
2014,52,H,116167
2014,53,H,113634
2014,54,H,110459
2014,55,H,106236
2014,56,H,101051
2014,57,H,95509
2014,58,H,90766
2014,59,H,86989
2014,60,H,84362
2014,61,H,80754
2014,62,H,75494
2014,63,H,71199
2014,64,H,68550
2014,65,H,65917
2014,66,H,60719
2014,67,H,55745
2014,68,H,53562
2014,69,H,51738
2014,70,H,49355
2014,71,H,46835
2014,72,H,43804
2014,73,H,40396
2014,74,H,37410
2014,75,H,34492
2014,76,H,31116
2014,77,H,28444
2014,78,H,26164
2014,79,H,23906
2014,80,H,21946
2014,81,H,19926
2014,82,H,18358
2014,83,H,17688
2014,84,H,16407
2014,85,H,13720
2014,86,H,11054
2014,87,H,8928
2014,88,H,6983
2014,89,H,5699
2014,90,H,4519
2014,91,H,3525
2014,92,H,2743
2014,93,H,1982
2014,94,H,1443
2014,95,H,1051
2014,96,H,788
2014,97,H,527
2014,98,H,323
2014,99,H,220
2014,100,H,330
2014,0,M,120389
2014,1,M,118831
2014,2,M,119965
2014,3,M,121779
2014,4,M,123184
2014,5,M,122046
2014,6,M,119123
2014,7,M,115672
2014,8,M,113209
2014,9,M,112950
2014,10,M,114145
2014,11,M,116380
2014,12,M,119692
2014,13,M,121876
2014,14,M,122803
2014,15,M,125512
2014,16,M,128150
2014,17,M,130519
2014,18,M,133392
2014,19,M,137006
2014,20,M,140376
2014,21,M,142560
2014,22,M,145457
2014,23,M,148644
2014,24,M,150395
2014,25,M,147812
2014,26,M,141966
2014,27,M,135979
2014,28,M,131693
2014,29,M,129598
2014,30,M,129583
2014,31,M,132014
2014,32,M,133991
2014,33,M,132376
2014,34,M,127250
2014,35,M,121989
2014,36,M,119184
2014,37,M,119814
2014,38,M,122815
2014,39,M,126482
2014,40,M,129893
2014,41,M,130343
2014,42,M,127754
2014,43,M,124917
2014,44,M,123410
2014,45,M,123988
2014,46,M,125848
2014,47,M,127251
2014,48,M,128006
2014,49,M,128339
2014,50,M,128056
2014,51,M,126398
2014,52,M,123999
2014,53,M,121498
2014,54,M,118124
2014,55,M,113826
2014,56,M,108639
2014,57,M,103014
2014,58,M,98271
2014,59,M,94292
2014,60,M,91633
2014,61,M,88113
2014,62,M,82837
2014,63,M,78621
2014,64,M,76197
2014,65,M,74032
2014,66,M,69346
2014,67,M,64424
2014,68,M,62307
2014,69,M,60934
2014,70,M,58848
2014,71,M,56473
2014,72,M,53682
2014,73,M,50407
2014,74,M,47289
2014,75,M,44040
2014,76,M,40586
2014,77,M,37898
2014,78,M,35679
2014,79,M,33660
2014,80,M,31834
2014,81,M,29873
2014,82,M,28845
2014,83,M,28308
2014,84,M,26416
2014,85,M,23655
2014,86,M,20290
2014,87,M,16772
2014,88,M,13842
2014,89,M,12106
2014,90,M,10248
2014,91,M,8498
2014,92,M,6793
2014,93,M,5154
2014,94,M,4068
2014,95,M,3126
2014,96,M,2396
2014,97,M,1748
2014,98,M,1322
2014,99,M,956
2014,100,M,1799
2015,0,H,126000
2015,1,H,125378
2015,2,H,123413
2015,3,H,125038
2015,4,H,126860
2015,5,H,127849
2015,6,H,126916
2015,7,H,124052
2015,8,H,120484
2015,9,H,118469
2015,10,H,117886
2015,11,H,118671
2015,12,H,121131
2015,13,H,123972
2015,14,H,127045
2015,15,H,128608
2015,16,H,130635
2015,17,H,133896
2015,18,H,136984
2015,19,H,139449
2015,20,H,142612
2015,21,H,146215
2015,22,H,148542
2015,23,H,151287
2015,24,H,154314
2015,25,H,155562
2015,26,H,152465
2015,27,H,146187
2015,28,H,139686
2015,29,H,134987
2015,30,H,132573
2015,31,H,132316
2015,32,H,134499
2015,33,H,136211
2015,34,H,134367
2015,35,H,128871
2015,36,H,123246
2015,37,H,120130
2015,38,H,120497
2015,39,H,123158
2015,40,H,126379
2015,41,H,129200
2015,42,H,128870
2015,43,H,125622
2015,44,H,122346
2015,45,H,120307
2015,46,H,120128
2015,47,H,121210
2015,48,H,121795
2015,49,H,121692
2015,50,H,121196
2015,51,H,120303
2015,52,H,118350
2015,53,H,115752
2015,54,H,113201
2015,55,H,109963
2015,56,H,105681
2015,57,H,100476
2015,58,H,94845
2015,59,H,90109
2015,60,H,86327
2015,61,H,83605
2015,62,H,79957
2015,63,H,74699
2015,64,H,70366
2015,65,H,67654
2015,66,H,64922
2015,67,H,59651
2015,68,H,54670
2015,69,H,52433
2015,70,H,50536
2015,71,H,48175
2015,72,H,45590
2015,73,H,42556
2015,74,H,39073
2015,75,H,36070
2015,76,H,33178
2015,77,H,29808
2015,78,H,27127
2015,79,H,24852
2015,80,H,22555
2015,81,H,20580
2015,82,H,18505
2015,83,H,16933
2015,84,H,16269
2015,85,H,14919
2015,86,H,12404
2015,87,H,9820
2015,88,H,7817
2015,89,H,6051
2015,90,H,4858
2015,91,H,3784
2015,92,H,2874
2015,93,H,2205
2015,94,H,1578
2015,95,H,1110
2015,96,H,805
2015,97,H,577
2015,98,H,373
2015,99,H,229
2015,100,H,366
2015,0,M,121132
2015,1,M,120561
2015,2,M,119091
2015,3,M,120236
2015,4,M,122053
2015,5,M,123458
2015,6,M,122316
2015,7,M,119383
2015,8,M,115921
2015,9,M,113446
2015,10,M,113170
2015,11,M,114361
2015,12,M,116590
2015,13,M,119897
2015,14,M,122064
2015,15,M,122981
2015,16,M,125738
2015,17,M,128510
2015,18,M,131056
2015,19,M,134076
2015,20,M,137758
2015,21,M,141183
2015,22,M,143447
2015,23,M,146441
2015,24,M,149692
2015,25,M,151490
2015,26,M,148900
2015,27,M,143027
2015,28,M,137006
2015,29,M,132675
2015,30,M,130538
2015,31,M,130455
2015,32,M,132829
2015,33,M,134731
2015,34,M,133078
2015,35,M,127894
2015,36,M,122566
2015,37,M,119691
2015,38,M,120273
2015,39,M,123216
2015,40,M,126851
2015,41,M,130241
2015,42,M,130641
2015,43,M,128018
2015,44,M,125142
2015,45,M,123598
2015,46,M,124153
2015,47,M,125967
2015,48,M,127335
2015,49,M,128028
2015,50,M,128328
2015,51,M,128021
2015,52,M,126311
2015,53,M,123880
2015,54,M,121349
2015,55,M,117966
2015,56,M,113597
2015,57,M,108363
2015,58,M,102710
2015,59,M,97923
2015,60,M,93967
2015,61,M,91248
2015,62,M,87673
2015,63,M,82364
2015,64,M,78161
2015,65,M,75635
2015,66,M,73454
2015,67,M,68723
2015,68,M,63731
2015,69,M,61568
2015,70,M,60166
2015,71,M,58033
2015,72,M,55632
2015,73,M,52754
2015,74,M,49438
2015,75,M,46315
2015,76,M,42976
2015,77,M,39531
2015,78,M,36828
2015,79,M,34473
2015,80,M,32433
2015,81,M,30538
2015,82,M,28435
2015,83,M,27403
2015,84,M,26700
2015,85,M,24711
2015,86,M,21864
2015,87,M,18589
2015,88,M,15216
2015,89,M,12442
2015,90,M,10726
2015,91,M,8969
2015,92,M,7326
2015,93,M,5691
2015,94,M,4226
2015,95,M,3269
2015,96,M,2452
2015,97,M,1835
2015,98,M,1329
2015,99,M,991
2015,100,M,1961
2016,0,H,121153
2016,1,H,126448
2016,2,H,125929
2016,3,H,123986
2016,4,H,125612
2016,5,H,127423
2016,6,H,128384
2016,7,H,127433
2016,8,H,124549
2016,9,H,120980
2016,10,H,118955
2016,11,H,118354
2016,12,H,119119
2016,13,H,121571
2016,14,H,124390
2016,15,H,127449
2016,16,H,129069
2016,17,H,131310
2016,18,H,134829
2016,19,H,138116
2016,20,H,140682
2016,21,H,143984
2016,22,H,147729
2016,23,H,150161
2016,24,H,152996
2016,25,H,156114
2016,26,H,157416
2016,27,H,154301
2016,28,H,147977
2016,29,H,141410
2016,30,H,136632
2016,31,H,134111
2016,32,H,133747
2016,33,H,135790
2016,34,H,137379
2016,35,H,135437
2016,36,H,129816
2016,37,H,124102
2016,38,H,120873
2016,39,H,121158
2016,40,H,123736
2016,41,H,126837
2016,42,H,129595
2016,43,H,129182
2016,44,H,125882
2016,45,H,122543
2016,46,H,120461
2016,47,H,120203
2016,48,H,121240
2016,49,H,121746
2016,50,H,121546
2016,51,H,121012
2016,52,H,120036
2016,53,H,118022
2016,54,H,115385
2016,55,H,112794
2016,56,H,109500
2016,57,H,105160
2016,58,H,99894
2016,59,H,94222
2016,60,H,89473
2016,61,H,85625
2016,62,H,82837
2016,63,H,79150
2016,64,H,73869
2016,65,H,69511
2016,66,H,66728
2016,67,H,63917
2016,68,H,58568
2016,69,H,53546
2016,70,H,51263
2016,71,H,49370
2016,72,H,46930
2016,73,H,44322
2016,74,H,41289
2016,75,H,37711
2016,76,H,34711
2016,77,H,31823
2016,78,H,28484
2016,79,H,25784
2016,80,H,23502
2016,81,H,21199
2016,82,H,19188
2016,83,H,17118
2016,84,H,15544
2016,85,H,14813
2016,86,H,13516
2016,87,H,11109
2016,88,H,8614
2016,89,H,6814
2016,90,H,5175
2016,91,H,4111
2016,92,H,3102
2016,93,H,2322
2016,94,H,1763
2016,95,H,1226
2016,96,H,839
2016,97,H,589
2016,98,H,420
2016,99,H,267
2016,100,H,399
2016,0,M,116978
2016,1,M,121560
2016,2,M,121089
2016,3,M,119636
2016,4,M,120785
2016,5,M,122599
2016,6,M,123987
2016,7,M,122825
2016,8,M,119881
2016,9,M,116397
2016,10,M,113898
2016,11,M,113609
2016,12,M,114790
2016,13,M,117011
2016,14,M,120293
2016,15,M,122447
2016,16,M,123427
2016,17,M,126398
2016,18,M,129443
2016,19,M,132211
2016,20,M,135341
2016,21,M,139115
2016,22,M,142670
2016,23,M,145052
2016,24,M,148133
2016,25,M,151444
2016,26,M,153243
2016,27,M,150602
2016,28,M,144662
2016,29,M,138556
2016,30,M,134157
2016,31,M,131912
2016,32,M,131740
2016,33,M,134011
2016,34,M,135832
2016,35,M,134093
2016,36,M,128818
2016,37,M,123393
2016,38,M,120457
2016,39,M,120953
2016,40,M,123859
2016,41,M,127434
2016,42,M,130756
2016,43,M,131121
2016,44,M,128434
2016,45,M,125513
2016,46,M,123934
2016,47,M,124451
2016,48,M,126202
2016,49,M,127508
2016,50,M,128159
2016,51,M,128431
2016,52,M,128040
2016,53,M,126295
2016,54,M,123823
2016,55,M,121258
2016,56,M,117841
2016,57,M,113400
2016,58,M,108119
2016,59,M,102450
2016,60,M,97621
2016,61,M,93644
2016,62,M,90852
2016,63,M,87234
2016,64,M,81942
2016,65,M,77643
2016,66,M,75105
2016,67,M,72853
2016,68,M,68041
2016,69,M,63024
2016,70,M,60815
2016,71,M,59337
2016,72,M,57187
2016,73,M,54727
2016,74,M,51789
2016,75,M,48449
2016,76,M,45255
2016,77,M,41912
2016,78,M,38441
2016,79,M,35615
2016,80,M,33224
2016,81,M,31101
2016,82,M,29141
2016,83,M,27054
2016,84,M,25879
2016,85,M,25030
2016,86,M,22969
2016,87,M,20137
2016,88,M,16914
2016,89,M,13720
2016,90,M,11011
2016,91,M,9370
2016,92,M,7738
2016,93,M,6181
2016,94,M,4742
2016,95,M,3397
2016,96,M,2563
2016,97,M,1897
2016,98,M,1402
2016,99,M,1012
2016,100,M,2109
2017,0,H,115002
2017,1,H,121984
2017,2,H,127394
2017,3,H,126904
2017,4,H,124963
2017,5,H,126570
2017,6,H,128346
2017,7,H,129275
2017,8,H,128297
2017,9,H,125407
2017,10,H,121823
2017,11,H,119769
2017,12,H,119139
2017,13,H,119889
2017,14,H,122308
2017,15,H,125106
2017,16,H,128257
2017,17,H,130183
2017,18,H,132783
2017,19,H,136613
2017,20,H,140036
2017,21,H,142770
2017,22,H,146258
2017,23,H,150157
2017,24,H,152711
2017,25,H,155649
2017,26,H,158834
2017,27,H,160117
2017,28,H,156916
2017,29,H,150481
2017,30,H,143780
2017,31,H,138855
2017,32,H,136184
2017,33,H,135640
2017,34,H,137516
2017,35,H,138942
2017,36,H,136866
2017,37,H,131089
2017,38,H,125240
2017,39,H,121880
2017,40,H,122060
2017,41,H,124536
2017,42,H,127507
2017,43,H,130160
2017,44,H,129635
2017,45,H,126257
2017,46,H,122871
2017,47,H,120736
2017,48,H,120423
2017,49,H,121357
2017,50,H,121796
2017,51,H,121483
2017,52,H,120886
2017,53,H,119834
2017,54,H,117748
2017,55,H,115072
2017,56,H,112399
2017,57,H,109057
2017,58,H,104665
2017,59,H,99327
2017,60,H,93584
2017,61,H,88817
2017,62,H,84937
2017,63,H,82073
2017,64,H,78329
2017,65,H,73051
2017,66,H,68637
2017,67,H,65797
2017,68,H,62909
2017,69,H,57475
2017,70,H,52405
2017,71,H,50101
2017,72,H,48127
2017,73,H,45655
2017,74,H,43053
2017,75,H,39927
2017,76,H,36347
2017,77,H,33288
2017,78,H,30474
2017,79,H,27092
2017,80,H,24419
2017,81,H,22114
2017,82,H,19811
2017,83,H,17805
2017,84,H,15730
2017,85,H,14162
2017,86,H,13385
2017,87,H,12173
2017,88,H,9848
2017,89,H,7470
2017,90,H,5831
2017,91,H,4369
2017,92,H,3379
2017,93,H,2507
2017,94,H,1833
2017,95,H,1371
2017,96,H,909
2017,97,H,607
2017,98,H,422
2017,99,H,294
2017,100,H,452
2017,0,M,111044
2017,1,M,117744
2017,2,M,122431
2017,3,M,121991
2017,4,M,120532
2017,5,M,121680
2017,6,M,123469
2017,7,M,124828
2017,8,M,123650
2017,9,M,120668
2017,10,M,117151
2017,11,M,114631
2017,12,M,114335
2017,13,M,115502
2017,14,M,117691
2017,15,M,120949
2017,16,M,123192
2017,17,M,124474
2017,18,M,127821
2017,19,M,131168
2017,20,M,134091
2017,21,M,137363
2017,22,M,141296
2017,23,M,144994
2017,24,M,147490
2017,25,M,150654
2017,26,M,153953
2017,27,M,155689
2017,28,M,152940
2017,29,M,146885
2017,30,M,140657
2017,31,M,136111
2017,32,M,133742
2017,33,M,133420
2017,34,M,135594
2017,35,M,137284
2017,36,M,135436
2017,37,M,130031
2017,38,M,124520
2017,39,M,121478
2017,40,M,121918
2017,41,M,124736
2017,42,M,128227
2017,43,M,131484
2017,44,M,131790
2017,45,M,129049
2017,46,M,126065
2017,47,M,124434
2017,48,M,124883
2017,49,M,126586
2017,50,M,127827
2017,51,M,128418
2017,52,M,128614
2017,53,M,128174
2017,54,M,126371
2017,55,M,123864
2017,56,M,121249
2017,57,M,117772
2017,58,M,113294
2017,59,M,107959
2017,60,M,102224
2017,61,M,97384
2017,62,M,93325
2017,63,M,90493
2017,64,M,86811
2017,65,M,81482
2017,66,M,77148
2017,67,M,74549
2017,68,M,72247
2017,69,M,67369
2017,70,M,62260
2017,71,M,59988
2017,72,M,58488
2017,73,M,56289
2017,74,M,53779
2017,75,M,50785
2017,76,M,47392
2017,77,M,44131
2017,78,M,40800
2017,79,M,37271
2017,80,M,34379
2017,81,M,31904
2017,82,M,29707
2017,83,M,27716
2017,84,M,25575
2017,85,M,24286
2017,86,M,23339
2017,87,M,21168
2017,88,M,18360
2017,89,M,15215
2017,90,M,12162
2017,91,M,9588
2017,92,M,8045
2017,93,M,6530
2017,94,M,5160
2017,95,M,3871
2017,96,M,2661
2017,97,M,1965
2017,98,M,1428
2017,99,M,1043
2017,100,M,2208
2018,0,H,112868
2018,1,H,116066
2018,2,H,123187
2018,3,H,128644
2018,4,H,128161
2018,5,H,126201
2018,6,H,127772
2018,7,H,129515
2018,8,H,130417
2018,9,H,129427
2018,10,H,126520
2018,11,H,122899
2018,12,H,120808
2018,13,H,120156
2018,14,H,120867
2018,15,H,123257
2018,16,H,126152
2018,17,H,129646
2018,18,H,131973
2018,19,H,134917
2018,20,H,138898
2018,21,H,142489
2018,22,H,145387
2018,23,H,149050
2018,24,H,153057
2018,25,H,155698
2018,26,H,158685
2018,27,H,161879
2018,28,H,163051
2018,29,H,159724
2018,30,H,153154
2018,31,H,146287
2018,32,H,141187
2018,33,H,138326
2018,34,H,137603
2018,35,H,139297
2018,36,H,140577
2018,37,H,138338
2018,38,H,132418
2018,39,H,126427
2018,40,H,122927
2018,41,H,123034
2018,42,H,125372
2018,43,H,128213
2018,44,H,130739
2018,45,H,130121
2018,46,H,126676
2018,47,H,123217
2018,48,H,121055
2018,49,H,120631
2018,50,H,121509
2018,51,H,121829
2018,52,H,121459
2018,53,H,120755
2018,54,H,119630
2018,55,H,117471
2018,56,H,114687
2018,57,H,112013
2018,58,H,108598
2018,59,H,104150
2018,60,H,98700
2018,61,H,92928
2018,62,H,88163
2018,63,H,84226
2018,64,H,81283
2018,65,H,77514
2018,66,H,72197
2018,67,H,67722
2018,68,H,64829
2018,69,H,61858
2018,70,H,56381
2018,71,H,51211
2018,72,H,48822
2018,73,H,46859
2018,74,H,44328
2018,75,H,41687
2018,76,H,38547
2018,77,H,34944
2018,78,H,31910
2018,79,H,29070
2018,80,H,25681
2018,81,H,23029
2018,82,H,20725
2018,83,H,18398
2018,84,H,16416
2018,85,H,14347
2018,86,H,12774
2018,87,H,12018
2018,88,H,10844
2018,89,H,8640
2018,90,H,6369
2018,91,H,4958
2018,92,H,3614
2018,93,H,2740
2018,94,H,1974
2018,95,H,1425
2018,96,H,1032
2018,97,H,666
2018,98,H,443
2018,99,H,297
2018,100,H,513
2018,0,M,108696
2018,1,M,112079
2018,2,M,118900
2018,3,M,123636
2018,4,M,123197
2018,5,M,121737
2018,6,M,122851
2018,7,M,124610
2018,8,M,125949
2018,9,M,124723
2018,10,M,121709
2018,11,M,118164
2018,12,M,115629
2018,13,M,115317
2018,14,M,116435
2018,15,M,118592
2018,16,M,121961
2018,17,M,124561
2018,18,M,126285
2018,19,M,129981
2018,20,M,133497
2018,21,M,136576
2018,22,M,140011
2018,23,M,144096
2018,24,M,147914
2018,25,M,150496
2018,26,M,153637
2018,27,M,156874
2018,28,M,158476
2018,29,M,155598
2018,30,M,149402
2018,31,M,142989
2018,32,M,138308
2018,33,M,135765
2018,34,M,135333
2018,35,M,137354
2018,36,M,138905
2018,37,M,136916
2018,38,M,131404
2018,39,M,125786
2018,40,M,122662
2018,41,M,123015
2018,42,M,125739
2018,43,M,129138
2018,44,M,132336
2018,45,M,132573
2018,46,M,129766
2018,47,M,126727
2018,48,M,125035
2018,49,M,125433
2018,50,M,127072
2018,51,M,128236
2018,52,M,128773
2018,53,M,128896
2018,54,M,128379
2018,55,M,126535
2018,56,M,123946
2018,57,M,121316
2018,58,M,117760
2018,59,M,113205
2018,60,M,107815
2018,61,M,102048
2018,62,M,97118
2018,63,M,93038
2018,64,M,90118
2018,65,M,86363
2018,66,M,81021
2018,67,M,76609
2018,68,M,74016
2018,69,M,71609
2018,70,M,66630
2018,71,M,61489
2018,72,M,59164
2018,73,M,57603
2018,74,M,55354
2018,75,M,52791
2018,76,M,49709
2018,77,M,46264
2018,78,M,42980
2018,79,M,39629
2018,80,M,36036
2018,81,M,33108
2018,82,M,30501
2018,83,M,28224
2018,84,M,26261
2018,85,M,23995
2018,86,M,22624
2018,87,M,21551
2018,88,M,19327
2018,89,M,16598
2018,90,M,13521
2018,91,M,10666
2018,92,M,8236
2018,93,M,6809
2018,94,M,5475
2018,95,M,4223
2018,96,M,3085
2018,97,M,2033
2018,98,M,1446
2018,99,M,1049
2018,100,M,2314
2019,0,H,110728
2019,1,H,113917
2019,2,H,117269
2019,3,H,124459
2019,4,H,129927
2019,5,H,129432
2019,6,H,127439
2019,7,H,128988
2019,8,H,130704
2019,9,H,131595
2019,10,H,130588
2019,11,H,127646
2019,12,H,123989
2019,13,H,121870
2019,14,H,121172
2019,15,H,121853
2019,16,H,124324
2019,17,H,127538
2019,18,H,131379
2019,19,H,134001
2019,20,H,137077
2019,21,H,141190
2019,22,H,144906
2019,23,H,147935
2019,24,H,151671
2019,25,H,155746
2019,26,H,158415
2019,27,H,161406
2019,28,H,164520
2019,29,H,165574
2019,30,H,162129
2019,31,H,155426
2019,32,H,148392
2019,33,H,143136
2019,34,H,140114
2019,35,H,139243
2019,36,H,140796
2019,37,H,141921
2019,38,H,139540
2019,39,H,133528
2019,40,H,127408
2019,41,H,123804
2019,42,H,123830
2019,43,H,126033
2019,44,H,128775
2019,45,H,131201
2019,46,H,130523
2019,47,H,126974
2019,48,H,123485
2019,49,H,121257
2019,50,H,120759
2019,51,H,121546
2019,52,H,121795
2019,53,H,121338
2019,54,H,120548
2019,55,H,119363
2019,56,H,117086
2019,57,H,114290
2019,58,H,111557
2019,59,H,108080
2019,60,H,103572
2019,61,H,98041
2019,62,H,92201
2019,63,H,87413
2019,64,H,83428
2019,65,H,80449
2019,66,H,76616
2019,67,H,71241
2019,68,H,66750
2019,69,H,63774
2019,70,H,60745
2019,71,H,55186
2019,72,H,49896
2019,73,H,47531
2019,74,H,45532
2019,75,H,42963
2019,76,H,40305
2019,77,H,37141
2019,78,H,33515
2019,79,H,30421
2019,80,H,27600
2019,81,H,24280
2019,82,H,21611
2019,83,H,19344
2019,84,H,17009
2019,85,H,15041
2019,86,H,12990
2019,87,H,11393
2019,88,H,10732
2019,89,H,9632
2019,90,H,7527
2019,91,H,5391
2019,92,H,4141
2019,93,H,2948
2019,94,H,2170
2019,95,H,1548
2019,96,H,1082
2019,97,H,771
2019,98,H,492
2019,99,H,312
2019,100,H,558
2019,0,M,106461
2019,1,M,109764
2019,2,M,113302
2019,3,M,120185
2019,4,M,124935
2019,5,M,124503
2019,6,M,123002
2019,7,M,124090
2019,8,M,125829
2019,9,M,127126
2019,10,M,125871
2019,11,M,122828
2019,12,M,119265
2019,13,M,116706
2019,14,M,116347
2019,15,M,117428
2019,16,M,119681
2019,17,M,123390
2019,18,M,126425
2019,19,M,128479
2019,20,M,132315
2019,21,M,135959
2019,22,M,139174
2019,23,M,142740
2019,24,M,146920
2019,25,M,150808
2019,26,M,153383
2019,27,M,156476
2019,28,M,159584
2019,29,M,161066
2019,30,M,158057
2019,31,M,151687
2019,32,M,145148
2019,33,M,140308
2019,34,M,137651
2019,35,M,137068
2019,36,M,138951
2019,37,M,140372
2019,38,M,138282
2019,39,M,132679
2019,40,M,126962
2019,41,M,123754
2019,42,M,124039
2019,43,M,126678
2019,44,M,129990
2019,45,M,133149
2019,46,M,133315
2019,47,M,130461
2019,48,M,127362
2019,49,M,125622
2019,50,M,125967
2019,51,M,127522
2019,52,M,128643
2019,53,M,129115
2019,54,M,129156
2019,55,M,128576
2019,56,M,126669
2019,57,M,124040
2019,58,M,121320
2019,59,M,117706
2019,60,M,113079
2019,61,M,107659
2019,62,M,101794
2019,63,M,96827
2019,64,M,92715
2019,65,M,89675
2019,66,M,85869
2019,67,M,80474
2019,68,M,76074
2019,69,M,73387
2019,70,M,70915
2019,71,M,65870
2019,72,M,60649
2019,73,M,58275
2019,74,M,56623
2019,75,M,54355
2019,76,M,51724
2019,77,M,48590
2019,78,M,45026
2019,79,M,41730
2019,80,M,38333
2019,81,M,34753
2019,82,M,31720
2019,83,M,29057
2019,84,M,26718
2019,85,M,24731
2019,86,M,22360
2019,87,M,20925
2019,88,M,19775
2019,89,M,17555
2019,90,M,14861
2019,91,M,11951
2019,92,M,9242
2019,93,M,6993
2019,94,M,5719
2019,95,M,4498
2019,96,M,3425
2019,97,M,2421
2019,98,M,1496
2019,99,M,1065
2019,100,M,2411
2020,0,H,103847
2020,1,H,111364
2020,2,H,114678
2020,3,H,118092
2020,4,H,125289
2020,5,H,130754
2020,6,H,130241
2020,7,H,128236
2020,8,H,129771
2020,9,H,131483
2020,10,H,132364
2020,11,H,131335
2020,12,H,128370
2020,13,H,124695
2020,14,H,122535
2020,15,H,121819
2020,16,H,122539
2020,17,H,125189
2020,18,H,128590
2020,19,H,132581
2020,20,H,135276
2020,21,H,138418
2020,22,H,142576
2020,23,H,146354
2020,24,H,149393
2020,25,H,153172
2020,26,H,157253
2020,27,H,159916
2020,28,H,162874
2020,29,H,165913
2020,30,H,166889
2020,31,H,163373
2020,32,H,156573
2020,33,H,149463
2020,34,H,144117
2020,35,H,141012
2020,36,H,140042
2020,37,H,141518
2020,38,H,142548
2020,39,H,140108
2020,40,H,134033
2020,41,H,127832
2020,42,H,124171
2020,43,H,124124
2020,44,H,126271
2020,45,H,128919
2020,46,H,131298
2020,47,H,130543
2020,48,H,126953
2020,49,H,123444
2020,50,H,121155
2020,51,H,120572
2020,52,H,121313
2020,53,H,121480
2020,54,H,120920
2020,55,H,120076
2020,56,H,118824
2020,57,H,116464
2020,58,H,113662
2020,59,H,110869
2020,60,H,107312
2020,61,H,102740
2020,62,H,97080
2020,63,H,91238
2020,64,H,86361
2020,65,H,82433
2020,66,H,79330
2020,67,H,75444
2020,68,H,70109
2020,69,H,65483
2020,70,H,62458
2020,71,H,59391
2020,72,H,53742
2020,73,H,48398
2020,74,H,46030
2020,75,H,43978
2020,76,H,41350
2020,77,H,38695
2020,78,H,35532
2020,79,H,31853
2020,80,H,28764
2020,81,H,25998
2020,82,H,22678
2020,83,H,20080
2020,84,H,17839
2020,85,H,15514
2020,86,H,13613
2020,87,H,11554
2020,88,H,10060
2020,89,H,9419
2020,90,H,8454
2020,91,H,6444
2020,92,H,4472
2020,93,H,3369
2020,94,H,2342
2020,95,H,1705
2020,96,H,1192
2020,97,H,796
2020,98,H,567
2020,99,H,335
2020,100,H,604
2020,0,M,99321
2020,1,M,107123
2020,2,M,110555
2020,3,M,114137
2020,4,M,121036
2020,5,M,125799
2020,6,M,125343
2020,7,M,123825
2020,8,M,124902
2020,9,M,126619
2020,10,M,127901
2020,11,M,126624
2020,12,M,123566
2020,13,M,119988
2020,14,M,117397
2020,15,M,117015
2020,16,M,118142
2020,17,M,120590
2020,18,M,124558
2020,19,M,127780
2020,20,M,129908
2020,21,M,133806
2020,22,M,137517
2020,23,M,140790
2020,24,M,144402
2020,25,M,148622
2020,26,M,152511
2020,27,M,155062
2020,28,M,158084
2020,29,M,161129
2020,30,M,162521
2020,31,M,159423
2020,32,M,152971
2020,33,M,146334
2020,34,M,141419
2020,35,M,138676
2020,36,M,138025
2020,37,M,139821
2020,38,M,141172
2020,39,M,139041
2020,40,M,133362
2020,41,M,127586
2020,42,M,124338
2020,43,M,124574
2020,44,M,127157
2020,45,M,130447
2020,46,M,133544
2020,47,M,133682
2020,48,M,130773
2020,49,M,127651
2020,50,M,125885
2020,51,M,126173
2020,52,M,127673
2020,53,M,128748
2020,54,M,129159
2020,55,M,129143
2020,56,M,128519
2020,57,M,126547
2020,58,M,123859
2020,59,M,121093
2020,60,M,117403
2020,61,M,112752
2020,62,M,107236
2020,63,M,101328
2020,64,M,96353
2020,65,M,92147
2020,66,M,89043
2020,67,M,85197
2020,68,M,79757
2020,69,M,75304
2020,70,M,72561
2020,71,M,69991
2020,72,M,64918
2020,73,M,59628
2020,74,M,57210
2020,75,M,55491
2020,76,M,53175
2020,77,M,50472
2020,78,M,47228
2020,79,M,43650
2020,80,M,40242
2020,81,M,36865
2020,82,M,33257
2020,83,M,30212
2020,84,M,27453
2020,85,M,25098
2020,86,M,23027
2020,87,M,20624
2020,88,M,19134
2020,89,M,17890
2020,90,M,15696
2020,91,M,13132
2020,92,M,10343
2020,93,M,7865
2020,94,M,5830
2020,95,M,4647
2020,96,M,3656
2020,97,M,2696
2020,98,M,1867
2020,99,M,1080
2020,100,M,2475
2021,0,H,95510
2021,1,H,104531
2021,2,H,112183
2021,3,H,115548
2021,4,H,118966
2021,5,H,126158
2021,6,H,131616
2021,7,H,131087
2021,8,H,129077
2021,9,H,130604
2021,10,H,132311
2021,11,H,133165
2021,12,H,132111
2021,13,H,129127
2021,14,H,125410
2021,15,H,123234
2021,16,H,122557
2021,17,H,123416
2021,18,H,126234
2021,19,H,129756
2021,20,H,133805
2021,21,H,136532
2021,22,H,139699
2021,23,H,143884
2021,24,H,147652
2021,25,H,150729
2021,26,H,154471
2021,27,H,158541
2021,28,H,161150
2021,29,H,164053
2021,30,H,167005
2021,31,H,167895
2021,32,H,164290
2021,33,H,157435
2021,34,H,150246
2021,35,H,144821
2021,36,H,141661
2021,37,H,140625
2021,38,H,142018
2021,39,H,142974
2021,40,H,140462
2021,41,H,134336
2021,42,H,128068
2021,43,H,124362
2021,44,H,124266
2021,45,H,126333
2021,46,H,128894
2021,47,H,131233
2021,48,H,130422
2021,49,H,126774
2021,50,H,123207
2021,51,H,120854
2021,52,H,120232
2021,53,H,120854
2021,54,H,120959
2021,55,H,120313
2021,56,H,119358
2021,57,H,118036
2021,58,H,115649
2021,59,H,112756
2021,60,H,109904
2021,61,H,106305
2021,62,H,101612
2021,63,H,95942
2021,64,H,89981
2021,65,H,85128
2021,66,H,81120
2021,67,H,77950
2021,68,H,74047
2021,69,H,68668
2021,70,H,63973
2021,71,H,60925
2021,72,H,57783
2021,73,H,52034
2021,74,H,46641
2021,75,H,44269
2021,76,H,42124
2021,77,H,39518
2021,78,H,36874
2021,79,H,33717
2021,80,H,29992
2021,81,H,26922
2021,82,H,24206
2021,83,H,20926
2021,84,H,18425
2021,85,H,16189
2021,86,H,13951
2021,87,H,12118
2021,88,H,10064
2021,89,H,8642
2021,90,H,8113
2021,91,H,7262
2021,92,H,5405
2021,93,H,3567
2021,94,H,2701
2021,95,H,1829
2021,96,H,1305
2021,97,H,881
2021,98,H,570
2021,99,H,396
2021,100,H,626
2021,0,M,91373
2021,1,M,99999
2021,2,M,107913
2021,3,M,111392
2021,4,M,114993
2021,5,M,121895
2021,6,M,126647
2021,7,M,126169
2021,8,M,124642
2021,9,M,125704
2021,10,M,127407
2021,11,M,128668
2021,12,M,127373
2021,13,M,124304
2021,14,M,120692
2021,15,M,118079
2021,16,M,117740
2021,17,M,119032
2021,18,M,121690
2021,19,M,125795
2021,20,M,129082
2021,21,M,131259
2021,22,M,135188
2021,23,M,138932
2021,24,M,142217
2021,25,M,145847
2021,26,M,150063
2021,27,M,153931
2021,28,M,156419
2021,29,M,159383
2021,30,M,162336
2021,31,M,163645
2021,32,M,160474
2021,33,M,153947
2021,34,M,147241
2021,35,M,142257
2021,36,M,139472
2021,37,M,138755
2021,38,M,140494
2021,39,M,141812
2021,40,M,139609
2021,41,M,133886
2021,42,M,128058
2021,43,M,124767
2021,44,M,124966
2021,45,M,127513
2021,46,M,130751
2021,47,M,133830
2021,48,M,133920
2021,49,M,130974
2021,50,M,127817
2021,51,M,126034
2021,52,M,126258
2021,53,M,127694
2021,54,M,128733
2021,55,M,129067
2021,56,M,129005
2021,57,M,128347
2021,58,M,126266
2021,59,M,123536
2021,60,M,120708
2021,61,M,116949
2021,62,M,112238
2021,63,M,106674
2021,64,M,100752
2021,65,M,95683
2021,66,M,91431
2021,67,M,88260
2021,68,M,84302
2021,69,M,78864
2021,70,M,74341
2021,71,M,71572
2021,72,M,68915
2021,73,M,63747
2021,74,M,58420
2021,75,M,55921
2021,76,M,54157
2021,77,M,51798
2021,78,M,48979
2021,79,M,45679
2021,80,M,41984
2021,81,M,38528
2021,82,M,35146
2021,83,M,31561
2021,84,M,28458
2021,85,M,25638
2021,86,M,23266
2021,87,M,21156
2021,88,M,18732
2021,89,M,17138
2021,90,M,15913
2021,91,M,13714
2021,92,M,11297
2021,93,M,8719
2021,94,M,6521
2021,95,M,4669
2021,96,M,3693
2021,97,M,2843
2021,98,M,2092
2021,99,M,1372
2021,100,M,2431
2022,0,H,93866
2022,1,H,96525
2022,2,H,105723
2022,3,H,113440
2022,4,H,116820
2022,5,H,120227
2022,6,H,127407
2022,7,H,132846
2022,8,H,132309
2022,9,H,130282
2022,10,H,131804
2022,11,H,133475
2022,12,H,134291
2022,13,H,133205
2022,14,H,130167
2022,15,H,126431
2022,16,H,124301
2022,17,H,123815
2022,18,H,124923
2022,19,H,127930
2022,20,H,131512
2022,21,H,135604
2022,22,H,138367
2022,23,H,141554
2022,24,H,145750
2022,25,H,149548
2022,26,H,152589
2022,27,H,156317
2022,28,H,160313
2022,29,H,162844
2022,30,H,165644
2022,31,H,168485
2022,32,H,169262
2022,33,H,165562
2022,34,H,158581
2022,35,H,151316
2022,36,H,145820
2022,37,H,142565
2022,38,H,141418
2022,39,H,142725
2022,40,H,143568
2022,41,H,140970
2022,42,H,134788
2022,43,H,128450
2022,44,H,124666
2022,45,H,124512
2022,46,H,126474
2022,47,H,128993
2022,48,H,131253
2022,49,H,130351
2022,50,H,126647
2022,51,H,123001
2022,52,H,120632
2022,53,H,119891
2022,54,H,120478
2022,55,H,120471
2022,56,H,119677
2022,57,H,118686
2022,58,H,117274
2022,59,H,114796
2022,60,H,111850
2022,61,H,108962
2022,62,H,105288
2022,63,H,100555
2022,64,H,94807
2022,65,H,88762
2022,66,H,83849
2022,67,H,79789
2022,68,H,76573
2022,69,H,72620
2022,70,H,67211
2022,71,H,62489
2022,72,H,59386
2022,73,H,56127
2022,74,H,50274
2022,75,H,44867
2022,76,H,42483
2022,77,H,40258
2022,78,H,37657
2022,79,H,34973
2022,80,H,31786
2022,81,H,28074
2022,82,H,25000
2022,83,H,22374
2022,84,H,19187
2022,85,H,16696
2022,86,H,14512
2022,87,H,12366
2022,88,H,10546
2022,89,H,8610
2022,90,H,7250
2022,91,H,6784
2022,92,H,6092
2022,93,H,4397
2022,94,H,2757
2022,95,H,2065
2022,96,H,1343
2022,97,H,961
2022,98,H,619
2022,99,H,362
2022,100,H,646
2022,0,M,90772
2022,1,M,92358
2022,2,M,101130
2022,3,M,109115
2022,4,M,112623
2022,5,M,116232
2022,6,M,123111
2022,7,M,127834
2022,8,M,127342
2022,9,M,125796
2022,10,M,126835
2022,11,M,128511
2022,12,M,129755
2022,13,M,128436
2022,14,M,125320
2022,15,M,121674
2022,16,M,119121
2022,17,M,119018
2022,18,M,120600
2022,19,M,123456
2022,20,M,127642
2022,21,M,130986
2022,22,M,133193
2022,23,M,137182
2022,24,M,140927
2022,25,M,144240
2022,26,M,147864
2022,27,M,152056
2022,28,M,155844
2022,29,M,158237
2022,30,M,161085
2022,31,M,163924
2022,32,M,165147
2022,33,M,161881
2022,34,M,155261
2022,35,M,148449
2022,36,M,143395
2022,37,M,140528
2022,38,M,139752
2022,39,M,141432
2022,40,M,142658
2022,41,M,140397
2022,42,M,134620
2022,43,M,128726
2022,44,M,125376
2022,45,M,125548
2022,46,M,128046
2022,47,M,131238
2022,48,M,134284
2022,49,M,134316
2022,50,M,131326
2022,51,M,128137
2022,52,M,126298
2022,53,M,126457
2022,54,M,127860
2022,55,M,128814
2022,56,M,129093
2022,57,M,128985
2022,58,M,128223
2022,59,M,126069
2022,60,M,123277
2022,61,M,120367
2022,62,M,116552
2022,63,M,111788
2022,64,M,106174
2022,65,M,100136
2022,66,M,95023
2022,67,M,90699
2022,68,M,87435
2022,69,M,83435
2022,70,M,77909
2022,71,M,73400
2022,72,M,70525
2022,73,M,67785
2022,74,M,62519
2022,75,M,57099
2022,76,M,54553
2022,77,M,52699
2022,78,M,50248
2022,79,M,47340
2022,80,M,44001
2022,81,M,40184
2022,82,M,36660
2022,83,M,33356
2022,84,M,29704
2022,85,M,26550
2022,86,M,23679
2022,87,M,21237
2022,88,M,19175
2022,89,M,16678
2022,90,M,15013
2022,91,M,13842
2022,92,M,11614
2022,93,M,9441
2022,94,M,7059
2022,95,M,5147
2022,96,M,3572
2022,97,M,2733
2022,98,M,2122
2022,99,M,1490
2022,100,M,2472
2023,0,H,92892
2023,1,H,94633
2023,2,H,97489
2023,3,H,106755
2023,4,H,114507
2023,5,H,117881
2023,6,H,121278
2023,7,H,128446
2023,8,H,133879
2023,9,H,133328
2023,10,H,131299
2023,11,H,132790
2023,12,H,134430
2023,13,H,135215
2023,14,H,134077
2023,15,H,131013
2023,16,H,127310
2023,17,H,125327
2023,18,H,125043
2023,19,H,126289
2023,20,H,129326
2023,21,H,132946
2023,22,H,137034
2023,23,H,139794
2023,24,H,142989
2023,25,H,147195
2023,26,H,150997
2023,27,H,154022
2023,28,H,157723
2023,29,H,161672
2023,30,H,164128
2023,31,H,166886
2023,32,H,169641
2023,33,H,170322
2023,34,H,166527
2023,35,H,159478
2023,36,H,152136
2023,37,H,146583
2023,38,H,143248
2023,39,H,142023
2023,40,H,143248
2023,41,H,143988
2023,42,H,141363
2023,43,H,135094
2023,44,H,128695
2023,45,H,124880
2023,46,H,124660
2023,47,H,126570
2023,48,H,129035
2023,49,H,131219
2023,50,H,130282
2023,51,H,126487
2023,52,H,122819
2023,53,H,120389
2023,54,H,119614
2023,55,H,120086
2023,56,H,120016
2023,57,H,119159
2023,58,H,118049
2023,59,H,116589
2023,60,H,114012
2023,61,H,110989
2023,62,H,108079
2023,63,H,104343
2023,64,H,99540
2023,65,H,93717
2023,66,H,87600
2023,67,H,82646
2023,68,H,78554
2023,69,H,75230
2023,70,H,71271
2023,71,H,65833
2023,72,H,61103
2023,73,H,57912
2023,74,H,54566
2023,75,H,48609
2023,76,H,43264
2023,77,H,40746
2023,78,H,38520
2023,79,H,35824
2023,80,H,33154
2023,81,H,29969
2023,82,H,26198
2023,83,H,23240
2023,84,H,20647
2023,85,H,17537
2023,86,H,15067
2023,87,H,12982
2023,88,H,10864
2023,89,H,9196
2023,90,H,7344
2023,91,H,6001
2023,92,H,5666
2023,93,H,5109
2023,94,H,3571
2023,95,H,2090
2023,96,H,1540
2023,97,H,1011
2023,98,H,696
2023,99,H,400
2023,100,H,652
2023,0,M,89828
2023,1,M,91531
2023,2,M,93281
2023,3,M,102130
2023,4,M,110156
2023,5,M,113677
2023,6,M,117264
2023,7,M,124119
2023,8,M,128835
2023,9,M,128326
2023,10,M,126767
2023,11,M,127780
2023,12,M,129443
2023,13,M,130665
2023,14,M,129302
2023,15,M,126150
2023,16,M,122542
2023,17,M,120182
2023,18,M,120313
2023,19,M,122055
2023,20,M,124955
2023,21,M,129166
2023,22,M,132518
2023,23,M,134763
2023,24,M,138754
2023,25,M,142534
2023,26,M,145855
2023,27,M,149475
2023,28,M,153622
2023,29,M,157346
2023,30,M,159672
2023,31,M,162438
2023,32,M,165214
2023,33,M,166358
2023,34,M,163002
2023,35,M,156298
2023,36,M,149422
2023,37,M,144294
2023,38,M,141371
2023,39,M,140558
2023,40,M,142163
2023,41,M,143330
2023,42,M,141027
2023,43,M,135183
2023,44,M,129240
2023,45,M,125885
2023,46,M,126044
2023,47,M,128471
2023,48,M,131651
2023,49,M,134660
2023,50,M,134639
2023,51,M,131609
2023,52,M,128391
2023,53,M,126502
2023,54,M,126639
2023,55,M,127970
2023,56,M,128857
2023,57,M,129085
2023,58,M,128938
2023,59,M,128063
2023,60,M,125836
2023,61,M,122997
2023,62,M,120047
2023,63,M,116176
2023,64,M,111317
2023,65,M,105589
2023,66,M,99527
2023,67,M,94325
2023,68,M,89996
2023,69,M,86603
2023,70,M,82517
2023,71,M,77015
2023,72,M,72411
2023,73,M,69484
2023,74,M,66655
2023,75,M,61274
2023,76,M,55790
2023,77,M,53127
2023,78,M,51220
2023,79,M,48688
2023,80,M,45785
2023,81,M,42319
2023,82,M,38380
2023,83,M,34856
2023,84,M,31503
2023,85,M,27833
2023,86,M,24625
2023,87,M,21805
2023,88,M,19357
2023,89,M,17266
2023,90,M,14671
2023,91,M,13158
2023,92,M,11893
2023,93,M,9734
2023,94,M,7762
2023,95,M,5621
2023,96,M,4013
2023,97,M,2625
2023,98,M,1975
2023,99,M,1524
2023,100,M,2673
2024,0,H,84107
2024,1,H,93525
2024,2,H,95450
2024,3,H,98379
2024,4,H,107684
2024,5,H,115437
2024,6,H,118806
2024,7,H,122195
2024,8,H,129357
2024,9,H,134775
2024,10,H,134224
2024,11,H,132169
2024,12,H,133635
2024,13,H,135241
2024,14,H,135980
2024,15,H,134802
2024,16,H,131769
2024,17,H,128198
2024,18,H,126372
2024,19,H,126195
2024,20,H,127459
2024,21,H,130523
2024,22,H,134114
2024,23,H,138192
2024,24,H,140957
2024,25,H,144158
2024,26,H,148383
2024,27,H,152168
2024,28,H,155174
2024,29,H,158857
2024,30,H,162760
2024,31,H,165201
2024,32,H,167884
2024,33,H,170548
2024,34,H,171151
2024,35,H,167289
2024,36,H,160183
2024,37,H,152786
2024,38,H,147168
2024,39,H,143752
2024,40,H,142488
2024,41,H,143615
2024,42,H,144292
2024,43,H,141597
2024,44,H,135299
2024,45,H,128864
2024,46,H,125014
2024,47,H,124760
2024,48,H,126602
2024,49,H,129013
2024,50,H,131147
2024,51,H,130139
2024,52,H,126312
2024,53,H,122596
2024,54,H,120130
2024,55,H,119251
2024,56,H,119657
2024,57,H,119535
2024,58,H,118575
2024,59,H,117402
2024,60,H,115832
2024,61,H,113156
2024,62,H,110097
2024,63,H,107129
2024,64,H,103351
2024,65,H,98465
2024,66,H,92556
2024,67,H,86416
2024,68,H,81415
2024,69,H,77277
2024,70,H,73897
2024,71,H,69909
2024,72,H,64417
2024,73,H,59698
2024,74,H,56412
2024,75,H,52970
2024,76,H,47037
2024,77,H,41589
2024,78,H,39053
2024,79,H,36753
2024,80,H,34073
2024,81,H,31407
2024,82,H,28179
2024,83,H,24496
2024,84,H,21548
2024,85,H,19067
2024,86,H,16004
2024,87,H,13621
2024,88,H,11608
2024,89,H,9604
2024,90,H,8072
2024,91,H,6234
2024,92,H,5017
2024,93,H,4754
2024,94,H,4389
2024,95,H,2990
2024,96,H,1611
2024,97,H,1218
2024,98,H,787
2024,99,H,508
2024,100,H,767
2024,0,M,81304
2024,1,M,90460
2024,2,M,92323
2024,3,M,94154
2024,4,M,103050
2024,5,M,111090
2024,6,M,114593
2024,7,M,118160
2024,8,M,125004
2024,9,M,129709
2024,10,M,129191
2024,11,M,127609
2024,12,M,128606
2024,13,M,130251
2024,14,M,131436
2024,15,M,130032
2024,16,M,126905
2024,17,M,123456
2024,18,M,121302
2024,19,M,121556
2024,20,M,123313
2024,21,M,126229
2024,22,M,130441
2024,23,M,133807
2024,24,M,136052
2024,25,M,140072
2024,26,M,143883
2024,27,M,147206
2024,28,M,150802
2024,29,M,154906
2024,30,M,158581
2024,31,M,160854
2024,32,M,163566
2024,33,M,166275
2024,34,M,167323
2024,35,M,163907
2024,36,M,157134
2024,37,M,150203
2024,38,M,145022
2024,39,M,142065
2024,40,M,141213
2024,41,M,142755
2024,42,M,143867
2024,43,M,141512
2024,44,M,135627
2024,45,M,129667
2024,46,M,126306
2024,47,M,126433
2024,48,M,128830
2024,49,M,131995
2024,50,M,134956
2024,51,M,134887
2024,52,M,131835
2024,53,M,128553
2024,54,M,126668
2024,55,M,126716
2024,56,M,127979
2024,57,M,128838
2024,58,M,129006
2024,59,M,128783
2024,60,M,127846
2024,61,M,125534
2024,62,M,122662
2024,63,M,119639
2024,64,M,115700
2024,65,M,110742
2024,66,M,104967
2024,67,M,98800
2024,68,M,93603
2024,69,M,89189
2024,70,M,85718
2024,71,M,81598
2024,72,M,76028
2024,73,M,71368
2024,74,M,68383
2024,75,M,65444
2024,76,M,59987
2024,77,M,54417
2024,78,M,51697
2024,79,M,49710
2024,80,M,47155
2024,81,M,44141
2024,82,M,40568
2024,83,M,36549
2024,84,M,33000
2024,85,M,29660
2024,86,M,26021
2024,87,M,22847
2024,88,M,20033
2024,89,M,17526
2024,90,M,15504
2024,91,M,12930
2024,92,M,11500
2024,93,M,10147
2024,94,M,8195
2024,95,M,6431
2024,96,M,4485
2024,97,M,3171
2024,98,M,1959
2024,99,M,1432
2024,100,M,3106
2025,0,H,76038
2025,1,H,84791
2025,2,H,94374
2025,3,H,96374
2025,4,H,99335
2025,5,H,108639
2025,6,H,116385
2025,7,H,119747
2025,8,H,123128
2025,9,H,130276
2025,10,H,135692
2025,11,H,135113
2025,12,H,133031
2025,13,H,134464
2025,14,H,136026
2025,15,H,136729
2025,16,H,135576
2025,17,H,132688
2025,18,H,129286
2025,19,H,127577
2025,20,H,127428
2025,21,H,128708
2025,22,H,131761
2025,23,H,135354
2025,24,H,139430
2025,25,H,142208
2025,26,H,145424
2025,27,H,149639
2025,28,H,153393
2025,29,H,156372
2025,30,H,160023
2025,31,H,163878
2025,32,H,166246
2025,33,H,168842
2025,34,H,171409
2025,35,H,171956
2025,36,H,168024
2025,37,H,160856
2025,38,H,153380
2025,39,H,147694
2025,40,H,144233
2025,41,H,142888
2025,42,H,143920
2025,43,H,144547
2025,44,H,141807
2025,45,H,135463
2025,46,H,129006
2025,47,H,125129
2025,48,H,124807
2025,49,H,126601
2025,50,H,128949
2025,51,H,131010
2025,52,H,129985
2025,53,H,126095
2025,54,H,122321
2025,55,H,119776
2025,56,H,118827
2025,57,H,119172
2025,58,H,118964
2025,59,H,117934
2025,60,H,116646
2025,61,H,114999
2025,62,H,112251
2025,63,H,109137
2025,64,H,106128
2025,65,H,102252
2025,66,H,97265
2025,67,H,91319
2025,68,H,85150
2025,69,H,80130
2025,70,H,75936
2025,71,H,72508
2025,72,H,68427
2025,73,H,62959
2025,74,H,58158
2025,75,H,54812
2025,76,H,51300
2025,77,H,45304
2025,78,H,39886
2025,79,H,37310
2025,80,H,34946
2025,81,H,32281
2025,82,H,29566
2025,83,H,26399
2025,84,H,22737
2025,85,H,19909
2025,86,H,17443
2025,87,H,14483
2025,88,H,12218
2025,89,H,10281
2025,90,H,8395
2025,91,H,6953
2025,92,H,5214
2025,93,H,4167
2025,94,H,3977
2025,95,H,3661
2025,96,H,2299
2025,97,H,1240
2025,98,H,918
2025,99,H,556
2025,100,H,932
2025,0,M,73657
2025,1,M,81977
2025,2,M,91281
2025,3,M,93225
2025,4,M,95099
2025,5,M,104011
2025,6,M,112030
2025,7,M,115514
2025,8,M,119068
2025,9,M,125902
2025,10,M,130594
2025,11,M,130054
2025,12,M,128454
2025,13,M,129433
2025,14,M,131041
2025,15,M,132186
2025,16,M,130811
2025,17,M,127849
2025,18,M,124618
2025,19,M,122596
2025,20,M,122869
2025,21,M,124648
2025,22,M,127571
2025,23,M,131801
2025,24,M,135167
2025,25,M,137444
2025,26,M,141490
2025,27,M,145306
2025,28,M,148601
2025,29,M,152151
2025,30,M,156191
2025,31,M,159816
2025,32,M,162030
2025,33,M,164671
2025,34,M,167286
2025,35,M,168261
2025,36,M,164768
2025,37,M,157945
2025,38,M,150967
2025,39,M,145741
2025,40,M,142748
2025,41,M,141833
2025,42,M,143317
2025,43,M,144382
2025,44,M,141980
2025,45,M,136065
2025,46,M,130085
2025,47,M,126723
2025,48,M,126808
2025,49,M,129188
2025,50,M,132320
2025,51,M,135223
2025,52,M,135114
2025,53,M,132001
2025,54,M,128704
2025,55,M,126743
2025,56,M,126735
2025,57,M,127963
2025,58,M,128749
2025,59,M,128864
2025,60,M,128585
2025,61,M,127536
2025,62,M,125161
2025,63,M,122220
2025,64,M,119148
2025,65,M,115119
2025,66,M,110095
2025,67,M,104228
2025,68,M,98017
2025,69,M,92787
2025,70,M,88304
2025,71,M,84748
2025,72,M,80575
2025,73,M,74953
2025,74,M,70241
2025,75,M,67152
2025,76,M,64100
2025,77,M,58560
2025,78,M,52971
2025,79,M,50185
2025,80,M,48097
2025,81,M,45436
2025,82,M,42327
2025,83,M,38676
2025,84,M,34624
2025,85,M,31092
2025,86,M,27743
2025,87,M,24090
2025,88,M,20977
2025,89,M,18142
2025,90,M,15741
2025,91,M,13717
2025,92,M,11240
2025,93,M,9903
2025,94,M,8526
2025,95,M,6812
2025,96,M,5175
2025,97,M,3578
2025,98,M,2455
2025,99,M,1403
2025,100,M,3381
2026,0,H,71221
2026,1,H,76663
2026,2,H,85577
2026,3,H,95231
2026,4,H,97259
2026,5,H,100218
2026,6,H,109515
2026,7,H,117252
2026,8,H,120606
2026,9,H,123977
2026,10,H,131120
2026,11,H,136509
2026,12,H,135904
2026,13,H,133798
2026,14,H,135186
2026,15,H,136718
2026,16,H,137448
2026,17,H,136433
2026,18,H,133708
2026,19,H,130421
2026,20,H,128739
2026,21,H,128604
2026,22,H,129890
2026,23,H,132944
2026,24,H,136535
2026,25,H,140627
2026,26,H,143418
2026,27,H,146631
2026,28,H,150823
2026,29,H,154547
2026,30,H,157492
2026,31,H,161098
2026,32,H,164885
2026,33,H,167171
2026,34,H,169678
2026,35,H,172176
2026,36,H,172647
2026,37,H,168653
2026,38,H,161414
2026,39,H,153881
2026,40,H,148131
2026,41,H,144607
2026,42,H,143192
2026,43,H,144158
2026,44,H,144724
2026,45,H,141942
2026,46,H,135573
2026,47,H,129089
2026,48,H,125178
2026,49,H,124803
2026,50,H,126536
2026,51,H,128823
2026,52,H,130827
2026,53,H,129745
2026,54,H,125804
2026,55,H,121979
2026,56,H,119372
2026,57,H,118355
2026,58,H,118622
2026,59,H,118331
2026,60,H,117215
2026,61,H,115836
2026,62,H,114108
2026,63,H,111293
2026,64,H,108109
2026,65,H,105022
2026,66,H,101067
2026,67,H,96012
2026,68,H,90029
2026,69,H,83841
2026,70,H,78786
2026,71,H,74541
2026,72,H,71042
2026,73,H,66900
2026,74,H,61400
2026,75,H,56552
2026,76,H,53114
2026,77,H,49523
2026,78,H,43552
2026,79,H,38168
2026,80,H,35550
2026,81,H,33143
2026,82,H,30454
2026,83,H,27724
2026,84,H,24586
2026,85,H,21017
2026,86,H,18246
2026,87,H,15827
2026,88,H,12995
2026,89,H,10832
2026,90,H,8994
2026,91,H,7233
2026,92,H,5889
2026,93,H,4330
2026,94,H,3383
2026,95,H,3145
2026,96,H,2810
2026,97,H,1707
2026,98,H,886
2026,99,H,629
2026,100,H,1029
2026,0,M,68661
2026,1,M,74271
2026,2,M,82731
2026,3,M,92109
2026,4,M,94093
2026,5,M,95983
2026,6,M,104876
2026,7,M,112875
2026,8,M,116350
2026,9,M,119890
2026,10,M,126712
2026,11,M,131385
2026,12,M,130828
2026,13,M,129215
2026,14,M,130155
2026,15,M,131723
2026,16,M,132901
2026,17,M,131685
2026,18,M,128929
2026,19,M,125827
2026,20,M,123831
2026,21,M,124122
2026,22,M,125913
2026,23,M,128859
2026,24,M,133096
2026,25,M,136495
2026,26,M,138788
2026,27,M,142848
2026,28,M,146635
2026,29,M,149892
2026,30,M,153383
2026,31,M,157369
2026,32,M,160941
2026,33,M,163081
2026,34,M,165645
2026,35,M,168174
2026,36,M,169082
2026,37,M,165534
2026,38,M,158668
2026,39,M,151647
2026,40,M,146377
2026,41,M,143332
2026,42,M,142371
2026,43,M,143802
2026,44,M,144828
2026,45,M,142395
2026,46,M,136460
2026,47,M,130464
2026,48,M,127084
2026,49,M,127147
2026,50,M,129485
2026,51,M,132569
2026,52,M,135422
2026,53,M,135267
2026,54,M,132108
2026,55,M,128766
2026,56,M,126762
2026,57,M,126707
2026,58,M,127881
2026,59,M,128597
2026,60,M,128644
2026,61,M,128289
2026,62,M,127169
2026,63,M,124718
2026,64,M,121705
2026,65,M,118549
2026,66,M,114446
2026,67,M,109348
2026,68,M,103425
2026,69,M,97167
2026,70,M,91885
2026,71,M,87339
2026,72,M,83708
2026,73,M,79468
2026,74,M,73792
2026,75,M,69005
2026,76,M,65804
2026,77,M,62640
2026,78,M,57065
2026,79,M,51464
2026,80,M,48593
2026,81,M,46383
2026,82,M,43609
2026,83,M,40404
2026,84,M,36699
2026,85,M,32641
2026,86,M,29092
2026,87,M,25736
2026,88,M,22130
2026,89,M,19065
2026,90,M,16298
2026,91,M,13961
2026,92,M,11990
2026,93,M,9662
2026,94,M,8354
2026,95,M,7052
2026,96,M,5517
2026,97,M,4103
2026,98,M,2765
2026,99,M,1842
2026,100,M,3469
2027,0,H,68595
2027,1,H,71798
2027,2,H,77387
2027,3,H,86367
2027,4,H,96045
2027,5,H,98072
2027,6,H,101023
2027,7,H,110311
2027,8,H,118039
2027,9,H,121384
2027,10,H,124751
2027,11,H,131868
2027,12,H,137233
2027,13,H,136605
2027,14,H,134457
2027,15,H,135817
2027,16,H,137374
2027,17,H,138237
2027,18,H,137378
2027,19,H,134765
2027,20,H,131505
2027,21,H,129841
2027,22,H,129716
2027,23,H,131009
2027,24,H,134066
2027,25,H,137676
2027,26,H,141783
2027,27,H,144573
2027,28,H,147766
2027,29,H,151929
2027,30,H,155621
2027,31,H,158524
2027,32,H,162064
2027,33,H,165771
2027,34,H,167972
2027,35,H,170411
2027,36,H,172833
2027,37,H,173236
2027,38,H,169168
2027,39,H,161873
2027,40,H,154280
2027,41,H,148474
2027,42,H,144886
2027,43,H,143412
2027,44,H,144320
2027,45,H,144838
2027,46,H,142023
2027,47,H,135626
2027,48,H,129115
2027,49,H,125163
2027,50,H,124735
2027,51,H,126412
2027,52,H,128643
2027,53,H,130582
2027,54,H,129437
2027,55,H,125446
2027,56,H,121566
2027,57,H,118902
2027,58,H,117818
2027,59,H,118002
2027,60,H,117622
2027,61,H,116417
2027,62,H,114956
2027,63,H,113153
2027,64,H,110264
2027,65,H,107004
2027,66,H,103829
2027,67,H,99791
2027,68,H,94682
2027,69,H,88672
2027,70,H,82465
2027,71,H,77369
2027,72,H,73067
2027,73,H,69491
2027,74,H,65280
2027,75,H,59743
2027,76,H,54841
2027,77,H,51316
2027,78,H,47649
2027,79,H,41718
2027,80,H,36408
2027,81,H,33756
2027,82,H,31308
2027,83,H,28597
2027,84,H,25859
2027,85,H,22764
2027,86,H,19299
2027,87,H,16590
2027,88,H,14233
2027,89,H,11551
2027,90,H,9503
2027,91,H,7774
2027,92,H,6148
2027,93,H,4909
2027,94,H,3532
2027,95,H,2689
2027,96,H,2428
2027,97,H,2098
2027,98,H,1230
2027,99,H,612
2027,100,H,1151
2027,0,M,66123
2027,1,M,69224
2027,2,M,74962
2027,3,M,83491
2027,4,M,92904
2027,5,M,94903
2027,6,M,96775
2027,7,M,105650
2027,8,M,113639
2027,9,M,117101
2027,10,M,120629
2027,11,M,127433
2027,12,M,132090
2027,13,M,131521
2027,14,M,129871
2027,15,M,130774
2027,16,M,132375
2027,17,M,133705
2027,18,M,132684
2027,19,M,130053
2027,20,M,126978
2027,21,M,125002
2027,22,M,125310
2027,23,M,127127
2027,24,M,130085
2027,25,M,134355
2027,26,M,137770
2027,27,M,140075
2027,28,M,144107
2027,29,M,147860
2027,30,M,151064
2027,31,M,154504
2027,32,M,158438
2027,33,M,161938
2027,34,M,164005
2027,35,M,166487
2027,36,M,168950
2027,37,M,169800
2027,38,M,166208
2027,39,M,159299
2027,40,M,152237
2027,41,M,146920
2027,42,M,143833
2027,43,M,142824
2027,44,M,144216
2027,45,M,145210
2027,46,M,142752
2027,47,M,136801
2027,48,M,130790
2027,49,M,127392
2027,50,M,127419
2027,51,M,129713
2027,52,M,132749
2027,53,M,135551
2027,54,M,135344
2027,55,M,132141
2027,56,M,128762
2027,57,M,126719
2027,58,M,126615
2027,59,M,127723
2027,60,M,128372
2027,61,M,128345
2027,62,M,127918
2027,63,M,126718
2027,64,M,124195
2027,65,M,121100
2027,66,M,117864
2027,67,M,113679
2027,68,M,108518
2027,69,M,102542
2027,70,M,96240
2027,71,M,90902
2027,72,M,86292
2027,73,M,82584
2027,74,M,78265
2027,75,M,72527
2027,76,M,67657
2027,77,M,64346
2027,78,M,61081
2027,79,M,55484
2027,80,M,49875
2027,81,M,46906
2027,82,M,44565
2027,83,M,41678
2027,84,M,38390
2027,85,M,34649
2027,86,M,30594
2027,87,M,27040
2027,88,M,23695
2027,89,M,20164
2027,90,M,17175
2027,91,M,14501
2027,92,M,12245
2027,93,M,10347
2027,94,M,8189
2027,95,M,6941
2027,96,M,5744
2027,97,M,4399
2027,98,M,3193
2027,99,M,2090
2027,100,M,3865
2028,0,H,66998
2028,1,H,69124
2028,2,H,72462
2028,3,H,78110
2028,4,H,87113
2028,5,H,96789
2028,6,H,98808
2028,7,H,101749
2028,8,H,111029
2028,9,H,118749
2028,10,H,122088
2028,11,H,125432
2028,12,H,132527
2028,13,H,137869
2028,14,H,137203
2028,15,H,135029
2028,16,H,136413
2028,17,H,138098
2028,18,H,139109
2028,19,H,138357
2028,20,H,135770
2028,21,H,132531
2028,22,H,130881
2028,23,H,130768
2028,24,H,132068
2028,25,H,135147
2028,26,H,138775
2028,27,H,142882
2028,28,H,145655
2028,29,H,148823
2028,30,H,152956
2028,31,H,156607
2028,32,H,159447
2028,33,H,162911
2028,34,H,166533
2028,35,H,168669
2028,36,H,171035
2028,37,H,173387
2028,38,H,173713
2028,39,H,169585
2028,40,H,162232
2028,41,H,154588
2028,42,H,148724
2028,43,H,145085
2028,44,H,143559
2028,45,H,144420
2028,46,H,144899
2028,47,H,142047
2028,48,H,135622
2028,49,H,129079
2028,50,H,125086
2028,51,H,124611
2028,52,H,126237
2028,53,H,128404
2028,54,H,130270
2028,55,H,129064
2028,56,H,125018
2028,57,H,121090
2028,58,H,118370
2028,59,H,117214
2028,60,H,117308
2028,61,H,116836
2028,62,H,115550
2028,63,H,114014
2028,64,H,112128
2028,65,H,109160
2028,66,H,105815
2028,67,H,102546
2028,68,H,98437
2028,69,H,93285
2028,70,H,87247
2028,71,H,81013
2028,72,H,75872
2028,73,H,71508
2028,74,H,67846
2028,75,H,63557
2028,76,H,57975
2028,77,H,53027
2028,78,H,49417
2028,79,H,45687
2028,80,H,39837
2028,81,H,34611
2028,82,H,31927
2028,83,H,29440
2028,84,H,26714
2028,85,H,23983
2028,86,H,20942
2028,87,H,17584
2028,88,H,14953
2028,89,H,12683
2028,90,H,10162
2028,91,H,8239
2028,92,H,6630
2028,93,H,5145
2028,94,H,4021
2028,95,H,2823
2028,96,H,2088
2028,97,H,1824
2028,98,H,1521
2028,99,H,859
2028,100,H,1230
2028,0,M,64578
2028,1,M,66636
2028,2,M,69854
2028,3,M,75655
2028,4,M,84216
2028,5,M,93641
2028,6,M,95624
2028,7,M,97480
2028,8,M,106346
2028,9,M,114322
2028,10,M,117772
2028,11,M,121283
2028,12,M,128073
2028,13,M,132717
2028,14,M,132114
2028,15,M,130429
2028,16,M,131364
2028,17,M,133110
2028,18,M,134624
2028,19,M,133724
2028,20,M,131121
2028,21,M,128067
2028,22,M,126112
2028,23,M,126449
2028,24,M,128281
2028,25,M,131272
2028,26,M,135558
2028,27,M,138983
2028,28,M,141263
2028,29,M,145266
2028,30,M,148971
2028,31,M,152126
2028,32,M,155516
2028,33,M,159381
2028,34,M,162812
2028,35,M,164800
2028,36,M,167218
2028,37,M,169624
2028,38,M,170428
2028,39,M,166792
2028,40,M,159843
2028,41,M,152736
2028,42,M,147381
2028,43,M,144252
2028,44,M,143209
2028,45,M,144570
2028,46,M,145535
2028,47,M,143056
2028,48,M,137089
2028,49,M,131064
2028,50,M,127637
2028,51,M,127626
2028,52,M,129875
2028,53,M,132862
2028,54,M,135608
2028,55,M,135351
2028,56,M,132112
2028,57,M,128697
2028,58,M,126615
2028,59,M,126452
2028,60,M,127495
2028,61,M,128072
2028,62,M,127974
2028,63,M,127468
2028,64,M,126190
2028,65,M,123584
2028,66,M,120411
2028,67,M,117087
2028,68,M,112832
2028,69,M,107609
2028,70,M,101583
2028,71,M,95234
2028,72,M,89837
2028,73,M,85162
2028,74,M,81365
2028,75,M,76957
2028,76,M,71147
2028,77,M,66198
2028,78,M,62787
2028,79,M,59432
2028,80,M,53814
2028,81,M,48187
2028,82,M,45113
2028,83,M,42641
2028,84,M,39653
2028,85,M,36299
2028,86,M,32530
2028,87,M,28490
2028,88,M,24948
2028,89,M,21641
2028,90,M,18215
2028,91,M,15327
2028,92,M,12763
2028,93,M,10607
2028,94,M,8806
2028,95,M,6839
2028,96,M,5683
2028,97,M,4608
2028,98,M,3445
2028,99,M,2432
2028,100,M,4347
2029,0,H,65489
2029,1,H,67475
2029,2,H,69723
2029,3,H,73114
2029,4,H,78783
2029,5,H,87784
2029,6,H,97450
2029,7,H,99458
2029,8,H,102392
2029,9,H,111664
2029,10,H,119378
2029,11,H,122697
2029,12,H,126020
2029,13,H,133094
2029,14,H,138401
2029,15,H,137710
2029,16,H,135560
2029,17,H,137068
2029,18,H,138897
2029,19,H,140011
2029,20,H,139284
2029,21,H,136720
2029,22,H,133502
2029,23,H,131869
2029,24,H,131769
2029,25,H,133097
2029,26,H,136197
2029,27,H,139828
2029,28,H,143919
2029,29,H,146669
2029,30,H,149810
2029,31,H,153903
2029,32,H,157493
2029,33,H,160260
2029,34,H,163642
2029,35,H,167198
2029,36,H,169263
2029,37,H,171560
2029,38,H,173835
2029,39,H,174094
2029,40,H,169906
2029,41,H,162502
2029,42,H,154806
2029,43,H,148897
2029,44,H,145212
2029,45,H,143646
2029,46,H,144468
2029,47,H,144904
2029,48,H,142015
2029,49,H,135558
2029,50,H,128981
2029,51,H,124954
2029,52,H,124437
2029,53,H,126003
2029,54,H,128099
2029,55,H,129893
2029,56,H,128621
2029,57,H,124528
2029,58,H,120551
2029,59,H,117771
2029,60,H,116537
2029,61,H,116539
2029,62,H,115982
2029,63,H,114621
2029,64,H,113002
2029,65,H,111028
2029,66,H,107972
2029,67,H,104535
2029,68,H,101185
2029,69,H,97016
2029,70,H,91816
2029,71,H,85743
2029,72,H,79480
2029,73,H,74289
2029,74,H,69853
2029,75,H,66095
2029,76,H,61718
2029,77,H,56101
2029,78,H,51110
2029,79,H,47428
2029,80,H,43670
2029,81,H,37914
2029,82,H,32777
2029,83,H,30062
2029,84,H,27543
2029,85,H,24816
2029,86,H,22102
2029,87,H,19118
2029,88,H,15885
2029,89,H,13357
2029,90,H,11188
2029,91,H,8837
2029,92,H,7050
2029,93,H,5570
2029,94,H,4232
2029,95,H,3228
2029,96,H,2205
2029,97,H,1578
2029,98,H,1332
2029,99,H,1069
2029,100,H,1462
2029,0,M,63124
2029,1,M,65041
2029,2,M,67205
2029,3,M,70481
2029,4,M,76313
2029,5,M,84886
2029,6,M,94295
2029,7,M,96264
2029,8,M,98112
2029,9,M,106963
2029,10,M,114928
2029,11,M,118361
2029,12,M,121860
2029,13,M,128638
2029,14,M,133250
2029,15,M,132614
2029,16,M,130961
2029,17,M,132033
2029,18,M,133953
2029,19,M,135582
2029,20,M,134708
2029,21,M,132128
2029,22,M,129097
2029,23,M,127173
2029,24,M,127529
2029,25,M,129395
2029,26,M,132402
2029,27,M,136696
2029,28,M,140099
2029,29,M,142354
2029,30,M,146314
2029,31,M,149973
2029,32,M,153081
2029,33,M,156405
2029,34,M,160204
2029,35,M,163559
2029,36,M,165486
2029,37,M,167848
2029,38,M,170209
2029,39,M,170967
2029,40,M,167291
2029,41,M,160299
2029,42,M,153158
2029,43,M,147765
2029,44,M,144606
2029,45,M,143535
2029,46,M,144868
2029,47,M,145808
2029,48,M,143308
2029,49,M,137328
2029,50,M,131277
2029,51,M,127819
2029,52,M,127768
2029,53,M,129973
2029,54,M,132906
2029,55,M,135598
2029,56,M,135297
2029,57,M,132024
2029,58,M,128575
2029,59,M,126443
2029,60,M,126224
2029,61,M,127197
2029,62,M,127704
2029,63,M,127529
2029,64,M,126944
2029,65,M,125578
2029,66,M,122892
2029,67,M,119634
2029,68,M,116232
2029,69,M,111907
2029,70,M,106623
2029,71,M,100543
2029,72,M,94144
2029,73,M,88690
2029,74,M,83938
2029,75,M,80040
2029,76,M,75530
2029,77,M,69654
2029,78,M,64638
2029,79,M,61138
2029,80,M,57688
2029,81,M,52039
2029,82,M,46393
2029,83,M,43215
2029,84,M,40622
2029,85,M,37547
2029,86,M,34135
2029,87,M,30349
2029,88,M,26341
2029,89,M,22839
2029,90,M,19601
2029,91,M,16303
2029,92,M,13534
2029,93,M,11097
2029,94,M,9066
2029,95,M,7389
2029,96,M,5630
2029,97,M,4584
2029,98,M,3632
2029,99,M,2642
2029,100,M,4964
2030,0,H,64071
2030,1,H,65918
2030,2,H,68014
2030,3,H,70311
2030,4,H,73722
2030,5,H,79391
2030,6,H,88381
2030,7,H,98036
2030,8,H,100036
2030,9,H,102963
2030,10,H,112230
2030,11,H,119925
2030,12,H,123224
2030,13,H,126529
2030,14,H,133570
2030,15,H,138853
2030,16,H,138184
2030,17,H,136154
2030,18,H,137797
2030,19,H,139724
2030,20,H,140861
2030,21,H,140156
2030,22,H,137613
2030,23,H,134415
2030,24,H,132800
2030,25,H,132730
2030,26,H,134082
2030,27,H,137189
2030,28,H,140807
2030,29,H,144876
2030,30,H,147602
2030,31,H,150706
2030,32,H,154741
2030,33,H,158261
2030,34,H,160952
2030,35,H,164269
2030,36,H,167756
2030,37,H,169754
2030,38,H,171977
2030,39,H,174186
2030,40,H,174381
2030,41,H,170139
2030,42,H,162685
2030,43,H,154949
2030,44,H,149000
2030,45,H,145281
2030,46,H,143682
2030,47,H,144462
2030,48,H,144854
2030,49,H,141925
2030,50,H,135434
2030,51,H,128831
2030,52,H,124775
2030,53,H,124208
2030,54,H,125708
2030,55,H,127734
2030,56,H,129451
2030,57,H,128118
2030,58,H,123977
2030,59,H,119948
2030,60,H,117103
2030,61,H,115789
2030,62,H,115706
2030,63,H,115070
2030,64,H,113626
2030,65,H,111918
2030,66,H,109846
2030,67,H,106696
2030,68,H,103180
2030,69,H,99756
2030,70,H,95522
2030,71,H,90268
2030,72,H,84156
2030,73,H,77859
2030,74,H,72609
2030,75,H,68092
2030,76,H,64227
2030,77,H,59769
2030,78,H,54120
2030,79,H,49100
2030,80,H,45382
2030,81,H,41608
2030,82,H,35949
2030,83,H,30904
2030,84,H,28166
2030,85,H,25628
2030,86,H,22909
2030,87,H,20217
2030,88,H,17308
2030,89,H,14225
2030,90,H,11813
2030,91,H,9758
2030,92,H,7587
2030,93,H,5944
2030,94,H,4601
2030,95,H,3414
2030,96,H,2534
2030,97,H,1678
2030,98,H,1160
2030,99,H,943
2030,100,H,1779
2030,0,M,61754
2030,1,M,63539
2030,2,M,65552
2030,3,M,67770
2030,4,M,71074
2030,5,M,76918
2030,6,M,85476
2030,7,M,94871
2030,8,M,96832
2030,9,M,98667
2030,10,M,107507
2030,11,M,115456
2030,12,M,118879
2030,13,M,122367
2030,14,M,129115
2030,15,M,133696
2030,16,M,133089
2030,17,M,131565
2030,18,M,132801
2030,19,M,134830
2030,20,M,136485
2030,21,M,135634
2030,22,M,133077
2030,23,M,130080
2030,24,M,128178
2030,25,M,128568
2030,26,M,130450
2030,27,M,133464
2030,28,M,137740
2030,29,M,141120
2030,30,M,143339
2030,31,M,147255
2030,32,M,150870
2030,33,M,153914
2030,34,M,157177
2030,35,M,160904
2030,36,M,164200
2030,37,M,166073
2030,38,M,168393
2030,39,M,170708
2030,40,M,171425
2030,41,M,167704
2030,42,M,160680
2030,43,M,153504
2030,44,M,148085
2030,45,M,144902
2030,46,M,143807
2030,47,M,145115
2030,48,M,146030
2030,49,M,143512
2030,50,M,137506
2030,51,M,131429
2030,52,M,127938
2030,53,M,127850
2030,54,M,130006
2030,55,M,132888
2030,56,M,135530
2030,57,M,135188
2030,58,M,131881
2030,59,M,128389
2030,60,M,126210
2030,61,M,125930
2030,62,M,126834
2030,63,M,127265
2030,64,M,127013
2030,65,M,126339
2030,66,M,124888
2030,67,M,122116
2030,68,M,118779
2030,69,M,115300
2030,70,M,110905
2030,71,M,105557
2030,72,M,99420
2030,73,M,92972
2030,74,M,87448
2030,75,M,82607
2030,76,M,78596
2030,77,M,73988
2030,78,M,68057
2030,79,M,62986
2030,80,M,59390
2030,81,M,55832
2030,82,M,50151
2030,83,M,44491
2030,84,M,41221
2030,85,M,38519
2030,86,M,35365
2030,87,M,31904
2030,88,M,28117
2030,89,M,24171
2030,90,M,20739
2030,91,M,17594
2030,92,M,14443
2030,93,M,11811
2030,94,M,9524
2030,95,M,7641
2030,96,M,6113
2030,97,M,4568
2030,98,M,3633
2030,99,M,2805
2030,100,M,5587
2031,0,H,62739
2031,1,H,64456
2031,2,H,66407
2031,3,H,68550
2031,4,H,70867
2031,5,H,74278
2031,6,H,79938
2031,7,H,88917
2031,8,H,98565
2031,9,H,100559
2031,10,H,103481
2031,11,H,112730
2031,12,H,120406
2031,13,H,123689
2031,14,H,126964
2031,15,H,133982
2031,16,H,139282
2031,17,H,138722
2031,18,H,136816
2031,19,H,138548
2031,20,H,140493
2031,21,H,141646
2031,22,H,140957
2031,23,H,138430
2031,24,H,135249
2031,25,H,133663
2031,26,H,133619
2031,27,H,134981
2031,28,H,138077
2031,29,H,141679
2031,30,H,145729
2031,31,H,148425
2031,32,H,151477
2031,33,H,155447
2031,34,H,158896
2031,35,H,161527
2031,36,H,164781
2031,37,H,168204
2031,38,H,170132
2031,39,H,172293
2031,40,H,174440
2031,41,H,174578
2031,42,H,170284
2031,43,H,162791
2031,44,H,155020
2031,45,H,149043
2031,46,H,145297
2031,47,H,143664
2031,48,H,144402
2031,49,H,144747
2031,50,H,141775
2031,51,H,135257
2031,52,H,128634
2031,53,H,124541
2031,54,H,123919
2031,55,H,125355
2031,56,H,127306
2031,57,H,128949
2031,58,H,127555
2031,59,H,123363
2031,60,H,119277
2031,61,H,116365
2031,62,H,114978
2031,63,H,114815
2031,64,H,114090
2031,65,H,112557
2031,66,H,110750
2031,67,H,108573
2031,68,H,105340
2031,69,H,101751
2031,70,H,98250
2031,71,H,93942
2031,72,H,88629
2031,73,H,82471
2031,74,H,76132
2031,75,H,70814
2031,76,H,66205
2031,77,H,62237
2031,78,H,57698
2031,79,H,52032
2031,80,H,47022
2031,81,H,43277
2031,82,H,39489
2031,83,H,33931
2031,84,H,28989
2031,85,H,26241
2031,86,H,23693
2031,87,H,20989
2031,88,H,18335
2031,89,H,15528
2031,90,H,12608
2031,91,H,10327
2031,92,H,8400
2031,93,H,6417
2031,94,H,4926
2031,95,H,3726
2031,96,H,2691
2031,97,H,1938
2031,98,H,1241
2031,99,H,827
2031,100,H,1920
2031,0,M,60461
2031,1,M,62121
2031,2,M,63995
2031,3,M,66058
2031,4,M,68303
2031,5,M,71619
2031,6,M,77450
2031,7,M,85995
2031,8,M,95382
2031,9,M,97331
2031,10,M,99156
2031,11,M,107983
2031,12,M,115922
2031,13,M,119333
2031,14,M,122793
2031,15,M,129512
2031,16,M,134118
2031,17,M,133631
2031,18,M,132260
2031,19,M,133596
2031,20,M,135647
2031,21,M,137321
2031,22,M,136492
2031,23,M,133967
2031,24,M,130992
2031,25,M,129124
2031,26,M,129531
2031,27,M,131421
2031,28,M,134421
2031,29,M,138679
2031,30,M,142029
2031,31,M,144209
2031,32,M,148085
2031,33,M,151640
2031,34,M,154628
2031,35,M,157823
2031,36,M,161495
2031,37,M,164738
2031,38,M,166572
2031,39,M,168848
2031,40,M,171124
2031,41,M,171796
2031,42,M,168042
2031,43,M,160986
2031,44,M,153788
2031,45,M,148348
2031,46,M,145144
2031,47,M,144028
2031,48,M,145312
2031,49,M,146204
2031,50,M,143657
2031,51,M,137625
2031,52,M,131520
2031,53,M,127999
2031,54,M,127870
2031,55,M,129979
2031,56,M,132814
2031,57,M,135408
2031,58,M,135025
2031,59,M,131676
2031,60,M,128143
2031,61,M,125913
2031,62,M,125573
2031,63,M,126402
2031,64,M,126755
2031,65,M,126416
2031,66,M,125655
2031,67,M,124111
2031,68,M,121257
2031,69,M,117843
2031,70,M,114285
2031,71,M,109815
2031,72,M,104398
2031,73,M,98204
2031,74,M,91695
2031,75,M,86089
2031,76,M,81148
2031,77,M,77023
2031,78,M,72325
2031,79,M,66353
2031,80,M,61222
2031,81,M,57516
2031,82,M,53844
2031,83,M,48134
2031,84,M,42478
2031,85,M,39128
2031,86,M,36324
2031,87,M,33097
2031,88,M,29602
2031,89,M,25844
2031,90,M,21990
2031,91,M,18655
2031,92,M,15624
2031,93,M,12638
2031,94,M,10166
2031,95,M,8055
2031,96,M,6345
2031,97,M,4980
2031,98,M,3639
2031,99,M,2820
2031,100,M,6181
2032,0,H,61480
2032,1,H,63076
2032,2,H,64890
2032,3,H,66886
2032,4,H,69049
2032,5,H,71366
2032,6,H,74770
2032,7,H,80421
2032,8,H,89393
2032,9,H,99035
2032,10,H,101025
2032,11,H,103932
2032,12,H,113163
2032,13,H,120823
2032,14,H,124078
2032,15,H,127332
2032,16,H,134363
2032,17,H,139758
2032,18,H,139310
2032,19,H,137483
2032,20,H,139228
2032,21,H,141183
2032,22,H,142347
2032,23,H,141669
2032,24,H,139156
2032,25,H,136003
2032,26,H,134444
2032,27,H,134412
2032,28,H,135770
2032,29,H,138856
2032,30,H,142444
2032,31,H,146469
2032,32,H,149120
2032,33,H,152114
2032,34,H,156019
2032,35,H,159412
2032,36,H,161985
2032,37,H,165180
2032,38,H,168538
2032,39,H,170409
2032,40,H,172513
2032,41,H,174602
2032,42,H,174684
2032,43,H,170349
2032,44,H,162823
2032,45,H,155030
2032,46,H,149033
2032,47,H,145258
2032,48,H,143590
2032,49,H,144282
2032,50,H,144577
2032,51,H,141569
2032,52,H,135030
2032,53,H,128380
2032,54,H,124246
2032,55,H,123570
2032,56,H,124938
2032,57,H,126818
2032,58,H,128385
2032,59,H,126924
2032,60,H,122675
2032,61,H,118531
2032,62,H,115560
2032,63,H,114106
2032,64,H,113851
2032,65,H,113033
2032,66,H,111400
2032,67,H,109486
2032,68,H,107213
2032,69,H,103903
2032,70,H,100239
2032,71,H,96649
2032,72,H,92261
2032,73,H,86880
2032,74,H,80668
2032,75,H,74278
2032,76,H,68882
2032,77,H,64185
2032,78,H,60114
2032,79,H,55506
2032,80,H,49862
2032,81,H,44873
2032,82,H,41105
2032,83,H,37303
2032,84,H,31860
2032,85,H,27035
2032,86,H,24287
2032,87,H,21734
2032,88,H,19061
2032,89,H,16473
2032,90,H,13786
2032,91,H,11044
2032,92,H,8908
2032,93,H,7120
2032,94,H,5332
2032,95,H,4001
2032,96,H,2947
2032,97,H,2066
2032,98,H,1439
2032,99,H,889
2032,100,H,1944
2032,0,M,59242
2032,1,M,60777
2032,2,M,62521
2032,3,M,64443
2032,4,M,66533
2032,5,M,68790
2032,6,M,72095
2032,7,M,77914
2032,8,M,86451
2032,9,M,95828
2032,10,M,97768
2032,11,M,99582
2032,12,M,108399
2032,13,M,116326
2032,14,M,119712
2032,15,M,123145
2032,16,M,129885
2032,17,M,134596
2032,18,M,134246
2032,19,M,132964
2032,20,M,134317
2032,21,M,136382
2032,22,M,138073
2032,23,M,137270
2032,24,M,134766
2032,25,M,131824
2032,26,M,129973
2032,27,M,130392
2032,28,M,132272
2032,29,M,135261
2032,30,M,139495
2032,31,M,142813
2032,32,M,144959
2032,33,M,148781
2032,34,M,152284
2032,35,M,155208
2032,36,M,158353
2032,37,M,161977
2032,38,M,165184
2032,39,M,166978
2032,40,M,169218
2032,41,M,171451
2032,42,M,172090
2032,43,M,168305
2032,44,M,161227
2032,45,M,154011
2032,46,M,148554
2032,47,M,145333
2032,48,M,144197
2032,49,M,145459
2032,50,M,146319
2032,51,M,143741
2032,52,M,137682
2032,53,M,131553
2032,54,M,128001
2032,55,M,127832
2032,56,M,129898
2032,57,M,132686
2032,58,M,135233
2032,59,M,134800
2032,60,M,131410
2032,61,M,127834
2032,62,M,125553
2032,63,M,125146
2032,64,M,125897
2032,65,M,126163
2032,66,M,125736
2032,67,M,124879
2032,68,M,123246
2032,69,M,120310
2032,70,M,116817
2032,71,M,113174
2032,72,M,108622
2032,73,M,103135
2032,74,M,96871
2032,75,M,90288
2032,76,M,84588
2032,77,M,79546
2032,78,M,75316
2032,79,M,70538
2032,80,M,64518
2032,81,M,59315
2032,82,M,55494
2032,83,M,51706
2032,84,M,45984
2032,85,M,40350
2032,86,M,36927
2032,87,M,34024
2032,88,M,30739
2032,89,M,27239
2032,90,M,23541
2032,91,M,19808
2032,92,M,16592
2032,93,M,13695
2032,94,M,10900
2032,95,M,8617
2032,96,M,6705
2032,97,M,5182
2032,98,M,3978
2032,99,M,2834
2032,100,M,6644
2033,0,H,60292
2033,1,H,61763
2033,2,H,63450
2033,3,H,65307
2033,4,H,67323
2033,5,H,69488
2033,6,H,71798
2033,7,H,75195
2033,8,H,80839
2033,9,H,89806
2033,10,H,99444
2033,11,H,101421
2033,12,H,104312
2033,13,H,113528
2033,14,H,121162
2033,15,H,124396
2033,16,H,127661
2033,17,H,134775
2033,18,H,140266
2033,19,H,139885
2033,20,H,138066
2033,21,H,139817
2033,22,H,141777
2033,23,H,142947
2033,24,H,142279
2033,25,H,139792
2033,26,H,136666
2033,27,H,135122
2033,28,H,135092
2033,29,H,136447
2033,30,H,139526
2033,31,H,143096
2033,32,H,147082
2033,33,H,149682
2033,34,H,152617
2033,35,H,156471
2033,36,H,159811
2033,37,H,162330
2033,38,H,165467
2033,39,H,168771
2033,40,H,170590
2033,41,H,172641
2033,42,H,174676
2033,43,H,174713
2033,44,H,170341
2033,45,H,162794
2033,46,H,154986
2033,47,H,148966
2033,48,H,145163
2033,49,H,143457
2033,50,H,144101
2033,51,H,144352
2033,52,H,141313
2033,53,H,134746
2033,54,H,128064
2033,55,H,123892
2033,56,H,123159
2033,57,H,124461
2033,58,H,126267
2033,59,H,127753
2033,60,H,126219
2033,61,H,121913
2033,62,H,117719
2033,63,H,114693
2033,64,H,113162
2033,65,H,112811
2033,66,H,111888
2033,67,H,110148
2033,68,H,108135
2033,69,H,105773
2033,70,H,102382
2033,71,H,98630
2033,72,H,94945
2033,73,H,90468
2033,74,H,85008
2033,75,H,78733
2033,76,H,72282
2033,77,H,66812
2033,78,H,62029
2033,79,H,57864
2033,80,H,53224
2033,81,H,47616
2033,82,H,42653
2033,83,H,38861
2033,84,H,35056
2033,85,H,29743
2033,86,H,25050
2033,87,H,22305
2033,88,H,19765
2033,89,H,17151
2033,90,H,14649
2033,91,H,12097
2033,92,H,9545
2033,93,H,7567
2033,94,H,5931
2033,95,H,4342
2033,96,H,3174
2033,97,H,2271
2033,98,H,1541
2033,99,H,1036
2033,100,H,2011
2033,0,M,58093
2033,1,M,59503
2033,2,M,61117
2033,3,M,62907
2033,4,M,64855
2033,5,M,66958
2033,6,M,69205
2033,7,M,72499
2033,8,M,78312
2033,9,M,86840
2033,10,M,96208
2033,11,M,98138
2033,12,M,99944
2033,13,M,108751
2033,14,M,116655
2033,15,M,120015
2033,16,M,123465
2033,17,M,130297
2033,18,M,135126
2033,19,M,134852
2033,20,M,133583
2033,21,M,134944
2033,22,M,137020
2033,23,M,138733
2033,24,M,137949
2033,25,M,135475
2033,26,M,132552
2033,27,M,130716
2033,28,M,131130
2033,29,M,133006
2033,30,M,135978
2033,31,M,140188
2033,32,M,143477
2033,33,M,145575
2033,34,M,149350
2033,35,M,152795
2033,36,M,155674
2033,37,M,158777
2033,38,M,162367
2033,39,M,165537
2033,40,M,167299
2033,41,M,169500
2033,42,M,171702
2033,43,M,172308
2033,44,M,168500
2033,45,M,161406
2033,46,M,154176
2033,47,M,148705
2033,48,M,145469
2033,49,M,144316
2033,50,M,145547
2033,51,M,146373
2033,52,M,143764
2033,53,M,137681
2033,54,M,131526
2033,55,M,127943
2033,56,M,127740
2033,57,M,129764
2033,58,M,132505
2033,59,M,134996
2033,60,M,134516
2033,61,M,131082
2033,62,M,127460
2033,63,M,125124
2033,64,M,124647
2033,65,M,125312
2033,66,M,125489
2033,67,M,124967
2033,68,M,124017
2033,69,M,122293
2033,70,M,119273
2033,71,M,115694
2033,72,M,111960
2033,73,M,107323
2033,74,M,101751
2033,75,M,95403
2033,76,M,88735
2033,77,M,82941
2033,78,M,77807
2033,79,M,73479
2033,80,M,68611
2033,81,M,62534
2033,82,M,57256
2033,83,M,53318
2033,84,M,49425
2033,85,M,43709
2033,86,M,38109
2033,87,M,34619
2033,88,M,31631
2033,89,M,28316
2033,90,M,24842
2033,91,M,21235
2033,92,M,17645
2033,93,M,14569
2033,94,M,11835
2033,95,M,9260
2033,96,M,7191
2033,97,M,5491
2033,98,M,4152
2033,99,M,3108
2033,100,M,7012
2034,0,H,59191
2034,1,H,60520
2034,2,H,62076
2034,3,H,63803
2034,4,H,65680
2034,5,H,67699
2034,6,H,69858
2034,7,H,72162
2034,8,H,75553
2034,9,H,81194
2034,10,H,90158
2034,11,H,99783
2034,12,H,101746
2034,13,H,104624
2034,14,H,113816
2034,15,H,121429
2034,16,H,124671
2034,17,H,128008
2034,18,H,135202
2034,19,H,140746
2034,20,H,140366
2034,21,H,138551
2034,22,H,140301
2034,23,H,142263
2034,24,H,143439
2034,25,H,142793
2034,26,H,140332
2034,27,H,137225
2034,28,H,135688
2034,29,H,135662
2034,30,H,137017
2034,31,H,140085
2034,32,H,143624
2034,33,H,147564
2034,34,H,150113
2034,35,H,153004
2034,36,H,156809
2034,37,H,160101
2034,38,H,162568
2034,39,H,165657
2034,40,H,168911
2034,41,H,170682
2034,42,H,172683
2034,43,H,174674
2034,44,H,174670
2034,45,H,170274
2034,46,H,162712
2034,47,H,154886
2034,48,H,148844
2034,49,H,145010
2034,50,H,143264
2034,51,H,143866
2034,52,H,144078
2034,53,H,140999
2034,54,H,134401
2034,55,H,127690
2034,56,H,123477
2034,57,H,122691
2034,58,H,123925
2034,59,H,125652
2034,60,H,127049
2034,61,H,125439
2034,62,H,121084
2034,63,H,116845
2034,64,H,113757
2034,65,H,112143
2034,66,H,111685
2034,67,H,110648
2034,68,H,108809
2034,69,H,106704
2034,70,H,104247
2034,71,H,100763
2034,72,H,96917
2034,73,H,93127
2034,74,H,88547
2034,75,H,82999
2034,76,H,76648
2034,77,H,70143
2034,78,H,64600
2034,79,H,59742
2034,80,H,55520
2034,81,H,50861
2034,82,H,45293
2034,83,H,40357
2034,84,H,36552
2034,85,H,32758
2034,86,H,27588
2034,87,H,23033
2034,88,H,20310
2034,89,H,17810
2034,90,H,15277
2034,91,H,12877
2034,92,H,10476
2034,93,H,8127
2034,94,H,6318
2034,95,H,4843
2034,96,H,3456
2034,97,H,2455
2034,98,H,1701
2034,99,H,1115
2034,100,H,2170
2034,0,M,57030
2034,1,M,58299
2034,2,M,59781
2034,3,M,61439
2034,4,M,63255
2034,5,M,65216
2034,6,M,67310
2034,7,M,69549
2034,8,M,72839
2034,9,M,78643
2034,10,M,87164
2034,11,M,96522
2034,12,M,98445
2034,13,M,100244
2034,14,M,109028
2034,15,M,116907
2034,16,M,120280
2034,17,M,123810
2034,18,M,130742
2034,19,M,135633
2034,20,M,135365
2034,21,M,134099
2034,22,M,135467
2034,23,M,137561
2034,24,M,139290
2034,25,M,138533
2034,26,M,136078
2034,27,M,133172
2034,28,M,131339
2034,29,M,131755
2034,30,M,133622
2034,31,M,136578
2034,32,M,140764
2034,33,M,144011
2034,34,M,146067
2034,35,M,149790
2034,36,M,153195
2034,37,M,156036
2034,38,M,159109
2034,39,M,162667
2034,40,M,165807
2034,41,M,167534
2034,42,M,169707
2034,43,M,171878
2034,44,M,172461
2034,45,M,168636
2034,46,M,161529
2034,47,M,154288
2034,48,M,148805
2034,49,M,145556
2034,50,M,144377
2034,51,M,145576
2034,52,M,146367
2034,53,M,143728
2034,54,M,137620
2034,55,M,131441
2034,56,M,127834
2034,57,M,127595
2034,58,M,129578
2034,59,M,132266
2034,60,M,134702
2034,61,M,134168
2034,62,M,130689
2034,63,M,127019
2034,64,M,124624
2034,65,M,124070
2034,66,M,124647
2034,67,M,124728
2034,68,M,124112
2034,69,M,123068
2034,70,M,121250
2034,71,M,118139
2034,72,M,114467
2034,73,M,110636
2034,74,M,105900
2034,75,M,100229
2034,76,M,93783
2034,77,M,87029
2034,78,M,81151
2034,79,M,75934
2034,80,M,71498
2034,81,M,66527
2034,82,M,60390
2034,83,M,55040
2034,84,M,50996
2034,85,M,47010
2034,86,M,41312
2034,87,M,35757
2034,88,M,32215
2034,89,M,29169
2034,90,M,25856
2034,91,M,22438
2034,92,M,18944
2034,93,M,15520
2034,94,M,12614
2034,95,M,10075
2034,96,M,7745
2034,97,M,5904
2034,98,M,4412
2034,99,M,3254
2034,100,M,7504
2035,0,H,58264
2035,1,H,59365
2035,2,H,60771
2035,3,H,62365
2035,4,H,64113
2035,5,H,65994
2035,6,H,68009
2035,7,H,70161
2035,8,H,72461
2035,9,H,75849
2035,10,H,81487
2035,11,H,90440
2035,12,H,100053
2035,13,H,102004
2035,14,H,104862
2035,15,H,114034
2035,16,H,121650
2035,17,H,124951
2035,18,H,128356
2035,19,H,135591
2035,20,H,141126
2035,21,H,140743
2035,22,H,138926
2035,23,H,140674
2035,24,H,142639
2035,25,H,143834
2035,26,H,143212
2035,27,H,140770
2035,28,H,137676
2035,29,H,136149
2035,30,H,136132
2035,31,H,137485
2035,32,H,140528
2035,33,H,144029
2035,34,H,147923
2035,35,H,150433
2035,36,H,153283
2035,37,H,157045
2035,38,H,160289
2035,39,H,162714
2035,40,H,165758
2035,41,H,168967
2035,42,H,170694
2035,43,H,172654
2035,44,H,174604
2035,45,H,174570
2035,46,H,170155
2035,47,H,162576
2035,48,H,154733
2035,49,H,148666
2035,50,H,144799
2035,51,H,143020
2035,52,H,143583
2035,53,H,143747
2035,54,H,140625
2035,55,H,133997
2035,56,H,127256
2035,57,H,123007
2035,58,H,122165
2035,59,H,123326
2035,60,H,124967
2035,61,H,126271
2035,62,H,124594
2035,63,H,120194
2035,64,H,115902
2035,65,H,112746
2035,66,H,111040
2035,67,H,110466
2035,68,H,109324
2035,69,H,107391
2035,70,H,105187
2035,71,H,102623
2035,72,H,99039
2035,73,H,95088
2035,74,H,91179
2035,75,H,86485
2035,76,H,80833
2035,77,H,74414
2035,78,H,67855
2035,79,H,62254
2035,80,H,57357
2035,81,H,53089
2035,82,H,48413
2035,83,H,42889
2035,84,H,37993
2035,85,H,34187
2035,86,H,30415
2035,87,H,25397
2035,88,H,21000
2035,89,H,18327
2035,90,H,15888
2035,91,H,13452
2035,92,H,11173
2035,93,H,8939
2035,94,H,6802
2035,95,H,5173
2035,96,H,3867
2035,97,H,2682
2035,98,H,1846
2035,99,H,1236
2035,100,H,2346
2035,0,M,56132
2035,1,M,57182
2035,2,M,58518
2035,3,M,60041
2035,4,M,61724
2035,5,M,63553
2035,6,M,65507
2035,7,M,67595
2035,8,M,69830
2035,9,M,73112
2035,10,M,78911
2035,11,M,87424
2035,12,M,96775
2035,13,M,98691
2035,14,M,100471
2035,15,M,109232
2035,16,M,117119
2035,17,M,120557
2035,18,M,124172
2035,19,M,131153
2035,20,M,136042
2035,21,M,135772
2035,22,M,134509
2035,23,M,135891
2035,24,M,137999
2035,25,M,139751
2035,26,M,139014
2035,27,M,136579
2035,28,M,133681
2035,29,M,131856
2035,30,M,132272
2035,31,M,134130
2035,32,M,137069
2035,33,M,141217
2035,34,M,144427
2035,35,M,146438
2035,36,M,150126
2035,37,M,153497
2035,38,M,156313
2035,39,M,159357
2035,40,M,162887
2035,41,M,165996
2035,42,M,167698
2035,43,M,169844
2035,44,M,171993
2035,45,M,172556
2035,46,M,168716
2035,47,M,161599
2035,48,M,154350
2035,49,M,148859
2035,50,M,145588
2035,51,M,144382
2035,52,M,145547
2035,53,M,146304
2035,54,M,143635
2035,55,M,137503
2035,56,M,131306
2035,57,M,127673
2035,58,M,127402
2035,59,M,129337
2035,60,M,131972
2035,61,M,134346
2035,62,M,133757
2035,63,M,130230
2035,64,M,126509
2035,65,M,124049
2035,66,M,123415
2035,67,M,123897
2035,68,M,123883
2035,69,M,123173
2035,70,M,122030
2035,71,M,120109
2035,72,M,116901
2035,73,M,113130
2035,74,M,109188
2035,75,M,104336
2035,76,M,98548
2035,77,M,92003
2035,78,M,85176
2035,79,M,79223
2035,80,M,73914
2035,81,M,69353
2035,82,M,64275
2035,83,M,58082
2035,84,M,52673
2035,85,M,48536
2035,86,M,44463
2035,87,M,38794
2035,88,M,33305
2035,89,M,29739
2035,90,M,26666
2035,91,M,23384
2035,92,M,20047
2035,93,M,16690
2035,94,M,13463
2035,95,M,10760
2035,96,M,8447
2035,97,M,6376
2035,98,M,4757
2035,99,M,3469
2035,100,M,7993
2036,0,H,57590
2036,1,H,58386
2036,2,H,59558
2036,3,H,61001
2036,4,H,62615
2036,5,H,64367
2036,6,H,66245
2036,7,H,68255
2036,8,H,70403
2036,9,H,72701
2036,10,H,76088
2036,11,H,81716
2036,12,H,90658
2036,13,H,100260
2036,14,H,102193
2036,15,H,105033
2036,16,H,114205
2036,17,H,121867
2036,18,H,125222
2036,19,H,128658
2036,20,H,135879
2036,21,H,141402
2036,22,H,141011
2036,23,H,139191
2036,24,H,140941
2036,25,H,142922
2036,26,H,144138
2036,27,H,143536
2036,28,H,141110
2036,29,H,138033
2036,30,H,136523
2036,31,H,136510
2036,32,H,137847
2036,33,H,140860
2036,34,H,144321
2036,35,H,148181
2036,36,H,150654
2036,37,H,153467
2036,38,H,157187
2036,39,H,160392
2036,40,H,162779
2036,41,H,165782
2036,42,H,168949
2036,43,H,170639
2036,44,H,172562
2036,45,H,174482
2036,46,H,174422
2036,47,H,169985
2036,48,H,162389
2036,49,H,154526
2036,50,H,148432
2036,51,H,144540
2036,52,H,142730
2036,53,H,143247
2036,54,H,143357
2036,55,H,140193
2036,56,H,133534
2036,57,H,126768
2036,58,H,122481
2036,59,H,121579
2036,60,H,122661
2036,61,H,124211
2036,62,H,125430
2036,63,H,123687
2036,64,H,119234
2036,65,H,114884
2036,66,H,111652
2036,67,H,109847
2036,68,H,109164
2036,69,H,107920
2036,70,H,105888
2036,71,H,103574
2036,72,H,100893
2036,73,H,97198
2036,74,H,93129
2036,75,H,89088
2036,76,H,84262
2036,77,H,78512
2036,78,H,72022
2036,79,H,65427
2036,80,H,59805
2036,81,H,54881
2036,82,H,50569
2036,83,H,45879
2036,84,H,40410
2036,85,H,35568
2036,86,H,31774
2036,87,H,28030
2036,88,H,23184
2036,89,H,18976
2036,90,H,16373
2036,91,H,14014
2036,92,H,11693
2036,93,H,9553
2036,94,H,7499
2036,95,H,5584
2036,96,H,4143
2036,97,H,3011
2036,98,H,2025
2036,99,H,1347
2036,100,H,2566
2036,0,M,55481
2036,1,M,56233
2036,2,M,57343
2036,3,M,58720
2036,4,M,60267
2036,5,M,61963
2036,6,M,63787
2036,7,M,65736
2036,8,M,67820
2036,9,M,70050
2036,10,M,73328
2036,11,M,79120
2036,12,M,87628
2036,13,M,96971
2036,14,M,98870
2036,15,M,100628
2036,16,M,109395
2036,17,M,117334
2036,18,M,120840
2036,19,M,124492
2036,20,M,131466
2036,21,M,136347
2036,22,M,136076
2036,23,M,134823
2036,24,M,136216
2036,25,M,138346
2036,26,M,140118
2036,27,M,139402
2036,28,M,136980
2036,29,M,134097
2036,30,M,132280
2036,31,M,132693
2036,32,M,134539
2036,33,M,137447
2036,34,M,141563
2036,35,M,144732
2036,36,M,146713
2036,37,M,150371
2036,38,M,153721
2036,39,M,156512
2036,40,M,159532
2036,41,M,163033
2036,42,M,166119
2036,43,M,167798
2036,44,M,169926
2036,45,M,172055
2036,46,M,172600
2036,47,M,168747
2036,48,M,161623
2036,49,M,154369
2036,50,M,148860
2036,51,M,145566
2036,52,M,144333
2036,53,M,145465
2036,54,M,146186
2036,55,M,143488
2036,56,M,137338
2036,57,M,131122
2036,58,M,127467
2036,59,M,127157
2036,60,M,129045
2036,61,M,131621
2036,62,M,133931
2036,63,M,133282
2036,64,M,129704
2036,65,M,125925
2036,66,M,123398
2036,67,M,122680
2036,68,M,123067
2036,69,M,122956
2036,70,M,122146
2036,71,M,120896
2036,72,M,118866
2036,73,M,115553
2036,74,M,111669
2036,75,M,107596
2036,76,M,102609
2036,77,M,96702
2036,78,M,90069
2036,79,M,83178
2036,80,M,77141
2036,81,M,71724
2036,82,M,67034
2036,83,M,61849
2036,84,M,55615
2036,85,M,50163
2036,86,M,45939
2036,87,M,41786
2036,88,M,36167
2036,89,M,30777
2036,90,M,27218
2036,91,M,24147
2036,92,M,20921
2036,93,M,17690
2036,94,M,14504
2036,95,M,11508
2036,96,M,9041
2036,97,M,6970
2036,98,M,5151
2036,99,M,3752
2036,100,M,8534
2037,0,H,57156
2037,1,H,57665
2037,2,H,58527
2037,3,H,59733
2037,4,H,61195
2037,5,H,62815
2037,6,H,64566
2037,7,H,66439
2037,8,H,68446
2037,9,H,70593
2037,10,H,72889
2037,11,H,76268
2037,12,H,81888
2037,13,H,90820
2037,14,H,100404
2037,15,H,102321
2037,16,H,105159
2037,17,H,114366
2037,18,H,122069
2037,19,H,125445
2037,20,H,128865
2037,21,H,136068
2037,22,H,141576
2037,23,H,141177
2037,24,H,139359
2037,25,H,141123
2037,26,H,143125
2037,27,H,144362
2037,28,H,143777
2037,29,H,141372
2037,30,H,138318
2037,31,H,136820
2037,32,H,136799
2037,33,H,138113
2037,34,H,141091
2037,35,H,144523
2037,36,H,148350
2037,37,H,150792
2037,38,H,153569
2037,39,H,157254
2037,40,H,160424
2037,41,H,162774
2037,42,H,165739
2037,43,H,168871
2037,44,H,170528
2037,45,H,172423
2037,46,H,174316
2037,47,H,174228
2037,48,H,169767
2037,49,H,162151
2037,50,H,154266
2037,51,H,148154
2037,52,H,144238
2037,53,H,142390
2037,54,H,142855
2037,55,H,142913
2037,56,H,139704
2037,57,H,133017
2037,58,H,126225
2037,59,H,121897
2037,60,H,120931
2037,61,H,121929
2037,62,H,123394
2037,63,H,124528
2037,64,H,122710
2037,65,H,118200
2037,66,H,113785
2037,67,H,110470
2037,68,H,108572
2037,69,H,107784
2037,70,H,106432
2037,71,H,104288
2037,72,H,101854
2037,73,H,99046
2037,74,H,95226
2037,75,H,91026
2037,76,H,86831
2037,77,H,81877
2037,78,H,76026
2037,79,H,69482
2037,80,H,62890
2037,81,H,57259
2037,82,H,52313
2037,83,H,47957
2037,84,H,43262
2037,85,H,37865
2037,86,H,33090
2037,87,H,29314
2037,88,H,25619
2037,89,H,20979
2037,90,H,16978
2037,91,H,14465
2037,92,H,12204
2037,93,H,10017
2037,94,H,8032
2037,95,H,6172
2037,96,H,4485
2037,97,H,3236
2037,98,H,2281
2037,99,H,1484
2037,100,H,2810
2037,0,M,55062
2037,1,M,55535
2037,2,M,56344
2037,3,M,57493
2037,4,M,58893
2037,5,M,60454
2037,6,M,62146
2037,7,M,63966
2037,8,M,65912
2037,9,M,67992
2037,10,M,70219
2037,11,M,73492
2037,12,M,79279
2037,13,M,87781
2037,14,M,97107
2037,15,M,98986
2037,16,M,100747
2037,17,M,109554
2037,18,M,117547
2037,19,M,121079
2037,20,M,124720
2037,21,M,131681
2037,22,M,136556
2037,23,M,136290
2037,24,M,135047
2037,25,M,136461
2037,26,M,138612
2037,27,M,140406
2037,28,M,139708
2037,29,M,137305
2037,30,M,134436
2037,31,M,132622
2037,32,M,133029
2037,33,M,134850
2037,34,M,137730
2037,35,M,141810
2037,36,M,144952
2037,37,M,146908
2037,38,M,150548
2037,39,M,153876
2037,40,M,156646
2037,41,M,159641
2037,42,M,163122
2037,43,M,166187
2037,44,M,167849
2037,45,M,169959
2037,46,M,172070
2037,47,M,172600
2037,48,M,168737
2037,49,M,161608
2037,50,M,154339
2037,51,M,148811
2037,52,M,145495
2037,53,M,144235
2037,54,M,145333
2037,55,M,146019
2037,56,M,143294
2037,57,M,137126
2037,58,M,130894
2037,59,M,127213
2037,60,M,126865
2037,61,M,128700
2037,62,M,131215
2037,63,M,133455
2037,64,M,132742
2037,65,M,129105
2037,66,M,125268
2037,67,M,122670
2037,68,M,121867
2037,69,M,122156
2037,70,M,121943
2037,71,M,121025
2037,72,M,119660
2037,73,M,117512
2037,74,M,114079
2037,75,M,110061
2037,76,M,105838
2037,77,M,100712
2037,78,M,94696
2037,79,M,87985
2037,80,M,81020
2037,81,M,74885
2037,82,M,69356
2037,83,M,64534
2037,84,M,59254
2037,85,M,52998
2037,86,M,47513
2037,87,M,43206
2037,88,M,38990
2037,89,M,33455
2037,90,M,28199
2037,91,M,24677
2037,92,M,21634
2037,93,M,18490
2037,94,M,15399
2037,95,M,12422
2037,96,M,9690
2037,97,M,7477
2037,98,M,5646
2037,99,M,4075
2037,100,M,9165
2038,0,H,56862
2038,1,H,57191
2038,2,H,57761
2038,3,H,58655
2038,4,H,59882
2038,5,H,61350
2038,6,H,62969
2038,7,H,64716
2038,8,H,66587
2038,9,H,68592
2038,10,H,70739
2038,11,H,73028
2038,12,H,76400
2038,13,H,82012
2038,14,H,90928
2038,15,H,100495
2038,16,H,102409
2038,17,H,105274
2038,18,H,114511
2038,19,H,122225
2038,20,H,125581
2038,21,H,128982
2038,22,H,136166
2038,23,H,141659
2038,24,H,141259
2038,25,H,139457
2038,26,H,141242
2038,27,H,143265
2038,28,H,144521
2038,29,H,143960
2038,30,H,141582
2038,31,H,138546
2038,32,H,137046
2038,33,H,137008
2038,34,H,138294
2038,35,H,141246
2038,36,H,144651
2038,37,H,148448
2038,38,H,150859
2038,39,H,153606
2038,40,H,157260
2038,41,H,160395
2038,42,H,162711
2038,43,H,165645
2038,44,H,168744
2038,45,H,170376
2038,46,H,172247
2038,47,H,174109
2038,48,H,173990
2038,49,H,169502
2038,50,H,161865
2038,51,H,153965
2038,52,H,147837
2038,53,H,143890
2038,54,H,142000
2038,55,H,142413
2038,56,H,142414
2038,57,H,139162
2038,58,H,132447
2038,59,H,125626
2038,60,H,121254
2038,61,H,120219
2038,62,H,121139
2038,63,H,122521
2038,64,H,123557
2038,65,H,121659
2038,66,H,117084
2038,67,H,112597
2038,68,H,109207
2038,69,H,107220
2038,70,H,106320
2038,71,H,104848
2038,72,H,102582
2038,73,H,100016
2038,74,H,97066
2038,75,H,93107
2038,76,H,88755
2038,77,H,84410
2038,78,H,79323
2038,79,H,73383
2038,80,H,66826
2038,81,H,60249
2038,82,H,54616
2038,83,H,49648
2038,84,H,45258
2038,85,H,40572
2038,86,H,35261
2038,87,H,30560
2038,88,H,26824
2038,89,H,23211
2038,90,H,18798
2038,91,H,15024
2038,92,H,12619
2038,93,H,10475
2038,94,H,8440
2038,95,H,6627
2038,96,H,4971
2038,97,H,3515
2038,98,H,2461
2038,99,H,1679
2038,100,H,3092
2038,0,M,54777
2038,1,M,55078
2038,2,M,55604
2038,3,M,56449
2038,4,M,57622
2038,5,M,59036
2038,6,M,60594
2038,7,M,62283
2038,8,M,64101
2038,9,M,66044
2038,10,M,68121
2038,11,M,70344
2038,12,M,73613
2038,13,M,79396
2038,14,M,87882
2038,15,M,97188
2038,16,M,99067
2038,17,M,100860
2038,18,M,109709
2038,19,M,117718
2038,20,M,121236
2038,21,M,124861
2038,22,M,131811
2038,23,M,136687
2038,24,M,136429
2038,25,M,135207
2038,26,M,136642
2038,27,M,138817
2038,28,M,140632
2038,29,M,139956
2038,30,M,137572
2038,31,M,134713
2038,32,M,132898
2038,33,M,133283
2038,34,M,135080
2038,35,M,137929
2038,36,M,141985
2038,37,M,145105
2038,38,M,147047
2038,39,M,150668
2038,40,M,153976
2038,41,M,156724
2038,42,M,159701
2038,43,M,163163
2038,44,M,166213
2038,45,M,167860
2038,46,M,169954
2038,47,M,172049
2038,48,M,172565
2038,49,M,168694
2038,50,M,161550
2038,51,M,154265
2038,52,M,148719
2038,53,M,145380
2038,54,M,144092
2038,55,M,145156
2038,56,M,145810
2038,57,M,143058
2038,58,M,136873
2038,59,M,130624
2038,60,M,126916
2038,61,M,126525
2038,62,M,128303
2038,63,M,130750
2038,64,M,132916
2038,65,M,132131
2038,66,M,128436
2038,67,M,124535
2038,68,M,121866
2038,69,M,120977
2038,70,M,121163
2038,71,M,120838
2038,72,M,119804
2038,73,M,118316
2038,74,M,116033
2038,75,M,112459
2038,76,M,108287
2038,77,M,103908
2038,78,M,98650
2038,79,M,92533
2038,80,M,85731
2038,81,M,78679
2038,82,M,72442
2038,83,M,66801
2038,84,M,61860
2038,85,M,56499
2038,86,M,50231
2038,87,M,44721
2038,88,M,40350
2038,89,M,36100
2038,90,M,30687
2038,91,M,25598
2038,92,M,22140
2038,93,M,19150
2038,94,M,16122
2038,95,M,13213
2038,96,M,10481
2038,97,M,8033
2038,98,M,6072
2038,99,M,4478
2038,100,M,9896
2039,0,H,56610
2039,1,H,56868
2039,2,H,57253
2039,3,H,57855
2039,4,H,58769
2039,5,H,60002
2039,6,H,61470
2039,7,H,63085
2039,8,H,64830
2039,9,H,66701
2039,10,H,68706
2039,11,H,70847
2039,12,H,73130
2039,13,H,76495
2039,14,H,82093
2039,15,H,90993
2039,16,H,100553
2039,17,H,102488
2039,18,H,105378
2039,19,H,114619
2039,20,H,122309
2039,21,H,125643
2039,22,H,129024
2039,23,H,136191
2039,24,H,141678
2039,25,H,141292
2039,26,H,139513
2039,27,H,141319
2039,28,H,143364
2039,29,H,144645
2039,30,H,144113
2039,31,H,141756
2039,32,H,138723
2039,33,H,137210
2039,34,H,137150
2039,35,H,138415
2039,36,H,141343
2039,37,H,144722
2039,38,H,148491
2039,39,H,150875
2039,40,H,153594
2039,41,H,157216
2039,42,H,160319
2039,43,H,162607
2039,44,H,165511
2039,45,H,168584
2039,46,H,170194
2039,47,H,172036
2039,48,H,173865
2039,49,H,173710
2039,50,H,169193
2039,51,H,161541
2039,52,H,153630
2039,53,H,147477
2039,54,H,143495
2039,55,H,141563
2039,56,H,141919
2039,57,H,141865
2039,58,H,138568
2039,59,H,131822
2039,60,H,124969
2039,61,H,120549
2039,62,H,119452
2039,63,H,120296
2039,64,H,121582
2039,65,H,122515
2039,66,H,120526
2039,67,H,115879
2039,68,H,111329
2039,69,H,107869
2039,70,H,105787
2039,71,H,104762
2039,72,H,103159
2039,73,H,100760
2039,74,H,98047
2039,75,H,94938
2039,76,H,90819
2039,77,H,86316
2039,78,H,81815
2039,79,H,76605
2039,80,H,70617
2039,81,H,64059
2039,82,H,57506
2039,83,H,51870
2039,84,H,46890
2039,85,H,42480
2039,86,H,37817
2039,87,H,32599
2039,88,H,27996
2039,89,H,24333
2039,90,H,20827
2039,91,H,16660
2039,92,H,13129
2039,93,H,10852
2039,94,H,8845
2039,95,H,6981
2039,96,H,5352
2039,97,H,3908
2039,98,H,2683
2039,99,H,1819
2039,100,H,3444
2039,0,M,54534
2039,1,M,54764
2039,2,M,55115
2039,3,M,55677
2039,4,M,56545
2039,5,M,57731
2039,6,M,59143
2039,7,M,60700
2039,8,M,62388
2039,9,M,64202
2039,10,M,66143
2039,11,M,68217
2039,12,M,70437
2039,13,M,73702
2039,14,M,79471
2039,15,M,87938
2039,16,M,97241
2039,17,M,99145
2039,18,M,100972
2039,19,M,109830
2039,20,M,117821
2039,21,M,121319
2039,22,M,124932
2039,23,M,131882
2039,24,M,136762
2039,25,M,136525
2039,26,M,135325
2039,27,M,136785
2039,28,M,138983
2039,29,M,140823
2039,30,M,140170
2039,31,M,137800
2039,32,M,134943
2039,33,M,133110
2039,34,M,133474
2039,35,M,135243
2039,36,M,138072
2039,37,M,142107
2039,38,M,145215
2039,39,M,147140
2039,40,M,150743
2039,41,M,154031
2039,42,M,156764
2039,43,M,159724
2039,44,M,163173
2039,45,M,166207
2039,46,M,167840
2039,47,M,169918
2039,48,M,172000
2039,49,M,172503
2039,50,M,168614
2039,51,M,161453
2039,52,M,154153
2039,53,M,148588
2039,54,M,145226
2039,55,M,143910
2039,56,M,144943
2039,57,M,145562
2039,58,M,142785
2039,59,M,136582
2039,60,M,130314
2039,61,M,126575
2039,62,M,126138
2039,63,M,127853
2039,64,M,130229
2039,65,M,132310
2039,66,M,131452
2039,67,M,127691
2039,68,M,123728
2039,69,M,120987
2039,70,M,120006
2039,71,M,120080
2039,72,M,119635
2039,73,M,118476
2039,74,M,116847
2039,75,M,114407
2039,76,M,110671
2039,77,M,106339
2039,78,M,101808
2039,79,M,96426
2039,80,M,90191
2039,81,M,83284
2039,82,M,76144
2039,83,M,69807
2039,84,M,64067
2039,85,M,59019
2039,86,M,53585
2039,87,M,47315
2039,88,M,41800
2039,89,M,37394
2039,90,M,33148
2039,91,M,27890
2039,92,M,22996
2039,93,M,19626
2039,94,M,16725
2039,95,M,13860
2039,96,M,11172
2039,97,M,8709
2039,98,M,6540
2039,99,M,4830
2039,100,M,10763
2040,0,H,56400
2040,1,H,56598
2040,2,H,56910
2040,3,H,57326
2040,4,H,57947
2040,5,H,58869
2040,6,H,60102
2040,7,H,61567
2040,8,H,63181
2040,9,H,64925
2040,10,H,66796
2040,11,H,68796
2040,12,H,70931
2040,13,H,73207
2040,14,H,76561
2040,15,H,82144
2040,16,H,91036
2040,17,H,100610
2040,18,H,102567
2040,19,H,105460
2040,20,H,114675
2040,21,H,122340
2040,22,H,125653
2040,23,H,129018
2040,24,H,136177
2040,25,H,141672
2040,26,H,141309
2040,27,H,139554
2040,28,H,141384
2040,29,H,143455
2040,30,H,144766
2040,31,H,144255
2040,32,H,141902
2040,33,H,138861
2040,34,H,137330
2040,35,H,137252
2040,36,H,138495
2040,37,H,141401
2040,38,H,144754
2040,39,H,148496
2040,40,H,150854
2040,41,H,153544
2040,42,H,157135
2040,43,H,160211
2040,44,H,162471
2040,45,H,165351
2040,46,H,168402
2040,47,H,169984
2040,48,H,171794
2040,49,H,173585
2040,50,H,173392
2040,51,H,168852
2040,52,H,161187
2040,53,H,153255
2040,54,H,147074
2040,55,H,143057
2040,56,H,141079
2040,57,H,141379
2040,58,H,141266
2040,59,H,137920
2040,60,H,131140
2040,61,H,124252
2040,62,H,119792
2040,63,H,118634
2040,64,H,119390
2040,65,H,120573
2040,66,H,121392
2040,67,H,119305
2040,68,H,114594
2040,69,H,109987
2040,70,H,106450
2040,71,H,104261
2040,72,H,103101
2040,73,H,101355
2040,74,H,98805
2040,75,H,95930
2040,76,H,92639
2040,77,H,88360
2040,78,H,83702
2040,79,H,79053
2040,80,H,73758
2040,81,H,67733
2040,82,H,61181
2040,83,H,54653
2040,84,H,49027
2040,85,H,44049
2040,86,H,39632
2040,87,H,34998
2040,88,H,29898
2040,89,H,25429
2040,90,H,21863
2040,91,H,18485
2040,92,H,14584
2040,93,H,11312
2040,94,H,9183
2040,95,H,7333
2040,96,H,5653
2040,97,H,4221
2040,98,H,2993
2040,99,H,1991
2040,100,H,3809
2040,0,M,54331
2040,1,M,54504
2040,2,M,54782
2040,3,M,55168
2040,4,M,55753
2040,5,M,56635
2040,6,M,57820
2040,7,M,59230
2040,8,M,60786
2040,9,M,62471
2040,10,M,64284
2040,11,M,66222
2040,12,M,68294
2040,13,M,70509
2040,14,M,73762
2040,15,M,79513
2040,16,M,87975
2040,17,M,97298
2040,18,M,99231
2040,19,M,101064
2040,20,M,109902
2040,21,M,117871
2040,22,M,121356
2040,23,M,124968
2040,24,M,131922
2040,25,M,136820
2040,26,M,136604
2040,27,M,135431
2040,28,M,136917
2040,29,M,139142
2040,30,M,141007
2040,31,M,140368
2040,32,M,138001
2040,33,M,135129
2040,34,M,133277
2040,35,M,133615
2040,36,M,135366
2040,37,M,138178
2040,38,M,142201
2040,39,M,145293
2040,40,M,147203
2040,41,M,150787
2040,42,M,154060
2040,43,M,156778
2040,44,M,159726
2040,45,M,163160
2040,46,M,166179
2040,47,M,167798
2040,48,M,169863
2040,49,M,171931
2040,50,M,172411
2040,51,M,168501
2040,52,M,161326
2040,53,M,154009
2040,54,M,148424
2040,55,M,145039
2040,56,M,143698
2040,57,M,144696
2040,58,M,145282
2040,59,M,142477
2040,60,M,136255
2040,61,M,129964
2040,62,M,126192
2040,63,M,125703
2040,64,M,127351
2040,65,M,129644
2040,66,M,131638
2040,67,M,130699
2040,68,M,126874
2040,69,M,122848
2040,70,M,120031
2040,71,M,118949
2040,72,M,118902
2040,73,M,118327
2040,74,M,117025
2040,75,M,115232
2040,76,M,112613
2040,77,M,108706
2040,78,M,104219
2040,79,M,99542
2040,80,M,94016
2040,81,M,87648
2040,82,M,80633
2040,83,M,73408
2040,84,M,66984
2040,85,M,61160
2040,86,M,56010
2040,87,M,50511
2040,88,M,44262
2040,89,M,38775
2040,90,M,34372
2040,91,M,30161
2040,92,M,25087
2040,93,M,20415
2040,94,M,17170
2040,95,M,14404
2040,96,M,11742
2040,97,M,9303
2040,98,M,7107
2040,99,M,5216
2040,100,M,11697
2041,0,H,56232
2041,1,H,56380
2041,2,H,56632
2041,3,H,56974
2041,4,H,57410
2041,5,H,58039
2041,6,H,58960
2041,7,H,60191
2041,8,H,61654
2041,9,H,63268
2041,10,H,65013
2041,11,H,66878
2041,12,H,68872
2041,13,H,71001
2041,14,H,73266
2041,15,H,76606
2041,16,H,82182
2041,17,H,91087
2041,18,H,100679
2041,19,H,102638
2041,20,H,105508
2041,21,H,114697
2041,22,H,122337
2041,23,H,125634
2041,24,H,128994
2041,25,H,136161
2041,26,H,141673
2041,27,H,141334
2041,28,H,139606
2041,29,H,141464
2041,30,H,143565
2041,31,H,144896
2041,32,H,144389
2041,33,H,142028
2041,34,H,138970
2041,35,H,137424
2041,36,H,137327
2041,37,H,138550
2041,38,H,141431
2041,39,H,144760
2041,40,H,148476
2041,41,H,150806
2041,42,H,153467
2041,43,H,157032
2041,44,H,160079
2041,45,H,162318
2041,46,H,165176
2041,47,H,168198
2041,48,H,169750
2041,49,H,171523
2041,50,H,173272
2041,51,H,173045
2041,52,H,168484
2041,53,H,160795
2041,54,H,152839
2041,55,H,146631
2041,56,H,142576
2041,57,H,140551
2041,58,H,140793
2041,59,H,140615
2041,60,H,137215
2041,61,H,130397
2041,62,H,123484
2041,63,H,118987
2041,64,H,117757
2041,65,H,118418
2041,66,H,119488
2041,67,H,120183
2041,68,H,118003
2041,69,H,113234
2041,70,H,108562
2041,71,H,104939
2041,72,H,102634
2041,73,H,101325
2041,74,H,99418
2041,75,H,96704
2041,76,H,93642
2041,77,H,90168
2041,78,H,85723
2041,79,H,80916
2041,80,H,76155
2041,81,H,70786
2041,82,H,64731
2041,83,H,58185
2041,84,H,51696
2041,85,H,46093
2041,86,H,41132
2041,87,H,36713
2041,88,H,32133
2041,89,H,27189
2041,90,H,22877
2041,91,H,19433
2041,92,H,16208
2041,93,H,12589
2041,94,H,9591
2041,95,H,7630
2041,96,H,5954
2041,97,H,4471
2041,98,H,3243
2041,99,H,2229
2041,100,H,4207
2041,0,M,54169
2041,1,M,54295
2041,2,M,54514
2041,3,M,54827
2041,4,M,55236
2041,5,M,55835
2041,6,M,56716
2041,7,M,57899
2041,8,M,59308
2041,9,M,60862
2041,10,M,62546
2041,11,M,64357
2041,12,M,66292
2041,13,M,68360
2041,14,M,70563
2041,15,M,73798
2041,16,M,79544
2041,17,M,88025
2041,18,M,97373
2041,19,M,99311
2041,20,M,101124
2041,21,M,109939
2041,22,M,117894
2041,23,M,121377
2041,24,M,124995
2041,25,M,131965
2041,26,M,136883
2041,27,M,136695
2041,28,M,135549
2041,29,M,137063
2041,30,M,139313
2041,31,M,141193
2041,32,M,140557
2041,33,M,138175
2041,34,M,135286
2041,35,M,133410
2041,36,M,133731
2041,37,M,135466
2041,38,M,138266
2041,39,M,142274
2041,40,M,145351
2041,41,M,147243
2041,42,M,150814
2041,43,M,154072
2041,44,M,156779
2041,45,M,159714
2041,46,M,163132
2041,47,M,166137
2041,48,M,167743
2041,49,M,169796
2041,50,M,171839
2041,51,M,172293
2041,52,M,168363
2041,53,M,161170
2041,54,M,153837
2041,55,M,148233
2041,56,M,144826
2041,57,M,143457
2041,58,M,144422
2041,59,M,144972
2041,60,M,142137
2041,61,M,135890
2041,62,M,129573
2041,63,M,125763
2041,64,M,125218
2041,65,M,126789
2041,66,M,128997
2041,67,M,130896
2041,68,M,129874
2041,69,M,125984
2041,70,M,121891
2041,71,M,118990
2041,72,M,117800
2041,73,M,117621
2041,74,M,116898
2041,75,M,115431
2041,76,M,113450
2041,77,M,110641
2041,78,M,106568
2041,79,M,101929
2041,80,M,97086
2041,81,M,91397
2041,82,M,84892
2041,83,M,77770
2041,84,M,70475
2041,85,M,63981
2041,86,M,58080
2041,87,M,52835
2041,88,M,47290
2041,89,M,41096
2041,90,M,35677
2041,91,M,31310
2041,92,M,27164
2041,93,M,22303
2041,94,M,17888
2041,95,M,14813
2041,96,M,12227
2041,97,M,9799
2041,98,M,7610
2041,99,M,5683
2041,100,M,12708
2042,0,H,56111
2042,1,H,56209
2042,2,H,56410
2042,3,H,56692
2042,4,H,57054
2042,5,H,57497
2042,6,H,58126
2042,7,H,59045
2042,8,H,60274
2042,9,H,61737
2042,10,H,63352
2042,11,H,65091
2042,12,H,66950
2042,13,H,68939
2042,14,H,71057
2042,15,H,73308
2042,16,H,76641
2042,17,H,82232
2042,18,H,91154
2042,19,H,100745
2042,20,H,102681
2042,21,H,105529
2042,22,H,114693
2042,23,H,122314
2042,24,H,125606
2042,25,H,128977
2042,26,H,136159
2042,27,H,141692
2042,28,H,141379
2042,29,H,139682
2042,30,H,141569
2042,31,H,143691
2042,32,H,145026
2042,33,H,144510
2042,34,H,142132
2042,35,H,139060
2042,36,H,137496
2042,37,H,137381
2042,38,H,138582
2042,39,H,141440
2042,40,H,144744
2042,41,H,148431
2042,42,H,150733
2042,43,H,153371
2042,44,H,156907
2042,45,H,159932
2042,46,H,162152
2042,47,H,164982
2042,48,H,167971
2042,49,H,169489
2042,50,H,171221
2042,51,H,172932
2042,52,H,172672
2042,53,H,168078
2042,54,H,160362
2042,55,H,152384
2042,56,H,146145
2042,57,H,142052
2042,58,H,139980
2042,59,H,140156
2042,60,H,139908
2042,61,H,136449
2042,62,H,129602
2042,63,H,122667
2042,64,H,118123
2042,65,H,116816
2042,66,H,117371
2042,67,H,118319
2042,68,H,118893
2042,69,H,116623
2042,70,H,111790
2042,71,H,107045
2042,72,H,103327
2042,73,H,100894
2042,74,H,99419
2042,75,H,97335
2042,76,H,94431
2042,77,H,91181
2042,78,H,87515
2042,79,H,82911
2042,80,H,77992
2042,81,H,73127
2042,82,H,67689
2042,83,H,61602
2042,84,H,55076
2042,85,H,48641
2042,86,H,43079
2042,87,H,38140
2042,88,H,33743
2042,89,H,29255
2042,90,H,24493
2042,91,H,20364
2042,92,H,17066
2042,93,H,14015
2042,94,H,10696
2042,95,H,7987
2042,96,H,6211
2042,97,H,4722
2042,98,H,3447
2042,99,H,2424
2042,100,H,4680
2042,0,M,54051
2042,1,M,54130
2042,2,M,54302
2042,3,M,54555
2042,4,M,54891
2042,5,M,55314
2042,6,M,55912
2042,7,M,56791
2042,8,M,57973
2042,9,M,59380
2042,10,M,60933
2042,11,M,62615
2042,12,M,64423
2042,13,M,66355
2042,14,M,68410
2042,15,M,70596
2042,16,M,73826
2042,17,M,79591
2042,18,M,88097
2042,19,M,97448
2042,20,M,99365
2042,21,M,101157
2042,22,M,109957
2042,23,M,117908
2042,24,M,121397
2042,25,M,125032
2042,26,M,132022
2042,27,M,136966
2042,28,M,136805
2042,29,M,135689
2042,30,M,137228
2042,31,M,139493
2042,32,M,141377
2042,33,M,140726
2042,34,M,138327
2042,35,M,135414
2042,36,M,133523
2042,37,M,133828
2042,38,M,135553
2042,39,M,138340
2042,40,M,142333
2042,41,M,145391
2042,42,M,147271
2042,43,M,150827
2042,44,M,154074
2042,45,M,156768
2042,46,M,159689
2042,47,M,163094
2042,48,M,166085
2042,49,M,167679
2042,50,M,169708
2042,51,M,171724
2042,52,M,172151
2042,53,M,168198
2042,54,M,160988
2042,55,M,153638
2042,56,M,148017
2042,57,M,144587
2042,58,M,143191
2042,59,M,144119
2042,60,M,144630
2042,61,M,141760
2042,62,M,135485
2042,63,M,129138
2042,64,M,125287
2042,65,M,124676
2042,66,M,126169
2042,67,M,128282
2042,68,M,130083
2042,69,M,128975
2042,70,M,125015
2042,71,M,120849
2042,72,M,117857
2042,73,M,116550
2042,74,M,116221
2042,75,M,115328
2042,76,M,113670
2042,77,M,111491
2042,78,M,108494
2042,79,M,104257
2042,80,M,99445
2042,81,M,94414
2042,82,M,88557
2042,83,M,81914
2042,84,M,74699
2042,85,M,67353
2042,86,M,60796
2042,87,M,54826
2042,88,M,49504
2042,89,M,43946
2042,90,M,37851
2042,91,M,32535
2042,92,M,28233
2042,93,M,24183
2042,94,M,19573
2042,95,M,15460
2042,96,M,12598
2042,97,M,10224
2042,98,M,8034
2042,99,M,6100
2042,100,M,13842
2043,0,H,56037
2043,1,H,56086
2043,2,H,56235
2043,3,H,56466
2043,4,H,56767
2043,5,H,57137
2043,6,H,57581
2043,7,H,58207
2043,8,H,59125
2043,9,H,60353
2043,10,H,61817
2043,11,H,63426
2043,12,H,65160
2043,13,H,67014
2043,14,H,68993
2043,15,H,71096
2043,16,H,73341
2043,17,H,76689
2043,18,H,82297
2043,19,H,91219
2043,20,H,100784
2043,21,H,102698
2043,22,H,105525
2043,23,H,114669
2043,24,H,122282
2043,25,H,125585
2043,26,H,128974
2043,27,H,136176
2043,28,H,141731
2043,29,H,141449
2043,30,H,139785
2043,31,H,141694
2043,32,H,143819
2043,33,H,145143
2043,34,H,144608
2043,35,H,142216
2043,36,H,139129
2043,37,H,137549
2043,38,H,137414
2043,39,H,138593
2043,40,H,141427
2043,41,H,144704
2043,42,H,148363
2043,43,H,150642
2043,44,H,153254
2043,45,H,156768
2043,46,H,159773
2043,47,H,161967
2043,48,H,164767
2043,49,H,167719
2043,50,H,169197
2043,51,H,170893
2043,52,H,172567
2043,53,H,172262
2043,54,H,167631
2043,55,H,159889
2043,56,H,151885
2043,57,H,145616
2043,58,H,141485
2043,59,H,139360
2043,60,H,139464
2043,61,H,139140
2043,62,H,135629
2043,63,H,128757
2043,64,H,121790
2043,65,H,117195
2043,66,H,115802
2043,67,H,116243
2043,68,H,117070
2043,69,H,117525
2043,70,H,115159
2043,71,H,110251
2043,72,H,105426
2043,73,H,101602
2043,74,H,99024
2043,75,H,97367
2043,76,H,95081
2043,77,H,91986
2043,78,H,88536
2043,79,H,84685
2043,80,H,79955
2043,81,H,74932
2043,82,H,69968
2043,83,H,64459
2043,84,H,58352
2043,85,H,51862
2043,86,H,45499
2043,87,H,39983
2043,88,H,35091
2043,89,H,30756
2043,90,H,26388
2043,91,H,21833
2043,92,H,17911
2043,93,H,14782
2043,94,H,11930
2043,95,H,8927
2043,96,H,6518
2043,97,H,4940
2043,98,H,3652
2043,99,H,2585
2043,100,H,5175
2043,0,M,53979
2043,1,M,54009
2043,2,M,54133
2043,3,M,54339
2043,4,M,54615
2043,5,M,54965
2043,6,M,55387
2043,7,M,55984
2043,8,M,56862
2043,9,M,58042
2043,10,M,59448
2043,11,M,60999
2043,12,M,62679
2043,13,M,64483
2043,14,M,66403
2043,15,M,68441
2043,16,M,70622
2043,17,M,73870
2043,18,M,79659
2043,19,M,88168
2043,20,M,97496
2043,21,M,99392
2043,22,M,101170
2043,23,M,109966
2043,24,M,117921
2043,25,M,121428
2043,26,M,125084
2043,27,M,132100
2043,28,M,137070
2043,29,M,136939
2043,30,M,135849
2043,31,M,137404
2043,32,M,139673
2043,33,M,141541
2043,34,M,140873
2043,35,M,138451
2043,36,M,135523
2043,37,M,133618
2043,38,M,133914
2043,39,M,135625
2043,40,M,138399
2043,41,M,142373
2043,42,M,145419
2043,43,M,147287
2043,44,M,150831
2043,45,M,154066
2043,46,M,156747
2043,47,M,159655
2043,48,M,163047
2043,49,M,166024
2043,50,M,167596
2043,51,M,169598
2043,52,M,171584
2043,53,M,171983
2043,54,M,168007
2043,55,M,160779
2043,56,M,153415
2043,57,M,147775
2043,58,M,144324
2043,59,M,142897
2043,60,M,143786
2043,61,M,144251
2043,62,M,141340
2043,63,M,135034
2043,64,M,128655
2043,65,M,124754
2043,66,M,124077
2043,67,M,125482
2043,68,M,127499
2043,69,M,129197
2043,70,M,127998
2043,71,M,123962
2043,72,M,119715
2043,73,M,116624
2043,74,M,115183
2043,75,M,114682
2043,76,M,113593
2043,77,M,111734
2043,78,M,109355
2043,79,M,106171
2043,80,M,101747
2043,81,M,96741
2043,82,M,91515
2043,83,M,85487
2043,84,M,78717
2043,85,M,71428
2043,86,M,64039
2043,87,M,57429
2043,88,M,51408
2043,89,M,46043
2043,90,M,40514
2043,91,M,34554
2043,92,M,29373
2043,93,M,25168
2043,94,M,21254
2043,95,M,16945
2043,96,M,13173
2043,97,M,10556
2043,98,M,8401
2043,99,M,6456
2043,100,M,15034
2044,0,H,56007
2044,1,H,56009
2044,2,H,56108
2044,3,H,56287
2044,4,H,56537
2044,5,H,56847
2044,6,H,57217
2044,7,H,57659
2044,8,H,58283
2044,9,H,59200
2044,10,H,60429
2044,11,H,61889
2044,12,H,63493
2044,13,H,65222
2044,14,H,67065
2044,15,H,69030
2044,16,H,71126
2044,17,H,73385
2044,18,H,76751
2044,19,H,82360
2044,20,H,91257
2044,21,H,100796
2044,22,H,102690
2044,23,H,105502
2044,24,H,114637
2044,25,H,122258
2044,26,H,125579
2044,27,H,128991
2044,28,H,136214
2044,29,H,141795
2044,30,H,141546
2044,31,H,139907
2044,32,H,141820
2044,33,H,143934
2044,34,H,145239
2044,35,H,144688
2044,36,H,142281
2044,37,H,139179
2044,38,H,137580
2044,39,H,137426
2044,40,H,138584
2044,41,H,141393
2044,42,H,144643
2044,43,H,148277
2044,44,H,150532
2044,45,H,153124
2044,46,H,156617
2044,47,H,159596
2044,48,H,161762
2044,49,H,164526
2044,50,H,167437
2044,51,H,168880
2044,52,H,170540
2044,53,H,172165
2044,54,H,171811
2044,55,H,167142
2044,56,H,159372
2044,57,H,151343
2044,58,H,145044
2044,59,H,140868
2044,60,H,138685
2044,61,H,138713
2044,62,H,138318
2044,63,H,134757
2044,64,H,127850
2044,65,H,120848
2044,66,H,116196
2044,67,H,114709
2044,68,H,115037
2044,69,H,115746
2044,70,H,116073
2044,71,H,113597
2044,72,H,108607
2044,73,H,103691
2044,74,H,99747
2044,75,H,97010
2044,76,H,95145
2044,77,H,92654
2044,78,H,89355
2044,79,H,85713
2044,80,H,81706
2044,81,H,76859
2044,82,H,71737
2044,83,H,66671
2044,84,H,61100
2044,85,H,54988
2044,86,H,48552
2044,87,H,42268
2044,88,H,36824
2044,89,H,32021
2044,90,H,27775
2044,91,H,23554
2044,92,H,19232
2044,93,H,15540
2044,94,H,12606
2044,95,H,9978
2044,96,H,7302
2044,97,H,5198
2044,98,H,3832
2044,99,H,2749
2044,100,H,5667
2044,0,M,53951
2044,1,M,53935
2044,2,M,54009
2044,3,M,54167
2044,4,M,54395
2044,5,M,54686
2044,6,M,55035
2044,7,M,55455
2044,8,M,56052
2044,9,M,56929
2044,10,M,58107
2044,11,M,59511
2044,12,M,61060
2044,13,M,62735
2044,14,M,64528
2044,15,M,66431
2044,16,M,68464
2044,17,M,70662
2044,18,M,73934
2044,19,M,79727
2044,20,M,88213
2044,21,M,97518
2044,22,M,99400
2044,23,M,101175
2044,24,M,109975
2044,25,M,117947
2044,26,M,121475
2044,27,M,125157
2044,28,M,132199
2044,29,M,137198
2044,30,M,137094
2044,31,M,136021
2044,32,M,137581
2044,33,M,139834
2044,34,M,141684
2044,35,M,140993
2044,36,M,138556
2044,37,M,135615
2044,38,M,133702
2044,39,M,133985
2044,40,M,135684
2044,41,M,138440
2044,42,M,142402
2044,43,M,145435
2044,44,M,147294
2044,45,M,150825
2044,46,M,154048
2044,47,M,156716
2044,48,M,159612
2044,49,M,162990
2044,50,M,165944
2044,51,M,167491
2044,52,M,169465
2044,53,M,171420
2044,54,M,171788
2044,55,M,167788
2044,56,M,160545
2044,57,M,153165
2044,58,M,147509
2044,59,M,144032
2044,60,M,142574
2044,61,M,143417
2044,62,M,143831
2044,63,M,140875
2044,64,M,134534
2044,65,M,128116
2044,66,M,124165
2044,67,M,123414
2044,68,M,124729
2044,69,M,126645
2044,70,M,128233
2044,71,M,126934
2044,72,M,122814
2044,73,M,118480
2044,74,M,115276
2044,75,M,113679
2044,76,M,112981
2044,77,M,111684
2044,78,M,109622
2044,79,M,107044
2044,80,M,103647
2044,81,M,99013
2044,82,M,93806
2044,83,M,88379
2044,84,M,82189
2044,85,M,75309
2044,86,M,67953
2044,87,M,60532
2044,88,M,53889
2044,89,M,47855
2044,90,M,42487
2044,91,M,37024
2044,92,M,31233
2044,93,M,26218
2044,94,M,22152
2044,95,M,18430
2044,96,M,14465
2044,97,M,11060
2044,98,M,8692
2044,99,M,6768
2044,100,M,16226
2045,0,H,56007
2045,1,H,55976
2045,2,H,56027
2045,3,H,56156
2045,4,H,56355
2045,5,H,56614
2045,6,H,56923
2045,7,H,57291
2045,8,H,57731
2045,9,H,58356
2045,10,H,59273
2045,11,H,60497
2045,12,H,61952
2045,13,H,63551
2045,14,H,65270
2045,15,H,67100
2045,16,H,69058
2045,17,H,71168
2045,18,H,73445
2045,19,H,76812
2045,20,H,82398
2045,21,H,91270
2045,22,H,100784
2045,23,H,102663
2045,24,H,105470
2045,25,H,114612
2045,26,H,122249
2045,27,H,125593
2045,28,H,129029
2045,29,H,136278
2045,30,H,141888
2045,31,H,141663
2045,32,H,140031
2045,33,H,141934
2045,34,H,144029
2045,35,H,145317
2045,36,H,144750
2045,37,H,142327
2045,38,H,139208
2045,39,H,137592
2045,40,H,137419
2045,41,H,138554
2045,42,H,141337
2045,43,H,144563
2045,44,H,148172
2045,45,H,150408
2045,46,H,152982
2045,47,H,156450
2045,48,H,159400
2045,49,H,161532
2045,50,H,164257
2045,51,H,167131
2045,52,H,168539
2045,53,H,170151
2045,54,H,171722
2045,55,H,171317
2045,56,H,166607
2045,57,H,158809
2045,58,H,150756
2045,59,H,144421
2045,60,H,140197
2045,61,H,137951
2045,62,H,137908
2045,63,H,137443
2045,64,H,133822
2045,65,H,126876
2045,66,H,119833
2045,67,H,115116
2045,68,H,113539
2045,69,H,113757
2045,70,H,114338
2045,71,H,114523
2045,72,H,111928
2045,73,H,106846
2045,74,H,101825
2045,75,H,97747
2045,76,H,94829
2045,77,H,92751
2045,78,H,90041
2045,79,H,86545
2045,80,H,82738
2045,81,H,78583
2045,82,H,73624
2045,83,H,68399
2045,84,H,63239
2045,85,H,57620
2045,86,H,51520
2045,87,H,45144
2045,88,H,38967
2045,89,H,33638
2045,90,H,28952
2045,91,H,24825
2045,92,H,20778
2045,93,H,16713
2045,94,H,13277
2045,95,H,10565
2045,96,H,8180
2045,97,H,5840
2045,98,H,4045
2045,99,H,2894
2045,100,H,6157
2045,0,M,53950
2045,1,M,53904
2045,2,M,53931
2045,3,M,54040
2045,4,M,54220
2045,5,M,54463
2045,6,M,54753
2045,7,M,55100
2045,8,M,55521
2045,9,M,56116
2045,10,M,56991
2045,11,M,58166
2045,12,M,59569
2045,13,M,61114
2045,14,M,62778
2045,15,M,64554
2045,16,M,66452
2045,17,M,68502
2045,18,M,70723
2045,19,M,73997
2045,20,M,79768
2045,21,M,88231
2045,22,M,97521
2045,23,M,99399
2045,24,M,101180
2045,25,M,109996
2045,26,M,117988
2045,27,M,121543
2045,28,M,125253
2045,29,M,132323
2045,30,M,137349
2045,31,M,137261
2045,32,M,136194
2045,33,M,137739
2045,34,M,139975
2045,35,M,141801
2045,36,M,141094
2045,37,M,138643
2045,38,M,135695
2045,39,M,133772
2045,40,M,134043
2045,41,M,135726
2045,42,M,138470
2045,43,M,142419
2045,44,M,145444
2045,45,M,147291
2045,46,M,150810
2045,47,M,154020
2045,48,M,156677
2045,49,M,159560
2045,50,M,162915
2045,51,M,165843
2045,52,M,167363
2045,53,M,169307
2045,54,M,171231
2045,55,M,171566
2045,56,M,167544
2045,57,M,160283
2045,58,M,152889
2045,59,M,147214
2045,60,M,143711
2045,61,M,142214
2045,62,M,143007
2045,63,M,143364
2045,64,M,140359
2045,65,M,133976
2045,66,M,127518
2045,67,M,123512
2045,68,M,122686
2045,69,M,123907
2045,70,M,125714
2045,71,M,127182
2045,72,M,125774
2045,73,M,121564
2045,74,M,117128
2045,75,M,113791
2045,76,M,112016
2045,77,M,111108
2045,78,M,109601
2045,79,M,107335
2045,80,M,104530
2045,81,M,100894
2045,82,M,96044
2045,83,M,90628
2045,84,M,85009
2045,85,M,78672
2045,86,M,71687
2045,87,M,64274
2045,88,M,56843
2045,89,M,50205
2045,90,M,44199
2045,91,M,38866
2045,92,M,33503
2045,93,M,27914
2045,94,M,23110
2045,95,M,19239
2045,96,M,15759
2045,97,M,12168
2045,98,M,9127
2045,99,M,7019
2045,100,M,17386
2046,0,H,56020
2046,1,H,55974
2046,2,H,55992
2046,3,H,56073
2046,4,H,56222
2046,5,H,56429
2046,6,H,56687
2046,7,H,56994
2046,8,H,57361
2046,9,H,57801
2046,10,H,58426
2046,11,H,59338
2046,12,H,60558
2046,13,H,62008
2046,14,H,63597
2046,15,H,65302
2046,16,H,67125
2046,17,H,69097
2046,18,H,71224
2046,19,H,73503
2046,20,H,76848
2046,21,H,82410
2046,22,H,91258
2046,23,H,100754
2046,24,H,102628
2046,25,H,105446
2046,26,H,114604
2046,27,H,122260
2046,28,H,125629
2046,29,H,129094
2046,30,H,136371
2046,31,H,142002
2046,32,H,141783
2046,33,H,140144
2046,34,H,142029
2046,35,H,144106
2046,36,H,145376
2046,37,H,144792
2046,38,H,142352
2046,39,H,139218
2046,40,H,137586
2046,41,H,137391
2046,42,H,138503
2046,43,H,141264
2046,44,H,144466
2046,45,H,148055
2046,46,H,150274
2046,47,H,152824
2046,48,H,156263
2046,49,H,159179
2046,50,H,161274
2046,51,H,163964
2046,52,H,166800
2046,53,H,168163
2046,54,H,169722
2046,55,H,171238
2046,56,H,170778
2046,57,H,166027
2046,58,H,158201
2046,59,H,150118
2046,60,H,143744
2046,61,H,139468
2046,62,H,137166
2046,63,H,137051
2046,64,H,136504
2046,65,H,132816
2046,66,H,125825
2046,67,H,118737
2046,68,H,113962
2046,69,H,112297
2046,70,H,112396
2046,71,H,112836
2046,72,H,112865
2046,73,H,110139
2046,74,H,104951
2046,75,H,99813
2046,76,H,95581
2046,77,H,92477
2046,78,H,90172
2046,79,H,87248
2046,80,H,83580
2046,81,H,79616
2046,82,H,75316
2046,83,H,70240
2046,84,H,64920
2046,85,H,59680
2046,86,H,54028
2046,87,H,47945
2046,88,H,41659
2046,89,H,35634
2046,90,H,30450
2046,91,H,25910
2046,92,H,21930
2046,93,H,18085
2046,94,H,14305
2046,95,H,11149
2046,96,H,8681
2046,97,H,6558
2046,98,H,4557
2046,99,H,3065
2046,100,H,6636
2046,0,M,53963
2046,1,M,53900
2046,2,M,53897
2046,3,M,53960
2046,4,M,54091
2046,5,M,54285
2046,6,M,54526
2046,7,M,54815
2046,8,M,55163
2046,9,M,55581
2046,10,M,56176
2046,11,M,57048
2046,12,M,58222
2046,13,M,59621
2046,14,M,61154
2046,15,M,62802
2046,16,M,64573
2046,17,M,66487
2046,18,M,68559
2046,19,M,70782
2046,20,M,74034
2046,21,M,79782
2046,22,M,88231
2046,23,M,97515
2046,24,M,99399
2046,25,M,101198
2046,26,M,110034
2046,27,M,118052
2046,28,M,121635
2046,29,M,125374
2046,30,M,132470
2046,31,M,137512
2046,32,M,137430
2046,33,M,136349
2046,34,M,137877
2046,35,M,140090
2046,36,M,141899
2046,37,M,141179
2046,38,M,138720
2046,39,M,135762
2046,40,M,133828
2046,41,M,134085
2046,42,M,135757
2046,43,M,138490
2046,44,M,142430
2046,45,M,145442
2046,46,M,147279
2046,47,M,150786
2046,48,M,153984
2046,49,M,156629
2046,50,M,159490
2046,51,M,162820
2046,52,M,165719
2046,53,M,167212
2046,54,M,169124
2046,55,M,171014
2046,56,M,171319
2046,57,M,167271
2046,58,M,159995
2046,59,M,152586
2046,60,M,146890
2046,61,M,143355
2046,62,M,141815
2046,63,M,142551
2046,64,M,142846
2046,65,M,139783
2046,66,M,133358
2046,67,M,126857
2046,68,M,122794
2046,69,M,121891
2046,70,M,123012
2046,71,M,124701
2046,72,M,126037
2046,73,M,124511
2046,74,M,120195
2046,75,M,115640
2046,76,M,112149
2046,77,M,110183
2046,78,M,109062
2046,79,M,107343
2046,80,M,104845
2046,81,M,101786
2046,82,M,97904
2046,83,M,92828
2046,84,M,87211
2046,85,M,81411
2046,86,M,74930
2046,87,M,67848
2046,88,M,60400
2046,89,M,52999
2046,90,M,46412
2046,91,M,40473
2046,92,M,35209
2046,93,M,29981
2046,94,M,24640
2046,95,M,20103
2046,96,M,16480
2046,97,M,13281
2046,98,M,10062
2046,99,M,7387
2046,100,M,18481
2047,0,H,56025
2047,1,H,55985
2047,2,H,55986
2047,3,H,56035
2047,4,H,56136
2047,5,H,56292
2047,6,H,56499
2047,7,H,56755
2047,8,H,57061
2047,9,H,57428
2047,10,H,57869
2047,11,H,58488
2047,12,H,59397
2047,13,H,60612
2047,14,H,62051
2047,15,H,63627
2047,16,H,65326
2047,17,H,67162
2047,18,H,69150
2047,19,H,71279
2047,20,H,73536
2047,21,H,76859
2047,22,H,82399
2047,23,H,91229
2047,24,H,100716
2047,25,H,102602
2047,26,H,105439
2047,27,H,114616
2047,28,H,122295
2047,29,H,125693
2047,30,H,129189
2047,31,H,136486
2047,32,H,142120
2047,33,H,141893
2047,34,H,140239
2047,35,H,142106
2047,36,H,144166
2047,37,H,145417
2047,38,H,144816
2047,39,H,142360
2047,40,H,139210
2047,41,H,137558
2047,42,H,137343
2047,43,H,138435
2047,44,H,141173
2047,45,H,144357
2047,46,H,147927
2047,47,H,150124
2047,48,H,152647
2047,49,H,156053
2047,50,H,158932
2047,51,H,160994
2047,52,H,163647
2047,53,H,166436
2047,54,H,167748
2047,55,H,169253
2047,56,H,170709
2047,57,H,170192
2047,58,H,165399
2047,59,H,157540
2047,60,H,149424
2047,61,H,143008
2047,62,H,138688
2047,63,H,136329
2047,64,H,136132
2047,65,H,135494
2047,66,H,131733
2047,67,H,124691
2047,68,H,117565
2047,69,H,112735
2047,70,H,110974
2047,71,H,110942
2047,72,H,111227
2047,73,H,111087
2047,74,H,108213
2047,75,H,102906
2047,76,H,97631
2047,77,H,93243
2047,78,H,89941
2047,79,H,87413
2047,80,H,84299
2047,81,H,80467
2047,82,H,76347
2047,83,H,71897
2047,84,H,66710
2047,85,H,61309
2047,86,H,56003
2047,87,H,50322
2047,88,H,44285
2047,89,H,38135
2047,90,H,32293
2047,91,H,27284
2047,92,H,22920
2047,93,H,19117
2047,94,H,15507
2047,95,H,12036
2047,96,H,9181
2047,97,H,6977
2047,98,H,5131
2047,99,H,3465
2047,100,H,7126
2047,0,M,53967
2047,1,M,53911
2047,2,M,53891
2047,3,M,53923
2047,4,M,54007
2047,5,M,54152
2047,6,M,54346
2047,7,M,54586
2047,8,M,54875
2047,9,M,55220
2047,10,M,55639
2047,11,M,56231
2047,12,M,57101
2047,13,M,58271
2047,14,M,59660
2047,15,M,61176
2047,16,M,62819
2047,17,M,64605
2047,18,M,66540
2047,19,M,68614
2047,20,M,70815
2047,21,M,74045
2047,22,M,79779
2047,23,M,88222
2047,24,M,97509
2047,25,M,99412
2047,26,M,101232
2047,27,M,110094
2047,28,M,118139
2047,29,M,121753
2047,30,M,125519
2047,31,M,132631
2047,32,M,137677
2047,33,M,137582
2047,34,M,136485
2047,35,M,137990
2047,36,M,140186
2047,37,M,141981
2047,38,M,141253
2047,39,M,138784
2047,40,M,135816
2047,41,M,133869
2047,42,M,134117
2047,43,M,135778
2047,44,M,138503
2047,45,M,142431
2047,46,M,145432
2047,47,M,147258
2047,48,M,150754
2047,49,M,153941
2047,50,M,156564
2047,51,M,159402
2047,52,M,162703
2047,53,M,165573
2047,54,M,167035
2047,55,M,168915
2047,56,M,170772
2047,57,M,171042
2047,58,M,166972
2047,59,M,159679
2047,60,M,152253
2047,61,M,146531
2047,62,M,142960
2047,63,M,141372
2047,64,M,142045
2047,65,M,142269
2047,66,M,139147
2047,67,M,132675
2047,68,M,126130
2047,69,M,122011
2047,70,M,121024
2047,71,M,122035
2047,72,M,123595
2047,73,M,124789
2047,74,M,123128
2047,75,M,118688
2047,76,M,113992
2047,77,M,110338
2047,78,M,108181
2047,79,M,106844
2047,80,M,104883
2047,81,M,102124
2047,82,M,98804
2047,83,M,94662
2047,84,M,89368
2047,85,M,83561
2047,86,M,77582
2047,87,M,70962
2047,88,M,63803
2047,89,M,56360
2047,90,M,49038
2047,91,M,42541
2047,92,M,36705
2047,93,M,31546
2047,94,M,26500
2047,95,M,21466
2047,96,M,17248
2047,97,M,13913
2047,98,M,11004
2047,99,M,8162
2047,100,M,19615
2048,0,H,55991
2048,1,H,55988
2048,2,H,55995
2048,3,H,56027
2048,4,H,56095
2048,5,H,56203
2048,6,H,56360
2048,7,H,56564
2048,8,H,56819
2048,9,H,57126
2048,10,H,57494
2048,11,H,57930
2048,12,H,58544
2048,13,H,59448
2048,14,H,60653
2048,15,H,62080
2048,16,H,63648
2048,17,H,65361
2048,18,H,67213
2048,19,H,69202
2048,20,H,71310
2048,21,H,73545
2048,22,H,76847
2048,23,H,82371
2048,24,H,91194
2048,25,H,100686
2048,26,H,102593
2048,27,H,105454
2048,28,H,114652
2048,29,H,122358
2048,30,H,125788
2048,31,H,129306
2048,32,H,136605
2048,33,H,142228
2048,34,H,141985
2048,35,H,140317
2048,36,H,142167
2048,37,H,144208
2048,38,H,145440
2048,39,H,144821
2048,40,H,142349
2048,41,H,139182
2048,42,H,137511
2048,43,H,137277
2048,44,H,138350
2048,45,H,141071
2048,46,H,144237
2048,47,H,147784
2048,48,H,149956
2048,49,H,152449
2048,50,H,155817
2048,51,H,158662
2048,52,H,160690
2048,53,H,163298
2048,54,H,166034
2048,55,H,167294
2048,56,H,168740
2048,57,H,170134
2048,58,H,169558
2048,59,H,164718
2048,60,H,156822
2048,61,H,148670
2048,62,H,142220
2048,63,H,137855
2048,64,H,135430
2048,65,H,135143
2048,66,H,134406
2048,67,H,130562
2048,68,H,123477
2048,69,H,116317
2048,70,H,111428
2048,71,H,109561
2048,72,H,109384
2048,73,H,109501
2048,74,H,109173
2048,75,H,106134
2048,76,H,100687
2048,77,H,95275
2048,78,H,90721
2048,79,H,87226
2048,80,H,84497
2048,81,H,81198
2048,82,H,77203
2048,83,H,72922
2048,84,H,68326
2048,85,H,63043
2048,86,H,57574
2048,87,H,52204
2048,88,H,46523
2048,89,H,40579
2048,90,H,34597
2048,91,H,28971
2048,92,H,24168
2048,93,H,20011
2048,94,H,16419
2048,95,H,13072
2048,96,H,9933
2048,97,H,7397
2048,98,H,5474
2048,99,H,3913
2048,100,H,7794
2048,0,M,53933
2048,1,M,53914
2048,2,M,53900
2048,3,M,53914
2048,4,M,53968
2048,5,M,54066
2048,6,M,54211
2048,7,M,54403
2048,8,M,54643
2048,9,M,54930
2048,10,M,55275
2048,11,M,55692
2048,12,M,56282
2048,13,M,57149
2048,14,M,58308
2048,15,M,59680
2048,16,M,61191
2048,17,M,62848
2048,18,M,64656
2048,19,M,66592
2048,20,M,68643
2048,21,M,70822
2048,22,M,74038
2048,23,M,79767
2048,24,M,88214
2048,25,M,97518
2048,26,M,99442
2048,27,M,101290
2048,28,M,110179
2048,29,M,118254
2048,30,M,121895
2048,31,M,125678
2048,32,M,132795
2048,33,M,137827
2048,34,M,137715
2048,35,M,136596
2048,36,M,138086
2048,37,M,140267
2048,38,M,142053
2048,39,M,141315
2048,40,M,138835
2048,41,M,135855
2048,42,M,133901
2048,43,M,134138
2048,44,M,135792
2048,45,M,138507
2048,46,M,142423
2048,47,M,145414
2048,48,M,147230
2048,49,M,150715
2048,50,M,153881
2048,51,M,156481
2048,52,M,159293
2048,53,M,162564
2048,54,M,165403
2048,55,M,166834
2048,56,M,168682
2048,57,M,170502
2048,58,M,170740
2048,59,M,166644
2048,60,M,159333
2048,61,M,151883
2048,62,M,146132
2048,63,M,142520
2048,64,M,140880
2048,65,M,141481
2048,66,M,141630
2048,67,M,138442
2048,68,M,131924
2048,69,M,125336
2048,70,M,121156
2048,71,M,120078
2048,72,M,120969
2048,73,M,122389
2048,74,M,123421
2048,75,M,121604
2048,76,M,117018
2048,77,M,112175
2048,78,M,108358
2048,79,M,106008
2048,80,M,104424
2048,81,M,102192
2048,82,M,99165
2048,83,M,95569
2048,84,M,91173
2048,85,M,85669
2048,86,M,79673
2048,87,M,73518
2048,88,M,66777
2048,89,M,59581
2048,90,M,52192
2048,91,M,44991
2048,92,M,38621
2048,93,M,32925
2048,94,M,27921
2048,95,M,23121
2048,96,M,18448
2048,97,M,14588
2048,98,M,11551
2048,99,M,8945
2048,100,M,21093
2049,0,H,55874
2049,1,H,55952
2049,2,H,55996
2049,3,H,56033
2049,4,H,56083
2049,5,H,56160
2049,6,H,56268
2049,7,H,56423
2049,8,H,56626
2049,9,H,56881
2049,10,H,57189
2049,11,H,57553
2049,12,H,57984
2049,13,H,58593
2049,14,H,59487
2049,15,H,60680
2049,16,H,62099
2049,17,H,63681
2049,18,H,65410
2049,19,H,67262
2049,20,H,69230
2049,21,H,71316
2049,22,H,73531
2049,23,H,76818
2049,24,H,82337
2049,25,H,91167
2049,26,H,100675
2049,27,H,102606
2049,28,H,105493
2049,29,H,114717
2049,30,H,122453
2049,31,H,125905
2049,32,H,129429
2049,33,H,136716
2049,34,H,142319
2049,35,H,142061
2049,36,H,140378
2049,37,H,142211
2049,38,H,144232
2049,39,H,145446
2049,40,H,144809
2049,41,H,142318
2049,42,H,139133
2049,43,H,137447
2049,44,H,137196
2049,45,H,138255
2049,46,H,140960
2049,47,H,144104
2049,48,H,147625
2049,49,H,149767
2049,50,H,152226
2049,51,H,155560
2049,52,H,158370
2049,53,H,160356
2049,54,H,162913
2049,55,H,165594
2049,56,H,166797
2049,57,H,168183
2049,58,H,169512
2049,59,H,168870
2049,60,H,163977
2049,61,H,156042
2049,62,H,147863
2049,63,H,141380
2049,64,H,136961
2049,65,H,134463
2049,66,H,134075
2049,67,H,133230
2049,68,H,129309
2049,69,H,122185
2049,70,H,114988
2049,71,H,110030
2049,72,H,108046
2049,73,H,107712
2049,74,H,107641
2049,75,H,107104
2049,76,H,103877
2049,77,H,98291
2049,78,H,92733
2049,79,H,88018
2049,80,H,84353
2049,81,H,81427
2049,82,H,77945
2049,83,H,73782
2049,84,H,69343
2049,85,H,64613
2049,86,H,59246
2049,87,H,53712
2049,88,H,48305
2049,89,H,42671
2049,90,H,36854
2049,91,H,31076
2049,92,H,25697
2049,93,H,21131
2049,94,H,17214
2049,95,H,13866
2049,96,H,10810
2049,97,H,8021
2049,98,H,5819
2049,99,H,4187
2049,100,H,8630
2049,0,M,53820
2049,1,M,53878
2049,2,M,53901
2049,3,M,53920
2049,4,M,53956
2049,5,M,54025
2049,6,M,54123
2049,7,M,54266
2049,8,M,54458
2049,9,M,54696
2049,10,M,54983
2049,11,M,55326
2049,12,M,55741
2049,13,M,56328
2049,14,M,57184
2049,15,M,58326
2049,16,M,59692
2049,17,M,61218
2049,18,M,62896
2049,19,M,64704
2049,20,M,66618
2049,21,M,68647
2049,22,M,70811
2049,23,M,74023
2049,24,M,79756
2049,25,M,88219
2049,26,M,97544
2049,27,M,99496
2049,28,M,101373
2049,29,M,110292
2049,30,M,118394
2049,31,M,122053
2049,32,M,125842
2049,33,M,132944
2049,34,M,137957
2049,35,M,137824
2049,36,M,136691
2049,37,M,138166
2049,38,M,140339
2049,39,M,142114
2049,40,M,141364
2049,41,M,138872
2049,42,M,135884
2049,43,M,133922
2049,44,M,134153
2049,45,M,135799
2049,46,M,138504
2049,47,M,142409
2049,48,M,145388
2049,49,M,147195
2049,50,M,150660
2049,51,M,153802
2049,52,M,156378
2049,53,M,159162
2049,54,M,162402
2049,55,M,165209
2049,56,M,166609
2049,57,M,168422
2049,58,M,170206
2049,59,M,170409
2049,60,M,166285
2049,61,M,158949
2049,62,M,151474
2049,63,M,145689
2049,64,M,142032
2049,65,M,140330
2049,66,M,140856
2049,67,M,140923
2049,68,M,137668
2049,69,M,131103
2049,70,M,124469
2049,71,M,120222
2049,72,M,119044
2049,73,M,119806
2049,74,M,121066
2049,75,M,121913
2049,76,M,119914
2049,77,M,115176
2049,78,M,110187
2049,79,M,106209
2049,80,M,103635
2049,81,M,101775
2049,82,M,99264
2049,83,M,95955
2049,84,M,92085
2049,85,M,87441
2049,86,M,81726
2049,87,M,75544
2049,88,M,69228
2049,89,M,62405
2049,90,M,55221
2049,91,M,47929
2049,92,M,40888
2049,93,M,34684
2049,94,M,29180
2049,95,M,24395
2049,96,M,19902
2049,97,M,15630
2049,98,M,12135
2049,99,M,9410
2049,100,M,22839
2050,0,H,55631
2050,1,H,55833
2050,2,H,55957
2050,3,H,56031
2050,4,H,56087
2050,5,H,56146
2050,6,H,56223
2050,7,H,56329
2050,8,H,56483
2050,9,H,56686
2050,10,H,56942
2050,11,H,57246
2050,12,H,57605
2050,13,H,58031
2050,14,H,58631
2050,15,H,59512
2050,16,H,60698
2050,17,H,62130
2050,18,H,63728
2050,19,H,65456
2050,20,H,67288
2050,21,H,69234
2050,22,H,71300
2050,23,H,73501
2050,24,H,76784
2050,25,H,82312
2050,26,H,91158
2050,27,H,100686
2050,28,H,102644
2050,29,H,105562
2050,30,H,114815
2050,31,H,122570
2050,32,H,126029
2050,33,H,129544
2050,34,H,136810
2050,35,H,142395
2050,36,H,142121
2050,37,H,140424
2050,38,H,142237
2050,39,H,144239
2050,40,H,145434
2050,41,H,144777
2050,42,H,142268
2050,43,H,139069
2050,44,H,137367
2050,45,H,137105
2050,46,H,138150
2050,47,H,140835
2050,48,H,143954
2050,49,H,147444
2050,50,H,149555
2050,51,H,151982
2050,52,H,155282
2050,53,H,158048
2050,54,H,159986
2050,55,H,162491
2050,56,H,165112
2050,57,H,166257
2050,58,H,167580
2050,59,H,168836
2050,60,H,168122
2050,61,H,163173
2050,62,H,155206
2050,63,H,147003
2050,64,H,140478
2050,65,H,135999
2050,66,H,133419
2050,67,H,132922
2050,68,H,131971
2050,69,H,127975
2050,70,H,120808
2050,71,H,113565
2050,72,H,108531
2050,73,H,106418
2050,74,H,105908
2050,75,H,105630
2050,76,H,104857
2050,77,H,101438
2050,78,H,95703
2050,79,H,90007
2050,80,H,85156
2050,81,H,81326
2050,82,H,78204
2050,83,H,74531
2050,84,H,70202
2050,85,H,65617
2050,86,H,60764
2050,87,H,55315
2050,88,H,49744
2050,89,H,44348
2050,90,H,38795
2050,91,H,33141
2050,92,H,27599
2050,93,H,22500
2050,94,H,18207
2050,95,H,14564
2050,96,H,11489
2050,97,H,8750
2050,98,H,6327
2050,99,H,4463
2050,100,H,9466
2050,0,M,53586
2050,1,M,53764
2050,2,M,53863
2050,3,M,53919
2050,4,M,53961
2050,5,M,54011
2050,6,M,54079
2050,7,M,54176
2050,8,M,54319
2050,9,M,54509
2050,10,M,54747
2050,11,M,55032
2050,12,M,55374
2050,13,M,55785
2050,14,M,56361
2050,15,M,57201
2050,16,M,58338
2050,17,M,59718
2050,18,M,61263
2050,19,M,62942
2050,20,M,64727
2050,21,M,66618
2050,22,M,68633
2050,23,M,70793
2050,24,M,74009
2050,25,M,79759
2050,26,M,88244
2050,27,M,97595
2050,28,M,99576
2050,29,M,101485
2050,30,M,110431
2050,31,M,118549
2050,32,M,122214
2050,33,M,125990
2050,34,M,133074
2050,35,M,138064
2050,36,M,137916
2050,37,M,136770
2050,38,M,138238
2050,39,M,140400
2050,40,M,142163
2050,41,M,141399
2050,42,M,138899
2050,43,M,135904
2050,44,M,133937
2050,45,M,134161
2050,46,M,135798
2050,47,M,138494
2050,48,M,142387
2050,49,M,145356
2050,50,M,147146
2050,51,M,150587
2050,52,M,153705
2050,53,M,156255
2050,54,M,159008
2050,55,M,162217
2050,56,M,164991
2050,57,M,166358
2050,58,M,168136
2050,59,M,169882
2050,60,M,170046
2050,61,M,165888
2050,62,M,158524
2050,63,M,151020
2050,64,M,145196
2050,65,M,141486
2050,66,M,139720
2050,67,M,140164
2050,68,M,140146
2050,69,M,136823
2050,70,M,130208
2050,71,M,123522
2050,72,M,119202
2050,73,M,117916
2050,74,M,118529
2050,75,M,119606
2050,76,M,120241
2050,77,M,118050
2050,78,M,113160
2050,79,M,108028
2050,80,M,103859
2050,81,M,101036
2050,82,M,98891
2050,83,M,96086
2050,84,M,92495
2050,85,M,88356
2050,86,M,83459
2050,87,M,77535
2050,88,M,71182
2050,89,M,64742
2050,90,M,57884
2050,91,M,50756
2050,92,M,43602
2050,93,M,36762
2050,94,M,30777
2050,95,M,25531
2050,96,M,21031
2050,97,M,16890
2050,98,M,13025
2050,99,M,9906
2050,100,M,24551
2051,0,H,55216
2051,1,H,55589
2051,2,H,55836
2051,3,H,55990
2051,4,H,56083
2051,5,H,56148
2051,6,H,56207
2051,7,H,56282
2051,8,H,56387
2051,9,H,56541
2051,10,H,56745
2051,11,H,56997
2051,12,H,57296
2051,13,H,57650
2051,14,H,58068
2051,15,H,58655
2051,16,H,59529
2051,17,H,60728
2051,18,H,62174
2051,19,H,63772
2051,20,H,65480
2051,21,H,67289
2051,22,H,69216
2051,23,H,71268
2051,24,H,73465
2051,25,H,76759
2051,26,H,82305
2051,27,H,91172
2051,28,H,100722
2051,29,H,102712
2051,30,H,105663
2051,31,H,114936
2051,32,H,122695
2051,33,H,126145
2051,34,H,129643
2051,35,H,136889
2051,36,H,142454
2051,37,H,142165
2051,38,H,140452
2051,39,H,142247
2051,40,H,144229
2051,41,H,145402
2051,42,H,144725
2051,43,H,142202
2051,44,H,138990
2051,45,H,137279
2051,46,H,137005
2051,47,H,138033
2051,48,H,140694
2051,49,H,143784
2051,50,H,147240
2051,51,H,149321
2051,52,H,151717
2051,53,H,154974
2051,54,H,157692
2051,55,H,159581
2051,56,H,162028
2051,57,H,164588
2051,58,H,165671
2051,59,H,166925
2051,60,H,168102
2051,61,H,167310
2051,62,H,162312
2051,63,H,154316
2051,64,H,146079
2051,65,H,139505
2051,66,H,134959
2051,67,H,132289
2051,68,H,131685
2051,69,H,130629
2051,70,H,126553
2051,71,H,119334
2051,72,H,112039
2051,73,H,106919
2051,74,H,104661
2051,75,H,103957
2051,76,H,103444
2051,77,H,102427
2051,78,H,98802
2051,79,H,92926
2051,80,H,87117
2051,81,H,82137
2051,82,H,78145
2051,83,H,74818
2051,84,H,70956
2051,85,H,66472
2051,86,H,61751
2051,87,H,56776
2051,88,H,51272
2051,89,H,45711
2051,90,H,40361
2051,91,H,34925
2051,92,H,29469
2051,93,H,24199
2051,94,H,19417
2051,95,H,15431
2051,96,H,12091
2051,97,H,9320
2051,98,H,6919
2051,99,H,4867
2051,100,H,10303
2051,0,M,53185
2051,1,M,53528
2051,2,M,53747
2051,3,M,53879
2051,4,M,53958
2051,5,M,54014
2051,6,M,54064
2051,7,M,54130
2051,8,M,54227
2051,9,M,54368
2051,10,M,54558
2051,11,M,54795
2051,12,M,55078
2051,13,M,55416
2051,14,M,55816
2051,15,M,56377
2051,16,M,57211
2051,17,M,58362
2051,18,M,59761
2051,19,M,61307
2051,20,M,62962
2051,21,M,64725
2051,22,M,66601
2051,23,M,68612
2051,24,M,70777
2051,25,M,74010
2051,26,M,79782
2051,27,M,88294
2051,28,M,97672
2051,29,M,99685
2051,30,M,101624
2051,31,M,110586
2051,32,M,118710
2051,33,M,122361
2051,34,M,126121
2051,35,M,133181
2051,36,M,138155
2051,37,M,137994
2051,38,M,136842
2051,39,M,138299
2051,40,M,140449
2051,41,M,142197
2051,42,M,141424
2051,43,M,138917
2051,44,M,135918
2051,45,M,133946
2051,46,M,134162
2051,47,M,135791
2051,48,M,138477
2051,49,M,142359
2051,50,M,145311
2051,51,M,147079
2051,52,M,150496
2051,53,M,153588
2051,54,M,156109
2051,55,M,158833
2051,56,M,162009
2051,57,M,164748
2051,58,M,166082
2051,59,M,167822
2051,60,M,169527
2051,61,M,169645
2051,62,M,165449
2051,63,M,158053
2051,64,M,150515
2051,65,M,144646
2051,66,M,140881
2051,67,M,139045
2051,68,M,139403
2051,69,M,139297
2051,70,M,135900
2051,71,M,129230
2051,72,M,122487
2051,73,M,118087
2051,74,M,116676
2051,75,M,117119
2051,76,M,117987
2051,77,M,118395
2051,78,M,116008
2051,79,M,110968
2051,80,M,105665
2051,81,M,101283
2051,82,M,98205
2051,83,M,95759
2051,84,M,92658
2051,85,M,88788
2051,86,M,84375
2051,87,M,79224
2051,88,M,73104
2051,89,M,66618
2051,90,M,60100
2051,91,M,53251
2051,92,M,46219
2051,93,M,39245
2051,94,M,32661
2051,95,M,26966
2051,96,M,22044
2051,97,M,17878
2051,98,M,14101
2051,99,M,10654
2051,100,M,26263
2052,0,H,54601
2052,1,H,55173
2052,2,H,55591
2052,3,H,55867
2052,4,H,56040
2052,5,H,56142
2052,6,H,56207
2052,7,H,56265
2052,8,H,56338
2052,9,H,56444
2052,10,H,56598
2052,11,H,56798
2052,12,H,57045
2052,13,H,57340
2052,14,H,57685
2052,15,H,58090
2052,16,H,58670
2052,17,H,59557
2052,18,H,60770
2052,19,H,62217
2052,20,H,63794
2052,21,H,65479
2052,22,H,67269
2052,23,H,69183
2052,24,H,71230
2052,25,H,73440
2052,26,H,76754
2052,27,H,82322
2052,28,H,91211
2052,29,H,100788
2052,30,H,102813
2052,31,H,105789
2052,32,H,115065
2052,33,H,122813
2052,34,H,126246
2052,35,H,129726
2052,36,H,136953
2052,37,H,142499
2052,38,H,142193
2052,39,H,140465
2052,40,H,142240
2052,41,H,144200
2052,42,H,145352
2052,43,H,144659
2052,44,H,142121
2052,45,H,138902
2052,46,H,137181
2052,47,H,136892
2052,48,H,137900
2052,49,H,140534
2052,50,H,143592
2052,51,H,147016
2052,52,H,149067
2052,53,H,151424
2052,54,H,154633
2052,55,H,157301
2052,56,H,159136
2052,57,H,161525
2052,58,H,164020
2052,59,H,165036
2052,60,H,166212
2052,61,H,167304
2052,62,H,166441
2052,63,H,161393
2052,64,H,153359
2052,65,H,145082
2052,66,H,138455
2052,67,H,133834
2052,68,H,131078
2052,69,H,130367
2052,70,H,129199
2052,71,H,125030
2052,72,H,117752
2052,73,H,110398
2052,74,H,105178
2052,75,H,102759
2052,76,H,101836
2052,77,H,101079
2052,78,H,99801
2052,79,H,95972
2052,80,H,89980
2052,81,H,84065
2052,82,H,78962
2052,83,H,74800
2052,84,H,71269
2052,85,H,67227
2052,86,H,62598
2052,87,H,57741
2052,88,H,52669
2052,89,H,47158
2052,90,H,41643
2052,91,H,36374
2052,92,H,31094
2052,93,H,25874
2052,94,H,20914
2052,95,H,16484
2052,96,H,12836
2052,97,H,9830
2052,98,H,7388
2052,99,H,5337
2052,100,H,11240
2052,0,M,52592
2052,1,M,53126
2052,2,M,53509
2052,3,M,53762
2052,4,M,53917
2052,5,M,54009
2052,6,M,54065
2052,7,M,54113
2052,8,M,54179
2052,9,M,54274
2052,10,M,54416
2052,11,M,54604
2052,12,M,54839
2052,13,M,55118
2052,14,M,55446
2052,15,M,55831
2052,16,M,56385
2052,17,M,57233
2052,18,M,58402
2052,19,M,59802
2052,20,M,61325
2052,21,M,62957
2052,22,M,64705
2052,23,M,66578
2052,24,M,68593
2052,25,M,70776
2052,26,M,74031
2052,27,M,79831
2052,28,M,88370
2052,29,M,97780
2052,30,M,99822
2052,31,M,101779
2052,32,M,110747
2052,33,M,118856
2052,34,M,122492
2052,35,M,126229
2052,36,M,133272
2052,37,M,138233
2052,38,M,138065
2052,39,M,136903
2052,40,M,138348
2052,41,M,140483
2052,42,M,142221
2052,43,M,141441
2052,44,M,138930
2052,45,M,135926
2052,46,M,133948
2052,47,M,134157
2052,48,M,135777
2052,49,M,138454
2052,50,M,142318
2052,51,M,145248
2052,52,M,146995
2052,53,M,150386
2052,54,M,153450
2052,55,M,155942
2052,56,M,158635
2052,57,M,161777
2052,58,M,164481
2052,59,M,165779
2052,60,M,167479
2052,61,M,169135
2052,62,M,169202
2052,63,M,164961
2052,64,M,157530
2052,65,M,149951
2052,66,M,144036
2052,67,M,140210
2052,68,M,138302
2052,69,M,138571
2052,70,M,138370
2052,71,M,134892
2052,72,M,128160
2052,73,M,121355
2052,74,M,116862
2052,75,M,115306
2052,76,M,115554
2052,77,M,116198
2052,78,M,116372
2052,79,M,113788
2052,80,M,108568
2052,81,M,103072
2052,82,M,98476
2052,83,M,95128
2052,84,M,92380
2052,85,M,88984
2052,86,M,84829
2052,87,M,80137
2052,88,M,74743
2052,89,M,68464
2052,90,M,61889
2052,91,M,55337
2052,92,M,48537
2052,93,M,41645
2052,94,M,34909
2052,95,M,28655
2052,96,M,23317
2052,97,M,18769
2052,98,M,14952
2052,99,M,11557
2052,100,M,28172
2053,0,H,53769
2053,1,H,54557
2053,2,H,55174
2053,3,H,55621
2053,4,H,55916
2053,5,H,56097
2053,6,H,56200
2053,7,H,56263
2053,8,H,56319
2053,9,H,56393
2053,10,H,56499
2053,11,H,56649
2053,12,H,56845
2053,13,H,57088
2053,14,H,57373
2053,15,H,57707
2053,16,H,58105
2053,17,H,58697
2053,18,H,59598
2053,19,H,60811
2053,20,H,62237
2053,21,H,63792
2053,22,H,65458
2053,23,H,67235
2053,24,H,69144
2053,25,H,71204
2053,26,H,73434
2053,27,H,76772
2053,28,H,82365
2053,29,H,91282
2053,30,H,100889
2053,31,H,102940
2053,32,H,105923
2053,33,H,115188
2053,34,H,122916
2053,35,H,126333
2053,36,H,129796
2053,37,H,137003
2053,38,H,142527
2053,39,H,142206
2053,40,H,140462
2053,41,H,142215
2053,42,H,144153
2053,43,H,145287
2053,44,H,144577
2053,45,H,142031
2053,46,H,138805
2053,47,H,137071
2053,48,H,136765
2053,49,H,137749
2053,50,H,140353
2053,51,H,143381
2053,52,H,146773
2053,53,H,148786
2053,54,H,151099
2053,55,H,154258
2053,56,H,156871
2053,57,H,158651
2053,58,H,160979
2053,59,H,163402
2053,60,H,164344
2053,61,H,165438
2053,62,H,166449
2053,63,H,165513
2053,64,H,160406
2053,65,H,152327
2053,66,H,144006
2053,67,H,137318
2053,68,H,132627
2053,69,H,129786
2053,70,H,128960
2053,71,H,127665
2053,72,H,123394
2053,73,H,116050
2053,74,H,108624
2053,75,H,103293
2053,76,H,100691
2053,77,H,99539
2053,78,H,98521
2053,79,H,96978
2053,80,H,92965
2053,81,H,86865
2053,82,H,80853
2053,83,H,75621
2053,84,H,71292
2053,85,H,67565
2053,86,H,63351
2053,87,H,58576
2053,88,H,53608
2053,89,H,48486
2053,90,H,43003
2053,91,H,37570
2053,92,H,32422
2053,93,H,27336
2053,94,H,22394
2053,95,H,17784
2053,96,H,13737
2053,97,H,10457
2053,98,H,7811
2053,99,H,5714
2053,100,H,12301
2053,0,M,51791
2053,1,M,52533
2053,2,M,53106
2053,3,M,53522
2053,4,M,53798
2053,5,M,53967
2053,6,M,54059
2053,7,M,54113
2053,8,M,54161
2053,9,M,54226
2053,10,M,54320
2053,11,M,54460
2053,12,M,54648
2053,13,M,54879
2053,14,M,55148
2053,15,M,55460
2053,16,M,55838
2053,17,M,56406
2053,18,M,57272
2053,19,M,58441
2053,20,M,59818
2053,21,M,61318
2053,22,M,62935
2053,23,M,64679
2053,24,M,66557
2053,25,M,68590
2053,26,M,70795
2053,27,M,74078
2053,28,M,79906
2053,29,M,88477
2053,30,M,97915
2053,31,M,99977
2053,32,M,101941
2053,33,M,110895
2053,34,M,118987
2053,35,M,122600
2053,36,M,126322
2053,37,M,133351
2053,38,M,138302
2053,39,M,138125
2053,40,M,136953
2053,41,M,138384
2053,42,M,140509
2053,43,M,142238
2053,44,M,141452
2053,45,M,138936
2053,46,M,135927
2053,47,M,133943
2053,48,M,134145
2053,49,M,135758
2053,50,M,138418
2053,51,M,142261
2053,52,M,145168
2053,53,M,146892
2053,54,M,150255
2053,55,M,153290
2053,56,M,155754
2053,57,M,158414
2053,58,M,161521
2053,59,M,164187
2053,60,M,165447
2053,61,M,167100
2053,62,M,168701
2053,63,M,168710
2053,64,M,164422
2053,65,M,156947
2053,66,M,149326
2053,67,M,143359
2053,68,M,139472
2053,69,M,137489
2053,70,M,137662
2053,71,M,137357
2053,72,M,133789
2053,73,M,126990
2053,74,M,120111
2053,75,M,115507
2053,76,M,113786
2053,77,M,113824
2053,78,M,114237
2053,79,M,114171
2053,80,M,111354
2053,81,M,105933
2053,82,M,100246
2053,83,M,95423
2053,84,M,91806
2053,85,M,88755
2053,86,M,85057
2053,87,M,80613
2053,88,M,75650
2053,89,M,70046
2053,90,M,63652
2053,91,M,57032
2053,92,M,50486
2053,93,M,43780
2053,94,M,37088
2053,95,M,30668
2053,96,M,24813
2053,97,M,19884
2053,98,M,15724
2053,99,M,12278
2053,100,M,30352
2054,0,H,52718
2054,1,H,53725
2054,2,H,54557
2054,3,H,55202
2054,4,H,55669
2054,5,H,55971
2054,6,H,56154
2054,7,H,56254
2054,8,H,56316
2054,9,H,56373
2054,10,H,56447
2054,11,H,56550
2054,12,H,56695
2054,13,H,56887
2054,14,H,57121
2054,15,H,57394
2054,16,H,57721
2054,17,H,58131
2054,18,H,58737
2054,19,H,59638
2054,20,H,60830
2054,21,H,62235
2054,22,H,63770
2054,23,H,65423
2054,24,H,67195
2054,25,H,69117
2054,26,H,71197
2054,27,H,73452
2054,28,H,76817
2054,29,H,82440
2054,30,H,91388
2054,31,H,101016
2054,32,H,103075
2054,33,H,106051
2054,34,H,115295
2054,35,H,123005
2054,36,H,126405
2054,37,H,129852
2054,38,H,137037
2054,39,H,142541
2054,40,H,142202
2054,41,H,140440
2054,42,H,142172
2054,43,H,144091
2054,44,H,145207
2054,45,H,144485
2054,46,H,141932
2054,47,H,138695
2054,48,H,136946
2054,49,H,136619
2054,50,H,137577
2054,51,H,140152
2054,52,H,143150
2054,53,H,146503
2054,54,H,148474
2054,55,H,150741
2054,56,H,153846
2054,57,H,156403
2054,58,H,158126
2054,59,H,160385
2054,60,H,162730
2054,61,H,163593
2054,62,H,164609
2054,63,H,165537
2054,64,H,164516
2054,65,H,159342
2054,66,H,151212
2054,67,H,142840
2054,68,H,136097
2054,69,H,131339
2054,70,H,128407
2054,71,H,127452
2054,72,H,126018
2054,73,H,121634
2054,74,H,114210
2054,75,H,106702
2054,76,H,101241
2054,77,H,98449
2054,78,H,97052
2054,79,H,95769
2054,80,H,93976
2054,81,H,89784
2054,82,H,83584
2054,83,H,77470
2054,84,H,72113
2054,85,H,67626
2054,86,H,63709
2054,87,H,59322
2054,88,H,54425
2054,89,H,49392
2054,90,H,44255
2054,91,H,38837
2054,92,H,33526
2054,93,H,28539
2054,94,H,23694
2054,95,H,19073
2054,96,H,14848
2054,97,H,11215
2054,98,H,8328
2054,99,H,6056
2054,100,H,13388
2054,0,M,50777
2054,1,M,51730
2054,2,M,52511
2054,3,M,53117
2054,4,M,53557
2054,5,M,53847
2054,6,M,54015
2054,7,M,54106
2054,8,M,54160
2054,9,M,54206
2054,10,M,54270
2054,11,M,54364
2054,12,M,54503
2054,13,M,54686
2054,14,M,54907
2054,15,M,55160
2054,16,M,55466
2054,17,M,55857
2054,18,M,56443
2054,19,M,57309
2054,20,M,58455
2054,21,M,59809
2054,22,M,61294
2054,23,M,62907
2054,24,M,64656
2054,25,M,66551
2054,26,M,68607
2054,27,M,70840
2054,28,M,74153
2054,29,M,80013
2054,30,M,88613
2054,31,M,98068
2054,32,M,100137
2054,33,M,102090
2054,34,M,111026
2054,35,M,119096
2054,36,M,122694
2054,37,M,126403
2054,38,M,133422
2054,39,M,138362
2054,40,M,138174
2054,41,M,136990
2054,42,M,138411
2054,43,M,140527
2054,44,M,142249
2054,45,M,141458
2054,46,M,138936
2054,47,M,135922
2054,48,M,133933
2054,49,M,134129
2054,50,M,135726
2054,51,M,138366
2054,52,M,142187
2054,53,M,145070
2054,54,M,146769
2054,55,M,150105
2054,56,M,153111
2054,57,M,155543
2054,58,M,158171
2054,59,M,161240
2054,60,M,163865
2054,61,M,165080
2054,62,M,166680
2054,63,M,168220
2054,64,M,168165
2054,65,M,163820
2054,66,M,156300
2054,67,M,148633
2054,68,M,142615
2054,69,M,138664
2054,70,M,136600
2054,71,M,136667
2054,72,M,136248
2054,73,M,132582
2054,74,M,125704
2054,75,M,118736
2054,76,M,114003
2054,77,M,112103
2054,78,M,111926
2054,79,M,112101
2054,80,M,111755
2054,81,M,108679
2054,82,M,103058
2054,83,M,97171
2054,84,M,92126
2054,85,M,88241
2054,86,M,84878
2054,87,M,80872
2054,88,M,76145
2054,89,M,70943
2054,90,M,65170
2054,91,M,58705
2054,92,M,52080
2054,93,M,45584
2054,94,M,39034
2054,95,M,32623
2054,96,M,26593
2054,97,M,21192
2054,98,M,16687
2054,99,M,12936
2054,100,M,32604
2055,0,H,51462
2055,1,H,52673
2055,2,H,53723
2055,3,H,54584
2055,4,H,55249
2055,5,H,55723
2055,6,H,56027
2055,7,H,56207
2055,8,H,56307
2055,9,H,56369
2055,10,H,56426
2055,11,H,56497
2055,12,H,56595
2055,13,H,56737
2055,14,H,56919
2055,15,H,57140
2055,16,H,57406
2055,17,H,57745
2055,18,H,58170
2055,19,H,58776
2055,20,H,59656
2055,21,H,60827
2055,22,H,62212
2055,23,H,63734
2055,24,H,65383
2055,25,H,67168
2055,26,H,69110
2055,27,H,71215
2055,28,H,73498
2055,29,H,76894
2055,30,H,82550
2055,31,H,91520
2055,32,H,101153
2055,33,H,103205
2055,34,H,106165
2055,35,H,115390
2055,36,H,123080
2055,37,H,126465
2055,38,H,129893
2055,39,H,137056
2055,40,H,142538
2055,41,H,142181
2055,42,H,140401
2055,43,H,142115
2055,44,H,144015
2055,45,H,145117
2055,46,H,144386
2055,47,H,141821
2055,48,H,138571
2055,49,H,136804
2055,50,H,136453
2055,51,H,137386
2055,52,H,139934
2055,53,H,142895
2055,54,H,146203
2055,55,H,148131
2055,56,H,150348
2055,57,H,153397
2055,58,H,155895
2055,59,H,157554
2055,60,H,159738
2055,61,H,162000
2055,62,H,162788
2055,63,H,163723
2055,64,H,164556
2055,65,H,163441
2055,66,H,158192
2055,67,H,150004
2055,68,H,141588
2055,69,H,134795
2055,70,H,129963
2055,71,H,126926
2055,72,H,125831
2055,73,H,124244
2055,74,H,119729
2055,75,H,112216
2055,76,H,104610
2055,77,H,99016
2055,78,H,96021
2055,79,H,94375
2055,80,H,92841
2055,81,H,90796
2055,82,H,86430
2055,83,H,80125
2055,84,H,73915
2055,85,H,68444
2055,86,H,63807
2055,87,H,59699
2055,88,H,55160
2055,89,H,50187
2055,90,H,45123
2055,91,H,40009
2055,92,H,34695
2055,93,H,29548
2055,94,H,24771
2055,95,H,20211
2055,96,H,15952
2055,97,H,12146
2055,98,H,8952
2055,99,H,6474
2055,100,H,14471
2055,0,M,49567
2055,1,M,50717
2055,2,M,51708
2055,3,M,52522
2055,4,M,53151
2055,5,M,53604
2055,6,M,53893
2055,7,M,54061
2055,8,M,54151
2055,9,M,54204
2055,10,M,54250
2055,11,M,54313
2055,12,M,54405
2055,13,M,54540
2055,14,M,54714
2055,15,M,54919
2055,16,M,55166
2055,17,M,55484
2055,18,M,55893
2055,19,M,56478
2055,20,M,57321
2055,21,M,58445
2055,22,M,59783
2055,23,M,61264
2055,24,M,62882
2055,25,M,64649
2055,26,M,66567
2055,27,M,68650
2055,28,M,70913
2055,29,M,74259
2055,30,M,80149
2055,31,M,88767
2055,32,M,98228
2055,33,M,100286
2055,34,M,102223
2055,35,M,111137
2055,36,M,119190
2055,37,M,122776
2055,38,M,126477
2055,39,M,133484
2055,40,M,138411
2055,41,M,138210
2055,42,M,137018
2055,43,M,138431
2055,44,M,140541
2055,45,M,142255
2055,46,M,141457
2055,47,M,138930
2055,48,M,135912
2055,49,M,133918
2055,50,M,134101
2055,51,M,135680
2055,52,M,138299
2055,53,M,142096
2055,54,M,144954
2055,55,M,146628
2055,56,M,149934
2055,57,M,152910
2055,58,M,155310
2055,59,M,157903
2055,60,M,160932
2055,61,M,163509
2055,62,M,164674
2055,63,M,166213
2055,64,M,167686
2055,65,M,167558
2055,66,M,163153
2055,67,M,155583
2055,68,M,147871
2055,69,M,141799
2055,70,M,137779
2055,71,M,135628
2055,72,M,135579
2055,73,M,135034
2055,74,M,131255
2055,75,M,124282
2055,76,M,117209
2055,77,M,112338
2055,78,M,110256
2055,79,M,109858
2055,80,M,109756
2055,81,M,109098
2055,82,M,105760
2055,83,M,99930
2055,84,M,93848
2055,85,M,88585
2055,86,M,84426
2055,87,M,80743
2055,88,M,76434
2055,89,M,71453
2055,90,M,66053
2055,91,M,60154
2055,92,M,53656
2055,93,M,47071
2055,94,M,40688
2055,95,M,34377
2055,96,M,28327
2055,97,M,22747
2055,98,M,17814
2055,99,M,13752
2055,100,M,34866
2056,0,H,50050
2056,1,H,51417
2056,2,H,52671
2056,3,H,53750
2056,4,H,54630
2056,5,H,55303
2056,6,H,55778
2056,7,H,56079
2056,8,H,56259
2056,9,H,56358
2056,10,H,56421
2056,11,H,56475
2056,12,H,56541
2056,13,H,56636
2056,14,H,56767
2056,15,H,56938
2056,16,H,57152
2056,17,H,57429
2056,18,H,57783
2056,19,H,58208
2056,20,H,58793
2056,21,H,59652
2056,22,H,60804
2056,23,H,62175
2056,24,H,63694
2056,25,H,65355
2056,26,H,67162
2056,27,H,69129
2056,28,H,71261
2056,29,H,73577
2056,30,H,77007
2056,31,H,82687
2056,32,H,91662
2056,33,H,101284
2056,34,H,103322
2056,35,H,106267
2056,36,H,115471
2056,37,H,123143
2056,38,H,126510
2056,39,H,129920
2056,40,H,137060
2056,41,H,142518
2056,42,H,142142
2056,43,H,140348
2056,44,H,142044
2056,45,H,143930
2056,46,H,145020
2056,47,H,144274
2056,48,H,141696
2056,49,H,138430
2056,50,H,136642
2056,51,H,136270
2056,52,H,137179
2056,53,H,139691
2056,54,H,142610
2056,55,H,145873
2056,56,H,147752
2056,57,H,149919
2056,58,H,152909
2056,59,H,155343
2056,60,H,156932
2056,61,H,159035
2056,62,H,161216
2056,63,H,161927
2056,64,H,162769
2056,65,H,163498
2056,66,H,162278
2056,67,H,156946
2056,68,H,148708
2056,69,H,140252
2056,70,H,133402
2056,71,H,128485
2056,72,H,125334
2056,73,H,124083
2056,74,H,122323
2056,75,H,117665
2056,76,H,110044
2056,77,H,102341
2056,78,H,96605
2056,79,H,93406
2056,80,H,91524
2056,81,H,89735
2056,82,H,87442
2056,83,H,82893
2056,84,H,76488
2056,85,H,70193
2056,86,H,64618
2056,87,H,59830
2056,88,H,55552
2056,89,H,50907
2056,90,H,45891
2056,91,H,40833
2056,92,H,35781
2056,93,H,30616
2056,94,H,25681
2056,95,H,21162
2056,96,H,16932
2056,97,H,13074
2056,98,H,9717
2056,99,H,6976
2056,100,H,15610
2056,0,M,48206
2056,1,M,49506
2056,2,M,50694
2056,3,M,51719
2056,4,M,52555
2056,5,M,53198
2056,6,M,53650
2056,7,M,53938
2056,8,M,54105
2056,9,M,54195
2056,10,M,54247
2056,11,M,54291
2056,12,M,54353
2056,13,M,54442
2056,14,M,54567
2056,15,M,54724
2056,16,M,54924
2056,17,M,55183
2056,18,M,55519
2056,19,M,55927
2056,20,M,56489
2056,21,M,57310
2056,22,M,58418
2056,23,M,59752
2056,24,M,61238
2056,25,M,62874
2056,26,M,64663
2056,27,M,66610
2056,28,M,68723
2056,29,M,71019
2056,30,M,74395
2056,31,M,80304
2056,32,M,88928
2056,33,M,98376
2056,34,M,100419
2056,35,M,102335
2056,36,M,111234
2056,37,M,119273
2056,38,M,122852
2056,39,M,126542
2056,40,M,133536
2056,41,M,138448
2056,42,M,138239
2056,43,M,137039
2056,44,M,138446
2056,45,M,140549
2056,46,M,142255
2056,47,M,141450
2056,48,M,138918
2056,49,M,135896
2056,50,M,133892
2056,51,M,134058
2056,52,M,135618
2056,53,M,138216
2056,54,M,141986
2056,55,M,144818
2056,56,M,146467
2056,57,M,149743
2056,58,M,152688
2056,59,M,155054
2056,60,M,157609
2056,61,M,160591
2056,62,M,163115
2056,63,M,164222
2056,64,M,165696
2056,65,M,167090
2056,66,M,166885
2056,67,M,162413
2056,68,M,154794
2056,69,M,147036
2056,70,M,140907
2056,71,M,136811
2056,72,M,134562
2056,73,M,134387
2056,74,M,133699
2056,75,M,129788
2056,76,M,122701
2056,77,M,115517
2056,78,M,110509
2056,79,M,108243
2056,80,M,107585
2056,81,M,107174
2056,82,M,106198
2056,83,M,102582
2056,84,M,96547
2056,85,M,90277
2056,86,M,84793
2056,87,M,80353
2056,88,M,76355
2056,89,M,71770
2056,90,M,66575
2056,91,M,61016
2056,92,M,55028
2056,93,M,48542
2056,94,M,42061
2056,95,M,35877
2056,96,M,29890
2056,97,M,24265
2056,98,M,19151
2056,99,M,14707
2056,100,M,37262
2057,0,H,48541
2057,1,H,50005
2057,2,H,51415
2057,3,H,52697
2057,4,H,53795
2057,5,H,54683
2057,6,H,55357
2057,7,H,55829
2057,8,H,56130
2057,9,H,56309
2057,10,H,56410
2057,11,H,56469
2057,12,H,56518
2057,13,H,56581
2057,14,H,56666
2057,15,H,56786
2057,16,H,56949
2057,17,H,57175
2057,18,H,57466
2057,19,H,57820
2057,20,H,58224
2057,21,H,58788
2057,22,H,59628
2057,23,H,60768
2057,24,H,62135
2057,25,H,63667
2057,26,H,65349
2057,27,H,67180
2057,28,H,69175
2057,29,H,71341
2057,30,H,73691
2057,31,H,77147
2057,32,H,82834
2057,33,H,91799
2057,34,H,101402
2057,35,H,103425
2057,36,H,106356
2057,37,H,115541
2057,38,H,123192
2057,39,H,126541
2057,40,H,129932
2057,41,H,137048
2057,42,H,142481
2057,43,H,142089
2057,44,H,140282
2057,45,H,141964
2057,46,H,143838
2057,47,H,144910
2057,48,H,144148
2057,49,H,141553
2057,50,H,138268
2057,51,H,136462
2057,52,H,136069
2057,53,H,136947
2057,54,H,139419
2057,55,H,142296
2057,56,H,145509
2057,57,H,147340
2057,58,H,149452
2057,59,H,152378
2057,60,H,154741
2057,61,H,156254
2057,62,H,158279
2057,63,H,160379
2057,64,H,161000
2057,65,H,161740
2057,66,H,162353
2057,67,H,161018
2057,68,H,155607
2057,69,H,147322
2057,70,H,138822
2057,71,H,131906
2057,72,H,126895
2057,73,H,123616
2057,74,H,122190
2057,75,H,120241
2057,76,H,115416
2057,77,H,107686
2057,78,H,99879
2057,79,H,94006
2057,80,H,90617
2057,81,H,88497
2057,82,H,86456
2057,83,H,83901
2057,84,H,79169
2057,85,H,72677
2057,86,H,66309
2057,87,H,60631
2057,88,H,55714
2057,89,H,51309
2057,90,H,46589
2057,91,H,41568
2057,92,H,36557
2057,93,H,31611
2057,94,H,26644
2057,95,H,21972
2057,96,H,17759
2057,97,H,13903
2057,98,H,10481
2057,99,H,7591
2057,100,H,16855
2057,0,M,46752
2057,1,M,48145
2057,2,M,49483
2057,3,M,50704
2057,4,M,51750
2057,5,M,52601
2057,6,M,53243
2057,7,M,53695
2057,8,M,53983
2057,9,M,54148
2057,10,M,54237
2057,11,M,54288
2057,12,M,54331
2057,13,M,54390
2057,14,M,54468
2057,15,M,54577
2057,16,M,54729
2057,17,M,54940
2057,18,M,55217
2057,19,M,55552
2057,20,M,55937
2057,21,M,56477
2057,22,M,57282
2057,23,M,58386
2057,24,M,59725
2057,25,M,61229
2057,26,M,62887
2057,27,M,64705
2057,28,M,66682
2057,29,M,68829
2057,30,M,71155
2057,31,M,74551
2057,32,M,80466
2057,33,M,89078
2057,34,M,98509
2057,35,M,100532
2057,36,M,102435
2057,37,M,111320
2057,38,M,119350
2057,39,M,122919
2057,40,M,126598
2057,41,M,133576
2057,42,M,138477
2057,43,M,138260
2057,44,M,137057
2057,45,M,138456
2057,46,M,140551
2057,47,M,142248
2057,48,M,141437
2057,49,M,138902
2057,50,M,135869
2057,51,M,133851
2057,52,M,134000
2057,53,M,135541
2057,54,M,138115
2057,55,M,141859
2057,56,M,144664
2057,57,M,146286
2057,58,M,149532
2057,59,M,152442
2057,60,M,154772
2057,61,M,157283
2057,62,M,160212
2057,63,M,162676
2057,64,M,163720
2057,65,M,165117
2057,66,M,166429
2057,67,M,166139
2057,68,M,161600
2057,69,M,153931
2057,70,M,146122
2057,71,M,139929
2057,72,M,135750
2057,73,M,133395
2057,74,M,133075
2057,75,M,132222
2057,76,M,128156
2057,77,M,120950
2057,78,M,113657
2057,79,M,108514
2057,80,M,106027
2057,81,M,105080
2057,82,M,104354
2057,83,M,103039
2057,84,M,99143
2057,85,M,92909
2057,86,M,86450
2057,87,M,80743
2057,88,M,76028
2057,89,M,71740
2057,90,M,66916
2057,91,M,61545
2057,92,M,55864
2057,93,M,49831
2057,94,M,43422
2057,95,M,37132
2057,96,M,31235
2057,97,M,25640
2057,98,M,20460
2057,99,M,15839
2057,100,M,39870
2058,0,H,46991
2058,1,H,48496
2058,2,H,50002
2058,3,H,51440
2058,4,H,52742
2058,5,H,53848
2058,6,H,54736
2058,7,H,55408
2058,8,H,55879
2058,9,H,56180
2058,10,H,56360
2058,11,H,56457
2058,12,H,56512
2058,13,H,56557
2058,14,H,56611
2058,15,H,56684
2058,16,H,56797
2058,17,H,56972
2058,18,H,57212
2058,19,H,57503
2058,20,H,57836
2058,21,H,58219
2058,22,H,58764
2058,23,H,59592
2058,24,H,60728
2058,25,H,62108
2058,26,H,63660
2058,27,H,65367
2058,28,H,67227
2058,29,H,69256
2058,30,H,71456
2058,31,H,73833
2058,32,H,77298
2058,33,H,82977
2058,34,H,91924
2058,35,H,101508
2058,36,H,103517
2058,37,H,106433
2058,38,H,115597
2058,39,H,123227
2058,40,H,126558
2058,41,H,129928
2058,42,H,137018
2058,43,H,142431
2058,44,H,142023
2058,45,H,140207
2058,46,H,141877
2058,47,H,143734
2058,48,H,144787
2058,49,H,144005
2058,50,H,141390
2058,51,H,138089
2058,52,H,136265
2058,53,H,135844
2058,54,H,136688
2058,55,H,139119
2058,56,H,141949
2058,57,H,145111
2058,58,H,146891
2058,59,H,148943
2058,60,H,151800
2058,61,H,154085
2058,62,H,155525
2058,63,H,157472
2058,64,H,159477
2058,65,H,160000
2058,66,H,160626
2058,67,H,161112
2058,68,H,159664
2058,69,H,154177
2058,70,H,145839
2058,71,H,137285
2058,72,H,130294
2058,73,H,125178
2058,74,H,121755
2058,75,H,120137
2058,76,H,117971
2058,77,H,112973
2058,78,H,105127
2058,79,H,97224
2058,80,H,91232
2058,81,H,87653
2058,82,H,85298
2058,83,H,82991
2058,84,H,80171
2058,85,H,75264
2058,86,H,68695
2058,87,H,62258
2058,88,H,56500
2058,89,H,51498
2058,90,H,46997
2058,91,H,42240
2058,92,H,37253
2058,93,H,32334
2058,94,H,27545
2058,95,H,22829
2058,96,H,18468
2058,97,H,14609
2058,98,H,11169
2058,99,H,8206
2058,100,H,18267
2058,0,M,45258
2058,1,M,46691
2058,2,M,48122
2058,3,M,49492
2058,4,M,50735
2058,5,M,51796
2058,6,M,52646
2058,7,M,53287
2058,8,M,53739
2058,9,M,54026
2058,10,M,54191
2058,11,M,54278
2058,12,M,54327
2058,13,M,54367
2058,14,M,54416
2058,15,M,54479
2058,16,M,54581
2058,17,M,54745
2058,18,M,54974
2058,19,M,55250
2058,20,M,55562
2058,21,M,55924
2058,22,M,56448
2058,23,M,57250
2058,24,M,58359
2058,25,M,59716
2058,26,M,61242
2058,27,M,62929
2058,28,M,64777
2058,29,M,66787
2058,30,M,68965
2058,31,M,71311
2058,32,M,74715
2058,33,M,80618
2058,34,M,89213
2058,35,M,98623
2058,36,M,100633
2058,37,M,102525
2058,38,M,111400
2058,39,M,119419
2058,40,M,122977
2058,41,M,126641
2058,42,M,133608
2058,43,M,138498
2058,44,M,138278
2058,45,M,137069
2058,46,M,138461
2058,47,M,140547
2058,48,M,142236
2058,49,M,141420
2058,50,M,138873
2058,51,M,135829
2058,52,M,133796
2058,53,M,133927
2058,54,M,135447
2058,55,M,137997
2058,56,M,141714
2058,57,M,144491
2058,58,M,146086
2058,59,M,149298
2058,60,M,152172
2058,61,M,154460
2058,62,M,156921
2058,63,M,159790
2058,64,M,162188
2058,65,M,163158
2058,66,M,164474
2058,67,M,165696
2058,68,M,165318
2058,69,M,160709
2058,70,M,152985
2058,71,M,145121
2058,72,M,138858
2058,73,M,134587
2058,74,M,132109
2058,75,M,131622
2058,76,M,130580
2058,77,M,126348
2058,78,M,119025
2058,79,M,111628
2058,80,M,106316
2058,81,M,103584
2058,82,M,102343
2058,83,M,101280
2058,84,M,99619
2058,85,M,95444
2058,86,M,89009
2058,87,M,82360
2058,88,M,76439
2058,89,M,71476
2058,90,M,66933
2058,91,M,61907
2058,92,M,56396
2058,93,M,50635
2058,94,M,44621
2058,95,M,38378
2058,96,M,32368
2058,97,M,26830
2058,98,M,21653
2058,99,M,16950
2058,100,M,42779
2059,0,H,45444
2059,1,H,46947
2059,2,H,48493
2059,3,H,50028
2059,4,H,51484
2059,5,H,52795
2059,6,H,53901
2059,7,H,54787
2059,8,H,55457
2059,9,H,55929
2059,10,H,56230
2059,11,H,56407
2059,12,H,56500
2059,13,H,56551
2059,14,H,56587
2059,15,H,56629
2059,16,H,56696
2059,17,H,56820
2059,18,H,57009
2059,19,H,57249
2059,20,H,57519
2059,21,H,57831
2059,22,H,58195
2059,23,H,58728
2059,24,H,59553
2059,25,H,60701
2059,26,H,62103
2059,27,H,63680
2059,28,H,65415
2059,29,H,67308
2059,30,H,69373
2059,31,H,71600
2059,32,H,73987
2059,33,H,77445
2059,34,H,83108
2059,35,H,92036
2059,36,H,101602
2059,37,H,103597
2059,38,H,106497
2059,39,H,115640
2059,40,H,123249
2059,41,H,126559
2059,42,H,129908
2059,43,H,136976
2059,44,H,142367
2059,45,H,141949
2059,46,H,140125
2059,47,H,141779
2059,48,H,143616
2059,49,H,144647
2059,50,H,143842
2059,51,H,141209
2059,52,H,137893
2059,53,H,136045
2059,54,H,135593
2059,55,H,136401
2059,56,H,138788
2059,57,H,141569
2059,58,H,144678
2059,59,H,146401
2059,60,H,148389
2059,61,H,151168
2059,62,H,153379
2059,63,H,154746
2059,64,H,156601
2059,65,H,158502
2059,66,H,158916
2059,67,H,159417
2059,68,H,159777
2059,69,H,158217
2059,70,H,152644
2059,71,H,144245
2059,72,H,135629
2059,73,H,128554
2059,74,H,123318
2059,75,H,119735
2059,76,H,117897
2059,77,H,115504
2059,78,H,110321
2059,79,H,102366
2059,80,H,94387
2059,81,H,88281
2059,82,H,84519
2059,83,H,81915
2059,84,H,79338
2059,85,H,76255
2059,86,H,71181
2059,87,H,64538
2059,88,H,58056
2059,89,H,52265
2059,90,H,47209
2059,91,H,42648
2059,92,H,37894
2059,93,H,32986
2059,94,H,28211
2059,95,H,23634
2059,96,H,19219
2059,97,H,15220
2059,98,H,11759
2059,99,H,8765
2059,100,H,19806
2059,0,M,43768
2059,1,M,45198
2059,2,M,46668
2059,3,M,48131
2059,4,M,49524
2059,5,M,50780
2059,6,M,51840
2059,7,M,52690
2059,8,M,53331
2059,9,M,53782
2059,10,M,54068
2059,11,M,54231
2059,12,M,54317
2059,13,M,54363
2059,14,M,54392
2059,15,M,54426
2059,16,M,54483
2059,17,M,54597
2059,18,M,54778
2059,19,M,55006
2059,20,M,55259
2059,21,M,55548
2059,22,M,55895
2059,23,M,56415
2059,24,M,57222
2059,25,M,58349
2059,26,M,59728
2059,27,M,61284
2059,28,M,63000
2059,29,M,64882
2059,30,M,66923
2059,31,M,69120
2059,32,M,71476
2059,33,M,74868
2059,34,M,80756
2059,35,M,89330
2059,36,M,98724
2059,37,M,100723
2059,38,M,102608
2059,39,M,111472
2059,40,M,119479
2059,41,M,123023
2059,42,M,126678
2059,43,M,133633
2059,44,M,138517
2059,45,M,138290
2059,46,M,137076
2059,47,M,138460
2059,48,M,140538
2059,49,M,142220
2059,50,M,141391
2059,51,M,138832
2059,52,M,135773
2059,53,M,133725
2059,54,M,133838
2059,55,M,135336
2059,56,M,137862
2059,57,M,141550
2059,58,M,144299
2059,59,M,145864
2059,60,M,149040
2059,61,M,151872
2059,62,M,154112
2059,63,M,156517
2059,64,M,159320
2059,65,M,161640
2059,66,M,162534
2059,67,M,163762
2059,68,M,164889
2059,69,M,164418
2059,70,M,159733
2059,71,M,151948
2059,72,M,144023
2059,73,M,137682
2059,74,M,133306
2059,75,M,130684
2059,76,M,130006
2059,77,M,128758
2059,78,M,124359
2059,79,M,116922
2059,80,M,109390
2059,81,M,103891
2059,82,M,100913
2059,83,M,99359
2059,84,M,97951
2059,85,M,95937
2059,86,M,91475
2059,87,M,84837
2059,88,M,78011
2059,89,M,71905
2059,90,M,66731
2059,91,M,61967
2059,92,M,56773
2059,93,M,51164
2059,94,M,45388
2059,95,M,39482
2059,96,M,33495
2059,97,M,27841
2059,98,M,22691
2059,99,M,17967
2059,100,M,45908
2060,0,H,43945
2060,1,H,45400
2060,2,H,46944
2060,3,H,48519
2060,4,H,50072
2060,5,H,51537
2060,6,H,52848
2060,7,H,53952
2060,8,H,54836
2060,9,H,55508
2060,10,H,55980
2060,11,H,56277
2060,12,H,56450
2060,13,H,56539
2060,14,H,56581
2060,15,H,56605
2060,16,H,56640
2060,17,H,56719
2060,18,H,56856
2060,19,H,57045
2060,20,H,57265
2060,21,H,57515
2060,22,H,57807
2060,23,H,58159
2060,24,H,58689
2060,25,H,59527
2060,26,H,60697
2060,27,H,62124
2060,28,H,63729
2060,29,H,65497
2060,30,H,67427
2060,31,H,69518
2060,32,H,71755
2060,33,H,74136
2060,34,H,77579
2060,35,H,83227
2060,36,H,92138
2060,37,H,101684
2060,38,H,103665
2060,39,H,106550
2060,40,H,115670
2060,41,H,123255
2060,42,H,126545
2060,43,H,129875
2060,44,H,136921
2060,45,H,142296
2060,46,H,141867
2060,47,H,140031
2060,48,H,141667
2060,49,H,143482
2060,50,H,144487
2060,51,H,143661
2060,52,H,141011
2060,53,H,137674
2060,54,H,135799
2060,55,H,135315
2060,56,H,136084
2060,57,H,138425
2060,58,H,141157
2060,59,H,144205
2060,60,H,145866
2060,61,H,147783
2060,62,H,150488
2060,63,H,152625
2060,64,H,153905
2060,65,H,155660
2060,66,H,157444
2060,67,H,157738
2060,68,H,158115
2060,69,H,158349
2060,70,H,156665
2060,71,H,150997
2060,72,H,142526
2060,73,H,133840
2060,74,H,126667
2060,75,H,121298
2060,76,H,117531
2060,77,H,115462
2060,78,H,112825
2060,79,H,107456
2060,80,H,99412
2060,81,H,91367
2060,82,H,85158
2060,83,H,81202
2060,84,H,78346
2060,85,H,75501
2060,86,H,72158
2060,87,H,66914
2060,88,H,60223
2060,89,H,53743
2060,90,H,47951
2060,91,H,42879
2060,92,H,38297
2060,93,H,33590
2060,94,H,28815
2060,95,H,24238
2060,96,H,19927
2060,97,H,15866
2060,98,H,12275
2060,99,H,9248
2060,100,H,21402
2060,0,M,42324
2060,1,M,43708
2060,2,M,45175
2060,3,M,46678
2060,4,M,48163
2060,5,M,49569
2060,6,M,50824
2060,7,M,51884
2060,8,M,52734
2060,9,M,53374
2060,10,M,53824
2060,11,M,54109
2060,12,M,54270
2060,13,M,54353
2060,14,M,54388
2060,15,M,54402
2060,16,M,54429
2060,17,M,54498
2060,18,M,54630
2060,19,M,54810
2060,20,M,55015
2060,21,M,55245
2060,22,M,55519
2060,23,M,55862
2060,24,M,56387
2060,25,M,57212
2060,26,M,58361
2060,27,M,59770
2060,28,M,61355
2060,29,M,63105
2060,30,M,65018
2060,31,M,67079
2060,32,M,69285
2060,33,M,71630
2060,34,M,75008
2060,35,M,80876
2060,36,M,89435
2060,37,M,98815
2060,38,M,100807
2060,39,M,102684
2060,40,M,111536
2060,41,M,119527
2060,42,M,123063
2060,43,M,126708
2060,44,M,133656
2060,45,M,138530
2060,46,M,138298
2060,47,M,137078
2060,48,M,138455
2060,49,M,140525
2060,50,M,142192
2060,51,M,141349
2060,52,M,138775
2060,53,M,135702
2060,54,M,133639
2060,55,M,133733
2060,56,M,135209
2060,57,M,137709
2060,58,M,141367
2060,59,M,144085
2060,60,M,145619
2060,61,M,148754
2060,62,M,151538
2060,63,M,153724
2060,64,M,156066
2060,65,M,158791
2060,66,M,161032
2060,67,M,161841
2060,68,M,162976
2060,69,M,164004
2060,70,M,163432
2060,71,M,158663
2060,72,M,150812
2060,73,M,142818
2060,74,M,136387
2060,75,M,131885
2060,76,M,129099
2060,77,M,128213
2060,78,M,126753
2060,79,M,122185
2060,80,M,114602
2060,81,M,106919
2060,82,M,101239
2060,83,M,97999
2060,84,M,96124
2060,85,M,94366
2060,86,M,91985
2060,87,M,87228
2060,88,M,80399
2060,89,M,73427
2060,90,M,67174
2060,91,M,61824
2060,92,M,56873
2060,93,M,51551
2060,94,M,45907
2060,95,M,40204
2060,96,M,34501
2060,97,M,28848
2060,98,M,23580
2060,99,M,18859
2060,100,M,49139
2061,0,H,42529
2061,1,H,43902
2061,2,H,45397
2061,3,H,46970
2061,4,H,48564
2061,5,H,50125
2061,6,H,51590
2061,7,H,52898
2061,8,H,54001
2061,9,H,54887
2061,10,H,55559
2061,11,H,56027
2061,12,H,56320
2061,13,H,56489
2061,14,H,56569
2061,15,H,56599
2061,16,H,56616
2061,17,H,56663
2061,18,H,56755
2061,19,H,56893
2061,20,H,57062
2061,21,H,57262
2061,22,H,57492
2061,23,H,57772
2061,24,H,58121
2061,25,H,58665
2061,26,H,59525
2061,27,H,60720
2061,28,H,62174
2061,29,H,63813
2061,30,H,65617
2061,31,H,67573
2061,32,H,69675
2061,33,H,71906
2061,34,H,74274
2061,35,H,77703
2061,36,H,83335
2061,37,H,92228
2061,38,H,101755
2061,39,H,103721
2061,40,H,106589
2061,41,H,115684
2061,42,H,123245
2061,43,H,126518
2061,44,H,129830
2061,45,H,136858
2061,46,H,142217
2061,47,H,141775
2061,48,H,139925
2061,49,H,141540
2061,50,H,143328
2061,51,H,144309
2061,52,H,143463
2061,53,H,140790
2061,54,H,137429
2061,55,H,135525
2061,56,H,135007
2061,57,H,135736
2061,58,H,138031
2061,59,H,140705
2061,60,H,143688
2061,61,H,145282
2061,62,H,147131
2061,63,H,149762
2061,64,H,151810
2061,65,H,152996
2061,66,H,154637
2061,67,H,156295
2061,68,H,156469
2061,69,H,156722
2061,70,H,156817
2061,71,H,154996
2061,72,H,149220
2061,73,H,140669
2061,74,H,131899
2061,75,H,124617
2061,76,H,119092
2061,77,H,115133
2061,78,H,112815
2061,79,H,109929
2061,80,H,104390
2061,81,H,96265
2061,82,H,88169
2061,83,H,81850
2061,84,H,77699
2061,85,H,74594
2061,86,H,71483
2061,87,H,67872
2061,88,H,62480
2061,89,H,55789
2061,90,H,49346
2061,91,H,43590
2061,92,H,38541
2061,93,H,33984
2061,94,H,29377
2061,95,H,24790
2061,96,H,20467
2061,97,H,16478
2061,98,H,12820
2061,99,H,9674
2061,100,H,22985
2061,0,M,40959
2061,1,M,42265
2061,2,M,43685
2061,3,M,45185
2061,4,M,46710
2061,5,M,48208
2061,6,M,49613
2061,7,M,50868
2061,8,M,51928
2061,9,M,52776
2061,10,M,53416
2061,11,M,53865
2061,12,M,54148
2061,13,M,54306
2061,14,M,54378
2061,15,M,54398
2061,16,M,54405
2061,17,M,54445
2061,18,M,54531
2061,19,M,54662
2061,20,M,54819
2061,21,M,55001
2061,22,M,55216
2061,23,M,55486
2061,24,M,55834
2061,25,M,56377
2061,26,M,57225
2061,27,M,58403
2061,28,M,59842
2061,29,M,61461
2061,30,M,63243
2061,31,M,65176
2061,32,M,67245
2061,33,M,69440
2061,34,M,71770
2061,35,M,75129
2061,36,M,80984
2061,37,M,89530
2061,38,M,98901
2061,39,M,100885
2061,40,M,102753
2061,41,M,111588
2061,42,M,119569
2061,43,M,123096
2061,44,M,126736
2061,45,M,133673
2061,46,M,138539
2061,47,M,138300
2061,48,M,137075
2061,49,M,138445
2061,50,M,140501
2061,51,M,142152
2061,52,M,141291
2061,53,M,138702
2061,54,M,135616
2061,55,M,133537
2061,56,M,133612
2061,57,M,135065
2061,58,M,137538
2061,59,M,141164
2061,60,M,143849
2061,61,M,145347
2061,62,M,148435
2061,63,M,151164
2061,64,M,153289
2061,65,M,155558
2061,66,M,158204
2061,67,M,160356
2061,68,M,161076
2061,69,M,162114
2061,70,M,163034
2061,71,M,162351
2061,72,M,157490
2061,73,M,149564
2061,74,M,141489
2061,75,M,134950
2061,76,M,130304
2061,77,M,127339
2061,78,M,126239
2061,79,M,124561
2061,80,M,119784
2061,81,M,112038
2061,82,M,104216
2061,83,M,98344
2061,84,M,94839
2061,85,M,92639
2061,86,M,90514
2061,87,M,87753
2061,88,M,82705
2061,89,M,75717
2061,90,M,68639
2061,91,M,62279
2061,92,M,56786
2061,93,M,51687
2061,94,M,46299
2061,95,M,40708
2061,96,M,35173
2061,97,M,29752
2061,98,M,24467
2061,99,M,19628
2061,100,M,52355
2062,0,H,41216
2062,1,H,42486
2062,2,H,43899
2062,3,H,45423
2062,4,H,47015
2062,5,H,48617
2062,6,H,50179
2062,7,H,51641
2062,8,H,52948
2062,9,H,54052
2062,10,H,54938
2062,11,H,55606
2062,12,H,56070
2062,13,H,56359
2062,14,H,56519
2062,15,H,56587
2062,16,H,56610
2062,17,H,56639
2062,18,H,56700
2062,19,H,56792
2062,20,H,56910
2062,21,H,57059
2062,22,H,57240
2062,23,H,57457
2062,24,H,57735
2062,25,H,58097
2062,26,H,58663
2062,27,H,59548
2062,28,H,60771
2062,29,H,62260
2062,30,H,63935
2062,31,H,65765
2062,32,H,67731
2062,33,H,69828
2062,34,H,72046
2062,35,H,74400
2062,36,H,77816
2062,37,H,83433
2062,38,H,92307
2062,39,H,101814
2062,40,H,103764
2062,41,H,106613
2062,42,H,115684
2062,43,H,123223
2062,44,H,126479
2062,45,H,129778
2062,46,H,136789
2062,47,H,142127
2062,48,H,141670
2062,49,H,139804
2062,50,H,141393
2062,51,H,143156
2062,52,H,144114
2062,53,H,143242
2062,54,H,140543
2062,55,H,137157
2062,56,H,135223
2062,57,H,134669
2062,58,H,135357
2062,59,H,137598
2062,60,H,140211
2062,61,H,143123
2062,62,H,144653
2062,63,H,146433
2062,64,H,148976
2062,65,H,150928
2062,66,H,152007
2062,67,H,153526
2062,68,H,155057
2062,69,H,155111
2062,70,H,155227
2062,71,H,155169
2062,72,H,153195
2062,73,H,147299
2062,74,H,138654
2062,75,H,129790
2062,76,H,122378
2062,77,H,116691
2062,78,H,112524
2062,79,H,109952
2062,80,H,106826
2062,81,H,101119
2062,82,H,92930
2062,83,H,84778
2062,84,H,78354
2062,85,H,74014
2062,86,H,70661
2062,87,H,67276
2062,88,H,63416
2062,89,H,57921
2062,90,H,51264
2062,91,H,44897
2062,92,H,39217
2062,93,H,34235
2062,94,H,29755
2062,95,H,25306
2062,96,H,20964
2062,97,H,16952
2062,98,H,13340
2062,99,H,10125
2062,100,H,24519
2062,0,M,39693
2062,1,M,40900
2062,2,M,42243
2062,3,M,43695
2062,4,M,45217
2062,5,M,46755
2062,6,M,48253
2062,7,M,49657
2062,8,M,50912
2062,9,M,51970
2062,10,M,52818
2062,11,M,53457
2062,12,M,53904
2062,13,M,54184
2062,14,M,54331
2062,15,M,54388
2062,16,M,54401
2062,17,M,54421
2062,18,M,54478
2062,19,M,54564
2062,20,M,54671
2062,21,M,54805
2062,22,M,54972
2062,23,M,55183
2062,24,M,55459
2062,25,M,55824
2062,26,M,56390
2062,27,M,57267
2062,28,M,58475
2062,29,M,59948
2062,30,M,61599
2062,31,M,63401
2062,32,M,65342
2062,33,M,67400
2062,34,M,69581
2062,35,M,71893
2062,36,M,75239
2062,37,M,81082
2062,38,M,89620
2062,39,M,98980
2062,40,M,100955
2062,41,M,102810
2062,42,M,111635
2062,43,M,119606
2062,44,M,123127
2062,45,M,126759
2062,46,M,133687
2062,47,M,138543
2062,48,M,138298
2062,49,M,137068
2062,50,M,138425
2062,51,M,140464
2062,52,M,142095
2062,53,M,141218
2062,54,M,138615
2062,55,M,135514
2062,56,M,133420
2062,57,M,133473
2062,58,M,134903
2062,59,M,137348
2062,60,M,140940
2062,61,M,143586
2062,62,M,145043
2062,63,M,148077
2062,64,M,150746
2062,65,M,152799
2062,66,M,154992
2062,67,M,157550
2062,68,M,159609
2062,69,M,160237
2062,70,M,161169
2062,71,M,161970
2062,72,M,161164
2062,73,M,156201
2062,74,M,148188
2062,75,M,140016
2062,76,M,133350
2062,77,M,128547
2062,78,M,125400
2062,79,M,124079
2062,80,M,122138
2062,81,M,117130
2062,82,M,109232
2062,83,M,101264
2062,84,M,95203
2062,85,M,91432
2062,86,M,88893
2062,87,M,86388
2062,88,M,83244
2062,89,M,77931
2062,90,M,70823
2062,91,M,63680
2062,92,M,57248
2062,93,M,51652
2062,94,M,46465
2062,95,M,41099
2062,96,M,35655
2062,97,M,30370
2062,98,M,25268
2062,99,M,20397
2062,100,M,55470
2063,0,H,40020
2063,1,H,41174
2063,2,H,42483
2063,3,H,43925
2063,4,H,45468
2063,5,H,47068
2063,6,H,48671
2063,7,H,50230
2063,8,H,51691
2063,9,H,52999
2063,10,H,54103
2063,11,H,54986
2063,12,H,55649
2063,13,H,56109
2063,14,H,56389
2063,15,H,56538
2063,16,H,56598
2063,17,H,56633
2063,18,H,56676
2063,19,H,56738
2063,20,H,56810
2063,21,H,56907
2063,22,H,57038
2063,23,H,57205
2063,24,H,57421
2063,25,H,57711
2063,26,H,58096
2063,27,H,58688
2063,28,H,59601
2063,29,H,60858
2063,30,H,62383
2063,31,H,64084
2063,32,H,65925
2063,33,H,67886
2063,34,H,69970
2063,35,H,72175
2063,36,H,74516
2063,37,H,77918
2063,38,H,83520
2063,39,H,92375
2063,40,H,101860
2063,41,H,103792
2063,42,H,106623
2063,43,H,115671
2063,44,H,123190
2063,45,H,126433
2063,46,H,129719
2063,47,H,136709
2063,48,H,142025
2063,49,H,141549
2063,50,H,139664
2063,51,H,141228
2063,52,H,142967
2063,53,H,143896
2063,54,H,142995
2063,55,H,140269
2063,56,H,136856
2063,57,H,134890
2063,58,H,134301
2063,59,H,134942
2063,60,H,137125
2063,61,H,139670
2063,62,H,142515
2063,63,H,143979
2063,64,H,145679
2063,65,H,148125
2063,66,H,149968
2063,67,H,150932
2063,68,H,152328
2063,69,H,153730
2063,70,H,153652
2063,71,H,153617
2063,72,H,153389
2063,73,H,151247
2063,74,H,145214
2063,75,H,136463
2063,76,H,127486
2063,77,H,119940
2063,78,H,114078
2063,79,H,109702
2063,80,H,106882
2063,81,H,103513
2063,82,H,97650
2063,83,H,89392
2063,84,H,81192
2063,85,H,74673
2063,86,H,70147
2063,87,H,66540
2063,88,H,62898
2063,89,H,58828
2063,90,H,53262
2063,91,H,46680
2063,92,H,40429
2063,93,H,34871
2063,94,H,30009
2063,95,H,25664
2063,96,H,21430
2063,97,H,17391
2063,98,H,13748
2063,99,H,10557
2063,100,H,26038
2063,0,M,38540
2063,1,M,39635
2063,2,M,40878
2063,3,M,42253
2063,4,M,43727
2063,5,M,45263
2063,6,M,46800
2063,7,M,48297
2063,8,M,49701
2063,9,M,50954
2063,10,M,52012
2063,11,M,52859
2063,12,M,53496
2063,13,M,53940
2063,14,M,54210
2063,15,M,54341
2063,16,M,54391
2063,17,M,54417
2063,18,M,54454
2063,19,M,54511
2063,20,M,54573
2063,21,M,54658
2063,22,M,54776
2063,23,M,54939
2063,24,M,55156
2063,25,M,55449
2063,26,M,55837
2063,27,M,56433
2063,28,M,57340
2063,29,M,58581
2063,30,M,60086
2063,31,M,61757
2063,32,M,63568
2063,33,M,65499
2063,34,M,67543
2063,35,M,69705
2063,36,M,72004
2063,37,M,75340
2063,38,M,81176
2063,39,M,89703
2063,40,M,99052
2063,41,M,101013
2063,42,M,102862
2063,43,M,111677
2063,44,M,119639
2063,45,M,123153
2063,46,M,126779
2063,47,M,133696
2063,48,M,138542
2063,49,M,138292
2063,50,M,137051
2063,51,M,138392
2063,52,M,140412
2063,53,M,142024
2063,54,M,141130
2063,55,M,138511
2063,56,M,135397
2063,57,M,133285
2063,58,M,133318
2063,59,M,134722
2063,60,M,137136
2063,61,M,140689
2063,62,M,143293
2063,63,M,144701
2063,64,M,147675
2063,65,M,150273
2063,66,M,152253
2063,67,M,154363
2063,68,M,156828
2063,69,M,158789
2063,70,M,159315
2063,71,M,160131
2063,72,M,160801
2063,73,M,159861
2063,74,M,154780
2063,75,M,146661
2063,76,M,138373
2063,77,M,131572
2063,78,M,126611
2063,79,M,123277
2063,80,M,121689
2063,81,M,119456
2063,82,M,114223
2063,83,M,106166
2063,84,M,98059
2063,85,M,91814
2063,86,M,87769
2063,87,M,84877
2063,88,M,81988
2063,89,M,78481
2063,90,M,72938
2063,91,M,65750
2063,92,M,58579
2063,93,M,52115
2063,94,M,46476
2063,95,M,41288
2063,96,M,36038
2063,97,M,30823
2063,98,M,25828
2063,99,M,21096
2063,100,M,58510
2064,0,H,38952
2064,1,H,39978
2064,2,H,41172
2064,3,H,42510
2064,4,H,43970
2064,5,H,45522
2064,6,H,47122
2064,7,H,48722
2064,8,H,50280
2064,9,H,51742
2064,10,H,53050
2064,11,H,54151
2064,12,H,55029
2064,13,H,55689
2064,14,H,56139
2064,15,H,56408
2064,16,H,56550
2064,17,H,56622
2064,18,H,56670
2064,19,H,56714
2064,20,H,56756
2064,21,H,56807
2064,22,H,56886
2064,23,H,57004
2064,24,H,57169
2064,25,H,57398
2064,26,H,57711
2064,27,H,58122
2064,28,H,58741
2064,29,H,59688
2064,30,H,60982
2064,31,H,62534
2064,32,H,64246
2064,33,H,66082
2064,34,H,68030
2064,35,H,70101
2064,36,H,72294
2064,37,H,74621
2064,38,H,78010
2064,39,H,83596
2064,40,H,92430
2064,41,H,101891
2064,42,H,103806
2064,43,H,106621
2064,44,H,115648
2064,45,H,123150
2064,46,H,126381
2064,47,H,129651
2064,48,H,136617
2064,49,H,141907
2064,50,H,141410
2064,51,H,139506
2064,52,H,141048
2064,53,H,142757
2064,54,H,143652
2064,55,H,142720
2064,56,H,139965
2064,57,H,136525
2064,58,H,134528
2064,59,H,133897
2064,60,H,134488
2064,61,H,136607
2064,62,H,139088
2064,63,H,141863
2064,64,H,143250
2064,65,H,144860
2064,66,H,147198
2064,67,H,148924
2064,68,H,149771
2064,69,H,151043
2064,70,H,152304
2064,71,H,152079
2064,72,H,151878
2064,73,H,151462
2064,74,H,149131
2064,75,H,142946
2064,76,H,134068
2064,77,H,124975
2064,78,H,117285
2064,79,H,111249
2064,80,H,106672
2064,81,H,103602
2064,82,H,99997
2064,83,H,93968
2064,84,H,85646
2064,85,H,77413
2064,86,H,70807
2064,87,H,66092
2064,88,H,62247
2064,89,H,58386
2064,90,H,54135
2064,91,H,48538
2064,92,H,42072
2064,93,H,35984
2064,94,H,30600
2064,95,H,25914
2064,96,H,21763
2064,97,H,17805
2064,98,H,14129
2064,99,H,10901
2064,100,H,27533
2064,0,M,37511
2064,1,M,38483
2064,2,M,39613
2064,3,M,40889
2064,4,M,42285
2064,5,M,43773
2064,6,M,45308
2064,7,M,46844
2064,8,M,48341
2064,9,M,49743
2064,10,M,50996
2064,11,M,52053
2064,12,M,52899
2064,13,M,53532
2064,14,M,53966
2064,15,M,54220
2064,16,M,54345
2064,17,M,54407
2064,18,M,54450
2064,19,M,54487
2064,20,M,54520
2064,21,M,54560
2064,22,M,54629
2064,23,M,54743
2064,24,M,54912
2064,25,M,55147
2064,26,M,55462
2064,27,M,55880
2064,28,M,56506
2064,29,M,57446
2064,30,M,58720
2064,31,M,60245
2064,32,M,61925
2064,33,M,63725
2064,34,M,65642
2064,35,M,67667
2064,36,M,69817
2064,37,M,72107
2064,38,M,75436
2064,39,M,81262
2064,40,M,89779
2064,41,M,99112
2064,42,M,101067
2064,43,M,102909
2064,44,M,111716
2064,45,M,119669
2064,46,M,123177
2064,47,M,126794
2064,48,M,133701
2064,49,M,138537
2064,50,M,138275
2064,51,M,137021
2064,52,M,138344
2064,53,M,140345
2064,54,M,141937
2064,55,M,141026
2064,56,M,138392
2064,57,M,135262
2064,58,M,133134
2064,59,M,133144
2064,60,M,134520
2064,61,M,136899
2064,62,M,140408
2064,63,M,142963
2064,64,M,144317
2064,65,M,147221
2064,66,M,149745
2064,67,M,151645
2064,68,M,153667
2064,69,M,156034
2064,70,M,157888
2064,71,M,158302
2064,72,M,158990
2064,73,M,159516
2064,74,M,158422
2064,75,M,153202
2064,76,M,144959
2064,77,M,136548
2064,78,M,129611
2064,79,M,124490
2064,80,M,120926
2064,81,M,119042
2064,82,M,116519
2064,83,M,111047
2064,84,M,102837
2064,85,M,94600
2064,86,M,88168
2064,87,M,83839
2064,88,M,80593
2064,89,M,77338
2064,90,M,73495
2064,91,M,67757
2064,92,M,60527
2064,93,M,53370
2064,94,M,46936
2064,95,M,41339
2064,96,M,36243
2064,97,M,31191
2064,98,M,26248
2064,99,M,21594
2064,100,M,61441
2065,0,H,38015
2065,1,H,38911
2065,2,H,39976
2065,3,H,41199
2065,4,H,42555
2065,5,H,44024
2065,6,H,45576
2065,7,H,47173
2065,8,H,48772
2065,9,H,50331
2065,10,H,51793
2065,11,H,53098
2065,12,H,54194
2065,13,H,55069
2065,14,H,55719
2065,15,H,56158
2065,16,H,56420
2065,17,H,56574
2065,18,H,56659
2065,19,H,56708
2065,20,H,56732
2065,21,H,56754
2065,22,H,56786
2065,23,H,56853
2065,24,H,56968
2065,25,H,57147
2065,26,H,57399
2065,27,H,57737
2065,28,H,58176
2065,29,H,58830
2065,30,H,59814
2065,31,H,61135
2065,32,H,62698
2065,33,H,64405
2065,34,H,66227
2065,35,H,68163
2065,36,H,70222
2065,37,H,72401
2065,38,H,74716
2065,39,H,78091
2065,40,H,83659
2065,41,H,92471
2065,42,H,101909
2065,43,H,103809
2065,44,H,106609
2065,45,H,115618
2065,46,H,123104
2065,47,H,126319
2065,48,H,129572
2065,49,H,136511
2065,50,H,141771
2065,51,H,141254
2065,52,H,139333
2065,53,H,140845
2065,54,H,142520
2065,55,H,143381
2065,56,H,142416
2065,57,H,139632
2065,58,H,136165
2065,59,H,134131
2065,60,H,133454
2065,61,H,133990
2065,62,H,136048
2065,63,H,138464
2065,64,H,141157
2065,65,H,142459
2065,66,H,143968
2065,67,H,146189
2065,68,H,147796
2065,69,H,148526
2065,70,H,149661
2065,71,H,150766
2065,72,H,150379
2065,73,H,149994
2065,74,H,149369
2065,75,H,146829
2065,76,H,140465
2065,77,H,131457
2065,78,H,122239
2065,79,H,114408
2065,80,H,108209
2065,81,H,103431
2065,82,H,100117
2065,83,H,96263
2065,84,H,90068
2065,85,H,81696
2065,86,H,73441
2065,87,H,66751
2065,88,H,61865
2065,89,H,57819
2065,90,H,53766
2065,91,H,49372
2065,92,H,43784
2065,93,H,37482
2065,94,H,31610
2065,95,H,26456
2065,96,H,22005
2065,97,H,18109
2065,98,H,14490
2065,99,H,11225
2065,100,H,28945
2065,0,M,36608
2065,1,M,37454
2065,2,M,38461
2065,3,M,39624
2065,4,M,40921
2065,5,M,42331
2065,6,M,43818
2065,7,M,45352
2065,8,M,46888
2065,9,M,48383
2065,10,M,49785
2065,11,M,51037
2065,12,M,52093
2065,13,M,52935
2065,14,M,53558
2065,15,M,53976
2065,16,M,54224
2065,17,M,54361
2065,18,M,54440
2065,19,M,54483
2065,20,M,54496
2065,21,M,54507
2065,22,M,54531
2065,23,M,54596
2065,24,M,54716
2065,25,M,54903
2065,26,M,55160
2065,27,M,55505
2065,28,M,55954
2065,29,M,56613
2065,30,M,57585
2065,31,M,58880
2065,32,M,60413
2065,33,M,62082
2065,34,M,63869
2065,35,M,65768
2065,36,M,67781
2065,37,M,69921
2065,38,M,72204
2065,39,M,75525
2065,40,M,81342
2065,41,M,89843
2065,42,M,99167
2065,43,M,101116
2065,44,M,102954
2065,45,M,111752
2065,46,M,119696
2065,47,M,123195
2065,48,M,126805
2065,49,M,133701
2065,50,M,138522
2065,51,M,138246
2065,52,M,136977
2065,53,M,138282
2065,54,M,140263
2065,55,M,141834
2065,56,M,140906
2065,57,M,138255
2065,58,M,135111
2065,59,M,132964
2065,60,M,132950
2065,61,M,134294
2065,62,M,136634
2065,63,M,140092
2065,64,M,142591
2065,65,M,143881
2065,66,M,146713
2065,67,M,149157
2065,68,M,150972
2065,69,M,152900
2065,70,M,155161
2065,71,M,156897
2065,72,M,157189
2065,73,M,157735
2065,74,M,158097
2065,75,M,156825
2065,76,M,151443
2065,77,M,143067
2065,78,M,134534
2065,79,M,127461
2065,80,M,122139
2065,81,M,118320
2065,82,M,116141
2065,83,M,113307
2065,84,M,107596
2065,85,M,99242
2065,86,M,90876
2065,87,M,84255
2065,88,M,79643
2065,89,M,76060
2065,90,M,72466
2065,91,M,68318
2065,92,M,62418
2065,93,M,55188
2065,94,M,48109
2065,95,M,41789
2065,96,M,36327
2065,97,M,31405
2065,98,M,26595
2065,99,M,21976
2065,100,M,64135
2066,0,H,37208
2066,1,H,37974
2066,2,H,38909
2066,3,H,40003
2066,4,H,41244
2066,5,H,42609
2066,6,H,44078
2066,7,H,45627
2066,8,H,47223
2066,9,H,48823
2066,10,H,50382
2066,11,H,51841
2066,12,H,53142
2066,13,H,54234
2066,14,H,55100
2066,15,H,55738
2066,16,H,56170
2066,17,H,56444
2066,18,H,56611
2066,19,H,56697
2066,20,H,56726
2066,21,H,56731
2066,22,H,56733
2066,23,H,56753
2066,24,H,56818
2066,25,H,56947
2066,26,H,57148
2066,27,H,57425
2066,28,H,57792
2066,29,H,58266
2066,30,H,58956
2066,31,H,59967
2066,32,H,61299
2066,33,H,62858
2066,34,H,64552
2066,35,H,66361
2066,36,H,68285
2066,37,H,70332
2066,38,H,72498
2066,39,H,74801
2066,40,H,78159
2066,41,H,83708
2066,42,H,92499
2066,43,H,101914
2066,44,H,103801
2066,45,H,106591
2066,46,H,115583
2066,47,H,123049
2066,48,H,126247
2066,49,H,129478
2066,50,H,136387
2066,51,H,141618
2066,52,H,141082
2066,53,H,139138
2066,54,H,140618
2066,55,H,142257
2066,56,H,143081
2066,57,H,142081
2066,58,H,139268
2066,59,H,135769
2066,60,H,133695
2066,61,H,132969
2066,62,H,133452
2066,63,H,135449
2066,64,H,137787
2066,65,H,140390
2066,66,H,141596
2066,67,H,142997
2066,68,H,145098
2066,69,H,146584
2066,70,H,147186
2066,71,H,148169
2066,72,H,149102
2066,73,H,148537
2066,74,H,147946
2066,75,H,147091
2066,76,H,144310
2066,77,H,137761
2066,78,H,128611
2066,79,H,119274
2066,80,H,111314
2066,81,H,104954
2066,82,H,99986
2066,83,H,96413
2066,84,H,92304
2066,85,H,85950
2066,86,H,77541
2066,87,H,69270
2066,88,H,62517
2066,89,H,57500
2066,90,H,53282
2066,91,H,49072
2066,92,H,44573
2066,93,H,39044
2066,94,H,32961
2066,95,H,27361
2066,96,H,22495
2066,97,H,18338
2066,98,H,14762
2066,99,H,11533
2066,100,H,30282
2066,0,M,35830
2066,1,M,36551
2066,2,M,37433
2066,3,M,38472
2066,4,M,39657
2066,5,M,40967
2066,6,M,42376
2066,7,M,43862
2066,8,M,45396
2066,9,M,46930
2066,10,M,48425
2066,11,M,49826
2066,12,M,51077
2066,13,M,52129
2066,14,M,52961
2066,15,M,53568
2066,16,M,53980
2066,17,M,54240
2066,18,M,54394
2066,19,M,54473
2066,20,M,54492
2066,21,M,54483
2066,22,M,54479
2066,23,M,54499
2066,24,M,54569
2066,25,M,54707
2066,26,M,54917
2066,27,M,55203
2066,28,M,55579
2066,29,M,56061
2066,30,M,56752
2066,31,M,57745
2066,32,M,59048
2066,33,M,60572
2066,34,M,62227
2066,35,M,63996
2066,36,M,65882
2066,37,M,67885
2066,38,M,70019
2066,39,M,72295
2066,40,M,75608
2066,41,M,81411
2066,42,M,89904
2066,43,M,99218
2066,44,M,101163
2066,45,M,102996
2066,46,M,111785
2066,47,M,119718
2066,48,M,123210
2066,49,M,126812
2066,50,M,133692
2066,51,M,138495
2066,52,M,138203
2066,53,M,136919
2066,54,M,138206
2066,55,M,140165
2066,56,M,141716
2066,57,M,140769
2066,58,M,138102
2066,59,M,134941
2066,60,M,132774
2066,61,M,132732
2066,62,M,134041
2066,63,M,136334
2066,64,M,139735
2066,65,M,142167
2066,66,M,143394
2066,67,M,146146
2066,68,M,148504
2066,69,M,150230
2066,70,M,152057
2066,71,M,154200
2066,72,M,155807
2066,73,M,155963
2066,74,M,156348
2066,75,M,156521
2066,76,M,155044
2066,77,M,149487
2066,78,M,140978
2066,79,M,132325
2066,80,M,125077
2066,81,M,119531
2066,82,M,115463
2066,83,M,112968
2066,84,M,109817
2066,85,M,103867
2066,86,M,95369
2066,87,M,86877
2066,88,M,80075
2066,89,M,75202
2066,90,M,71308
2066,91,M,67403
2066,92,M,62978
2066,93,M,56957
2066,94,M,49790
2066,95,M,42875
2066,96,M,36761
2066,97,M,31513
2066,98,M,26811
2066,99,M,22297
2066,100,M,66559
2067,0,H,36519
2067,1,H,37167
2067,2,H,37972
2067,3,H,38936
2067,4,H,40049
2067,5,H,41298
2067,6,H,42663
2067,7,H,44129
2067,8,H,45677
2067,9,H,47274
2067,10,H,48874
2067,11,H,50430
2067,12,H,51885
2067,13,H,53182
2067,14,H,54265
2067,15,H,55119
2067,16,H,55750
2067,17,H,56194
2067,18,H,56482
2067,19,H,56650
2067,20,H,56716
2067,21,H,56725
2067,22,H,56711
2067,23,H,56701
2067,24,H,56719
2067,25,H,56797
2067,26,H,56948
2067,27,H,57176
2067,28,H,57481
2067,29,H,57882
2067,30,H,58393
2067,31,H,59111
2067,32,H,60133
2067,33,H,61461
2067,34,H,63006
2067,35,H,64688
2067,36,H,66485
2067,37,H,68397
2067,38,H,70431
2067,39,H,72585
2067,40,H,74873
2067,41,H,78214
2067,42,H,83745
2067,43,H,92515
2067,44,H,101910
2067,45,H,103788
2067,46,H,106568
2067,47,H,115539
2067,48,H,122983
2067,49,H,126162
2067,50,H,129368
2067,51,H,136246
2067,52,H,141449
2067,53,H,140888
2067,54,H,138919
2067,55,H,140364
2067,56,H,141966
2067,57,H,142751
2067,58,H,141716
2067,59,H,138868
2067,60,H,135335
2067,61,H,133217
2067,62,H,132444
2067,63,H,132874
2067,64,H,134798
2067,65,H,137051
2067,66,H,139553
2067,67,H,140655
2067,68,H,141945
2067,69,H,143925
2067,70,H,145279
2067,71,H,145738
2067,72,H,146555
2067,73,H,147298
2067,74,H,146534
2067,75,H,145716
2067,76,H,144596
2067,77,H,141562
2067,78,H,134811
2067,79,H,125525
2067,80,H,116081
2067,81,H,107999
2067,82,H,101492
2067,83,H,96321
2067,84,H,92484
2067,85,H,88121
2067,86,H,81617
2067,87,H,73175
2067,88,H,64913
2067,89,H,58143
2067,90,H,53024
2067,91,H,48666
2067,92,H,44339
2067,93,H,39783
2067,94,H,34368
2067,95,H,28563
2067,96,H,23293
2067,97,H,18773
2067,98,H,14972
2067,99,H,11770
2067,100,H,31551
2067,0,M,35167
2067,1,M,35774
2067,2,M,36530
2067,3,M,37444
2067,4,M,38505
2067,5,M,39703
2067,6,M,41012
2067,7,M,42420
2067,8,M,43907
2067,9,M,45438
2067,10,M,46972
2067,11,M,48466
2067,12,M,49866
2067,13,M,51113
2067,14,M,52155
2067,15,M,52971
2067,16,M,53572
2067,17,M,53996
2067,18,M,54274
2067,19,M,54427
2067,20,M,54482
2067,21,M,54479
2067,22,M,54455
2067,23,M,54447
2067,24,M,54472
2067,25,M,54560
2067,26,M,54721
2067,27,M,54960
2067,28,M,55277
2067,29,M,55687
2067,30,M,56201
2067,31,M,56912
2067,32,M,57914
2067,33,M,59207
2067,34,M,60717
2067,35,M,62354
2067,36,M,64111
2067,37,M,65988
2067,38,M,67985
2067,39,M,70112
2067,40,M,72380
2067,41,M,75680
2067,42,M,81476
2067,43,M,89959
2067,44,M,99266
2067,45,M,101207
2067,46,M,103036
2067,47,M,111814
2067,48,M,119737
2067,49,M,123222
2067,50,M,126810
2067,51,M,133671
2067,52,M,138453
2067,53,M,138146
2067,54,M,136847
2067,55,M,138114
2067,56,M,140053
2067,57,M,141581
2067,58,M,140614
2067,59,M,137930
2067,60,M,134751
2067,61,M,132562
2067,62,M,132488
2067,63,M,133753
2067,64,M,135994
2067,65,M,139328
2067,66,M,141693
2067,67,M,142848
2067,68,M,145517
2067,69,M,147785
2067,70,M,149412
2067,71,M,151128
2067,72,M,153143
2067,73,M,154607
2067,74,M,154608
2067,75,M,154807
2067,76,M,154763
2067,77,M,153062
2067,78,M,147326
2067,79,M,138686
2067,80,M,129873
2067,81,M,122431
2067,82,M,116671
2067,83,M,112337
2067,84,M,109519
2067,85,M,106044
2067,86,M,99848
2067,87,M,91208
2067,88,M,82603
2067,89,M,75647
2067,90,M,70542
2067,91,M,66367
2067,92,M,62176
2067,93,M,57510
2067,94,M,51429
2067,95,M,44415
2067,96,M,37754
2067,97,M,31925
2067,98,M,26936
2067,99,M,22509
2067,100,M,68729
2068,0,H,35939
2068,1,H,36479
2068,2,H,37165
2068,3,H,37999
2068,4,H,38982
2068,5,H,40103
2068,6,H,41352
2068,7,H,42714
2068,8,H,44179
2068,9,H,45728
2068,10,H,47325
2068,11,H,48922
2068,12,H,50474
2068,13,H,51925
2068,14,H,53213
2068,15,H,54284
2068,16,H,55131
2068,17,H,55774
2068,18,H,56232
2068,19,H,56521
2068,20,H,56669
2068,21,H,56715
2068,22,H,56706
2068,23,H,56679
2068,24,H,56667
2068,25,H,56698
2068,26,H,56799
2068,27,H,56976
2068,28,H,57232
2068,29,H,57572
2068,30,H,58010
2068,31,H,58549
2068,32,H,59277
2068,33,H,60295
2068,34,H,61610
2068,35,H,63144
2068,36,H,64814
2068,37,H,66599
2068,38,H,68499
2068,39,H,70520
2068,40,H,72660
2068,41,H,74932
2068,42,H,78256
2068,43,H,83770
2068,44,H,92521
2068,45,H,101901
2068,46,H,103770
2068,47,H,106537
2068,48,H,115486
2068,49,H,122905
2068,50,H,126060
2068,51,H,129242
2068,52,H,136090
2068,53,H,141259
2068,54,H,140669
2068,55,H,138675
2068,56,H,140083
2068,57,H,141644
2068,58,H,142390
2068,59,H,141316
2068,60,H,138430
2068,61,H,134858
2068,62,H,132700
2068,63,H,131881
2068,64,H,132247
2068,65,H,134090
2068,66,H,136247
2068,67,H,138640
2068,68,H,139636
2068,69,H,140815
2068,70,H,142661
2068,71,H,143869
2068,72,H,144170
2068,73,H,144803
2068,74,H,145335
2068,75,H,144350
2068,76,H,143272
2068,77,H,141873
2068,78,H,138563
2068,79,H,131610
2068,80,H,122199
2068,81,H,112657
2068,82,H,104470
2068,83,H,97806
2068,84,H,92431
2068,85,H,88330
2068,86,H,83716
2068,87,H,77059
2068,88,H,68610
2068,89,H,60407
2068,90,H,53652
2068,91,H,48465
2068,92,H,44007
2068,93,H,39608
2068,94,H,35053
2068,95,H,29815
2068,96,H,24346
2068,97,H,19467
2068,98,H,15352
2068,99,H,11959
2068,100,H,32718
2068,0,M,34608
2068,1,M,35111
2068,2,M,35753
2068,3,M,36541
2068,4,M,37477
2068,5,M,38551
2068,6,M,39749
2068,7,M,41057
2068,8,M,42465
2068,9,M,43949
2068,10,M,45480
2068,11,M,47013
2068,12,M,48506
2068,13,M,49903
2068,14,M,51139
2068,15,M,52166
2068,16,M,52975
2068,17,M,53588
2068,18,M,54030
2068,19,M,54307
2068,20,M,54437
2068,21,M,54469
2068,22,M,54451
2068,23,M,54423
2068,24,M,54421
2068,25,M,54463
2068,26,M,54574
2068,27,M,54765
2068,28,M,55034
2068,29,M,55385
2068,30,M,55827
2068,31,M,56361
2068,32,M,57082
2068,33,M,58074
2068,34,M,59353
2068,35,M,60845
2068,36,M,62470
2068,37,M,64217
2068,38,M,66088
2068,39,M,68078
2068,40,M,70197
2068,41,M,72453
2068,42,M,75748
2068,43,M,81536
2068,44,M,90013
2068,45,M,99312
2068,46,M,101249
2068,47,M,103072
2068,48,M,111839
2068,49,M,119753
2068,50,M,123224
2068,51,M,126797
2068,52,M,133636
2068,53,M,138398
2068,54,M,138075
2068,55,M,136760
2068,56,M,138007
2068,57,M,139924
2068,58,M,141429
2068,59,M,140441
2068,60,M,137738
2068,61,M,134538
2068,62,M,132322
2068,63,M,132210
2068,64,M,133427
2068,65,M,135606
2068,66,M,138872
2068,67,M,141163
2068,68,M,142243
2068,69,M,144822
2068,70,M,146991
2068,71,M,148512
2068,72,M,150105
2068,73,M,151978
2068,74,M,153279
2068,75,M,153101
2068,76,M,153087
2068,77,M,152805
2068,78,M,150871
2068,79,M,144954
2068,80,M,136139
2068,81,M,127149
2068,82,M,119527
2068,83,M,113540
2068,84,M,108937
2068,85,M,105788
2068,86,M,101975
2068,87,M,95527
2068,88,M,86758
2068,89,M,78073
2068,90,M,70998
2068,91,M,65692
2068,92,M,61261
2068,93,M,56819
2068,94,M,51971
2068,95,M,45918
2068,96,M,39149
2068,97,M,32823
2068,98,M,27320
2068,99,M,22643
2068,100,M,70618
2069,0,H,35451
2069,1,H,35899
2069,2,H,36478
2069,3,H,37192
2069,4,H,38045
2069,5,H,39036
2069,6,H,40157
2069,7,H,41404
2069,8,H,42764
2069,9,H,44230
2069,10,H,45779
2069,11,H,47373
2069,12,H,48966
2069,13,H,50514
2069,14,H,51956
2069,15,H,53232
2069,16,H,54297
2069,17,H,55156
2069,18,H,55812
2069,19,H,56271
2069,20,H,56541
2069,21,H,56669
2069,22,H,56696
2069,23,H,56674
2069,24,H,56645
2069,25,H,56647
2069,26,H,56701
2069,27,H,56827
2069,28,H,57033
2069,29,H,57324
2069,30,H,57700
2069,31,H,58166
2069,32,H,58716
2069,33,H,59441
2069,34,H,60446
2069,35,H,61749
2069,36,H,63271
2069,37,H,64929
2069,38,H,66703
2069,39,H,68591
2069,40,H,70597
2069,41,H,72722
2069,42,H,74977
2069,43,H,78288
2069,44,H,83786
2069,45,H,92523
2069,46,H,101887
2069,47,H,103745
2069,48,H,106497
2069,49,H,115420
2069,50,H,122811
2069,51,H,125942
2069,52,H,129102
2069,53,H,135914
2069,54,H,141044
2069,55,H,140426
2069,56,H,138403
2069,57,H,139772
2069,58,H,141293
2069,59,H,141994
2069,60,H,140876
2069,61,H,137949
2069,62,H,134342
2069,63,H,132145
2069,64,H,131269
2069,65,H,131564
2069,66,H,133316
2069,67,H,135369
2069,68,H,137650
2069,69,H,138540
2069,70,H,139595
2069,71,H,141295
2069,72,H,142340
2069,73,H,142468
2069,74,H,142896
2069,75,H,143194
2069,76,H,141957
2069,77,H,140604
2069,78,H,138900
2069,79,H,135307
2069,80,H,128158
2069,81,H,118629
2069,82,H,109010
2069,83,H,100710
2069,84,H,93891
2069,85,H,88315
2069,86,H,83950
2069,87,H,79078
2069,88,H,72290
2069,89,H,63885
2069,90,H,55777
2069,91,H,49074
2069,92,H,43859
2069,93,H,39346
2069,94,H,34932
2069,95,H,30441
2069,96,H,25444
2069,97,H,20374
2069,98,H,15943
2069,99,H,12283
2069,100,H,33770
2069,0,M,34137
2069,1,M,34552
2069,2,M,35090
2069,3,M,35764
2069,4,M,36574
2069,5,M,37523
2069,6,M,38597
2069,7,M,39794
2069,8,M,41102
2069,9,M,42508
2069,10,M,43992
2069,11,M,45521
2069,12,M,47053
2069,13,M,48543
2069,14,M,49929
2069,15,M,51150
2069,16,M,52170
2069,17,M,52991
2069,18,M,53622
2069,19,M,54063
2069,20,M,54317
2069,21,M,54424
2069,22,M,54441
2069,23,M,54419
2069,24,M,54397
2069,25,M,54412
2069,26,M,54477
2069,27,M,54618
2069,28,M,54839
2069,29,M,55142
2069,30,M,55525
2069,31,M,55988
2069,32,M,56531
2069,33,M,57242
2069,34,M,58220
2069,35,M,59481
2069,36,M,60961
2069,37,M,62577
2069,38,M,64319
2069,39,M,66183
2069,40,M,68165
2069,41,M,70272
2069,42,M,72523
2069,43,M,75812
2069,44,M,81596
2069,45,M,90065
2069,46,M,99356
2069,47,M,101287
2069,48,M,103104
2069,49,M,111862
2069,50,M,119759
2069,51,M,123216
2069,52,M,126772
2069,53,M,133588
2069,54,M,138329
2069,55,M,137989
2069,56,M,136658
2069,57,M,137885
2069,58,M,139778
2069,59,M,141258
2069,60,M,140248
2069,61,M,137522
2069,62,M,134299
2069,63,M,132050
2069,64,M,131894
2069,65,M,133054
2069,66,M,135171
2069,67,M,138361
2069,68,M,140574
2069,69,M,141574
2069,70,M,144055
2069,71,M,146117
2069,72,M,147519
2069,73,M,148977
2069,74,M,150687
2069,75,M,151801
2069,76,M,151418
2069,77,M,151171
2069,78,M,150641
2069,79,M,148465
2069,80,M,142316
2069,81,M,133308
2069,82,M,124160
2069,83,M,116347
2069,84,M,110133
2069,85,M,105257
2069,86,M,101762
2069,87,M,97598
2069,88,M,90904
2069,89,M,82038
2069,90,M,73313
2069,91,M,66155
2069,92,M,60677
2069,93,M,56024
2069,94,M,51387
2069,95,M,46442
2069,96,M,40513
2069,97,M,34072
2069,98,M,28121
2069,99,M,22996
2069,100,M,72231
2070,0,H,35044
2070,1,H,35411
2070,2,H,35898
2070,3,H,36505
2070,4,H,37238
2070,5,H,38099
2070,6,H,39090
2070,7,H,40209
2070,8,H,41455
2070,9,H,42816
2070,10,H,44282
2070,11,H,45827
2070,12,H,47417
2070,13,H,49006
2070,14,H,50545
2070,15,H,51976
2070,16,H,53245
2070,17,H,54322
2070,18,H,55195
2070,19,H,55852
2070,20,H,56291
2070,21,H,56541
2070,22,H,56650
2070,23,H,56665
2070,24,H,56641
2070,25,H,56626
2070,26,H,56650
2070,27,H,56730
2070,28,H,56885
2070,29,H,57125
2070,30,H,57453
2070,31,H,57857
2070,32,H,58335
2070,33,H,58881
2070,34,H,59592
2070,35,H,60586
2070,36,H,61878
2070,37,H,63388
2070,38,H,65034
2070,39,H,66797
2070,40,H,68670
2070,41,H,70661
2070,42,H,72770
2070,43,H,75013
2070,44,H,78310
2070,45,H,83798
2070,46,H,92521
2070,47,H,101866
2070,48,H,103710
2070,49,H,106446
2070,50,H,115340
2070,51,H,122701
2070,52,H,125811
2070,53,H,128942
2070,54,H,135714
2070,55,H,140804
2070,56,H,140155
2070,57,H,138103
2070,58,H,139433
2070,59,H,140908
2070,60,H,141560
2070,61,H,140394
2070,62,H,137429
2070,63,H,133789
2070,64,H,131541
2070,65,H,130602
2070,66,H,130817
2070,67,H,132471
2070,68,H,134417
2070,69,H,136584
2070,70,H,137356
2070,71,H,138275
2070,72,H,139812
2070,73,H,140679
2070,74,H,140613
2070,75,H,140814
2070,76,H,140847
2070,77,H,139343
2070,78,H,137690
2070,79,H,135670
2070,80,H,131793
2070,81,H,124449
2070,82,H,114824
2070,83,H,105123
2070,84,H,96713
2070,85,H,89745
2070,86,H,83972
2070,87,H,79337
2070,88,H,74223
2070,89,H,67349
2070,90,H,59025
2070,91,H,51052
2070,92,H,44444
2070,93,H,39246
2070,94,H,34733
2070,95,H,30368
2070,96,H,26008
2070,97,H,21320
2070,98,H,16711
2070,99,H,12778
2070,100,H,34841
2070,0,M,33746
2070,1,M,34081
2070,2,M,34531
2070,3,M,35101
2070,4,M,35797
2070,5,M,36621
2070,6,M,37569
2070,7,M,38642
2070,8,M,39839
2070,9,M,41145
2070,10,M,42551
2070,11,M,44033
2070,12,M,45561
2070,13,M,47090
2070,14,M,48569
2070,15,M,49940
2070,16,M,51154
2070,17,M,52187
2070,18,M,53025
2070,19,M,53655
2070,20,M,54073
2070,21,M,54304
2070,22,M,54396
2070,23,M,54409
2070,24,M,54393
2070,25,M,54389
2070,26,M,54426
2070,27,M,54521
2070,28,M,54692
2070,29,M,54947
2070,30,M,55283
2070,31,M,55686
2070,32,M,56158
2070,33,M,56691
2070,34,M,57389
2070,35,M,58349
2070,36,M,59599
2070,37,M,61069
2070,38,M,62679
2070,39,M,64414
2070,40,M,66270
2070,41,M,68241
2070,42,M,70344
2070,43,M,72589
2070,44,M,75875
2070,45,M,81653
2070,46,M,90115
2070,47,M,99396
2070,48,M,101322
2070,49,M,103134
2070,50,M,111876
2070,51,M,119756
2070,52,M,123196
2070,53,M,126733
2070,54,M,133527
2070,55,M,138244
2070,56,M,137888
2070,57,M,136541
2070,58,M,137746
2070,59,M,139614
2070,60,M,141068
2070,61,M,140032
2070,62,M,137280
2070,63,M,134026
2070,64,M,131740
2070,65,M,131531
2070,66,M,132634
2070,67,M,134682
2070,68,M,137793
2070,69,M,139922
2070,70,M,140836
2070,71,M,143210
2070,72,M,145152
2070,73,M,146423
2070,74,M,147727
2070,75,M,149251
2070,76,M,150151
2070,77,M,149543
2070,78,M,149052
2070,79,M,148262
2070,80,M,145788
2070,81,M,139382
2070,82,M,130200
2070,83,M,120884
2070,84,M,112885
2070,85,M,106443
2070,86,M,101285
2070,87,M,97430
2070,88,M,92913
2070,89,M,85998
2070,90,M,77076
2070,91,M,68351
2070,92,M,61144
2070,93,M,55529
2070,94,M,50708
2070,95,M,45960
2070,96,M,41014
2070,97,M,35295
2070,98,M,29224
2070,99,M,23699
2070,100,M,73801
